
c:/Users/gahym/EE1301/IOT_Labs/Lan3_Internet_Connectivity/exercise1/target/2.3.0/photon/exercise1.elf:     file format elf32-littlearm

Sections:
Idx Name          Size      VMA       LMA       File off  Algn
  0 .module_info  00000018  080a0000  080a0000  00010000  2**0
                  CONTENTS, ALLOC, LOAD, READONLY, DATA
  1 .dynalib      00000004  080a0018  080a0018  00010018  2**2
                  CONTENTS, ALLOC, LOAD, READONLY, DATA
  2 .text         00001c80  080a0020  080a0020  00010020  2**3
                  CONTENTS, ALLOC, LOAD, READONLY, CODE
  3 .backup       00000004  40024000  080a1ca0  00014000  2**2
                  CONTENTS, ALLOC, LOAD, DATA
  4 .data         0000006c  20000000  080a1ca4  00020000  2**2
                  CONTENTS, ALLOC, LOAD, DATA
  5 .bss          00000578  2000006c  2000006c  0003006c  2**2
                  ALLOC
  6 .module_info_suffix 00000028  080a1d10  080a1d10  00021d10  2**0
                  CONTENTS, ALLOC, LOAD, READONLY, DATA
  7 .module_info_crc 00000004  080a1d38  080a1d38  00021d38  2**0
                  CONTENTS, ALLOC, LOAD, READONLY, DATA
  8 .debug_info   000e94df  00000000  00000000  00021d3c  2**0
                  CONTENTS, READONLY, DEBUGGING
  9 .debug_abbrev 0001171a  00000000  00000000  0010b21b  2**0
                  CONTENTS, READONLY, DEBUGGING
 10 .debug_loc    00012d2c  00000000  00000000  0011c935  2**0
                  CONTENTS, READONLY, DEBUGGING
 11 .debug_aranges 00001b98  00000000  00000000  0012f661  2**0
                  CONTENTS, READONLY, DEBUGGING
 12 .debug_ranges 00004088  00000000  00000000  001311f9  2**0
                  CONTENTS, READONLY, DEBUGGING
 13 .debug_macro  00024cf4  00000000  00000000  00135281  2**0
                  CONTENTS, READONLY, DEBUGGING
 14 .debug_line   00025e59  00000000  00000000  00159f75  2**0
                  CONTENTS, READONLY, DEBUGGING
 15 .debug_str    000ab2a2  00000000  00000000  0017fdce  2**0
                  CONTENTS, READONLY, DEBUGGING
 16 .debug_frame  000045f4  00000000  00000000  0022b070  2**2
                  CONTENTS, READONLY, DEBUGGING

Disassembly of section .text:

080a0020 <module_user_pre_init>:
/**
 * Initializes this user module. Returns the start of the heap.
 */
void* module_user_pre_init() {

    if ( (&link_global_data_start!=&link_global_data_initial_values) && (link_global_data_size != 0))
 80a0020:	4809      	ldr	r0, [pc, #36]	; (80a0048 <module_user_pre_init+0x28>)
 80a0022:	490a      	ldr	r1, [pc, #40]	; (80a004c <module_user_pre_init+0x2c>)
void* module_user_pre_init() {
 80a0024:	b508      	push	{r3, lr}
    if ( (&link_global_data_start!=&link_global_data_initial_values) && (link_global_data_size != 0))
 80a0026:	4288      	cmp	r0, r1
 80a0028:	d005      	beq.n	80a0036 <module_user_pre_init+0x16>
 80a002a:	4a09      	ldr	r2, [pc, #36]	; (80a0050 <module_user_pre_init+0x30>)
 80a002c:	4282      	cmp	r2, r0
 80a002e:	d002      	beq.n	80a0036 <module_user_pre_init+0x16>
    {
        memcpy(&link_global_data_start, &link_global_data_initial_values, link_global_data_size);
 80a0030:	1a12      	subs	r2, r2, r0
 80a0032:	f001 fcc7 	bl	80a19c4 <memcpy>
    }

    memset(&link_bss_location, 0, link_bss_size );
 80a0036:	4807      	ldr	r0, [pc, #28]	; (80a0054 <module_user_pre_init+0x34>)
 80a0038:	4a07      	ldr	r2, [pc, #28]	; (80a0058 <module_user_pre_init+0x38>)
 80a003a:	2100      	movs	r1, #0
 80a003c:	1a12      	subs	r2, r2, r0
 80a003e:	f001 fccf 	bl	80a19e0 <memset>
    return &link_heap_start;
}
 80a0042:	4806      	ldr	r0, [pc, #24]	; (80a005c <module_user_pre_init+0x3c>)
 80a0044:	bd08      	pop	{r3, pc}
 80a0046:	bf00      	nop
 80a0048:	20000000 	.word	0x20000000
 80a004c:	080a1ca4 	.word	0x080a1ca4
 80a0050:	2000006c 	.word	0x2000006c
 80a0054:	2000006c 	.word	0x2000006c
 80a0058:	200005e1 	.word	0x200005e1
 80a005c:	200005e1 	.word	0x200005e1

080a0060 <module_user_init>:
extern constructor_ptr_t link_constructors_location[];
extern constructor_ptr_t link_constructors_end;
#define link_constructors_size   ((unsigned long)&link_constructors_end  -  (unsigned long)&link_constructors_location )

void module_user_init()
{
 80a0060:	b570      	push	{r4, r5, r6, lr}
    module_user_init_hook();
 80a0062:	f000 fc3d 	bl	80a08e0 <module_user_init_hook>

    // invoke constructors
    int ctor_num;
    for (ctor_num=0; ctor_num < link_constructors_size/sizeof(constructor_ptr_t); ctor_num++ )
 80a0066:	2500      	movs	r5, #0
 80a0068:	4e05      	ldr	r6, [pc, #20]	; (80a0080 <module_user_init+0x20>)
 80a006a:	4c06      	ldr	r4, [pc, #24]	; (80a0084 <module_user_init+0x24>)
 80a006c:	1ba4      	subs	r4, r4, r6
 80a006e:	08a4      	lsrs	r4, r4, #2
 80a0070:	42a5      	cmp	r5, r4
 80a0072:	d100      	bne.n	80a0076 <module_user_init+0x16>
    {
        link_constructors_location[ctor_num]();
    }
}
 80a0074:	bd70      	pop	{r4, r5, r6, pc}
        link_constructors_location[ctor_num]();
 80a0076:	f856 3b04 	ldr.w	r3, [r6], #4
 80a007a:	4798      	blx	r3
    for (ctor_num=0; ctor_num < link_constructors_size/sizeof(constructor_ptr_t); ctor_num++ )
 80a007c:	3501      	adds	r5, #1
 80a007e:	e7f7      	b.n	80a0070 <module_user_init+0x10>
 80a0080:	080a1c84 	.word	0x080a1c84
 80a0084:	080a1ca0 	.word	0x080a1ca0

080a0088 <module_user_setup>:

/**
 * Export these functions with a fuller name so they don't clash with the setup/loop wrappers in the system module.
 */
void module_user_setup() {
    setup();
 80a0088:	f000 b814 	b.w	80a00b4 <setup>

080a008c <module_user_loop>:
}

void module_user_loop() {
 80a008c:	b508      	push	{r3, lr}
    loop();
 80a008e:	f000 f82f 	bl	80a00f0 <loop>
    _post_loop();
}
 80a0092:	e8bd 4008 	ldmia.w	sp!, {r3, lr}
    _post_loop();
 80a0096:	f000 bbdb 	b.w	80a0850 <_post_loop>

080a009a <_Znaj>:
 80a009a:	f000 ba21 	b.w	80a04e0 <malloc>

080a009e <_ZdlPv>:
	return malloc(size);
}

void operator delete(void *p)
{
	free(p);
 80a009e:	f000 ba27 	b.w	80a04f0 <free>

080a00a2 <__cxa_guard_acquire>:

/* Provide default implemenation for __cxa_guard_acquire() and
 * __cxa_guard_release(). Note: these must be revisited if a multitasking
 * OS is ported to this platform. */
__extension__ typedef int __guard __attribute__((mode (__DI__)));
int __cxa_guard_acquire(__guard *g) {return !*(char *)(g);};
 80a00a2:	7800      	ldrb	r0, [r0, #0]
 80a00a4:	fab0 f080 	clz	r0, r0
 80a00a8:	0940      	lsrs	r0, r0, #5
 80a00aa:	4770      	bx	lr

080a00ac <__cxa_guard_release>:
void __cxa_guard_release (__guard *g) {*(char *)g = 1;};
 80a00ac:	2301      	movs	r3, #1
 80a00ae:	7003      	strb	r3, [r0, #0]
 80a00b0:	4770      	bx	lr
	...

080a00b4 <setup>:
 */


int data;
void setup()
{
 80a00b4:	b508      	push	{r3, lr}
        return _variable(varKey, (const char*)userVar, userVarType);
    }

    template<typename T> static inline bool _variable(const char *varKey, typename T::PointerType userVar, const T& userVarType)
    {
        return spark_variable(varKey, (const void*)userVar, T::TYPE_ID, NULL);
 80a00b6:	2202      	movs	r2, #2
 80a00b8:	2300      	movs	r3, #0
 80a00ba:	490a      	ldr	r1, [pc, #40]	; (80a00e4 <setup+0x30>)
 80a00bc:	480a      	ldr	r0, [pc, #40]	; (80a00e8 <setup+0x34>)
 80a00be:	f000 f9ff 	bl	80a04c0 <spark_variable>
Particle.variable("TempSensor", data);
Serial.begin(9600);
 80a00c2:	f000 fd0f 	bl	80a0ae4 <_Z16_fetch_usbserialv>
 80a00c6:	f44f 5116 	mov.w	r1, #9600	; 0x2580
 80a00ca:	f000 fcf1 	bl	80a0ab0 <_ZN9USBSerial5beginEl>
pinMode(D7, OUTPUT);
 80a00ce:	2101      	movs	r1, #1
 80a00d0:	2007      	movs	r0, #7
 80a00d2:	f000 ff2b 	bl	80a0f2c <pinMode>
pinMode(A0, INPUT);
}
 80a00d6:	e8bd 4008 	ldmia.w	sp!, {r3, lr}
pinMode(A0, INPUT);
 80a00da:	2100      	movs	r1, #0
 80a00dc:	200a      	movs	r0, #10
 80a00de:	f000 bf25 	b.w	80a0f2c <pinMode>
 80a00e2:	bf00      	nop
 80a00e4:	2000006c 	.word	0x2000006c
 80a00e8:	080a1b2c 	.word	0x080a1b2c
 80a00ec:	00000000 	.word	0x00000000

080a00f0 <loop>:

void loop()
{
 80a00f0:	b573      	push	{r0, r1, r4, r5, r6, lr}
digitalWrite(D7, HIGH);
 80a00f2:	2101      	movs	r1, #1
 80a00f4:	2007      	movs	r0, #7
 80a00f6:	f000 ff2a 	bl	80a0f4e <digitalWrite>
delay(10);
 80a00fa:	200a      	movs	r0, #10
 80a00fc:	f000 fb68 	bl	80a07d0 <delay>
data = analogRead(A0);
 80a0100:	200a      	movs	r0, #10
 80a0102:	f000 ff3d 	bl	80a0f80 <analogRead>
 80a0106:	4d20      	ldr	r5, [pc, #128]	; (80a0188 <loop+0x98>)
digitalWrite(D7, LOW);
 80a0108:	2100      	movs	r1, #0
data = analogRead(A0);
 80a010a:	6028      	str	r0, [r5, #0]
digitalWrite(D7, LOW);
 80a010c:	2007      	movs	r0, #7
 80a010e:	f000 ff1e 	bl	80a0f4e <digitalWrite>
Serial.print(data);
 80a0112:	f000 fce7 	bl	80a0ae4 <_Z16_fetch_usbserialv>
 80a0116:	682c      	ldr	r4, [r5, #0]
 80a0118:	4606      	mov	r6, r0
// FIXME: avoids 'comparison of constant '0' with boolean expression is always false'
#if __GNUC__ >= 9
#pragma GCC diagnostic push
#pragma GCC diagnostic ignored "-Wbool-compare"
#endif // __GNUC__ >= 9
        if (n < 0 && base == 10) {
 80a011a:	2c00      	cmp	r4, #0
 80a011c:	da2c      	bge.n	80a0178 <loop+0x88>
            t = print('-');
 80a011e:	212d      	movs	r1, #45	; 0x2d
 80a0120:	f000 fa42 	bl	80a05a8 <_ZN5Print5printEc>
            val = -n;
 80a0124:	4261      	negs	r1, r4
            val = n;
        }
#if __GNUC__ >= 9
#pragma GCC diagnostic pop
#endif // __GNUC__ >= 9
        return printNumber(val, base) + t;
 80a0126:	220a      	movs	r2, #10
 80a0128:	4630      	mov	r0, r6
 80a012a:	f000 fa56 	bl	80a05da <_ZN5Print11printNumberEmh>
Serial.print(",");
 80a012e:	f000 fcd9 	bl	80a0ae4 <_Z16_fetch_usbserialv>
 80a0132:	4916      	ldr	r1, [pc, #88]	; (80a018c <loop+0x9c>)
 80a0134:	f000 fa34 	bl	80a05a0 <_ZN5Print5printEPKc>
Serial.print((data-620)/12.4);
 80a0138:	f000 fcd4 	bl	80a0ae4 <_Z16_fetch_usbserialv>
 80a013c:	4604      	mov	r4, r0
 80a013e:	6828      	ldr	r0, [r5, #0]
 80a0140:	f5a0 701b 	sub.w	r0, r0, #620	; 0x26c
 80a0144:	f001 f8d6 	bl	80a12f4 <__aeabi_i2d>
 80a0148:	a30d      	add	r3, pc, #52	; (adr r3, 80a0180 <loop+0x90>)
 80a014a:	e9d3 2300 	ldrd	r2, r3, [r3]
 80a014e:	f001 fa65 	bl	80a161c <__aeabi_ddiv>
 80a0152:	460b      	mov	r3, r1
 80a0154:	2102      	movs	r1, #2
 80a0156:	4602      	mov	r2, r0
 80a0158:	9100      	str	r1, [sp, #0]
 80a015a:	4620      	mov	r0, r4
 80a015c:	f000 fb1a 	bl	80a0794 <_ZN5Print5printEdi>
Serial.println(";");
 80a0160:	f000 fcc0 	bl	80a0ae4 <_Z16_fetch_usbserialv>
 80a0164:	490a      	ldr	r1, [pc, #40]	; (80a0190 <loop+0xa0>)
 80a0166:	f000 fa2e 	bl	80a05c6 <_ZN5Print7printlnEPKc>
delay(490);
 80a016a:	f44f 70f5 	mov.w	r0, #490	; 0x1ea
 80a016e:	b002      	add	sp, #8
 80a0170:	e8bd 4070 	ldmia.w	sp!, {r4, r5, r6, lr}
delay(490);
 80a0174:	f000 bb2c 	b.w	80a07d0 <delay>
            val = n;
 80a0178:	4621      	mov	r1, r4
 80a017a:	e7d4      	b.n	80a0126 <loop+0x36>
 80a017c:	f3af 8000 	nop.w
 80a0180:	cccccccd 	.word	0xcccccccd
 80a0184:	4028cccc 	.word	0x4028cccc
 80a0188:	2000006c 	.word	0x2000006c
 80a018c:	080a1b37 	.word	0x080a1b37
 80a0190:	080a1b39 	.word	0x080a1b39

080a0194 <HAL_Validate_Pin_Function>:
// GNINRAW

DYNALIB_BEGIN(hal_gpio)

DYNALIB_FN(0, hal_gpio, HAL_Pin_Map, Hal_Pin_Info*(void))
DYNALIB_FN(1, hal_gpio, HAL_Validate_Pin_Function, PinFunction(pin_t, PinFunction))
 80a0194:	b508      	push	{r3, lr}
 80a0196:	4b02      	ldr	r3, [pc, #8]	; (80a01a0 <HAL_Validate_Pin_Function+0xc>)
 80a0198:	681b      	ldr	r3, [r3, #0]
 80a019a:	685b      	ldr	r3, [r3, #4]
 80a019c:	9301      	str	r3, [sp, #4]
 80a019e:	bd08      	pop	{r3, pc}
 80a01a0:	080601b0 	.word	0x080601b0

080a01a4 <HAL_Pin_Mode>:
DYNALIB_FN(2, hal_gpio, HAL_Pin_Mode, void(pin_t, PinMode))
 80a01a4:	b508      	push	{r3, lr}
 80a01a6:	4b02      	ldr	r3, [pc, #8]	; (80a01b0 <HAL_Pin_Mode+0xc>)
 80a01a8:	681b      	ldr	r3, [r3, #0]
 80a01aa:	689b      	ldr	r3, [r3, #8]
 80a01ac:	9301      	str	r3, [sp, #4]
 80a01ae:	bd08      	pop	{r3, pc}
 80a01b0:	080601b0 	.word	0x080601b0

080a01b4 <HAL_Get_Pin_Mode>:
DYNALIB_FN(3, hal_gpio, HAL_Get_Pin_Mode, PinMode(pin_t))
 80a01b4:	b508      	push	{r3, lr}
 80a01b6:	4b02      	ldr	r3, [pc, #8]	; (80a01c0 <HAL_Get_Pin_Mode+0xc>)
 80a01b8:	681b      	ldr	r3, [r3, #0]
 80a01ba:	68db      	ldr	r3, [r3, #12]
 80a01bc:	9301      	str	r3, [sp, #4]
 80a01be:	bd08      	pop	{r3, pc}
 80a01c0:	080601b0 	.word	0x080601b0

080a01c4 <HAL_GPIO_Write>:
DYNALIB_FN(4, hal_gpio, HAL_GPIO_Write, void(pin_t, uint8_t))
 80a01c4:	b508      	push	{r3, lr}
 80a01c6:	4b02      	ldr	r3, [pc, #8]	; (80a01d0 <HAL_GPIO_Write+0xc>)
 80a01c8:	681b      	ldr	r3, [r3, #0]
 80a01ca:	691b      	ldr	r3, [r3, #16]
 80a01cc:	9301      	str	r3, [sp, #4]
 80a01ce:	bd08      	pop	{r3, pc}
 80a01d0:	080601b0 	.word	0x080601b0

080a01d4 <hal_adc_read>:
DYNALIB_FN(8, hal_gpio, HAL_Interrupts_Enable_All, void(void))
DYNALIB_FN(9, hal_gpio, HAL_Interrupts_Disable_All, void(void))

DYNALIB_FN(10, hal_gpio, HAL_DAC_Write, void(pin_t, uint16_t))
DYNALIB_FN(11, hal_gpio, hal_adc_set_sample_time, void(uint8_t))
DYNALIB_FN(12, hal_gpio, hal_adc_read, int32_t(uint16_t))
 80a01d4:	b508      	push	{r3, lr}
 80a01d6:	4b02      	ldr	r3, [pc, #8]	; (80a01e0 <hal_adc_read+0xc>)
 80a01d8:	681b      	ldr	r3, [r3, #0]
 80a01da:	6b1b      	ldr	r3, [r3, #48]	; 0x30
 80a01dc:	9301      	str	r3, [sp, #4]
 80a01de:	bd08      	pop	{r3, pc}
 80a01e0:	080601b0 	.word	0x080601b0

080a01e4 <HAL_RNG_GetRandomNumber>:

DYNALIB_BEGIN(hal)

#if PLATFORM_ID > 3
DYNALIB_FN(0, hal, HAL_RNG_Configuration, void(void))
DYNALIB_FN(1, hal, HAL_RNG_GetRandomNumber, uint32_t(void))
 80a01e4:	b508      	push	{r3, lr}
 80a01e6:	4b02      	ldr	r3, [pc, #8]	; (80a01f0 <HAL_RNG_GetRandomNumber+0xc>)
 80a01e8:	681b      	ldr	r3, [r3, #0]
 80a01ea:	685b      	ldr	r3, [r3, #4]
 80a01ec:	9301      	str	r3, [sp, #4]
 80a01ee:	bd08      	pop	{r3, pc}
 80a01f0:	0806019c 	.word	0x0806019c

080a01f4 <HAL_Timer_Get_Milli_Seconds>:
#endif

DYNALIB_FN(BASE_IDX + 0, hal, HAL_Delay_Milliseconds, void(uint32_t))
DYNALIB_FN(BASE_IDX + 1, hal, HAL_Delay_Microseconds, void(uint32_t))
DYNALIB_FN(BASE_IDX + 2, hal, HAL_Timer_Get_Micro_Seconds, system_tick_t(void))
DYNALIB_FN(BASE_IDX + 3, hal, HAL_Timer_Get_Milli_Seconds, system_tick_t(void))
 80a01f4:	b508      	push	{r3, lr}
 80a01f6:	4b02      	ldr	r3, [pc, #8]	; (80a0200 <HAL_Timer_Get_Milli_Seconds+0xc>)
 80a01f8:	681b      	ldr	r3, [r3, #0]
 80a01fa:	695b      	ldr	r3, [r3, #20]
 80a01fc:	9301      	str	r3, [sp, #4]
 80a01fe:	bd08      	pop	{r3, pc}
 80a0200:	0806019c 	.word	0x0806019c

080a0204 <os_mutex_recursive_create>:
DYNALIB_FN(13, hal_concurrent, os_mutex_destroy, int(os_mutex_t))
DYNALIB_FN(14, hal_concurrent, os_mutex_lock, int(os_mutex_t))
DYNALIB_FN(15, hal_concurrent, os_mutex_trylock, int(os_mutex_t))
DYNALIB_FN(16, hal_concurrent, os_mutex_unlock, int(os_mutex_t))

DYNALIB_FN(17, hal_concurrent, os_mutex_recursive_create, int(os_mutex_recursive_t*))
 80a0204:	b508      	push	{r3, lr}
 80a0206:	4b02      	ldr	r3, [pc, #8]	; (80a0210 <os_mutex_recursive_create+0xc>)
 80a0208:	681b      	ldr	r3, [r3, #0]
 80a020a:	6c5b      	ldr	r3, [r3, #68]	; 0x44
 80a020c:	9301      	str	r3, [sp, #4]
 80a020e:	bd08      	pop	{r3, pc}
 80a0210:	080601d0 	.word	0x080601d0

080a0214 <os_mutex_recursive_destroy>:
DYNALIB_FN(18, hal_concurrent, os_mutex_recursive_destroy, int(os_mutex_recursive_t))
 80a0214:	b508      	push	{r3, lr}
 80a0216:	4b02      	ldr	r3, [pc, #8]	; (80a0220 <os_mutex_recursive_destroy+0xc>)
 80a0218:	681b      	ldr	r3, [r3, #0]
 80a021a:	6c9b      	ldr	r3, [r3, #72]	; 0x48
 80a021c:	9301      	str	r3, [sp, #4]
 80a021e:	bd08      	pop	{r3, pc}
 80a0220:	080601d0 	.word	0x080601d0

080a0224 <hal_usart_init>:
#define BASE_IDX 6 // Base index for all subsequent functions
#else
#define BASE_IDX 0
#endif

DYNALIB_FN(BASE_IDX + 0, hal_usart, hal_usart_init, void(hal_usart_interface_t, hal_usart_ring_buffer_t*, hal_usart_ring_buffer_t*))
 80a0224:	b508      	push	{r3, lr}
 80a0226:	4b02      	ldr	r3, [pc, #8]	; (80a0230 <hal_usart_init+0xc>)
 80a0228:	681b      	ldr	r3, [r3, #0]
 80a022a:	699b      	ldr	r3, [r3, #24]
 80a022c:	9301      	str	r3, [sp, #4]
 80a022e:	bd08      	pop	{r3, pc}
 80a0230:	080601c4 	.word	0x080601c4

080a0234 <hal_usart_write>:
DYNALIB_FN(BASE_IDX + 1, hal_usart, hal_usart_begin, void(hal_usart_interface_t, uint32_t))
DYNALIB_FN(BASE_IDX + 2, hal_usart, hal_usart_end, void(hal_usart_interface_t))
DYNALIB_FN(BASE_IDX + 3, hal_usart, hal_usart_write, uint32_t(hal_usart_interface_t, uint8_t))
 80a0234:	b508      	push	{r3, lr}
 80a0236:	4b02      	ldr	r3, [pc, #8]	; (80a0240 <hal_usart_write+0xc>)
 80a0238:	681b      	ldr	r3, [r3, #0]
 80a023a:	6a5b      	ldr	r3, [r3, #36]	; 0x24
 80a023c:	9301      	str	r3, [sp, #4]
 80a023e:	bd08      	pop	{r3, pc}
 80a0240:	080601c4 	.word	0x080601c4

080a0244 <hal_usart_available>:
DYNALIB_FN(BASE_IDX + 4, hal_usart, hal_usart_available, int32_t(hal_usart_interface_t))
 80a0244:	b508      	push	{r3, lr}
 80a0246:	4b02      	ldr	r3, [pc, #8]	; (80a0250 <hal_usart_available+0xc>)
 80a0248:	681b      	ldr	r3, [r3, #0]
 80a024a:	6a9b      	ldr	r3, [r3, #40]	; 0x28
 80a024c:	9301      	str	r3, [sp, #4]
 80a024e:	bd08      	pop	{r3, pc}
 80a0250:	080601c4 	.word	0x080601c4

080a0254 <hal_usart_read>:
DYNALIB_FN(BASE_IDX + 5, hal_usart, hal_usart_read, int32_t(hal_usart_interface_t))
 80a0254:	b508      	push	{r3, lr}
 80a0256:	4b02      	ldr	r3, [pc, #8]	; (80a0260 <hal_usart_read+0xc>)
 80a0258:	681b      	ldr	r3, [r3, #0]
 80a025a:	6adb      	ldr	r3, [r3, #44]	; 0x2c
 80a025c:	9301      	str	r3, [sp, #4]
 80a025e:	bd08      	pop	{r3, pc}
 80a0260:	080601c4 	.word	0x080601c4

080a0264 <hal_usart_peek>:
DYNALIB_FN(BASE_IDX + 6, hal_usart, hal_usart_peek, int32_t(hal_usart_interface_t))
 80a0264:	b508      	push	{r3, lr}
 80a0266:	4b02      	ldr	r3, [pc, #8]	; (80a0270 <hal_usart_peek+0xc>)
 80a0268:	681b      	ldr	r3, [r3, #0]
 80a026a:	6b1b      	ldr	r3, [r3, #48]	; 0x30
 80a026c:	9301      	str	r3, [sp, #4]
 80a026e:	bd08      	pop	{r3, pc}
 80a0270:	080601c4 	.word	0x080601c4

080a0274 <hal_usart_flush>:
DYNALIB_FN(BASE_IDX + 7, hal_usart, hal_usart_flush, void(hal_usart_interface_t))
 80a0274:	b508      	push	{r3, lr}
 80a0276:	4b02      	ldr	r3, [pc, #8]	; (80a0280 <hal_usart_flush+0xc>)
 80a0278:	681b      	ldr	r3, [r3, #0]
 80a027a:	6b5b      	ldr	r3, [r3, #52]	; 0x34
 80a027c:	9301      	str	r3, [sp, #4]
 80a027e:	bd08      	pop	{r3, pc}
 80a0280:	080601c4 	.word	0x080601c4

080a0284 <hal_usart_is_enabled>:
DYNALIB_FN(BASE_IDX + 8, hal_usart, hal_usart_is_enabled, bool(hal_usart_interface_t))
 80a0284:	b508      	push	{r3, lr}
 80a0286:	4b02      	ldr	r3, [pc, #8]	; (80a0290 <hal_usart_is_enabled+0xc>)
 80a0288:	681b      	ldr	r3, [r3, #0]
 80a028a:	6b9b      	ldr	r3, [r3, #56]	; 0x38
 80a028c:	9301      	str	r3, [sp, #4]
 80a028e:	bd08      	pop	{r3, pc}
 80a0290:	080601c4 	.word	0x080601c4

080a0294 <hal_usart_available_data_for_write>:
DYNALIB_FN(BASE_IDX + 9, hal_usart, hal_usart_half_duplex, void(hal_usart_interface_t, bool))
DYNALIB_FN(BASE_IDX + 10, hal_usart, hal_usart_available_data_for_write, int32_t(hal_usart_interface_t))
 80a0294:	b508      	push	{r3, lr}
 80a0296:	4b02      	ldr	r3, [pc, #8]	; (80a02a0 <hal_usart_available_data_for_write+0xc>)
 80a0298:	681b      	ldr	r3, [r3, #0]
 80a029a:	6c1b      	ldr	r3, [r3, #64]	; 0x40
 80a029c:	9301      	str	r3, [sp, #4]
 80a029e:	bd08      	pop	{r3, pc}
 80a02a0:	080601c4 	.word	0x080601c4

080a02a4 <hal_i2c_write>:
DYNALIB_FN(BASE_IDX + 3, hal_i2c, hal_i2c_begin, void(hal_i2c_interface_t, hal_i2c_mode_t, uint8_t, void*))
DYNALIB_FN(BASE_IDX + 4, hal_i2c, hal_i2c_end, void(hal_i2c_interface_t, void*))
DYNALIB_FN(BASE_IDX + 5, hal_i2c, hal_i2c_request, uint32_t(hal_i2c_interface_t, uint8_t, uint8_t, uint8_t, void*))
DYNALIB_FN(BASE_IDX + 6, hal_i2c, hal_i2c_begin_transmission, void(hal_i2c_interface_t, uint8_t, const hal_i2c_transmission_config_t*))
DYNALIB_FN(BASE_IDX + 7, hal_i2c, hal_i2c_end_transmission, uint8_t(hal_i2c_interface_t, uint8_t, void*))
DYNALIB_FN(BASE_IDX + 8, hal_i2c, hal_i2c_write, uint32_t(hal_i2c_interface_t, uint8_t, void*))
 80a02a4:	b508      	push	{r3, lr}
 80a02a6:	4b02      	ldr	r3, [pc, #8]	; (80a02b0 <hal_i2c_write+0xc>)
 80a02a8:	681b      	ldr	r3, [r3, #0]
 80a02aa:	6e1b      	ldr	r3, [r3, #96]	; 0x60
 80a02ac:	9301      	str	r3, [sp, #4]
 80a02ae:	bd08      	pop	{r3, pc}
 80a02b0:	080601ac 	.word	0x080601ac

080a02b4 <hal_i2c_available>:
DYNALIB_FN(BASE_IDX + 9, hal_i2c, hal_i2c_available, int32_t(hal_i2c_interface_t, void*))
 80a02b4:	b508      	push	{r3, lr}
 80a02b6:	4b02      	ldr	r3, [pc, #8]	; (80a02c0 <hal_i2c_available+0xc>)
 80a02b8:	681b      	ldr	r3, [r3, #0]
 80a02ba:	6e5b      	ldr	r3, [r3, #100]	; 0x64
 80a02bc:	9301      	str	r3, [sp, #4]
 80a02be:	bd08      	pop	{r3, pc}
 80a02c0:	080601ac 	.word	0x080601ac

080a02c4 <hal_i2c_read>:
DYNALIB_FN(BASE_IDX + 10, hal_i2c, hal_i2c_read, int32_t(hal_i2c_interface_t, void*))
 80a02c4:	b508      	push	{r3, lr}
 80a02c6:	4b02      	ldr	r3, [pc, #8]	; (80a02d0 <hal_i2c_read+0xc>)
 80a02c8:	681b      	ldr	r3, [r3, #0]
 80a02ca:	6e9b      	ldr	r3, [r3, #104]	; 0x68
 80a02cc:	9301      	str	r3, [sp, #4]
 80a02ce:	bd08      	pop	{r3, pc}
 80a02d0:	080601ac 	.word	0x080601ac

080a02d4 <hal_i2c_peek>:
DYNALIB_FN(BASE_IDX + 11, hal_i2c, hal_i2c_peek, int32_t(hal_i2c_interface_t, void*))
 80a02d4:	b508      	push	{r3, lr}
 80a02d6:	4b02      	ldr	r3, [pc, #8]	; (80a02e0 <hal_i2c_peek+0xc>)
 80a02d8:	681b      	ldr	r3, [r3, #0]
 80a02da:	6edb      	ldr	r3, [r3, #108]	; 0x6c
 80a02dc:	9301      	str	r3, [sp, #4]
 80a02de:	bd08      	pop	{r3, pc}
 80a02e0:	080601ac 	.word	0x080601ac

080a02e4 <hal_i2c_flush>:
DYNALIB_FN(BASE_IDX + 12, hal_i2c, hal_i2c_flush, void(hal_i2c_interface_t, void*))
 80a02e4:	b508      	push	{r3, lr}
 80a02e6:	4b02      	ldr	r3, [pc, #8]	; (80a02f0 <hal_i2c_flush+0xc>)
 80a02e8:	681b      	ldr	r3, [r3, #0]
 80a02ea:	6f1b      	ldr	r3, [r3, #112]	; 0x70
 80a02ec:	9301      	str	r3, [sp, #4]
 80a02ee:	bd08      	pop	{r3, pc}
 80a02f0:	080601ac 	.word	0x080601ac

080a02f4 <hal_i2c_is_enabled>:
DYNALIB_FN(BASE_IDX + 13, hal_i2c, hal_i2c_is_enabled, bool(hal_i2c_interface_t, void*))
 80a02f4:	b508      	push	{r3, lr}
 80a02f6:	4b02      	ldr	r3, [pc, #8]	; (80a0300 <hal_i2c_is_enabled+0xc>)
 80a02f8:	681b      	ldr	r3, [r3, #0]
 80a02fa:	6f5b      	ldr	r3, [r3, #116]	; 0x74
 80a02fc:	9301      	str	r3, [sp, #4]
 80a02fe:	bd08      	pop	{r3, pc}
 80a0300:	080601ac 	.word	0x080601ac

080a0304 <hal_i2c_init>:
DYNALIB_FN(BASE_IDX + 14, hal_i2c, hal_i2c_set_callback_on_received, void(hal_i2c_interface_t, void(*)(int), void*))
DYNALIB_FN(BASE_IDX + 15, hal_i2c, hal_i2c_set_callback_on_requested, void(hal_i2c_interface_t, void(*)(void), void*))
DYNALIB_FN(BASE_IDX + 16, hal_i2c, hal_i2c_init, int(hal_i2c_interface_t, const hal_i2c_config_t*))
 80a0304:	b508      	push	{r3, lr}
 80a0306:	4b03      	ldr	r3, [pc, #12]	; (80a0314 <hal_i2c_init+0x10>)
 80a0308:	681b      	ldr	r3, [r3, #0]
 80a030a:	f8d3 3080 	ldr.w	r3, [r3, #128]	; 0x80
 80a030e:	9301      	str	r3, [sp, #4]
 80a0310:	bd08      	pop	{r3, pc}
 80a0312:	0000      	.short	0x0000
 80a0314:	080601ac 	.word	0x080601ac

080a0318 <hal_spi_init>:
DYNALIB_FN(2, hal_spi, hal_spi_set_bit_order, void(hal_spi_interface_t, uint8_t))
DYNALIB_FN(3, hal_spi, hal_spi_set_data_mode, void(hal_spi_interface_t, uint8_t))
DYNALIB_FN(4, hal_spi, hal_spi_set_clock_divider, void(hal_spi_interface_t, uint8_t))
DYNALIB_FN(5, hal_spi, hal_spi_transfer, uint16_t(hal_spi_interface_t, uint16_t))
DYNALIB_FN(6, hal_spi, hal_spi_is_enabled_deprecated, bool(void))
DYNALIB_FN(7, hal_spi, hal_spi_init, void(hal_spi_interface_t))
 80a0318:	b508      	push	{r3, lr}
 80a031a:	4b02      	ldr	r3, [pc, #8]	; (80a0324 <hal_spi_init+0xc>)
 80a031c:	681b      	ldr	r3, [r3, #0]
 80a031e:	69db      	ldr	r3, [r3, #28]
 80a0320:	9301      	str	r3, [sp, #4]
 80a0322:	bd08      	pop	{r3, pc}
 80a0324:	080601b4 	.word	0x080601b4

080a0328 <hal_spi_is_enabled>:
DYNALIB_FN(8, hal_spi, hal_spi_is_enabled, bool(hal_spi_interface_t))
 80a0328:	b508      	push	{r3, lr}
 80a032a:	4b02      	ldr	r3, [pc, #8]	; (80a0334 <hal_spi_is_enabled+0xc>)
 80a032c:	681b      	ldr	r3, [r3, #0]
 80a032e:	6a1b      	ldr	r3, [r3, #32]
 80a0330:	9301      	str	r3, [sp, #4]
 80a0332:	bd08      	pop	{r3, pc}
 80a0334:	080601b4 	.word	0x080601b4

080a0338 <HAL_USB_USART_Init>:
#endif

DYNALIB_BEGIN(hal_usb)

#ifdef USB_CDC_ENABLE
DYNALIB_FN(0, hal_usb, HAL_USB_USART_Init, void(HAL_USB_USART_Serial, const HAL_USB_USART_Config*))
 80a0338:	b508      	push	{r3, lr}
 80a033a:	4b02      	ldr	r3, [pc, #8]	; (80a0344 <HAL_USB_USART_Init+0xc>)
 80a033c:	681b      	ldr	r3, [r3, #0]
 80a033e:	681b      	ldr	r3, [r3, #0]
 80a0340:	9301      	str	r3, [sp, #4]
 80a0342:	bd08      	pop	{r3, pc}
 80a0344:	080601d8 	.word	0x080601d8

080a0348 <HAL_USB_USART_Begin>:
DYNALIB_FN(1, hal_usb, HAL_USB_USART_Begin, void(HAL_USB_USART_Serial, uint32_t, void *))
 80a0348:	b508      	push	{r3, lr}
 80a034a:	4b02      	ldr	r3, [pc, #8]	; (80a0354 <HAL_USB_USART_Begin+0xc>)
 80a034c:	681b      	ldr	r3, [r3, #0]
 80a034e:	685b      	ldr	r3, [r3, #4]
 80a0350:	9301      	str	r3, [sp, #4]
 80a0352:	bd08      	pop	{r3, pc}
 80a0354:	080601d8 	.word	0x080601d8

080a0358 <HAL_USB_USART_Available_Data>:
DYNALIB_FN(2, hal_usb, HAL_USB_USART_End, void(HAL_USB_USART_Serial))
DYNALIB_FN(3, hal_usb, HAL_USB_USART_Baud_Rate, unsigned int(HAL_USB_USART_Serial))
DYNALIB_FN(4, hal_usb, HAL_USB_USART_Available_Data, int32_t(HAL_USB_USART_Serial))
 80a0358:	b508      	push	{r3, lr}
 80a035a:	4b02      	ldr	r3, [pc, #8]	; (80a0364 <HAL_USB_USART_Available_Data+0xc>)
 80a035c:	681b      	ldr	r3, [r3, #0]
 80a035e:	691b      	ldr	r3, [r3, #16]
 80a0360:	9301      	str	r3, [sp, #4]
 80a0362:	bd08      	pop	{r3, pc}
 80a0364:	080601d8 	.word	0x080601d8

080a0368 <HAL_USB_USART_Available_Data_For_Write>:
DYNALIB_FN(5, hal_usb, HAL_USB_USART_Available_Data_For_Write, int32_t(HAL_USB_USART_Serial))
 80a0368:	b508      	push	{r3, lr}
 80a036a:	4b02      	ldr	r3, [pc, #8]	; (80a0374 <HAL_USB_USART_Available_Data_For_Write+0xc>)
 80a036c:	681b      	ldr	r3, [r3, #0]
 80a036e:	695b      	ldr	r3, [r3, #20]
 80a0370:	9301      	str	r3, [sp, #4]
 80a0372:	bd08      	pop	{r3, pc}
 80a0374:	080601d8 	.word	0x080601d8

080a0378 <HAL_USB_USART_Receive_Data>:
DYNALIB_FN(6, hal_usb, HAL_USB_USART_Receive_Data, int32_t(HAL_USB_USART_Serial, uint8_t))
 80a0378:	b508      	push	{r3, lr}
 80a037a:	4b02      	ldr	r3, [pc, #8]	; (80a0384 <HAL_USB_USART_Receive_Data+0xc>)
 80a037c:	681b      	ldr	r3, [r3, #0]
 80a037e:	699b      	ldr	r3, [r3, #24]
 80a0380:	9301      	str	r3, [sp, #4]
 80a0382:	bd08      	pop	{r3, pc}
 80a0384:	080601d8 	.word	0x080601d8

080a0388 <HAL_USB_USART_Send_Data>:
DYNALIB_FN(7, hal_usb, HAL_USB_USART_Send_Data, int32_t(HAL_USB_USART_Serial, uint8_t))
 80a0388:	b508      	push	{r3, lr}
 80a038a:	4b02      	ldr	r3, [pc, #8]	; (80a0394 <HAL_USB_USART_Send_Data+0xc>)
 80a038c:	681b      	ldr	r3, [r3, #0]
 80a038e:	69db      	ldr	r3, [r3, #28]
 80a0390:	9301      	str	r3, [sp, #4]
 80a0392:	bd08      	pop	{r3, pc}
 80a0394:	080601d8 	.word	0x080601d8

080a0398 <HAL_USB_USART_Flush_Data>:
DYNALIB_FN(8, hal_usb, HAL_USB_USART_Flush_Data, void(HAL_USB_USART_Serial))
 80a0398:	b508      	push	{r3, lr}
 80a039a:	4b02      	ldr	r3, [pc, #8]	; (80a03a4 <HAL_USB_USART_Flush_Data+0xc>)
 80a039c:	681b      	ldr	r3, [r3, #0]
 80a039e:	6a1b      	ldr	r3, [r3, #32]
 80a03a0:	9301      	str	r3, [sp, #4]
 80a03a2:	bd08      	pop	{r3, pc}
 80a03a4:	080601d8 	.word	0x080601d8

080a03a8 <inet_gethostbyname>:
DYNALIB_FN(14, hal_wlan, wlan_set_error_count, void(uint32_t))
DYNALIB_FN(15, hal_wlan, wlan_fetch_ipconfig, int(WLanConfig*))
DYNALIB_FN(16, hal_wlan, wlan_setup, void(void))

DYNALIB_FN(17, hal_wlan, HAL_NET_SetNetWatchDog, uint32_t(uint32_t))
DYNALIB_FN(18, hal_wlan, inet_gethostbyname, int(const char*, uint16_t, HAL_IPAddress*, network_interface_t, void*))
 80a03a8:	b508      	push	{r3, lr}
 80a03aa:	4b02      	ldr	r3, [pc, #8]	; (80a03b4 <inet_gethostbyname+0xc>)
 80a03ac:	681b      	ldr	r3, [r3, #0]
 80a03ae:	6c9b      	ldr	r3, [r3, #72]	; 0x48
 80a03b0:	9301      	str	r3, [sp, #4]
 80a03b2:	bd08      	pop	{r3, pc}
 80a03b4:	080601c0 	.word	0x080601c0

080a03b8 <set_system_mode>:
#endif

DYNALIB_BEGIN(system)

DYNALIB_FN(0, system, system_mode, System_Mode_TypeDef(void))
DYNALIB_FN(1, system, set_system_mode, void(System_Mode_TypeDef))
 80a03b8:	b508      	push	{r3, lr}
 80a03ba:	4b02      	ldr	r3, [pc, #8]	; (80a03c4 <set_system_mode+0xc>)
 80a03bc:	681b      	ldr	r3, [r3, #0]
 80a03be:	685b      	ldr	r3, [r3, #4]
 80a03c0:	9301      	str	r3, [sp, #4]
 80a03c2:	bd08      	pop	{r3, pc}
 80a03c4:	080601a4 	.word	0x080601a4

080a03c8 <system_delay_ms>:

DYNALIB_FN(2, system, set_ymodem_serial_flash_update_handler, void(ymodem_serial_flash_update_handler))
DYNALIB_FN(3, system, system_firmwareUpdate, bool(Stream*, void*))
DYNALIB_FN(4, system, system_fileTransfer, bool(system_file_transfer_t*, void*))

DYNALIB_FN(5, system, system_delay_ms, void(unsigned long, bool))
 80a03c8:	b508      	push	{r3, lr}
 80a03ca:	4b02      	ldr	r3, [pc, #8]	; (80a03d4 <system_delay_ms+0xc>)
 80a03cc:	681b      	ldr	r3, [r3, #0]
 80a03ce:	695b      	ldr	r3, [r3, #20]
 80a03d0:	9301      	str	r3, [sp, #4]
 80a03d2:	bd08      	pop	{r3, pc}
 80a03d4:	080601a4 	.word	0x080601a4

080a03d8 <system_ctrl_set_app_request_handler>:
DYNALIB_FN(BASE_IDX + 6, system, led_pattern_period, uint16_t(int, int, void*))
DYNALIB_FN(BASE_IDX + 7, system, system_set_tester_handlers, int(system_tester_handlers_t*, void*))
DYNALIB_FN(BASE_IDX + 8, system, system_format_diag_data, int(const uint16_t*, size_t, unsigned, appender_fn, void*, void*))

// Control requests
DYNALIB_FN(BASE_IDX + 9, system, system_ctrl_set_app_request_handler, int(ctrl_request_handler_fn, void*))
 80a03d8:	b508      	push	{r3, lr}
 80a03da:	4b03      	ldr	r3, [pc, #12]	; (80a03e8 <system_ctrl_set_app_request_handler+0x10>)
 80a03dc:	681b      	ldr	r3, [r3, #0]
 80a03de:	f8d3 3090 	ldr.w	r3, [r3, #144]	; 0x90
 80a03e2:	9301      	str	r3, [sp, #4]
 80a03e4:	bd08      	pop	{r3, pc}
 80a03e6:	0000      	.short	0x0000
 80a03e8:	080601a4 	.word	0x080601a4

080a03ec <system_ctrl_set_result>:
DYNALIB_FN(BASE_IDX + 10, system, system_ctrl_alloc_reply_data, int(ctrl_request*, size_t, void*))
DYNALIB_FN(BASE_IDX + 11, system, system_ctrl_free_request_data, void(ctrl_request*, void*))
DYNALIB_FN(BASE_IDX + 12, system, system_ctrl_set_result, void(ctrl_request*, int, ctrl_completion_handler_fn, void*, void*))
 80a03ec:	b508      	push	{r3, lr}
 80a03ee:	4b03      	ldr	r3, [pc, #12]	; (80a03fc <system_ctrl_set_result+0x10>)
 80a03f0:	681b      	ldr	r3, [r3, #0]
 80a03f2:	f8d3 309c 	ldr.w	r3, [r3, #156]	; 0x9c
 80a03f6:	9301      	str	r3, [sp, #4]
 80a03f8:	bd08      	pop	{r3, pc}
 80a03fa:	0000      	.short	0x0000
 80a03fc:	080601a4 	.word	0x080601a4

080a0400 <network_connect>:
#endif

DYNALIB_BEGIN(system_net)

DYNALIB_FN(0, system_net, network_config, const void*(network_handle_t, uint32_t, void*))
DYNALIB_FN(1, system_net, network_connect, void(network_handle_t, uint32_t, uint32_t, void*))
 80a0400:	b508      	push	{r3, lr}
 80a0402:	4b02      	ldr	r3, [pc, #8]	; (80a040c <network_connect+0xc>)
 80a0404:	681b      	ldr	r3, [r3, #0]
 80a0406:	685b      	ldr	r3, [r3, #4]
 80a0408:	9301      	str	r3, [sp, #4]
 80a040a:	bd08      	pop	{r3, pc}
 80a040c:	080601c8 	.word	0x080601c8

080a0410 <network_connecting>:
DYNALIB_FN(2, system_net, network_connecting, bool(network_handle_t, uint32_t, void*))
 80a0410:	b508      	push	{r3, lr}
 80a0412:	4b02      	ldr	r3, [pc, #8]	; (80a041c <network_connecting+0xc>)
 80a0414:	681b      	ldr	r3, [r3, #0]
 80a0416:	689b      	ldr	r3, [r3, #8]
 80a0418:	9301      	str	r3, [sp, #4]
 80a041a:	bd08      	pop	{r3, pc}
 80a041c:	080601c8 	.word	0x080601c8

080a0420 <network_disconnect>:
DYNALIB_FN(3, system_net, network_disconnect, void(network_handle_t, uint32_t, void*))
 80a0420:	b508      	push	{r3, lr}
 80a0422:	4b02      	ldr	r3, [pc, #8]	; (80a042c <network_disconnect+0xc>)
 80a0424:	681b      	ldr	r3, [r3, #0]
 80a0426:	68db      	ldr	r3, [r3, #12]
 80a0428:	9301      	str	r3, [sp, #4]
 80a042a:	bd08      	pop	{r3, pc}
 80a042c:	080601c8 	.word	0x080601c8

080a0430 <network_ready>:
DYNALIB_FN(4, system_net, network_ready, bool(network_handle_t, uint32_t, void*))
 80a0430:	b508      	push	{r3, lr}
 80a0432:	4b02      	ldr	r3, [pc, #8]	; (80a043c <network_ready+0xc>)
 80a0434:	681b      	ldr	r3, [r3, #0]
 80a0436:	691b      	ldr	r3, [r3, #16]
 80a0438:	9301      	str	r3, [sp, #4]
 80a043a:	bd08      	pop	{r3, pc}
 80a043c:	080601c8 	.word	0x080601c8

080a0440 <network_on>:
DYNALIB_FN(5, system_net, network_on, void(network_handle_t, uint32_t, uint32_t, void*))
 80a0440:	b508      	push	{r3, lr}
 80a0442:	4b02      	ldr	r3, [pc, #8]	; (80a044c <network_on+0xc>)
 80a0444:	681b      	ldr	r3, [r3, #0]
 80a0446:	695b      	ldr	r3, [r3, #20]
 80a0448:	9301      	str	r3, [sp, #4]
 80a044a:	bd08      	pop	{r3, pc}
 80a044c:	080601c8 	.word	0x080601c8

080a0450 <network_off>:
DYNALIB_FN(6, system_net, network_off, void(network_handle_t, uint32_t, uint32_t, void*))
 80a0450:	b508      	push	{r3, lr}
 80a0452:	4b02      	ldr	r3, [pc, #8]	; (80a045c <network_off+0xc>)
 80a0454:	681b      	ldr	r3, [r3, #0]
 80a0456:	699b      	ldr	r3, [r3, #24]
 80a0458:	9301      	str	r3, [sp, #4]
 80a045a:	bd08      	pop	{r3, pc}
 80a045c:	080601c8 	.word	0x080601c8

080a0460 <network_listen>:
DYNALIB_FN(7, system_net, network_listen, void(network_handle_t, uint32_t, void*))
 80a0460:	b508      	push	{r3, lr}
 80a0462:	4b02      	ldr	r3, [pc, #8]	; (80a046c <network_listen+0xc>)
 80a0464:	681b      	ldr	r3, [r3, #0]
 80a0466:	69db      	ldr	r3, [r3, #28]
 80a0468:	9301      	str	r3, [sp, #4]
 80a046a:	bd08      	pop	{r3, pc}
 80a046c:	080601c8 	.word	0x080601c8

080a0470 <network_listening>:
DYNALIB_FN(8, system_net, network_listening, bool(network_handle_t, uint32_t, void*))
 80a0470:	b508      	push	{r3, lr}
 80a0472:	4b02      	ldr	r3, [pc, #8]	; (80a047c <network_listening+0xc>)
 80a0474:	681b      	ldr	r3, [r3, #0]
 80a0476:	6a1b      	ldr	r3, [r3, #32]
 80a0478:	9301      	str	r3, [sp, #4]
 80a047a:	bd08      	pop	{r3, pc}
 80a047c:	080601c8 	.word	0x080601c8

080a0480 <network_set_listen_timeout>:
DYNALIB_FN(9, system_net, network_has_credentials, bool(network_handle_t, uint32_t, void*))
DYNALIB_FN(10, system_net, network_set_credentials, int(network_handle_t, uint32_t, NetworkCredentials*, void*))
DYNALIB_FN(11, system_net, network_clear_credentials, bool(network_handle_t, uint32_t, NetworkCredentials*, void*))
DYNALIB_FN(12, system_net, network_set_listen_timeout, void(network_handle_t, uint16_t, void*))
 80a0480:	b508      	push	{r3, lr}
 80a0482:	4b02      	ldr	r3, [pc, #8]	; (80a048c <network_set_listen_timeout+0xc>)
 80a0484:	681b      	ldr	r3, [r3, #0]
 80a0486:	6b1b      	ldr	r3, [r3, #48]	; 0x30
 80a0488:	9301      	str	r3, [sp, #4]
 80a048a:	bd08      	pop	{r3, pc}
 80a048c:	080601c8 	.word	0x080601c8

080a0490 <network_get_listen_timeout>:
DYNALIB_FN(13, system_net, network_get_listen_timeout, uint16_t(network_handle_t, uint32_t, void*))
 80a0490:	b508      	push	{r3, lr}
 80a0492:	4b02      	ldr	r3, [pc, #8]	; (80a049c <network_get_listen_timeout+0xc>)
 80a0494:	681b      	ldr	r3, [r3, #0]
 80a0496:	6b5b      	ldr	r3, [r3, #52]	; 0x34
 80a0498:	9301      	str	r3, [sp, #4]
 80a049a:	bd08      	pop	{r3, pc}
 80a049c:	080601c8 	.word	0x080601c8

080a04a0 <network_is_on>:
DYNALIB_FN(14, system_net, network_set_hostname, int(network_handle_t, uint32_t, const char*, void*))
DYNALIB_FN(15, system_net, network_get_hostname, int(network_handle_t, uint32_t, char*, size_t, void*))
DYNALIB_FN(16, system_net, network_is_on, bool(network_handle_t, void*))
 80a04a0:	b508      	push	{r3, lr}
 80a04a2:	4b02      	ldr	r3, [pc, #8]	; (80a04ac <network_is_on+0xc>)
 80a04a4:	681b      	ldr	r3, [r3, #0]
 80a04a6:	6c1b      	ldr	r3, [r3, #64]	; 0x40
 80a04a8:	9301      	str	r3, [sp, #4]
 80a04aa:	bd08      	pop	{r3, pc}
 80a04ac:	080601c8 	.word	0x080601c8

080a04b0 <network_is_off>:
DYNALIB_FN(17, system_net, network_is_off, bool(network_handle_t, void*))
 80a04b0:	b508      	push	{r3, lr}
 80a04b2:	4b02      	ldr	r3, [pc, #8]	; (80a04bc <network_is_off+0xc>)
 80a04b4:	681b      	ldr	r3, [r3, #0]
 80a04b6:	6c5b      	ldr	r3, [r3, #68]	; 0x44
 80a04b8:	9301      	str	r3, [sp, #4]
 80a04ba:	bd08      	pop	{r3, pc}
 80a04bc:	080601c8 	.word	0x080601c8

080a04c0 <spark_variable>:
#endif


DYNALIB_BEGIN(system_cloud)

DYNALIB_FN(0, system_cloud, spark_variable, bool(const char*, const void*, Spark_Data_TypeDef, spark_variable_t*))
 80a04c0:	b508      	push	{r3, lr}
 80a04c2:	4b02      	ldr	r3, [pc, #8]	; (80a04cc <spark_variable+0xc>)
 80a04c4:	681b      	ldr	r3, [r3, #0]
 80a04c6:	681b      	ldr	r3, [r3, #0]
 80a04c8:	9301      	str	r3, [sp, #4]
 80a04ca:	bd08      	pop	{r3, pc}
 80a04cc:	080601cc 	.word	0x080601cc

080a04d0 <spark_set_random_seed_from_cloud_handler>:
DYNALIB_FN(10, system_cloud, spark_unsubscribe, void(void*))
DYNALIB_FN(11, system_cloud, spark_sync_time, bool(void*))
DYNALIB_FN(12, system_cloud, spark_sync_time_pending, bool(void*))
DYNALIB_FN(13, system_cloud, spark_sync_time_last, system_tick_t(time32_t*, time_t*))
DYNALIB_FN(14, system_cloud, spark_set_connection_property, int(unsigned, unsigned, const void*, void*))
DYNALIB_FN(15, system_cloud, spark_set_random_seed_from_cloud_handler, int(void (*handler)(unsigned int), void*))
 80a04d0:	b508      	push	{r3, lr}
 80a04d2:	4b02      	ldr	r3, [pc, #8]	; (80a04dc <spark_set_random_seed_from_cloud_handler+0xc>)
 80a04d4:	681b      	ldr	r3, [r3, #0]
 80a04d6:	6bdb      	ldr	r3, [r3, #60]	; 0x3c
 80a04d8:	9301      	str	r3, [sp, #4]
 80a04da:	bd08      	pop	{r3, pc}
 80a04dc:	080601cc 	.word	0x080601cc

080a04e0 <malloc>:
#include "hal_platform.h"
#endif // defined(DYNALIB_EXPORT) || (defined(DYNALIB_IMPORT) && !defined(RT_DYNALIB_NO_DEPENDENCY_BREAKING_IMPORTS))

DYNALIB_BEGIN(rt)

DYNALIB_FN(0, rt, malloc, void*(size_t))
 80a04e0:	b508      	push	{r3, lr}
 80a04e2:	4b02      	ldr	r3, [pc, #8]	; (80a04ec <malloc+0xc>)
 80a04e4:	681b      	ldr	r3, [r3, #0]
 80a04e6:	681b      	ldr	r3, [r3, #0]
 80a04e8:	9301      	str	r3, [sp, #4]
 80a04ea:	bd08      	pop	{r3, pc}
 80a04ec:	080601a0 	.word	0x080601a0

080a04f0 <free>:
DYNALIB_FN(1, rt, free, void(void*))
 80a04f0:	b508      	push	{r3, lr}
 80a04f2:	4b02      	ldr	r3, [pc, #8]	; (80a04fc <free+0xc>)
 80a04f4:	681b      	ldr	r3, [r3, #0]
 80a04f6:	685b      	ldr	r3, [r3, #4]
 80a04f8:	9301      	str	r3, [sp, #4]
 80a04fa:	bd08      	pop	{r3, pc}
 80a04fc:	080601a0 	.word	0x080601a0

080a0500 <newlib_impure_ptr_callback>:
// RT is currently being imported into system-part1 from system-part2,
// which is the reverse direction.

#if defined(DYNALIB_EXPORT) || (defined(DYNALIB_IMPORT) && !defined(RT_DYNALIB_NO_DEPENDENCY_BREAKING_IMPORTS))
DYNALIB_FN(16, rt, __assert_func, void(const char*, int, const char*, const char*))
DYNALIB_FN(17, rt, newlib_impure_ptr_callback, void(void (*)(struct _reent*, size_t, uint32_t, void*), void*))
 80a0500:	b508      	push	{r3, lr}
 80a0502:	4b02      	ldr	r3, [pc, #8]	; (80a050c <newlib_impure_ptr_callback+0xc>)
 80a0504:	681b      	ldr	r3, [r3, #0]
 80a0506:	6c5b      	ldr	r3, [r3, #68]	; 0x44
 80a0508:	9301      	str	r3, [sp, #4]
 80a050a:	bd08      	pop	{r3, pc}
 80a050c:	080601a0 	.word	0x080601a0

080a0510 <_ZN8SPIClassC1E19hal_spi_interface_t>:
    }
    return particle::SPISettings(info->clock, info->bit_order, info->data_mode);
}
} // namespace

SPIClass::SPIClass(hal_spi_interface_t spi)
 80a0510:	b570      	push	{r4, r5, r6, lr}
    /**
     * Creates a shared mutex.
     */
    RecursiveMutex(os_mutex_recursive_t handle) : handle_(handle) {}

    RecursiveMutex() : handle_(nullptr)
 80a0512:	2600      	movs	r6, #0
 80a0514:	4604      	mov	r4, r0
 80a0516:	460d      	mov	r5, r1
 80a0518:	f840 6f08 	str.w	r6, [r0, #8]!
    {
        os_mutex_recursive_create(&handle_);
 80a051c:	f7ff fe72 	bl	80a0204 <os_mutex_recursive_create>
{
    _spi = spi;
    hal_spi_init(_spi);
 80a0520:	4628      	mov	r0, r5
    _spi = spi;
 80a0522:	7025      	strb	r5, [r4, #0]
    hal_spi_init(_spi);
 80a0524:	f7ff fef8 	bl	80a0318 <hal_spi_init>
    _dividerReference = SPI_CLK_SYSTEM; // 0 indicates the system clock
}
 80a0528:	4620      	mov	r0, r4
    _dividerReference = SPI_CLK_SYSTEM; // 0 indicates the system clock
 80a052a:	6066      	str	r6, [r4, #4]
}
 80a052c:	bd70      	pop	{r4, r5, r6, pc}
	...

080a0530 <_GLOBAL__sub_I_System>:
} // namespace particle

// particle::Flag<TagT, ValueT>
template<typename TagT, typename ValueT>
inline particle::Flag<TagT, ValueT>::Flag(ValueT val) :
        val_(val) {
 80a0530:	2202      	movs	r2, #2

class SystemSleepResult {
public:
    SystemSleepResult()
            : wakeupSource_(nullptr),
              error_(SYSTEM_ERROR_NONE) {
 80a0532:	2000      	movs	r0, #0
 80a0534:	4b04      	ldr	r3, [pc, #16]	; (80a0548 <_GLOBAL__sub_I_System+0x18>)
 80a0536:	601a      	str	r2, [r3, #0]
 80a0538:	4b04      	ldr	r3, [pc, #16]	; (80a054c <_GLOBAL__sub_I_System+0x1c>)
    SleepResult() {}
 80a053a:	4a05      	ldr	r2, [pc, #20]	; (80a0550 <_GLOBAL__sub_I_System+0x20>)
              error_(SYSTEM_ERROR_NONE) {
 80a053c:	6018      	str	r0, [r3, #0]
 80a053e:	8098      	strh	r0, [r3, #4]
    SleepResult() {}
 80a0540:	7198      	strb	r0, [r3, #6]
 80a0542:	609a      	str	r2, [r3, #8]

class SystemClass {
public:

    SystemClass(System_Mode_TypeDef mode = DEFAULT) {
        set_system_mode(mode);
 80a0544:	f7ff bf38 	b.w	80a03b8 <set_system_mode>
 80a0548:	2000007c 	.word	0x2000007c
 80a054c:	20000070 	.word	0x20000070
 80a0550:	ffff0000 	.word	0xffff0000

080a0554 <_ZN5Print5writeEPKhj>:

// Public Methods //////////////////////////////////////////////////////////////

/* default implementation: may be overridden */
size_t Print::write(const uint8_t *buffer, size_t size)
{
 80a0554:	b5f8      	push	{r3, r4, r5, r6, r7, lr}
 80a0556:	4606      	mov	r6, r0
 80a0558:	460d      	mov	r5, r1
  size_t n = 0;
 80a055a:	2400      	movs	r4, #0
 80a055c:	188f      	adds	r7, r1, r2
  while (size--) {
 80a055e:	42bd      	cmp	r5, r7
 80a0560:	d00c      	beq.n	80a057c <_ZN5Print5writeEPKhj+0x28>
     int chunk = write(*buffer++);
 80a0562:	6833      	ldr	r3, [r6, #0]
 80a0564:	4630      	mov	r0, r6
 80a0566:	689b      	ldr	r3, [r3, #8]
 80a0568:	f815 1b01 	ldrb.w	r1, [r5], #1
 80a056c:	4798      	blx	r3
     if (chunk>=0)
 80a056e:	1e03      	subs	r3, r0, #0
 80a0570:	db01      	blt.n	80a0576 <_ZN5Print5writeEPKhj+0x22>
         n += chunk;
 80a0572:	441c      	add	r4, r3
  while (size--) {
 80a0574:	e7f3      	b.n	80a055e <_ZN5Print5writeEPKhj+0xa>
     int chunk = write(*buffer++);
 80a0576:	2c00      	cmp	r4, #0
 80a0578:	bf08      	it	eq
 80a057a:	461c      	moveq	r4, r3
             n = chunk;
         break;
     }
  }
  return n;
}
 80a057c:	4620      	mov	r0, r4
 80a057e:	bdf8      	pop	{r3, r4, r5, r6, r7, pc}

080a0580 <_ZN5Print5writeEPKc>:

    int getWriteError() { return write_error; }
    void clearWriteError() { setWriteError(0); }

    virtual size_t write(uint8_t) = 0;
    size_t write(const char *str) {
 80a0580:	b570      	push	{r4, r5, r6, lr}
 80a0582:	4605      	mov	r5, r0
      if (str == NULL) return 0;
 80a0584:	460c      	mov	r4, r1
      return write((const uint8_t *)str, strlen(str));
    }
 80a0586:	4608      	mov	r0, r1
      if (str == NULL) return 0;
 80a0588:	b149      	cbz	r1, 80a059e <_ZN5Print5writeEPKc+0x1e>
      return write((const uint8_t *)str, strlen(str));
 80a058a:	f001 fa55 	bl	80a1a38 <strlen>
 80a058e:	682b      	ldr	r3, [r5, #0]
 80a0590:	4602      	mov	r2, r0
 80a0592:	4621      	mov	r1, r4
 80a0594:	4628      	mov	r0, r5
    }
 80a0596:	e8bd 4070 	ldmia.w	sp!, {r4, r5, r6, lr}
      return write((const uint8_t *)str, strlen(str));
 80a059a:	68db      	ldr	r3, [r3, #12]
 80a059c:	4718      	bx	r3
    }
 80a059e:	bd70      	pop	{r4, r5, r6, pc}

080a05a0 <_ZN5Print5printEPKc>:

size_t Print::print(const char str[])
{
 80a05a0:	b508      	push	{r3, lr}
  return write(str);
 80a05a2:	f7ff ffed 	bl	80a0580 <_ZN5Print5writeEPKc>
}
 80a05a6:	bd08      	pop	{r3, pc}

080a05a8 <_ZN5Print5printEc>:

size_t Print::print(char c)
{
  return write(c);
 80a05a8:	6803      	ldr	r3, [r0, #0]
 80a05aa:	689b      	ldr	r3, [r3, #8]
 80a05ac:	4718      	bx	r3

080a05ae <_ZN5Print7printlnEv>:
{
  return print(reinterpret_cast<const char*>(str));
}

size_t Print::println(void)
{
 80a05ae:	b538      	push	{r3, r4, r5, lr}
  size_t n = print('\r');
 80a05b0:	210d      	movs	r1, #13
{
 80a05b2:	4605      	mov	r5, r0
  size_t n = print('\r');
 80a05b4:	f7ff fff8 	bl	80a05a8 <_ZN5Print5printEc>
  n += print('\n');
 80a05b8:	210a      	movs	r1, #10
  size_t n = print('\r');
 80a05ba:	4604      	mov	r4, r0
  n += print('\n');
 80a05bc:	4628      	mov	r0, r5
 80a05be:	f7ff fff3 	bl	80a05a8 <_ZN5Print5printEc>
  return n;
}
 80a05c2:	4420      	add	r0, r4
 80a05c4:	bd38      	pop	{r3, r4, r5, pc}

080a05c6 <_ZN5Print7printlnEPKc>:

size_t Print::println(const char c[])
{
 80a05c6:	b538      	push	{r3, r4, r5, lr}
 80a05c8:	4605      	mov	r5, r0
  return write(str);
 80a05ca:	f7ff ffd9 	bl	80a0580 <_ZN5Print5writeEPKc>
 80a05ce:	4604      	mov	r4, r0
  size_t n = print(c);
  n += println();
 80a05d0:	4628      	mov	r0, r5
 80a05d2:	f7ff ffec 	bl	80a05ae <_ZN5Print7printlnEv>
  return n;
}
 80a05d6:	4420      	add	r0, r4
 80a05d8:	bd38      	pop	{r3, r4, r5, pc}

080a05da <_ZN5Print11printNumberEmh>:

size_t Print::printNumber(unsigned long n, uint8_t base) {
  char buf[8 * sizeof(n) + 1]; // Assumes 8-bit chars plus zero byte.
  char *str = &buf[sizeof(buf) - 1];

  *str = '\0';
 80a05da:	2300      	movs	r3, #0

  // prevent crash if called with base == 1
  if (base < 2) base = 10;
 80a05dc:	2a01      	cmp	r2, #1
 80a05de:	bf98      	it	ls
 80a05e0:	220a      	movls	r2, #10
size_t Print::printNumber(unsigned long n, uint8_t base) {
 80a05e2:	b530      	push	{r4, r5, lr}
 80a05e4:	b08b      	sub	sp, #44	; 0x2c
 80a05e6:	460c      	mov	r4, r1
  *str = '\0';
 80a05e8:	f88d 3024 	strb.w	r3, [sp, #36]	; 0x24
  if (base < 2) base = 10;
 80a05ec:	a909      	add	r1, sp, #36	; 0x24

  do {
   decltype(n) m = n;
   n /= base;
 80a05ee:	4625      	mov	r5, r4
 80a05f0:	fbb4 f4f2 	udiv	r4, r4, r2
   char c = m - base * n;
 80a05f4:	fb04 5312 	mls	r3, r4, r2, r5
 80a05f8:	b2db      	uxtb	r3, r3
   *--str = c < 10 ? c + '0' : c + 'A' - 10;
 80a05fa:	2b09      	cmp	r3, #9
 80a05fc:	bf94      	ite	ls
 80a05fe:	3330      	addls	r3, #48	; 0x30
 80a0600:	3337      	addhi	r3, #55	; 0x37
 80a0602:	b2db      	uxtb	r3, r3
  } while(n);
 80a0604:	42aa      	cmp	r2, r5
   *--str = c < 10 ? c + '0' : c + 'A' - 10;
 80a0606:	f801 3d01 	strb.w	r3, [r1, #-1]!
  } while(n);
 80a060a:	d9f0      	bls.n	80a05ee <_ZN5Print11printNumberEmh+0x14>

  return write(str);
 80a060c:	f7ff ffb8 	bl	80a0580 <_ZN5Print5writeEPKc>
}
 80a0610:	b00b      	add	sp, #44	; 0x2c
 80a0612:	bd30      	pop	{r4, r5, pc}

080a0614 <_ZN5Print10printFloatEdh>:

  return write(str);
}

size_t Print::printFloat(double number, uint8_t digits)
{
 80a0614:	e92d 4ff7 	stmdb	sp!, {r0, r1, r2, r4, r5, r6, r7, r8, r9, sl, fp, lr}
 80a0618:	4605      	mov	r5, r0
  size_t n = 0;

  if (isnan(number)) return print("nan");
 80a061a:	4619      	mov	r1, r3
 80a061c:	4610      	mov	r0, r2
{
 80a061e:	4692      	mov	sl, r2
 80a0620:	461f      	mov	r7, r3
 80a0622:	f89d 6030 	ldrb.w	r6, [sp, #48]	; 0x30
  if (isnan(number)) return print("nan");
 80a0626:	f001 f969 	bl	80a18fc <__aeabi_dcmpun>
 80a062a:	b140      	cbz	r0, 80a063e <_ZN5Print10printFloatEdh+0x2a>
  return write(str);
 80a062c:	4950      	ldr	r1, [pc, #320]	; (80a0770 <_ZN5Print10printFloatEdh+0x15c>)
 80a062e:	4628      	mov	r0, r5
 80a0630:	f7ff ffa6 	bl	80a0580 <_ZN5Print5writeEPKc>
 80a0634:	4604      	mov	r4, r0
    n += print(toPrint);
    remainder -= toPrint;
  }

  return n;
}
 80a0636:	4620      	mov	r0, r4
 80a0638:	b003      	add	sp, #12
 80a063a:	e8bd 8ff0 	ldmia.w	sp!, {r4, r5, r6, r7, r8, r9, sl, fp, pc}
  && !_GLIBCXX_NO_OBSOLETE_ISINF_ISNAN_DYNAMIC
  using ::isinf;
#else
  constexpr bool
  isinf(double __x)
  { return __builtin_isinf(__x); }
 80a063e:	f027 4400 	bic.w	r4, r7, #2147483648	; 0x80000000
  if (isinf(number)) return print("inf");
 80a0642:	f04f 32ff 	mov.w	r2, #4294967295
 80a0646:	4650      	mov	r0, sl
 80a0648:	4621      	mov	r1, r4
 80a064a:	4b4a      	ldr	r3, [pc, #296]	; (80a0774 <_ZN5Print10printFloatEdh+0x160>)
 80a064c:	f001 f956 	bl	80a18fc <__aeabi_dcmpun>
 80a0650:	b948      	cbnz	r0, 80a0666 <_ZN5Print10printFloatEdh+0x52>
 80a0652:	f04f 32ff 	mov.w	r2, #4294967295
 80a0656:	4650      	mov	r0, sl
 80a0658:	4621      	mov	r1, r4
 80a065a:	4b46      	ldr	r3, [pc, #280]	; (80a0774 <_ZN5Print10printFloatEdh+0x160>)
 80a065c:	f001 f930 	bl	80a18c0 <__aeabi_dcmple>
 80a0660:	b908      	cbnz	r0, 80a0666 <_ZN5Print10printFloatEdh+0x52>
  return write(str);
 80a0662:	4945      	ldr	r1, [pc, #276]	; (80a0778 <_ZN5Print10printFloatEdh+0x164>)
 80a0664:	e7e3      	b.n	80a062e <_ZN5Print10printFloatEdh+0x1a>
  if (number > 4294967040.0) return print ("ovf");  // constant determined empirically
 80a0666:	f04f 4260 	mov.w	r2, #3758096384	; 0xe0000000
 80a066a:	4650      	mov	r0, sl
 80a066c:	4639      	mov	r1, r7
 80a066e:	4b43      	ldr	r3, [pc, #268]	; (80a077c <_ZN5Print10printFloatEdh+0x168>)
 80a0670:	f001 f93a 	bl	80a18e8 <__aeabi_dcmpgt>
 80a0674:	b108      	cbz	r0, 80a067a <_ZN5Print10printFloatEdh+0x66>
  return write(str);
 80a0676:	4942      	ldr	r1, [pc, #264]	; (80a0780 <_ZN5Print10printFloatEdh+0x16c>)
 80a0678:	e7d9      	b.n	80a062e <_ZN5Print10printFloatEdh+0x1a>
  if (number <-4294967040.0) return print ("ovf");  // constant determined empirically
 80a067a:	f04f 4260 	mov.w	r2, #3758096384	; 0xe0000000
 80a067e:	4650      	mov	r0, sl
 80a0680:	4639      	mov	r1, r7
 80a0682:	4b40      	ldr	r3, [pc, #256]	; (80a0784 <_ZN5Print10printFloatEdh+0x170>)
 80a0684:	f001 f912 	bl	80a18ac <__aeabi_dcmplt>
 80a0688:	2800      	cmp	r0, #0
 80a068a:	d1f4      	bne.n	80a0676 <_ZN5Print10printFloatEdh+0x62>
  if (number < 0.0)
 80a068c:	2200      	movs	r2, #0
 80a068e:	2300      	movs	r3, #0
 80a0690:	4650      	mov	r0, sl
 80a0692:	4639      	mov	r1, r7
 80a0694:	f001 f90a 	bl	80a18ac <__aeabi_dcmplt>
 80a0698:	4604      	mov	r4, r0
 80a069a:	b130      	cbz	r0, 80a06aa <_ZN5Print10printFloatEdh+0x96>
     n += print('-');
 80a069c:	212d      	movs	r1, #45	; 0x2d
 80a069e:	4628      	mov	r0, r5
 80a06a0:	f7ff ff82 	bl	80a05a8 <_ZN5Print5printEc>
 80a06a4:	4604      	mov	r4, r0
     number = -number;
 80a06a6:	f107 4700 	add.w	r7, r7, #2147483648	; 0x80000000
  size_t n = 0;
 80a06aa:	f04f 0b00 	mov.w	fp, #0
  double rounding = 0.5;
 80a06ae:	2000      	movs	r0, #0
    rounding /= 10.0;
 80a06b0:	f04f 0800 	mov.w	r8, #0
  double rounding = 0.5;
 80a06b4:	4934      	ldr	r1, [pc, #208]	; (80a0788 <_ZN5Print10printFloatEdh+0x174>)
    rounding /= 10.0;
 80a06b6:	f8df 90d8 	ldr.w	r9, [pc, #216]	; 80a0790 <_ZN5Print10printFloatEdh+0x17c>
  for (uint8_t i=0; i<digits; ++i)
 80a06ba:	fa5f f38b 	uxtb.w	r3, fp
 80a06be:	429e      	cmp	r6, r3
 80a06c0:	d906      	bls.n	80a06d0 <_ZN5Print10printFloatEdh+0xbc>
    rounding /= 10.0;
 80a06c2:	4642      	mov	r2, r8
 80a06c4:	464b      	mov	r3, r9
 80a06c6:	f000 ffa9 	bl	80a161c <__aeabi_ddiv>
  for (uint8_t i=0; i<digits; ++i)
 80a06ca:	f10b 0b01 	add.w	fp, fp, #1
 80a06ce:	e7f4      	b.n	80a06ba <_ZN5Print10printFloatEdh+0xa6>
  number += rounding;
 80a06d0:	463b      	mov	r3, r7
 80a06d2:	4652      	mov	r2, sl
 80a06d4:	f000 fcc2 	bl	80a105c <__adddf3>
 80a06d8:	4689      	mov	r9, r1
 80a06da:	4680      	mov	r8, r0
  unsigned long int_part = (unsigned long)number;
 80a06dc:	f001 f94c 	bl	80a1978 <__aeabi_d2uiz>
 80a06e0:	4607      	mov	r7, r0
  double remainder = number - (double)int_part;
 80a06e2:	f000 fdf7 	bl	80a12d4 <__aeabi_ui2d>
 80a06e6:	4602      	mov	r2, r0
 80a06e8:	460b      	mov	r3, r1
 80a06ea:	4640      	mov	r0, r8
 80a06ec:	4649      	mov	r1, r9
 80a06ee:	f000 fcb3 	bl	80a1058 <__aeabi_dsub>
            val = n;
        }
#if __GNUC__ >= 9
#pragma GCC diagnostic pop
#endif // __GNUC__ >= 9
        return printNumber(val, base) + t;
 80a06f2:	220a      	movs	r2, #10
 80a06f4:	4680      	mov	r8, r0
 80a06f6:	4689      	mov	r9, r1
 80a06f8:	4628      	mov	r0, r5
 80a06fa:	4639      	mov	r1, r7
 80a06fc:	f7ff ff6d 	bl	80a05da <_ZN5Print11printNumberEmh>
  n += print(int_part);
 80a0700:	4404      	add	r4, r0
  if (digits > 0) {
 80a0702:	b126      	cbz	r6, 80a070e <_ZN5Print10printFloatEdh+0xfa>
  return write(str);
 80a0704:	4628      	mov	r0, r5
 80a0706:	4921      	ldr	r1, [pc, #132]	; (80a078c <_ZN5Print10printFloatEdh+0x178>)
 80a0708:	f7ff ff3a 	bl	80a0580 <_ZN5Print5writeEPKc>
    n += print(".");
 80a070c:	4404      	add	r4, r0
    remainder *= 10.0;
 80a070e:	f04f 0a00 	mov.w	sl, #0
 80a0712:	f8df b07c 	ldr.w	fp, [pc, #124]	; 80a0790 <_ZN5Print10printFloatEdh+0x17c>
  while (digits-- > 0)
 80a0716:	3e01      	subs	r6, #1
 80a0718:	b2f6      	uxtb	r6, r6
 80a071a:	2eff      	cmp	r6, #255	; 0xff
 80a071c:	d08b      	beq.n	80a0636 <_ZN5Print10printFloatEdh+0x22>
    remainder *= 10.0;
 80a071e:	4652      	mov	r2, sl
 80a0720:	465b      	mov	r3, fp
 80a0722:	4640      	mov	r0, r8
 80a0724:	4649      	mov	r1, r9
 80a0726:	f000 fe4f 	bl	80a13c8 <__aeabi_dmul>
 80a072a:	4680      	mov	r8, r0
 80a072c:	4689      	mov	r9, r1
    int toPrint = int(remainder);
 80a072e:	f001 f8fb 	bl	80a1928 <__aeabi_d2iz>
        if (n < 0 && base == 10) {
 80a0732:	1e07      	subs	r7, r0, #0
 80a0734:	da19      	bge.n	80a076a <_ZN5Print10printFloatEdh+0x156>
            t = print('-');
 80a0736:	212d      	movs	r1, #45	; 0x2d
 80a0738:	4628      	mov	r0, r5
 80a073a:	f7ff ff35 	bl	80a05a8 <_ZN5Print5printEc>
 80a073e:	4603      	mov	r3, r0
            val = -n;
 80a0740:	4279      	negs	r1, r7
        return printNumber(val, base) + t;
 80a0742:	220a      	movs	r2, #10
 80a0744:	4628      	mov	r0, r5
 80a0746:	9301      	str	r3, [sp, #4]
 80a0748:	f7ff ff47 	bl	80a05da <_ZN5Print11printNumberEmh>
 80a074c:	9b01      	ldr	r3, [sp, #4]
 80a074e:	4403      	add	r3, r0
    remainder -= toPrint;
 80a0750:	4638      	mov	r0, r7
    n += print(toPrint);
 80a0752:	441c      	add	r4, r3
    remainder -= toPrint;
 80a0754:	f000 fdce 	bl	80a12f4 <__aeabi_i2d>
 80a0758:	4602      	mov	r2, r0
 80a075a:	460b      	mov	r3, r1
 80a075c:	4640      	mov	r0, r8
 80a075e:	4649      	mov	r1, r9
 80a0760:	f000 fc7a 	bl	80a1058 <__aeabi_dsub>
 80a0764:	4680      	mov	r8, r0
 80a0766:	4689      	mov	r9, r1
  while (digits-- > 0)
 80a0768:	e7d5      	b.n	80a0716 <_ZN5Print10printFloatEdh+0x102>
            val = n;
 80a076a:	4639      	mov	r1, r7
        size_t t = 0;
 80a076c:	2300      	movs	r3, #0
 80a076e:	e7e8      	b.n	80a0742 <_ZN5Print10printFloatEdh+0x12e>
 80a0770:	080a1b3b 	.word	0x080a1b3b
 80a0774:	7fefffff 	.word	0x7fefffff
 80a0778:	080a1b3f 	.word	0x080a1b3f
 80a077c:	41efffff 	.word	0x41efffff
 80a0780:	080a1b43 	.word	0x080a1b43
 80a0784:	c1efffff 	.word	0xc1efffff
 80a0788:	3fe00000 	.word	0x3fe00000
 80a078c:	080a1b47 	.word	0x080a1b47
 80a0790:	40240000 	.word	0x40240000

080a0794 <_ZN5Print5printEdi>:
  return printFloat(n, digits);
 80a0794:	f89d 1000 	ldrb.w	r1, [sp]
 80a0798:	9100      	str	r1, [sp, #0]
 80a079a:	f7ff bf3b 	b.w	80a0614 <_ZN5Print10printFloatEdh>

080a079e <_ZN5spark9WiFiClass2onEv>:
    bool ready(void) {
        return network_ready(*this, 0, NULL);
    }

    void on(void) {
        network_on(*this, 0, 0, NULL);
 80a079e:	2300      	movs	r3, #0
 80a07a0:	6840      	ldr	r0, [r0, #4]
 80a07a2:	461a      	mov	r2, r3
 80a07a4:	4619      	mov	r1, r3
 80a07a6:	f7ff be4b 	b.w	80a0440 <network_on>
	...

080a07ac <_GLOBAL__sub_I__ZN5spark3LogE>:
    // This handler doesn't support direct logging
}

// spark::Logger
inline spark::Logger::Logger(const char *name) :
        name_(name) {
 80a07ac:	4b01      	ldr	r3, [pc, #4]	; (80a07b4 <_GLOBAL__sub_I__ZN5spark3LogE+0x8>)
 80a07ae:	4a02      	ldr	r2, [pc, #8]	; (80a07b8 <_GLOBAL__sub_I__ZN5spark3LogE+0xc>)
 80a07b0:	601a      	str	r2, [r3, #0]
#if Wiring_LogConfig

// spark::
void spark::logProcessControlRequest(ctrl_request* req) {
    JSONRequestHandler::process(req);
}
 80a07b2:	4770      	bx	lr
 80a07b4:	20000080 	.word	0x20000080
 80a07b8:	080a1b49 	.word	0x080a1b49

080a07bc <_GLOBAL__sub_I_TIME_FORMAT_DEFAULT>:
            calendar_time_cache = Convert_UnixTime_To_CalendarTime(unix_time);
            unix_time_cache = unix_time;
    }
}

const char* TimeClass::format_spec = TIME_FORMAT_DEFAULT;
 80a07bc:	4b02      	ldr	r3, [pc, #8]	; (80a07c8 <_GLOBAL__sub_I_TIME_FORMAT_DEFAULT+0xc>)
 80a07be:	681a      	ldr	r2, [r3, #0]
 80a07c0:	4b02      	ldr	r3, [pc, #8]	; (80a07cc <_GLOBAL__sub_I_TIME_FORMAT_DEFAULT+0x10>)
 80a07c2:	601a      	str	r2, [r3, #0]
{
  return isValid();
}


TimeClass Time;
 80a07c4:	4770      	bx	lr
 80a07c6:	bf00      	nop
 80a07c8:	20000000 	.word	0x20000000
 80a07cc:	20000084 	.word	0x20000084

080a07d0 <delay>:
    return (value - fromStart) * (toEnd - toStart) / (fromEnd - fromStart) + toStart;
}

void delay(unsigned long ms)
{
    system_delay_ms(ms, false);
 80a07d0:	2100      	movs	r1, #0
 80a07d2:	f7ff bdf9 	b.w	80a03c8 <system_delay_ms>
	...

080a07d8 <_GLOBAL__sub_I_RGB>:
	static void
	_M_init_functor(_Any_data& __functor, _Functor&& __f, false_type)
	{ __functor._M_access<_Functor*>() = new _Functor(std::move(__f)); }
      };

    _Function_base() : _M_manager(nullptr) { }
 80a07d8:	2200      	movs	r2, #0
 80a07da:	4b01      	ldr	r3, [pc, #4]	; (80a07e0 <_GLOBAL__sub_I_RGB+0x8>)
 80a07dc:	609a      	str	r2, [r3, #8]
{
    RGBClass* const d = static_cast<RGBClass*>(data);
    if (d->changeHandler_) {
        d->changeHandler_(r, g, b);
    }
}
 80a07de:	4770      	bx	lr
 80a07e0:	20000088 	.word	0x20000088

080a07e4 <_ZZ21module_user_init_hookENUlP6_reentjmPvE_4_FUNES0_jmS1_>:

void module_user_init_hook()
{
#if HAL_PLATFORM_NEWLIB
    newlib_impure_ptr_callback([](struct _reent* r, size_t size, uint32_t version, void* ctx) -> void {
        _impure_ptr = r;
 80a07e4:	4b01      	ldr	r3, [pc, #4]	; (80a07ec <_ZZ21module_user_init_hookENUlP6_reentjmPvE_4_FUNES0_jmS1_+0x8>)
 80a07e6:	6018      	str	r0, [r3, #0]
    }, nullptr);
 80a07e8:	4770      	bx	lr
 80a07ea:	bf00      	nop
 80a07ec:	20000004 	.word	0x20000004

080a07f0 <serialEventRun>:
{
 80a07f0:	b508      	push	{r3, lr}
    if (serialEvent && Serial.available()>0)
 80a07f2:	4b13      	ldr	r3, [pc, #76]	; (80a0840 <serialEventRun+0x50>)
 80a07f4:	b143      	cbz	r3, 80a0808 <serialEventRun+0x18>
 80a07f6:	f000 f975 	bl	80a0ae4 <_Z16_fetch_usbserialv>
 80a07fa:	6803      	ldr	r3, [r0, #0]
 80a07fc:	691b      	ldr	r3, [r3, #16]
 80a07fe:	4798      	blx	r3
 80a0800:	2800      	cmp	r0, #0
 80a0802:	dd01      	ble.n	80a0808 <serialEventRun+0x18>
        serialEvent();
 80a0804:	f3af 8000 	nop.w
    if (serialEvent1 && Serial1.available()>0)
 80a0808:	4b0e      	ldr	r3, [pc, #56]	; (80a0844 <serialEventRun+0x54>)
 80a080a:	b143      	cbz	r3, 80a081e <serialEventRun+0x2e>
 80a080c:	f000 fa1a 	bl	80a0c44 <_Z22__fetch_global_Serial1v>
 80a0810:	6803      	ldr	r3, [r0, #0]
 80a0812:	691b      	ldr	r3, [r3, #16]
 80a0814:	4798      	blx	r3
 80a0816:	2800      	cmp	r0, #0
 80a0818:	dd01      	ble.n	80a081e <serialEventRun+0x2e>
        serialEvent1();
 80a081a:	f3af 8000 	nop.w
    if (serialEventRun2) serialEventRun2();
 80a081e:	4b0a      	ldr	r3, [pc, #40]	; (80a0848 <serialEventRun+0x58>)
 80a0820:	b10b      	cbz	r3, 80a0826 <serialEventRun+0x36>
 80a0822:	f3af 8000 	nop.w
    if (usbSerialEvent1 && USBSerial1.available()>0)
 80a0826:	4b09      	ldr	r3, [pc, #36]	; (80a084c <serialEventRun+0x5c>)
 80a0828:	b143      	cbz	r3, 80a083c <serialEventRun+0x4c>
 80a082a:	f000 f995 	bl	80a0b58 <_Z17_fetch_usbserial1v>
 80a082e:	6803      	ldr	r3, [r0, #0]
 80a0830:	691b      	ldr	r3, [r3, #16]
 80a0832:	4798      	blx	r3
 80a0834:	2800      	cmp	r0, #0
 80a0836:	dd01      	ble.n	80a083c <serialEventRun+0x4c>
        usbSerialEvent1();
 80a0838:	f3af 8000 	nop.w
}
 80a083c:	bd08      	pop	{r3, pc}
 80a083e:	bf00      	nop
	...

080a0850 <_post_loop>:
{
 80a0850:	b508      	push	{r3, lr}
	serialEventRun();
 80a0852:	f7ff ffcd 	bl	80a07f0 <serialEventRun>
		return !timeout_fn;
	}

	static inline system_tick_t current_time()
	{
		return HAL_Timer_Get_Milli_Seconds();
 80a0856:	f7ff fccd 	bl	80a01f4 <HAL_Timer_Get_Milli_Seconds>
	/**
	 * Lifesign that the application is still working normally.
	 */
	static void checkin()
	{
		last_checkin = current_time();
 80a085a:	4b01      	ldr	r3, [pc, #4]	; (80a0860 <_post_loop+0x10>)
 80a085c:	6018      	str	r0, [r3, #0]
}
 80a085e:	bd08      	pop	{r3, pc}
 80a0860:	20000514 	.word	0x20000514

080a0864 <_Z33system_initialize_user_backup_ramv>:
    memcpy(&link_global_retained_start, &link_global_retained_initial_values, len);
 80a0864:	4805      	ldr	r0, [pc, #20]	; (80a087c <_Z33system_initialize_user_backup_ramv+0x18>)
 80a0866:	4a06      	ldr	r2, [pc, #24]	; (80a0880 <_Z33system_initialize_user_backup_ramv+0x1c>)
{
 80a0868:	b508      	push	{r3, lr}
    memcpy(&link_global_retained_start, &link_global_retained_initial_values, len);
 80a086a:	1a12      	subs	r2, r2, r0
 80a086c:	4905      	ldr	r1, [pc, #20]	; (80a0884 <_Z33system_initialize_user_backup_ramv+0x20>)
 80a086e:	f001 f8a9 	bl	80a19c4 <memcpy>
    __backup_sram_signature = signature;
 80a0872:	4b05      	ldr	r3, [pc, #20]	; (80a0888 <_Z33system_initialize_user_backup_ramv+0x24>)
 80a0874:	4a05      	ldr	r2, [pc, #20]	; (80a088c <_Z33system_initialize_user_backup_ramv+0x28>)
 80a0876:	601a      	str	r2, [r3, #0]
}
 80a0878:	bd08      	pop	{r3, pc}
 80a087a:	bf00      	nop
 80a087c:	40024000 	.word	0x40024000
 80a0880:	40024004 	.word	0x40024004
 80a0884:	080a1ca0 	.word	0x080a1ca0
 80a0888:	40024000 	.word	0x40024000
 80a088c:	9a271c1e 	.word	0x9a271c1e

080a0890 <_Z27ctrl_request_custom_handlerP12ctrl_request>:
    system_ctrl_set_result(req, SYSTEM_ERROR_NOT_SUPPORTED, nullptr, nullptr, nullptr);
 80a0890:	2300      	movs	r3, #0
void __attribute((weak)) ctrl_request_custom_handler(ctrl_request* req) {
 80a0892:	b507      	push	{r0, r1, r2, lr}
    system_ctrl_set_result(req, SYSTEM_ERROR_NOT_SUPPORTED, nullptr, nullptr, nullptr);
 80a0894:	461a      	mov	r2, r3
 80a0896:	f06f 0177 	mvn.w	r1, #119	; 0x77
 80a089a:	9300      	str	r3, [sp, #0]
 80a089c:	f7ff fda6 	bl	80a03ec <system_ctrl_set_result>
}
 80a08a0:	b003      	add	sp, #12
 80a08a2:	f85d fb04 	ldr.w	pc, [sp], #4
	...

080a08a8 <_ZL20ctrl_request_handlerP12ctrl_request>:
static void ctrl_request_handler(ctrl_request* req) {
 80a08a8:	b507      	push	{r0, r1, r2, lr}
    switch (req->type) {
 80a08aa:	8843      	ldrh	r3, [r0, #2]
 80a08ac:	2b0a      	cmp	r3, #10
 80a08ae:	d008      	beq.n	80a08c2 <_ZL20ctrl_request_handlerP12ctrl_request+0x1a>
 80a08b0:	2b50      	cmp	r3, #80	; 0x50
 80a08b2:	d10b      	bne.n	80a08cc <_ZL20ctrl_request_handlerP12ctrl_request+0x24>
        if (log_process_ctrl_request_callback) {
 80a08b4:	4b09      	ldr	r3, [pc, #36]	; (80a08dc <_ZL20ctrl_request_handlerP12ctrl_request+0x34>)
 80a08b6:	681b      	ldr	r3, [r3, #0]
 80a08b8:	b14b      	cbz	r3, 80a08ce <_ZL20ctrl_request_handlerP12ctrl_request+0x26>
}
 80a08ba:	b003      	add	sp, #12
 80a08bc:	f85d eb04 	ldr.w	lr, [sp], #4
            log_process_ctrl_request_callback(req);
 80a08c0:	4718      	bx	r3
        ctrl_request_custom_handler(req);
 80a08c2:	f7ff ffe5 	bl	80a0890 <_Z27ctrl_request_custom_handlerP12ctrl_request>
}
 80a08c6:	b003      	add	sp, #12
 80a08c8:	f85d fb04 	ldr.w	pc, [sp], #4
        system_ctrl_set_result(req, SYSTEM_ERROR_NOT_SUPPORTED, nullptr, nullptr, nullptr);
 80a08cc:	2300      	movs	r3, #0
 80a08ce:	461a      	mov	r2, r3
 80a08d0:	f06f 0177 	mvn.w	r1, #119	; 0x77
 80a08d4:	9300      	str	r3, [sp, #0]
 80a08d6:	f7ff fd89 	bl	80a03ec <system_ctrl_set_result>
}
 80a08da:	e7f4      	b.n	80a08c6 <_ZL20ctrl_request_handlerP12ctrl_request+0x1e>
 80a08dc:	2000009c 	.word	0x2000009c

080a08e0 <module_user_init_hook>:
    newlib_impure_ptr_callback([](struct _reent* r, size_t size, uint32_t version, void* ctx) -> void {
 80a08e0:	2100      	movs	r1, #0
{
 80a08e2:	b510      	push	{r4, lr}
    newlib_impure_ptr_callback([](struct _reent* r, size_t size, uint32_t version, void* ctx) -> void {
 80a08e4:	4811      	ldr	r0, [pc, #68]	; (80a092c <module_user_init_hook+0x4c>)
 80a08e6:	f7ff fe0b 	bl	80a0500 <newlib_impure_ptr_callback>
#endif // HAL_PLATFORM_NEWLIB

#if HAL_PLATFORM_BACKUP_RAM
    backup_ram_was_valid_ = __backup_sram_signature == signature;
 80a08ea:	4b11      	ldr	r3, [pc, #68]	; (80a0930 <module_user_init_hook+0x50>)
 80a08ec:	681a      	ldr	r2, [r3, #0]
 80a08ee:	4b11      	ldr	r3, [pc, #68]	; (80a0934 <module_user_init_hook+0x54>)
 80a08f0:	429a      	cmp	r2, r3
 80a08f2:	bf0c      	ite	eq
 80a08f4:	2201      	moveq	r2, #1
 80a08f6:	2200      	movne	r2, #0
 80a08f8:	4b0f      	ldr	r3, [pc, #60]	; (80a0938 <module_user_init_hook+0x58>)
 80a08fa:	701a      	strb	r2, [r3, #0]
    if (!backup_ram_was_valid_) {
 80a08fc:	d001      	beq.n	80a0902 <module_user_init_hook+0x22>
        system_initialize_user_backup_ram();
 80a08fe:	f7ff ffb1 	bl	80a0864 <_Z33system_initialize_user_backup_ramv>
    }
#endif

#if HAL_PLATFORM_RNG
    // Initialize the default stdlib PRNG using hardware RNG as a seed
    const uint32_t seed = HAL_RNG_GetRandomNumber();
 80a0902:	f7ff fc6f 	bl	80a01e4 <HAL_RNG_GetRandomNumber>
 80a0906:	4604      	mov	r4, r0
    srand(seed);
 80a0908:	f001 f872 	bl	80a19f0 <srand>

    // If the user defines random_seed_from_cloud, call it with a seed value
    // generated by a hardware RNG as well.
    if (random_seed_from_cloud) {
 80a090c:	4b0b      	ldr	r3, [pc, #44]	; (80a093c <module_user_init_hook+0x5c>)
 80a090e:	b113      	cbz	r3, 80a0916 <module_user_init_hook+0x36>
        random_seed_from_cloud(seed);
 80a0910:	4620      	mov	r0, r4
 80a0912:	f3af 8000 	nop.w
    }
#endif
    // Register the random_seed_from_cloud handler
    spark_set_random_seed_from_cloud_handler(&random_seed_from_cloud, nullptr);
 80a0916:	2100      	movs	r1, #0
 80a0918:	4808      	ldr	r0, [pc, #32]	; (80a093c <module_user_init_hook+0x5c>)
 80a091a:	f7ff fdd9 	bl	80a04d0 <spark_set_random_seed_from_cloud_handler>

    // Register application handler for the control requests
    system_ctrl_set_app_request_handler(ctrl_request_handler, nullptr);
}
 80a091e:	e8bd 4010 	ldmia.w	sp!, {r4, lr}
    system_ctrl_set_app_request_handler(ctrl_request_handler, nullptr);
 80a0922:	2100      	movs	r1, #0
 80a0924:	4806      	ldr	r0, [pc, #24]	; (80a0940 <module_user_init_hook+0x60>)
 80a0926:	f7ff bd57 	b.w	80a03d8 <system_ctrl_set_app_request_handler>
 80a092a:	bf00      	nop
 80a092c:	080a07e5 	.word	0x080a07e5
 80a0930:	40024000 	.word	0x40024000
 80a0934:	9a271c1e 	.word	0x9a271c1e
 80a0938:	20000098 	.word	0x20000098
 80a093c:	00000000 	.word	0x00000000
 80a0940:	080a08a9 	.word	0x080a08a9

080a0944 <_ZN9IPAddressD1Ev>:
    IPAddress(uint8_t first_octet, uint8_t second_octet, uint8_t third_octet, uint8_t fourth_octet);
    IPAddress(uint32_t address);
    IPAddress(const uint8_t* address);
    IPAddress(const HAL_IPAddress& address);

    virtual ~IPAddress() {}
 80a0944:	4770      	bx	lr

080a0946 <_ZN9IPAddressD0Ev>:
 80a0946:	b510      	push	{r4, lr}
 80a0948:	4604      	mov	r4, r0
 80a094a:	2118      	movs	r1, #24
 80a094c:	f000 fb7c 	bl	80a1048 <_ZdlPvj>
 80a0950:	4620      	mov	r0, r4
 80a0952:	bd10      	pop	{r4, pc}

080a0954 <_ZNK9IPAddress7printToER5Print>:
#endif // Wiring_IPv6
	return address.ipv4==that.address.ipv4;
}

size_t IPAddress::printTo(Print& p) const
{
 80a0954:	b5f8      	push	{r3, r4, r5, r6, r7, lr}
 80a0956:	460e      	mov	r6, r1
 80a0958:	2400      	movs	r4, #0
 80a095a:	f100 0708 	add.w	r7, r0, #8
 80a095e:	1d05      	adds	r5, r0, #4
        return printNumber(val, base) + t;
 80a0960:	f817 1d01 	ldrb.w	r1, [r7, #-1]!
 80a0964:	220a      	movs	r2, #10
 80a0966:	4630      	mov	r0, r6
 80a0968:	f7ff fe37 	bl	80a05da <_ZN5Print11printNumberEmh>
#else
#pragma message "HAL_USE_INET_HAL_POSIX is required for IPv6 support in IPAddress::printTo()"
#endif // HAL_USE_INET_HAL_POSIX
#endif // Wiring_IPv6
    size_t n = 0;
    for (int i = 0; i < 4; i++)
 80a096c:	42af      	cmp	r7, r5
    {
        if (n)
            n += p.print('.');
        n += p.print((*this)[i], DEC);
 80a096e:	4404      	add	r4, r0
    for (int i = 0; i < 4; i++)
 80a0970:	d101      	bne.n	80a0976 <_ZNK9IPAddress7printToER5Print+0x22>
    }
    return n;
}
 80a0972:	4620      	mov	r0, r4
 80a0974:	bdf8      	pop	{r3, r4, r5, r6, r7, pc}
        if (n)
 80a0976:	2c00      	cmp	r4, #0
 80a0978:	d0f2      	beq.n	80a0960 <_ZNK9IPAddress7printToER5Print+0xc>
            n += p.print('.');
 80a097a:	212e      	movs	r1, #46	; 0x2e
 80a097c:	4630      	mov	r0, r6
 80a097e:	f7ff fe13 	bl	80a05a8 <_ZN5Print5printEc>
 80a0982:	4404      	add	r4, r0
 80a0984:	e7ec      	b.n	80a0960 <_ZNK9IPAddress7printToER5Print+0xc>
	...

080a0988 <_ZN9IPAddressC1Ev>:
IPAddress::IPAddress()
 80a0988:	b510      	push	{r4, lr}
 80a098a:	4604      	mov	r4, r0
 80a098c:	4b04      	ldr	r3, [pc, #16]	; (80a09a0 <_ZN9IPAddressC1Ev+0x18>)
        return address;
    }

    virtual size_t printTo(Print& p) const;

    void clear() { memset(&address, 0, sizeof (address)); }
 80a098e:	2211      	movs	r2, #17
 80a0990:	2100      	movs	r1, #0
 80a0992:	f840 3b04 	str.w	r3, [r0], #4
 80a0996:	f001 f823 	bl	80a19e0 <memset>
}
 80a099a:	4620      	mov	r0, r4
 80a099c:	bd10      	pop	{r4, pc}
 80a099e:	bf00      	nop
 80a09a0:	080a1b74 	.word	0x080a1b74

080a09a4 <_ZN9IPAddressC1ERK16_HAL_IPAddress_t>:
IPAddress::IPAddress(const HAL_IPAddress& address)
 80a09a4:	4603      	mov	r3, r0
 80a09a6:	4a07      	ldr	r2, [pc, #28]	; (80a09c4 <_ZN9IPAddressC1ERK16_HAL_IPAddress_t+0x20>)
 80a09a8:	b510      	push	{r4, lr}
 80a09aa:	f843 2b04 	str.w	r2, [r3], #4
    memcpy(&this->address, &address, sizeof(address));
 80a09ae:	f101 0210 	add.w	r2, r1, #16
 80a09b2:	f851 4b04 	ldr.w	r4, [r1], #4
 80a09b6:	4291      	cmp	r1, r2
 80a09b8:	f843 4b04 	str.w	r4, [r3], #4
 80a09bc:	d1f9      	bne.n	80a09b2 <_ZN9IPAddressC1ERK16_HAL_IPAddress_t+0xe>
 80a09be:	780a      	ldrb	r2, [r1, #0]
 80a09c0:	701a      	strb	r2, [r3, #0]
}
 80a09c2:	bd10      	pop	{r4, pc}
 80a09c4:	080a1b74 	.word	0x080a1b74

080a09c8 <_ZN9IPAddressC1Em>:
IPAddress::IPAddress(uint32_t address)
 80a09c8:	4a02      	ldr	r2, [pc, #8]	; (80a09d4 <_ZN9IPAddressC1Em+0xc>)
    address.ipv4 = ipv4;
 80a09ca:	e9c0 2100 	strd	r2, r1, [r0]
        address.v = version;
 80a09ce:	2204      	movs	r2, #4
 80a09d0:	7502      	strb	r2, [r0, #20]
}
 80a09d2:	4770      	bx	lr
 80a09d4:	080a1b74 	.word	0x080a1b74

080a09d8 <_ZN9IPAddress8set_ipv4Ehhhh>:
{
 80a09d8:	b510      	push	{r4, lr}
    address.ipv4 = b0<<24 | b1 << 16 | b2 << 8 | b3;
 80a09da:	f89d 4008 	ldrb.w	r4, [sp, #8]
 80a09de:	ea44 2403 	orr.w	r4, r4, r3, lsl #8
 80a09e2:	2304      	movs	r3, #4
 80a09e4:	ea44 4402 	orr.w	r4, r4, r2, lsl #16
 80a09e8:	ea44 6401 	orr.w	r4, r4, r1, lsl #24
 80a09ec:	6044      	str	r4, [r0, #4]
 80a09ee:	7503      	strb	r3, [r0, #20]
}
 80a09f0:	bd10      	pop	{r4, pc}
	...

080a09f4 <_ZN9IPAddressC1Ehhhh>:
IPAddress::IPAddress(uint8_t first_octet, uint8_t second_octet, uint8_t third_octet, uint8_t fourth_octet)
 80a09f4:	b537      	push	{r0, r1, r2, r4, r5, lr}
 80a09f6:	4d04      	ldr	r5, [pc, #16]	; (80a0a08 <_ZN9IPAddressC1Ehhhh+0x14>)
 80a09f8:	6005      	str	r5, [r0, #0]
    set_ipv4(first_octet, second_octet, third_octet, fourth_octet);
 80a09fa:	f89d 5018 	ldrb.w	r5, [sp, #24]
 80a09fe:	9500      	str	r5, [sp, #0]
 80a0a00:	f7ff ffea 	bl	80a09d8 <_ZN9IPAddress8set_ipv4Ehhhh>
}
 80a0a04:	b003      	add	sp, #12
 80a0a06:	bd30      	pop	{r4, r5, pc}
 80a0a08:	080a1b74 	.word	0x080a1b74

080a0a0c <_ZN9USBSerial14blockOnOverrunEb>:
  HAL_USB_USART_Flush_Data(_serial);
}

void USBSerial::blockOnOverrun(bool block)
{
  _blocking = block;
 80a0a0c:	7441      	strb	r1, [r0, #17]
}
 80a0a0e:	4770      	bx	lr

080a0a10 <__tcf_0>:
}

USBSerial& _fetch_usbserial()
{
  HAL_USB_USART_Config conf = acquireSerialBuffer();
	static USBSerial _usbserial(HAL_USB_USART_SERIAL, conf);
 80a0a10:	4770      	bx	lr

080a0a12 <_ZN9USBSerialD1Ev>:
#include "usb_hal.h"
#include "system_task.h"
#include "spark_wiring_startup.h"
#include "concurrent_hal.h"

class USBSerial : public Stream
 80a0a12:	4770      	bx	lr

080a0a14 <_ZN9USBSerial4readEv>:
{
 80a0a14:	b508      	push	{r3, lr}
	return std::max(-1, (int)HAL_USB_USART_Receive_Data(_serial, false));
 80a0a16:	2100      	movs	r1, #0
 80a0a18:	7c00      	ldrb	r0, [r0, #16]
 80a0a1a:	f7ff fcad 	bl	80a0378 <HAL_USB_USART_Receive_Data>
}
 80a0a1e:	ea40 70e0 	orr.w	r0, r0, r0, asr #31
 80a0a22:	bd08      	pop	{r3, pc}

080a0a24 <_ZN9USBSerial4peekEv>:
{
 80a0a24:	b508      	push	{r3, lr}
	return std::max(-1, (int)HAL_USB_USART_Receive_Data(_serial, true));
 80a0a26:	2101      	movs	r1, #1
 80a0a28:	7c00      	ldrb	r0, [r0, #16]
 80a0a2a:	f7ff fca5 	bl	80a0378 <HAL_USB_USART_Receive_Data>
}
 80a0a2e:	ea40 70e0 	orr.w	r0, r0, r0, asr #31
 80a0a32:	bd08      	pop	{r3, pc}

080a0a34 <_ZN9USBSerial17availableForWriteEv>:
{
 80a0a34:	b508      	push	{r3, lr}
  return std::max(0, (int)HAL_USB_USART_Available_Data_For_Write(_serial));
 80a0a36:	7c00      	ldrb	r0, [r0, #16]
 80a0a38:	f7ff fc96 	bl	80a0368 <HAL_USB_USART_Available_Data_For_Write>
}
 80a0a3c:	ea20 70e0 	bic.w	r0, r0, r0, asr #31
 80a0a40:	bd08      	pop	{r3, pc}

080a0a42 <_ZN9USBSerial9availableEv>:
{
 80a0a42:	b508      	push	{r3, lr}
	return std::max(0, (int)HAL_USB_USART_Available_Data(_serial));
 80a0a44:	7c00      	ldrb	r0, [r0, #16]
 80a0a46:	f7ff fc87 	bl	80a0358 <HAL_USB_USART_Available_Data>
}
 80a0a4a:	ea20 70e0 	bic.w	r0, r0, r0, asr #31
 80a0a4e:	bd08      	pop	{r3, pc}

080a0a50 <_ZN9USBSerial5writeEh>:
{
 80a0a50:	b538      	push	{r3, r4, r5, lr}
 80a0a52:	4604      	mov	r4, r0
  if (HAL_USB_USART_Available_Data_For_Write(_serial) > 0 || _blocking) {
 80a0a54:	7c00      	ldrb	r0, [r0, #16]
{
 80a0a56:	460d      	mov	r5, r1
  if (HAL_USB_USART_Available_Data_For_Write(_serial) > 0 || _blocking) {
 80a0a58:	f7ff fc86 	bl	80a0368 <HAL_USB_USART_Available_Data_For_Write>
 80a0a5c:	2800      	cmp	r0, #0
 80a0a5e:	dc01      	bgt.n	80a0a64 <_ZN9USBSerial5writeEh+0x14>
 80a0a60:	7c60      	ldrb	r0, [r4, #17]
 80a0a62:	b128      	cbz	r0, 80a0a70 <_ZN9USBSerial5writeEh+0x20>
    return std::max(0, (int)HAL_USB_USART_Send_Data(_serial, byte));
 80a0a64:	4629      	mov	r1, r5
 80a0a66:	7c20      	ldrb	r0, [r4, #16]
 80a0a68:	f7ff fc8e 	bl	80a0388 <HAL_USB_USART_Send_Data>
 80a0a6c:	ea20 70e0 	bic.w	r0, r0, r0, asr #31
}
 80a0a70:	bd38      	pop	{r3, r4, r5, pc}

080a0a72 <_ZN9USBSerial5flushEv>:
  HAL_USB_USART_Flush_Data(_serial);
 80a0a72:	7c00      	ldrb	r0, [r0, #16]
 80a0a74:	f7ff bc90 	b.w	80a0398 <HAL_USB_USART_Flush_Data>

080a0a78 <_ZN9USBSerialD0Ev>:
 80a0a78:	b510      	push	{r4, lr}
 80a0a7a:	4604      	mov	r4, r0
 80a0a7c:	2114      	movs	r1, #20
 80a0a7e:	f000 fae3 	bl	80a1048 <_ZdlPvj>
 80a0a82:	4620      	mov	r0, r4
 80a0a84:	bd10      	pop	{r4, pc}

080a0a86 <__tcf_1>:
 80a0a86:	4770      	bx	lr

080a0a88 <_ZN9USBSerialC1E20HAL_USB_USART_SerialRK20HAL_USB_USART_Config>:
USBSerial::USBSerial(HAL_USB_USART_Serial serial, const HAL_USB_USART_Config& conf)
 80a0a88:	b510      	push	{r4, lr}
    virtual int available() = 0;
    virtual int read() = 0;
    virtual int peek() = 0;
    virtual void flush() = 0;

    Stream() {_timeout=1000;}
 80a0a8a:	f44f 737a 	mov.w	r3, #1000	; 0x3e8
 80a0a8e:	4604      	mov	r4, r0
 80a0a90:	4608      	mov	r0, r1
 80a0a92:	2100      	movs	r1, #0
 80a0a94:	e9c4 1301 	strd	r1, r3, [r4, #4]
 80a0a98:	4b04      	ldr	r3, [pc, #16]	; (80a0aac <_ZN9USBSerialC1E20HAL_USB_USART_SerialRK20HAL_USB_USART_Config+0x24>)
  _serial = serial;
 80a0a9a:	7420      	strb	r0, [r4, #16]
USBSerial::USBSerial(HAL_USB_USART_Serial serial, const HAL_USB_USART_Config& conf)
 80a0a9c:	6023      	str	r3, [r4, #0]
  _blocking = true;
 80a0a9e:	2301      	movs	r3, #1
  HAL_USB_USART_Init(_serial, &conf);
 80a0aa0:	4611      	mov	r1, r2
  _blocking = true;
 80a0aa2:	7463      	strb	r3, [r4, #17]
  HAL_USB_USART_Init(_serial, &conf);
 80a0aa4:	f7ff fc48 	bl	80a0338 <HAL_USB_USART_Init>
}
 80a0aa8:	4620      	mov	r0, r4
 80a0aaa:	bd10      	pop	{r4, pc}
 80a0aac:	080a1b88 	.word	0x080a1b88

080a0ab0 <_ZN9USBSerial5beginEl>:
    HAL_USB_USART_Begin(_serial, speed, NULL);
 80a0ab0:	2200      	movs	r2, #0
 80a0ab2:	7c00      	ldrb	r0, [r0, #16]
 80a0ab4:	f7ff bc48 	b.w	80a0348 <HAL_USB_USART_Begin>

080a0ab8 <_Z19acquireSerialBufferv>:
{
 80a0ab8:	b510      	push	{r4, lr}
 80a0aba:	4604      	mov	r4, r0
  HAL_USB_USART_Config conf = {0};
 80a0abc:	2214      	movs	r2, #20
 80a0abe:	2100      	movs	r1, #0
 80a0ac0:	f000 ff8e 	bl	80a19e0 <memset>
  conf.rx_buffer = serial_rx_buffer;
 80a0ac4:	4b05      	ldr	r3, [pc, #20]	; (80a0adc <_Z19acquireSerialBufferv+0x24>)
}
 80a0ac6:	4620      	mov	r0, r4
  conf.rx_buffer = serial_rx_buffer;
 80a0ac8:	6063      	str	r3, [r4, #4]
  conf.tx_buffer = serial_tx_buffer;
 80a0aca:	4b05      	ldr	r3, [pc, #20]	; (80a0ae0 <_Z19acquireSerialBufferv+0x28>)
 80a0acc:	60e3      	str	r3, [r4, #12]
  conf.rx_buffer_size = USB_RX_BUFFER_SIZE;
 80a0ace:	f240 1301 	movw	r3, #257	; 0x101
 80a0ad2:	8123      	strh	r3, [r4, #8]
  conf.tx_buffer_size = USB_TX_BUFFER_SIZE;
 80a0ad4:	2381      	movs	r3, #129	; 0x81
 80a0ad6:	8223      	strh	r3, [r4, #16]
}
 80a0ad8:	bd10      	pop	{r4, pc}
 80a0ada:	bf00      	nop
 80a0adc:	200000d0 	.word	0x200000d0
 80a0ae0:	200001d1 	.word	0x200001d1

080a0ae4 <_Z16_fetch_usbserialv>:
{
 80a0ae4:	b530      	push	{r4, r5, lr}
	static USBSerial _usbserial(HAL_USB_USART_SERIAL, conf);
 80a0ae6:	4d0e      	ldr	r5, [pc, #56]	; (80a0b20 <_Z16_fetch_usbserialv+0x3c>)
{
 80a0ae8:	b087      	sub	sp, #28
  HAL_USB_USART_Config conf = acquireSerialBuffer();
 80a0aea:	a801      	add	r0, sp, #4
 80a0aec:	f7ff ffe4 	bl	80a0ab8 <_Z19acquireSerialBufferv>
	static USBSerial _usbserial(HAL_USB_USART_SERIAL, conf);
 80a0af0:	7829      	ldrb	r1, [r5, #0]
 80a0af2:	f3bf 8f5b 	dmb	ish
 80a0af6:	f011 0401 	ands.w	r4, r1, #1
 80a0afa:	d10e      	bne.n	80a0b1a <_Z16_fetch_usbserialv+0x36>
 80a0afc:	4628      	mov	r0, r5
 80a0afe:	f7ff fad0 	bl	80a00a2 <__cxa_guard_acquire>
 80a0b02:	b150      	cbz	r0, 80a0b1a <_Z16_fetch_usbserialv+0x36>
 80a0b04:	4621      	mov	r1, r4
 80a0b06:	aa01      	add	r2, sp, #4
 80a0b08:	4806      	ldr	r0, [pc, #24]	; (80a0b24 <_Z16_fetch_usbserialv+0x40>)
 80a0b0a:	f7ff ffbd 	bl	80a0a88 <_ZN9USBSerialC1E20HAL_USB_USART_SerialRK20HAL_USB_USART_Config>
 80a0b0e:	4628      	mov	r0, r5
 80a0b10:	f7ff facc 	bl	80a00ac <__cxa_guard_release>
 80a0b14:	4804      	ldr	r0, [pc, #16]	; (80a0b28 <_Z16_fetch_usbserialv+0x44>)
 80a0b16:	f000 ff4f 	bl	80a19b8 <atexit>
	return _usbserial;
}
 80a0b1a:	4802      	ldr	r0, [pc, #8]	; (80a0b24 <_Z16_fetch_usbserialv+0x40>)
 80a0b1c:	b007      	add	sp, #28
 80a0b1e:	bd30      	pop	{r4, r5, pc}
 80a0b20:	200000a0 	.word	0x200000a0
 80a0b24:	200000a8 	.word	0x200000a8
 80a0b28:	080a0a11 	.word	0x080a0a11

080a0b2c <_Z23acquireUSBSerial1Bufferv>:

#if Wiring_USBSerial1

HAL_USB_USART_Config __attribute__((weak)) acquireUSBSerial1Buffer()
{
 80a0b2c:	b510      	push	{r4, lr}
 80a0b2e:	4604      	mov	r4, r0
  HAL_USB_USART_Config conf = {0};
 80a0b30:	2214      	movs	r2, #20
 80a0b32:	2100      	movs	r1, #0
 80a0b34:	f000 ff54 	bl	80a19e0 <memset>

#if defined(USB_SERIAL_USERSPACE_BUFFERS) && ((MODULE_FUNCTION == MOD_FUNC_USER_PART) || (MODULE_FUNCTION == MOD_FUNC_MONO_FIRMWARE))
  static uint8_t usbserial1_rx_buffer[USB_RX_BUFFER_SIZE];
  static uint8_t usbserial1_tx_buffer[USB_TX_BUFFER_SIZE];

  conf.rx_buffer = usbserial1_rx_buffer;
 80a0b38:	4b05      	ldr	r3, [pc, #20]	; (80a0b50 <_Z23acquireUSBSerial1Bufferv+0x24>)
  conf.rx_buffer_size = USB_RX_BUFFER_SIZE;
  conf.tx_buffer_size = USB_TX_BUFFER_SIZE;
#endif

  return conf;
}
 80a0b3a:	4620      	mov	r0, r4
  conf.rx_buffer = usbserial1_rx_buffer;
 80a0b3c:	6063      	str	r3, [r4, #4]
  conf.tx_buffer = usbserial1_tx_buffer;
 80a0b3e:	4b05      	ldr	r3, [pc, #20]	; (80a0b54 <_Z23acquireUSBSerial1Bufferv+0x28>)
 80a0b40:	60e3      	str	r3, [r4, #12]
  conf.rx_buffer_size = USB_RX_BUFFER_SIZE;
 80a0b42:	f240 1301 	movw	r3, #257	; 0x101
 80a0b46:	8123      	strh	r3, [r4, #8]
  conf.tx_buffer_size = USB_TX_BUFFER_SIZE;
 80a0b48:	2381      	movs	r3, #129	; 0x81
 80a0b4a:	8223      	strh	r3, [r4, #16]
}
 80a0b4c:	bd10      	pop	{r4, pc}
 80a0b4e:	bf00      	nop
 80a0b50:	20000252 	.word	0x20000252
 80a0b54:	20000353 	.word	0x20000353

080a0b58 <_Z17_fetch_usbserial1v>:

USBSerial& _fetch_usbserial1()
{
 80a0b58:	b510      	push	{r4, lr}
  HAL_USB_USART_Config conf = acquireUSBSerial1Buffer();
  static USBSerial _usbserial1(HAL_USB_USART_SERIAL1, conf);
 80a0b5a:	4c0e      	ldr	r4, [pc, #56]	; (80a0b94 <_Z17_fetch_usbserial1v+0x3c>)
{
 80a0b5c:	b086      	sub	sp, #24
  HAL_USB_USART_Config conf = acquireUSBSerial1Buffer();
 80a0b5e:	a801      	add	r0, sp, #4
 80a0b60:	f7ff ffe4 	bl	80a0b2c <_Z23acquireUSBSerial1Bufferv>
  static USBSerial _usbserial1(HAL_USB_USART_SERIAL1, conf);
 80a0b64:	7823      	ldrb	r3, [r4, #0]
 80a0b66:	f3bf 8f5b 	dmb	ish
 80a0b6a:	07db      	lsls	r3, r3, #31
 80a0b6c:	d40e      	bmi.n	80a0b8c <_Z17_fetch_usbserial1v+0x34>
 80a0b6e:	4620      	mov	r0, r4
 80a0b70:	f7ff fa97 	bl	80a00a2 <__cxa_guard_acquire>
 80a0b74:	b150      	cbz	r0, 80a0b8c <_Z17_fetch_usbserial1v+0x34>
 80a0b76:	2101      	movs	r1, #1
 80a0b78:	aa01      	add	r2, sp, #4
 80a0b7a:	4807      	ldr	r0, [pc, #28]	; (80a0b98 <_Z17_fetch_usbserial1v+0x40>)
 80a0b7c:	f7ff ff84 	bl	80a0a88 <_ZN9USBSerialC1E20HAL_USB_USART_SerialRK20HAL_USB_USART_Config>
 80a0b80:	4620      	mov	r0, r4
 80a0b82:	f7ff fa93 	bl	80a00ac <__cxa_guard_release>
 80a0b86:	4805      	ldr	r0, [pc, #20]	; (80a0b9c <_Z17_fetch_usbserial1v+0x44>)
 80a0b88:	f000 ff16 	bl	80a19b8 <atexit>
  return _usbserial1;
}
 80a0b8c:	4802      	ldr	r0, [pc, #8]	; (80a0b98 <_Z17_fetch_usbserial1v+0x40>)
 80a0b8e:	b006      	add	sp, #24
 80a0b90:	bd10      	pop	{r4, pc}
 80a0b92:	bf00      	nop
 80a0b94:	200000a4 	.word	0x200000a4
 80a0b98:	200000bc 	.word	0x200000bc
 80a0b9c:	080a0a87 	.word	0x080a0a87

080a0ba0 <_ZN11USARTSerialD1Ev>:
private:
  hal_usart_interface_t _serial;
  bool _blocking;
public:
  USARTSerial(hal_usart_interface_t serial, hal_usart_ring_buffer_t *rx_buffer, hal_usart_ring_buffer_t *tx_buffer);
  virtual ~USARTSerial() {};
 80a0ba0:	4770      	bx	lr

080a0ba2 <_ZN11USARTSerial14blockOnOverrunEb>:
    hal_usart_half_duplex(_serial, Enable);
}

void USARTSerial::blockOnOverrun(bool block)
{
  _blocking = block;
 80a0ba2:	7441      	strb	r1, [r0, #17]
}
 80a0ba4:	4770      	bx	lr

080a0ba6 <__tcf_0>:
#endif

USARTSerial& __fetch_global_Serial1()
{
#if ((MODULE_FUNCTION == MOD_FUNC_USER_PART) || (MODULE_FUNCTION == MOD_FUNC_MONO_FIRMWARE))
	static USARTSerial serial1(HAL_USART_SERIAL1, &serial1_rx_buffer, &serial1_tx_buffer);
 80a0ba6:	4770      	bx	lr

080a0ba8 <_ZN11USARTSerial17availableForWriteEv>:
{
 80a0ba8:	b508      	push	{r3, lr}
  return std::max(0, (int)hal_usart_available_data_for_write(_serial));
 80a0baa:	7c00      	ldrb	r0, [r0, #16]
 80a0bac:	f7ff fb72 	bl	80a0294 <hal_usart_available_data_for_write>
}
 80a0bb0:	ea20 70e0 	bic.w	r0, r0, r0, asr #31
 80a0bb4:	bd08      	pop	{r3, pc}

080a0bb6 <_ZN11USARTSerial9availableEv>:
{
 80a0bb6:	b508      	push	{r3, lr}
  return std::max(0, (int)hal_usart_available(_serial));
 80a0bb8:	7c00      	ldrb	r0, [r0, #16]
 80a0bba:	f7ff fb43 	bl	80a0244 <hal_usart_available>
}
 80a0bbe:	ea20 70e0 	bic.w	r0, r0, r0, asr #31
 80a0bc2:	bd08      	pop	{r3, pc}

080a0bc4 <_ZN11USARTSerial4peekEv>:
{
 80a0bc4:	b508      	push	{r3, lr}
  return std::max(-1, (int)hal_usart_peek(_serial));
 80a0bc6:	7c00      	ldrb	r0, [r0, #16]
 80a0bc8:	f7ff fb4c 	bl	80a0264 <hal_usart_peek>
}
 80a0bcc:	ea40 70e0 	orr.w	r0, r0, r0, asr #31
 80a0bd0:	bd08      	pop	{r3, pc}

080a0bd2 <_ZN11USARTSerial4readEv>:
{
 80a0bd2:	b508      	push	{r3, lr}
  return std::max(-1, (int)hal_usart_read(_serial));
 80a0bd4:	7c00      	ldrb	r0, [r0, #16]
 80a0bd6:	f7ff fb3d 	bl	80a0254 <hal_usart_read>
}
 80a0bda:	ea40 70e0 	orr.w	r0, r0, r0, asr #31
 80a0bde:	bd08      	pop	{r3, pc}

080a0be0 <_ZN11USARTSerial5flushEv>:
  hal_usart_flush(_serial);
 80a0be0:	7c00      	ldrb	r0, [r0, #16]
 80a0be2:	f7ff bb47 	b.w	80a0274 <hal_usart_flush>

080a0be6 <_ZN11USARTSerial5writeEh>:
{
 80a0be6:	b570      	push	{r4, r5, r6, lr}
  if (_blocking || hal_usart_available_data_for_write(_serial) > 0) {
 80a0be8:	7c46      	ldrb	r6, [r0, #17]
{
 80a0bea:	4604      	mov	r4, r0
 80a0bec:	460d      	mov	r5, r1
  if (_blocking || hal_usart_available_data_for_write(_serial) > 0) {
 80a0bee:	b12e      	cbz	r6, 80a0bfc <_ZN11USARTSerial5writeEh+0x16>
	  return hal_usart_write(_serial, c);
 80a0bf0:	4629      	mov	r1, r5
 80a0bf2:	7c20      	ldrb	r0, [r4, #16]
}
 80a0bf4:	e8bd 4070 	ldmia.w	sp!, {r4, r5, r6, lr}
	  return hal_usart_write(_serial, c);
 80a0bf8:	f7ff bb1c 	b.w	80a0234 <hal_usart_write>
  if (_blocking || hal_usart_available_data_for_write(_serial) > 0) {
 80a0bfc:	7c00      	ldrb	r0, [r0, #16]
 80a0bfe:	f7ff fb49 	bl	80a0294 <hal_usart_available_data_for_write>
 80a0c02:	2800      	cmp	r0, #0
 80a0c04:	dcf4      	bgt.n	80a0bf0 <_ZN11USARTSerial5writeEh+0xa>
}
 80a0c06:	4630      	mov	r0, r6
 80a0c08:	bd70      	pop	{r4, r5, r6, pc}

080a0c0a <_ZN11USARTSerialD0Ev>:
 80a0c0a:	b510      	push	{r4, lr}
 80a0c0c:	4604      	mov	r4, r0
 80a0c0e:	2114      	movs	r1, #20
 80a0c10:	f000 fa1a 	bl	80a1048 <_ZdlPvj>
 80a0c14:	4620      	mov	r0, r4
 80a0c16:	bd10      	pop	{r4, pc}

080a0c18 <_ZN11USARTSerialC1E21hal_usart_interface_tP23hal_usart_ring_buffer_tS2_>:
 80a0c18:	f04f 0c00 	mov.w	ip, #0
USARTSerial::USARTSerial(hal_usart_interface_t serial, hal_usart_ring_buffer_t *rx_buffer, hal_usart_ring_buffer_t *tx_buffer)
 80a0c1c:	b510      	push	{r4, lr}
 80a0c1e:	4604      	mov	r4, r0
 80a0c20:	4608      	mov	r0, r1
 80a0c22:	4611      	mov	r1, r2
 80a0c24:	f44f 727a 	mov.w	r2, #1000	; 0x3e8
 80a0c28:	e9c4 c201 	strd	ip, r2, [r4, #4]
 80a0c2c:	4a04      	ldr	r2, [pc, #16]	; (80a0c40 <_ZN11USARTSerialC1E21hal_usart_interface_tP23hal_usart_ring_buffer_tS2_+0x28>)
  _serial = serial;
 80a0c2e:	7420      	strb	r0, [r4, #16]
USARTSerial::USARTSerial(hal_usart_interface_t serial, hal_usart_ring_buffer_t *rx_buffer, hal_usart_ring_buffer_t *tx_buffer)
 80a0c30:	6022      	str	r2, [r4, #0]
  _blocking = true;
 80a0c32:	2201      	movs	r2, #1
 80a0c34:	7462      	strb	r2, [r4, #17]
  hal_usart_init(serial, rx_buffer, tx_buffer);
 80a0c36:	461a      	mov	r2, r3
 80a0c38:	f7ff faf4 	bl	80a0224 <hal_usart_init>
}
 80a0c3c:	4620      	mov	r0, r4
 80a0c3e:	bd10      	pop	{r4, pc}
 80a0c40:	080a1bb8 	.word	0x080a1bb8

080a0c44 <_Z22__fetch_global_Serial1v>:
{
 80a0c44:	b538      	push	{r3, r4, r5, lr}
	static USARTSerial serial1(HAL_USART_SERIAL1, &serial1_rx_buffer, &serial1_tx_buffer);
 80a0c46:	4d0c      	ldr	r5, [pc, #48]	; (80a0c78 <_Z22__fetch_global_Serial1v+0x34>)
 80a0c48:	7829      	ldrb	r1, [r5, #0]
 80a0c4a:	f3bf 8f5b 	dmb	ish
 80a0c4e:	f011 0401 	ands.w	r4, r1, #1
 80a0c52:	d10f      	bne.n	80a0c74 <_Z22__fetch_global_Serial1v+0x30>
 80a0c54:	4628      	mov	r0, r5
 80a0c56:	f7ff fa24 	bl	80a00a2 <__cxa_guard_acquire>
 80a0c5a:	b158      	cbz	r0, 80a0c74 <_Z22__fetch_global_Serial1v+0x30>
 80a0c5c:	4621      	mov	r1, r4
 80a0c5e:	4b07      	ldr	r3, [pc, #28]	; (80a0c7c <_Z22__fetch_global_Serial1v+0x38>)
 80a0c60:	4a07      	ldr	r2, [pc, #28]	; (80a0c80 <_Z22__fetch_global_Serial1v+0x3c>)
 80a0c62:	4808      	ldr	r0, [pc, #32]	; (80a0c84 <_Z22__fetch_global_Serial1v+0x40>)
 80a0c64:	f7ff ffd8 	bl	80a0c18 <_ZN11USARTSerialC1E21hal_usart_interface_tP23hal_usart_ring_buffer_tS2_>
 80a0c68:	4628      	mov	r0, r5
 80a0c6a:	f7ff fa1f 	bl	80a00ac <__cxa_guard_release>
 80a0c6e:	4806      	ldr	r0, [pc, #24]	; (80a0c88 <_Z22__fetch_global_Serial1v+0x44>)
 80a0c70:	f000 fea2 	bl	80a19b8 <atexit>
    serial1_tx_buffer = new hal_usart_ring_buffer_t();
  }
  static USARTSerial serial1(HAL_USART_SERIAL1, serial1_rx_buffer, serial1_tx_buffer);
#endif
	return serial1;
}
 80a0c74:	4803      	ldr	r0, [pc, #12]	; (80a0c84 <_Z22__fetch_global_Serial1v+0x40>)
 80a0c76:	bd38      	pop	{r3, r4, r5, pc}
 80a0c78:	200003d4 	.word	0x200003d4
 80a0c7c:	2000045c 	.word	0x2000045c
 80a0c80:	200003d8 	.word	0x200003d8
 80a0c84:	200004e0 	.word	0x200004e0
 80a0c88:	080a0ba7 	.word	0x080a0ba7

080a0c8c <_ZN7TwoWireD1Ev>:
private:
  hal_i2c_interface_t _i2c;

public:
  TwoWire(hal_i2c_interface_t i2c, const hal_i2c_config_t& config);
  virtual ~TwoWire() {};
 80a0c8c:	4770      	bx	lr

080a0c8e <_ZN7TwoWire5writeEPKhj>:

// must be called in:
// slave tx event callback
// or after beginTransmission(address)
size_t TwoWire::write(const uint8_t *data, size_t quantity)
{
 80a0c8e:	b5f8      	push	{r3, r4, r5, r6, r7, lr}
 80a0c90:	4606      	mov	r6, r0
 80a0c92:	4615      	mov	r5, r2
 80a0c94:	460c      	mov	r4, r1
 80a0c96:	188f      	adds	r7, r1, r2
  // in master/slave transmitter mode
  for(size_t i = 0; i < quantity; ++i)
 80a0c98:	42bc      	cmp	r4, r7
 80a0c9a:	d006      	beq.n	80a0caa <_ZN7TwoWire5writeEPKhj+0x1c>
  {
    write(data[i]);
 80a0c9c:	6833      	ldr	r3, [r6, #0]
 80a0c9e:	4630      	mov	r0, r6
 80a0ca0:	689b      	ldr	r3, [r3, #8]
 80a0ca2:	f814 1b01 	ldrb.w	r1, [r4], #1
 80a0ca6:	4798      	blx	r3
  for(size_t i = 0; i < quantity; ++i)
 80a0ca8:	e7f6      	b.n	80a0c98 <_ZN7TwoWire5writeEPKhj+0xa>
  }

  return quantity;
}
 80a0caa:	4628      	mov	r0, r5
 80a0cac:	bdf8      	pop	{r3, r4, r5, r6, r7, pc}

080a0cae <_ZN7TwoWire5writeEh>:
  return hal_i2c_write(_i2c, data, NULL);
 80a0cae:	2200      	movs	r2, #0
 80a0cb0:	7c00      	ldrb	r0, [r0, #16]
 80a0cb2:	f7ff baf7 	b.w	80a02a4 <hal_i2c_write>

080a0cb6 <_ZN7TwoWire9availableEv>:
// must be called in:
// slave rx event callback
// or after requestFrom(address, numBytes)
int TwoWire::available(void)
{
  return hal_i2c_available(_i2c, NULL);
 80a0cb6:	2100      	movs	r1, #0
 80a0cb8:	7c00      	ldrb	r0, [r0, #16]
 80a0cba:	f7ff bafb 	b.w	80a02b4 <hal_i2c_available>

080a0cbe <_ZN7TwoWire4readEv>:
// must be called in:
// slave rx event callback
// or after requestFrom(address, numBytes)
int TwoWire::read(void)
{
  return hal_i2c_read(_i2c, NULL);
 80a0cbe:	2100      	movs	r1, #0
 80a0cc0:	7c00      	ldrb	r0, [r0, #16]
 80a0cc2:	f7ff baff 	b.w	80a02c4 <hal_i2c_read>

080a0cc6 <_ZN7TwoWire4peekEv>:
// must be called in:
// slave rx event callback
// or after requestFrom(address, numBytes)
int TwoWire::peek(void)
{
  return hal_i2c_peek(_i2c, NULL);
 80a0cc6:	2100      	movs	r1, #0
 80a0cc8:	7c00      	ldrb	r0, [r0, #16]
 80a0cca:	f7ff bb03 	b.w	80a02d4 <hal_i2c_peek>

080a0cce <_ZN7TwoWire5flushEv>:
}

void TwoWire::flush(void)
{
  hal_i2c_flush(_i2c, NULL);
 80a0cce:	2100      	movs	r1, #0
 80a0cd0:	7c00      	ldrb	r0, [r0, #16]
 80a0cd2:	f7ff bb07 	b.w	80a02e4 <hal_i2c_flush>

080a0cd6 <_ZN7TwoWireD0Ev>:
 80a0cd6:	b510      	push	{r4, lr}
 80a0cd8:	4604      	mov	r4, r0
 80a0cda:	2114      	movs	r1, #20
 80a0cdc:	f000 f9b4 	bl	80a1048 <_ZdlPvj>
 80a0ce0:	4620      	mov	r0, r4
 80a0ce2:	bd10      	pop	{r4, pc}

080a0ce4 <_ZN7TwoWireC1E19hal_i2c_interface_tRK16hal_i2c_config_t>:
TwoWire::TwoWire(hal_i2c_interface_t i2c, const hal_i2c_config_t& conf)
 80a0ce4:	b510      	push	{r4, lr}
 80a0ce6:	f44f 737a 	mov.w	r3, #1000	; 0x3e8
 80a0cea:	4604      	mov	r4, r0
 80a0cec:	4608      	mov	r0, r1
 80a0cee:	2100      	movs	r1, #0
 80a0cf0:	e9c4 1301 	strd	r1, r3, [r4, #4]
 80a0cf4:	4b03      	ldr	r3, [pc, #12]	; (80a0d04 <_ZN7TwoWireC1E19hal_i2c_interface_tRK16hal_i2c_config_t+0x20>)
  hal_i2c_init(_i2c, &conf);
 80a0cf6:	4611      	mov	r1, r2
TwoWire::TwoWire(hal_i2c_interface_t i2c, const hal_i2c_config_t& conf)
 80a0cf8:	6023      	str	r3, [r4, #0]
  _i2c = i2c;
 80a0cfa:	7420      	strb	r0, [r4, #16]
  hal_i2c_init(_i2c, &conf);
 80a0cfc:	f7ff fb02 	bl	80a0304 <hal_i2c_init>
}
 80a0d00:	4620      	mov	r0, r4
 80a0d02:	bd10      	pop	{r4, pc}
 80a0d04:	080a1be8 	.word	0x080a1be8

080a0d08 <_ZN5spark9WiFiClass5readyEv>:
        return network_ready(*this, 0, NULL);
 80a0d08:	2200      	movs	r2, #0
 80a0d0a:	6840      	ldr	r0, [r0, #4]
 80a0d0c:	4611      	mov	r1, r2
 80a0d0e:	f7ff bb8f 	b.w	80a0430 <network_ready>

080a0d12 <_ZN5spark9WiFiClass7resolveEPKc>:
    WLanSelectAntenna_TypeDef getAntenna() {
        return wlan_get_antenna(nullptr);
    }

#if !HAL_USE_INET_HAL_POSIX
    IPAddress resolve(const char* name)
 80a0d12:	b5f0      	push	{r4, r5, r6, r7, lr}
 80a0d14:	4615      	mov	r5, r2
 80a0d16:	b089      	sub	sp, #36	; 0x24
    {
        HAL_IPAddress ip = {};
 80a0d18:	2211      	movs	r2, #17
    IPAddress resolve(const char* name)
 80a0d1a:	460e      	mov	r6, r1
 80a0d1c:	4604      	mov	r4, r0
        HAL_IPAddress ip = {};
 80a0d1e:	2100      	movs	r1, #0
 80a0d20:	a803      	add	r0, sp, #12
 80a0d22:	f000 fe5d 	bl	80a19e0 <memset>
        return (inet_gethostbyname(name, strlen(name), &ip, *this, NULL) != 0) ?
 80a0d26:	4628      	mov	r0, r5
 80a0d28:	f000 fe86 	bl	80a1a38 <strlen>
 80a0d2c:	2700      	movs	r7, #0
 80a0d2e:	b281      	uxth	r1, r0
 80a0d30:	6873      	ldr	r3, [r6, #4]
 80a0d32:	4628      	mov	r0, r5
 80a0d34:	9700      	str	r7, [sp, #0]
 80a0d36:	aa03      	add	r2, sp, #12
 80a0d38:	f7ff fb36 	bl	80a03a8 <inet_gethostbyname>
                IPAddress(uint32_t(0)) : IPAddress(ip);
 80a0d3c:	b130      	cbz	r0, 80a0d4c <_ZN5spark9WiFiClass7resolveEPKc+0x3a>
 80a0d3e:	4639      	mov	r1, r7
 80a0d40:	4620      	mov	r0, r4
 80a0d42:	f7ff fe41 	bl	80a09c8 <_ZN9IPAddressC1Em>
    }
 80a0d46:	4620      	mov	r0, r4
 80a0d48:	b009      	add	sp, #36	; 0x24
 80a0d4a:	bdf0      	pop	{r4, r5, r6, r7, pc}
                IPAddress(uint32_t(0)) : IPAddress(ip);
 80a0d4c:	4620      	mov	r0, r4
 80a0d4e:	a903      	add	r1, sp, #12
 80a0d50:	f7ff fe28 	bl	80a09a4 <_ZN9IPAddressC1ERK16_HAL_IPAddress_t>
 80a0d54:	e7f7      	b.n	80a0d46 <_ZN5spark9WiFiClass7resolveEPKc+0x34>

080a0d56 <_ZN5spark9WiFiClass9listeningEv>:
        return network_listening(*this, 0, NULL);
 80a0d56:	2200      	movs	r2, #0
 80a0d58:	6840      	ldr	r0, [r0, #4]
 80a0d5a:	4611      	mov	r1, r2
 80a0d5c:	f7ff bb88 	b.w	80a0470 <network_listening>

080a0d60 <_ZN5spark9WiFiClass16getListenTimeoutEv>:
        return network_get_listen_timeout(*this, 0, NULL);
 80a0d60:	2200      	movs	r2, #0
 80a0d62:	6840      	ldr	r0, [r0, #4]
 80a0d64:	4611      	mov	r1, r2
 80a0d66:	f7ff bb93 	b.w	80a0490 <network_get_listen_timeout>

080a0d6a <_ZN5spark9WiFiClass16setListenTimeoutEt>:
        network_set_listen_timeout(*this, timeout, NULL);
 80a0d6a:	2200      	movs	r2, #0
 80a0d6c:	6840      	ldr	r0, [r0, #4]
 80a0d6e:	f7ff bb87 	b.w	80a0480 <network_set_listen_timeout>

080a0d72 <_ZN5spark9WiFiClass6listenEb>:
        network_listen(*this, begin ? 0 : 1, NULL);
 80a0d72:	2200      	movs	r2, #0
 80a0d74:	6840      	ldr	r0, [r0, #4]
 80a0d76:	f081 0101 	eor.w	r1, r1, #1
 80a0d7a:	f7ff bb71 	b.w	80a0460 <network_listen>

080a0d7e <_ZN5spark9WiFiClass3offEv>:
        network_off(*this, 0, 0, NULL);
 80a0d7e:	2300      	movs	r3, #0
 80a0d80:	6840      	ldr	r0, [r0, #4]
 80a0d82:	461a      	mov	r2, r3
 80a0d84:	4619      	mov	r1, r3
 80a0d86:	f7ff bb63 	b.w	80a0450 <network_off>

080a0d8a <_ZN5spark9WiFiClass10connectingEv>:
        return network_connecting(*this, 0, NULL);
 80a0d8a:	2200      	movs	r2, #0
 80a0d8c:	6840      	ldr	r0, [r0, #4]
 80a0d8e:	4611      	mov	r1, r2
 80a0d90:	f7ff bb3e 	b.w	80a0410 <network_connecting>

080a0d94 <_ZN5spark9WiFiClass10disconnectEv>:
        network_disconnect(*this, NETWORK_DISCONNECT_REASON_USER, NULL);
 80a0d94:	2200      	movs	r2, #0
 80a0d96:	2102      	movs	r1, #2
 80a0d98:	6840      	ldr	r0, [r0, #4]
 80a0d9a:	f7ff bb41 	b.w	80a0420 <network_disconnect>

080a0d9e <_ZN5spark9WiFiClass7connectEj>:
        network_connect(*this, flags, 0, NULL);
 80a0d9e:	2300      	movs	r3, #0
 80a0da0:	6840      	ldr	r0, [r0, #4]
 80a0da2:	461a      	mov	r2, r3
 80a0da4:	f7ff bb2c 	b.w	80a0400 <network_connect>

080a0da8 <_GLOBAL__sub_I__ZN10WiFiSignalC2ERK21wlan_connected_info_t>:
    static NetworkClass& from(network_interface_t nif);

    virtual IPAddress resolve(const char* name);

    explicit NetworkClass(network_interface_t iface)
            : iface_(iface) {
 80a0da8:	2204      	movs	r2, #4
 80a0daa:	4b02      	ldr	r3, [pc, #8]	; (80a0db4 <_GLOBAL__sub_I__ZN10WiFiSignalC2ERK21wlan_connected_info_t+0xc>)
 80a0dac:	605a      	str	r2, [r3, #4]
            NetworkClass(NETWORK_INTERFACE_WIFI_STA) {
 80a0dae:	4a02      	ldr	r2, [pc, #8]	; (80a0db8 <_GLOBAL__sub_I__ZN10WiFiSignalC2ERK21wlan_connected_info_t+0x10>)
 80a0db0:	601a      	str	r2, [r3, #0]
the same way.
*****************************************************************************/

    WiFiClass WiFi;
    // NetworkClass& Network = WiFi;
}
 80a0db2:	4770      	bx	lr
 80a0db4:	200004f4 	.word	0x200004f4
 80a0db8:	080a1c10 	.word	0x080a1c10

080a0dbc <_ZN5spark12NetworkClass7connectEj>:
        return Network;
    }
}

void NetworkClass::connect(unsigned flags) {
    network_connect(*this, flags, 0, nullptr);
 80a0dbc:	2300      	movs	r3, #0
 80a0dbe:	6840      	ldr	r0, [r0, #4]
 80a0dc0:	461a      	mov	r2, r3
 80a0dc2:	f7ff bb1d 	b.w	80a0400 <network_connect>

080a0dc6 <_ZN5spark12NetworkClass10disconnectEv>:
}

void NetworkClass::disconnect() {
    network_disconnect(*this, NETWORK_DISCONNECT_REASON_USER, nullptr);
 80a0dc6:	2200      	movs	r2, #0
 80a0dc8:	2102      	movs	r1, #2
 80a0dca:	6840      	ldr	r0, [r0, #4]
 80a0dcc:	f7ff bb28 	b.w	80a0420 <network_disconnect>

080a0dd0 <_ZN5spark12NetworkClass10connectingEv>:
}

bool NetworkClass::connecting() {
    return network_connecting(*this, 0, nullptr);
 80a0dd0:	2200      	movs	r2, #0
 80a0dd2:	6840      	ldr	r0, [r0, #4]
 80a0dd4:	4611      	mov	r1, r2
 80a0dd6:	f7ff bb1b 	b.w	80a0410 <network_connecting>

080a0dda <_ZN5spark12NetworkClass5readyEv>:
}

bool NetworkClass::ready() {
    return network_ready(*this, 0, nullptr);
 80a0dda:	2200      	movs	r2, #0
 80a0ddc:	6840      	ldr	r0, [r0, #4]
 80a0dde:	4611      	mov	r1, r2
 80a0de0:	f7ff bb26 	b.w	80a0430 <network_ready>

080a0de4 <_ZN5spark12NetworkClass2onEv>:
}

void NetworkClass::on() {
    network_on(*this, 0, 0, nullptr);
 80a0de4:	2300      	movs	r3, #0
 80a0de6:	6840      	ldr	r0, [r0, #4]
 80a0de8:	461a      	mov	r2, r3
 80a0dea:	4619      	mov	r1, r3
 80a0dec:	f7ff bb28 	b.w	80a0440 <network_on>

080a0df0 <_ZN5spark12NetworkClass3offEv>:
}

void NetworkClass::off() {
    network_off(*this, 0, 0, nullptr);
 80a0df0:	2300      	movs	r3, #0
 80a0df2:	6840      	ldr	r0, [r0, #4]
 80a0df4:	461a      	mov	r2, r3
 80a0df6:	4619      	mov	r1, r3
 80a0df8:	f7ff bb2a 	b.w	80a0450 <network_off>

080a0dfc <_ZN5spark12NetworkClass4isOnEv>:
}

bool NetworkClass::isOn() {
    return network_is_on(*this, nullptr);
 80a0dfc:	2100      	movs	r1, #0
 80a0dfe:	6840      	ldr	r0, [r0, #4]
 80a0e00:	f7ff bb4e 	b.w	80a04a0 <network_is_on>

080a0e04 <_ZN5spark12NetworkClass5isOffEv>:
}

bool NetworkClass::isOff() {
    return network_is_off(*this, nullptr);
 80a0e04:	2100      	movs	r1, #0
 80a0e06:	6840      	ldr	r0, [r0, #4]
 80a0e08:	f7ff bb52 	b.w	80a04b0 <network_is_off>

080a0e0c <_ZN5spark12NetworkClass6listenEb>:
}

void NetworkClass::listen(bool begin) {
    network_listen(*this, begin ? 0 : 1, nullptr);
 80a0e0c:	2200      	movs	r2, #0
 80a0e0e:	6840      	ldr	r0, [r0, #4]
 80a0e10:	f081 0101 	eor.w	r1, r1, #1
 80a0e14:	f7ff bb24 	b.w	80a0460 <network_listen>

080a0e18 <_ZN5spark12NetworkClass16setListenTimeoutEt>:
}

void NetworkClass::setListenTimeout(uint16_t timeout) {
    network_set_listen_timeout(*this, timeout, nullptr);
 80a0e18:	2200      	movs	r2, #0
 80a0e1a:	6840      	ldr	r0, [r0, #4]
 80a0e1c:	f7ff bb30 	b.w	80a0480 <network_set_listen_timeout>

080a0e20 <_ZN5spark12NetworkClass16getListenTimeoutEv>:
}

uint16_t NetworkClass::getListenTimeout() {
    return network_get_listen_timeout(*this, 0, nullptr);
 80a0e20:	2200      	movs	r2, #0
 80a0e22:	6840      	ldr	r0, [r0, #4]
 80a0e24:	4611      	mov	r1, r2
 80a0e26:	f7ff bb33 	b.w	80a0490 <network_get_listen_timeout>

080a0e2a <_ZN5spark12NetworkClass9listeningEv>:
}

bool NetworkClass::listening() {
    return network_listening(*this, 0, nullptr);
 80a0e2a:	2200      	movs	r2, #0
 80a0e2c:	6840      	ldr	r0, [r0, #4]
 80a0e2e:	4611      	mov	r1, r2
 80a0e30:	f7ff bb1e 	b.w	80a0470 <network_listening>

080a0e34 <_ZN5spark12NetworkClass7resolveEPKc>:
}

IPAddress NetworkClass::resolve(const char* name) {
 80a0e34:	b570      	push	{r4, r5, r6, lr}
 80a0e36:	4615      	mov	r5, r2
 80a0e38:	b08e      	sub	sp, #56	; 0x38
 80a0e3a:	4604      	mov	r4, r0
    IPAddress addr;
 80a0e3c:	a808      	add	r0, sp, #32
 80a0e3e:	f7ff fda3 	bl	80a0988 <_ZN9IPAddressC1Ev>
        HAL_IPAddress ip = {};
 80a0e42:	2211      	movs	r2, #17
 80a0e44:	2100      	movs	r1, #0
 80a0e46:	a803      	add	r0, sp, #12
 80a0e48:	f000 fdca 	bl	80a19e0 <memset>
        return (inet_gethostbyname(name, strlen(name), &ip, *this, NULL) != 0) ?
 80a0e4c:	2600      	movs	r6, #0
 80a0e4e:	4628      	mov	r0, r5
 80a0e50:	f000 fdf2 	bl	80a1a38 <strlen>
 80a0e54:	4b0a      	ldr	r3, [pc, #40]	; (80a0e80 <_ZN5spark12NetworkClass7resolveEPKc+0x4c>)
 80a0e56:	9600      	str	r6, [sp, #0]
 80a0e58:	b281      	uxth	r1, r0
 80a0e5a:	685b      	ldr	r3, [r3, #4]
 80a0e5c:	4628      	mov	r0, r5
 80a0e5e:	aa03      	add	r2, sp, #12
 80a0e60:	f7ff faa2 	bl	80a03a8 <inet_gethostbyname>
                IPAddress(uint32_t(0)) : IPAddress(ip);
 80a0e64:	b130      	cbz	r0, 80a0e74 <_ZN5spark12NetworkClass7resolveEPKc+0x40>
 80a0e66:	4631      	mov	r1, r6
 80a0e68:	4620      	mov	r0, r4
 80a0e6a:	f7ff fdad 	bl	80a09c8 <_ZN9IPAddressC1Em>
    return Cellular.resolve(name);
#endif // Wiring_Cellular

#endif // HAL_USE_INET_HAL_POSIX
    return addr;
}
 80a0e6e:	4620      	mov	r0, r4
 80a0e70:	b00e      	add	sp, #56	; 0x38
 80a0e72:	bd70      	pop	{r4, r5, r6, pc}
 80a0e74:	4620      	mov	r0, r4
 80a0e76:	a903      	add	r1, sp, #12
 80a0e78:	f7ff fd94 	bl	80a09a4 <_ZN9IPAddressC1ERK16_HAL_IPAddress_t>
    virtual ~IPAddress() {}
 80a0e7c:	e7f7      	b.n	80a0e6e <_ZN5spark12NetworkClass7resolveEPKc+0x3a>
 80a0e7e:	bf00      	nop
 80a0e80:	200004f4 	.word	0x200004f4

080a0e84 <_GLOBAL__sub_I__ZN5spark7NetworkE>:
 80a0e84:	4b02      	ldr	r3, [pc, #8]	; (80a0e90 <_GLOBAL__sub_I__ZN5spark7NetworkE+0xc>)
 80a0e86:	4a03      	ldr	r2, [pc, #12]	; (80a0e94 <_GLOBAL__sub_I__ZN5spark7NetworkE+0x10>)
 80a0e88:	601a      	str	r2, [r3, #0]
 80a0e8a:	2200      	movs	r2, #0
 80a0e8c:	605a      	str	r2, [r3, #4]

} // spark
 80a0e8e:	4770      	bx	lr
 80a0e90:	200004fc 	.word	0x200004fc
 80a0e94:	080a1c4c 	.word	0x080a1c4c

080a0e98 <__tcf_0>:
        dispose();
    }

    void dispose()
    {
        if (handle_) {
 80a0e98:	4b02      	ldr	r3, [pc, #8]	; (80a0ea4 <__tcf_0+0xc>)
 80a0e9a:	6898      	ldr	r0, [r3, #8]
 80a0e9c:	b108      	cbz	r0, 80a0ea2 <__tcf_0+0xa>
            os_mutex_recursive_destroy(handle_);
 80a0e9e:	f7ff b9b9 	b.w	80a0214 <os_mutex_recursive_destroy>

template <hal_spi_interface_t Interface>
class SpiProxy {
public:
    static SPIClass& instance() {
        static SPIClass instance(Interface);
 80a0ea2:	4770      	bx	lr
 80a0ea4:	20000508 	.word	0x20000508

080a0ea8 <pinAvailable>:
/*
 * @brief Perform safety check on desired pin to see if it's already
 * being used.  Return 0 if used, otherwise return 1 if available.
 */
bool pinAvailable(uint16_t pin) {
  if (pin >= TOTAL_PINS) {
 80a0ea8:	2817      	cmp	r0, #23
bool pinAvailable(uint16_t pin) {
 80a0eaa:	b570      	push	{r4, r5, r6, lr}
 80a0eac:	4604      	mov	r4, r0
  if (pin >= TOTAL_PINS) {
 80a0eae:	d901      	bls.n	80a0eb4 <pinAvailable+0xc>
    return false;
 80a0eb0:	2000      	movs	r0, #0
    return false; // 'pin' is used
  }
#endif

  return true; // 'pin' is available
}
 80a0eb2:	bd70      	pop	{r4, r5, r6, pc}
  if((pin == SCK || pin == MOSI || pin == MISO) && hal_spi_is_enabled(SPI.interface()) == true)
 80a0eb4:	f1a0 030d 	sub.w	r3, r0, #13
 80a0eb8:	2b02      	cmp	r3, #2
 80a0eba:	d90b      	bls.n	80a0ed4 <pinAvailable+0x2c>
  if((pin == SCL || pin == SDA) && hal_i2c_is_enabled(Wire.interface(), nullptr) == true)
 80a0ebc:	2801      	cmp	r0, #1
 80a0ebe:	d824      	bhi.n	80a0f0a <pinAvailable+0x62>
 80a0ec0:	f000 f89e 	bl	80a1000 <_Z19__fetch_global_Wirev>
 80a0ec4:	2100      	movs	r1, #0
 80a0ec6:	7c00      	ldrb	r0, [r0, #16]
 80a0ec8:	f7ff fa14 	bl	80a02f4 <hal_i2c_is_enabled>
  if((pin == RX || pin == TX) && hal_usart_is_enabled(Serial1.interface()) == true)
 80a0ecc:	f080 0001 	eor.w	r0, r0, #1
 80a0ed0:	b2c0      	uxtb	r0, r0
 80a0ed2:	e7ee      	b.n	80a0eb2 <pinAvailable+0xa>
 80a0ed4:	4e12      	ldr	r6, [pc, #72]	; (80a0f20 <pinAvailable+0x78>)
 80a0ed6:	7831      	ldrb	r1, [r6, #0]
 80a0ed8:	f3bf 8f5b 	dmb	ish
 80a0edc:	f011 0501 	ands.w	r5, r1, #1
 80a0ee0:	d10d      	bne.n	80a0efe <pinAvailable+0x56>
 80a0ee2:	4630      	mov	r0, r6
 80a0ee4:	f7ff f8dd 	bl	80a00a2 <__cxa_guard_acquire>
 80a0ee8:	b148      	cbz	r0, 80a0efe <pinAvailable+0x56>
 80a0eea:	4629      	mov	r1, r5
 80a0eec:	480d      	ldr	r0, [pc, #52]	; (80a0f24 <pinAvailable+0x7c>)
 80a0eee:	f7ff fb0f 	bl	80a0510 <_ZN8SPIClassC1E19hal_spi_interface_t>
 80a0ef2:	4630      	mov	r0, r6
 80a0ef4:	f7ff f8da 	bl	80a00ac <__cxa_guard_release>
 80a0ef8:	480b      	ldr	r0, [pc, #44]	; (80a0f28 <pinAvailable+0x80>)
 80a0efa:	f000 fd5d 	bl	80a19b8 <atexit>
  if((pin == SCK || pin == MOSI || pin == MISO) && hal_spi_is_enabled(SPI.interface()) == true)
 80a0efe:	4b09      	ldr	r3, [pc, #36]	; (80a0f24 <pinAvailable+0x7c>)
 80a0f00:	7818      	ldrb	r0, [r3, #0]
 80a0f02:	f7ff fa11 	bl	80a0328 <hal_spi_is_enabled>
 80a0f06:	2800      	cmp	r0, #0
 80a0f08:	d1d2      	bne.n	80a0eb0 <pinAvailable+0x8>
  if((pin == RX || pin == TX) && hal_usart_is_enabled(Serial1.interface()) == true)
 80a0f0a:	3c12      	subs	r4, #18
 80a0f0c:	2c01      	cmp	r4, #1
 80a0f0e:	d805      	bhi.n	80a0f1c <pinAvailable+0x74>
 80a0f10:	f7ff fe98 	bl	80a0c44 <_Z22__fetch_global_Serial1v>
 80a0f14:	7c00      	ldrb	r0, [r0, #16]
 80a0f16:	f7ff f9b5 	bl	80a0284 <hal_usart_is_enabled>
 80a0f1a:	e7d7      	b.n	80a0ecc <pinAvailable+0x24>
  return true; // 'pin' is available
 80a0f1c:	2001      	movs	r0, #1
 80a0f1e:	e7c8      	b.n	80a0eb2 <pinAvailable+0xa>
 80a0f20:	20000504 	.word	0x20000504
 80a0f24:	20000508 	.word	0x20000508
 80a0f28:	080a0e99 	.word	0x080a0e99

080a0f2c <pinMode>:
  if(pin >= TOTAL_PINS || setMode == PIN_MODE_NONE )
 80a0f2c:	2817      	cmp	r0, #23
{
 80a0f2e:	b538      	push	{r3, r4, r5, lr}
 80a0f30:	4604      	mov	r4, r0
 80a0f32:	460d      	mov	r5, r1
  if(pin >= TOTAL_PINS || setMode == PIN_MODE_NONE )
 80a0f34:	d80a      	bhi.n	80a0f4c <pinMode+0x20>
 80a0f36:	29ff      	cmp	r1, #255	; 0xff
 80a0f38:	d008      	beq.n	80a0f4c <pinMode+0x20>
  if( !pinAvailable(pin) ) {
 80a0f3a:	f7ff ffb5 	bl	80a0ea8 <pinAvailable>
 80a0f3e:	b128      	cbz	r0, 80a0f4c <pinMode+0x20>
  HAL_Pin_Mode(pin, setMode);
 80a0f40:	4629      	mov	r1, r5
 80a0f42:	4620      	mov	r0, r4
}
 80a0f44:	e8bd 4038 	ldmia.w	sp!, {r3, r4, r5, lr}
  HAL_Pin_Mode(pin, setMode);
 80a0f48:	f7ff b92c 	b.w	80a01a4 <HAL_Pin_Mode>
}
 80a0f4c:	bd38      	pop	{r3, r4, r5, pc}

080a0f4e <digitalWrite>:

/*
 * @brief Sets a GPIO pin to HIGH or LOW.
 */
void digitalWrite(pin_t pin, uint8_t value)
{
 80a0f4e:	b538      	push	{r3, r4, r5, lr}
 80a0f50:	4604      	mov	r4, r0
 80a0f52:	460d      	mov	r5, r1
    PinMode mode = HAL_Get_Pin_Mode(pin);
 80a0f54:	f7ff f92e 	bl	80a01b4 <HAL_Get_Pin_Mode>
    if (mode==PIN_MODE_NONE || is_input_mode(mode))
 80a0f58:	28ff      	cmp	r0, #255	; 0xff
 80a0f5a:	d010      	beq.n	80a0f7e <digitalWrite+0x30>
            mode == INPUT_PULLDOWN ||
 80a0f5c:	2806      	cmp	r0, #6
 80a0f5e:	d804      	bhi.n	80a0f6a <digitalWrite+0x1c>
 80a0f60:	234d      	movs	r3, #77	; 0x4d
 80a0f62:	fa23 f000 	lsr.w	r0, r3, r0
 80a0f66:	07c3      	lsls	r3, r0, #31
 80a0f68:	d409      	bmi.n	80a0f7e <digitalWrite+0x30>
        return;
  // Safety check
  if( !pinAvailable(pin) ) {
 80a0f6a:	4620      	mov	r0, r4
 80a0f6c:	f7ff ff9c 	bl	80a0ea8 <pinAvailable>
 80a0f70:	b128      	cbz	r0, 80a0f7e <digitalWrite+0x30>
    return;
  }

  HAL_GPIO_Write(pin, value);
 80a0f72:	4629      	mov	r1, r5
 80a0f74:	4620      	mov	r0, r4
}
 80a0f76:	e8bd 4038 	ldmia.w	sp!, {r3, r4, r5, lr}
  HAL_GPIO_Write(pin, value);
 80a0f7a:	f7ff b923 	b.w	80a01c4 <HAL_GPIO_Write>
}
 80a0f7e:	bd38      	pop	{r3, r4, r5, pc}

080a0f80 <analogRead>:
 * @brief Read the analog value of a pin.
 * Should return a 16-bit value, 0-65536 (0 = LOW, 65536 = HIGH)
 * Note: ADC is 12-bit. Currently it returns 0-4095
 */
int32_t analogRead(pin_t pin)
{
 80a0f80:	b510      	push	{r4, lr}
 80a0f82:	4604      	mov	r4, r0
  // Allow people to use 0-7 to define analog pins by checking to see if the values are too low.
  if(pin < FIRST_ANALOG_PIN)
 80a0f84:	2809      	cmp	r0, #9
  {
    pin = pin + FIRST_ANALOG_PIN;
 80a0f86:	bf9c      	itt	ls
 80a0f88:	340a      	addls	r4, #10
 80a0f8a:	b2a4      	uxthls	r4, r4
  }

  // Safety check
  if( !pinAvailable(pin) ) {
 80a0f8c:	4620      	mov	r0, r4
 80a0f8e:	f7ff ff8b 	bl	80a0ea8 <pinAvailable>
 80a0f92:	b150      	cbz	r0, 80a0faa <analogRead+0x2a>
    return LOW;
  }

  if(HAL_Validate_Pin_Function(pin, PF_ADC)!=PF_ADC)
 80a0f94:	2103      	movs	r1, #3
 80a0f96:	4620      	mov	r0, r4
 80a0f98:	f7ff f8fc 	bl	80a0194 <HAL_Validate_Pin_Function>
 80a0f9c:	2803      	cmp	r0, #3
 80a0f9e:	d104      	bne.n	80a0faa <analogRead+0x2a>
  {
    return LOW;
  }

  return hal_adc_read(pin);
 80a0fa0:	4620      	mov	r0, r4
}
 80a0fa2:	e8bd 4010 	ldmia.w	sp!, {r4, lr}
  return hal_adc_read(pin);
 80a0fa6:	f7ff b915 	b.w	80a01d4 <hal_adc_read>
}
 80a0faa:	2000      	movs	r0, #0
 80a0fac:	bd10      	pop	{r4, pc}
	...

080a0fb0 <_GLOBAL__sub_I_INADDR_NONE>:
#include "spark_wiring_ipaddress.h"

#if !HAL_USE_SOCKET_HAL_POSIX
const IPAddress INADDR_NONE(0, 0, 0, 0);
 80a0fb0:	2300      	movs	r3, #0
 80a0fb2:	b507      	push	{r0, r1, r2, lr}
 80a0fb4:	461a      	mov	r2, r3
 80a0fb6:	4619      	mov	r1, r3
 80a0fb8:	9300      	str	r3, [sp, #0]
 80a0fba:	4803      	ldr	r0, [pc, #12]	; (80a0fc8 <_GLOBAL__sub_I_INADDR_NONE+0x18>)
 80a0fbc:	f7ff fd1a 	bl	80a09f4 <_ZN9IPAddressC1Ehhhh>
 80a0fc0:	b003      	add	sp, #12
 80a0fc2:	f85d fb04 	ldr.w	pc, [sp], #4
 80a0fc6:	bf00      	nop
 80a0fc8:	20000518 	.word	0x20000518

080a0fcc <__tcf_0>:
}
#endif

TwoWire& __fetch_global_Wire()
{
	static TwoWire wire(HAL_I2C_INTERFACE1, acquireWireBuffer());
 80a0fcc:	4770      	bx	lr
	...

080a0fd0 <_Z17acquireWireBufferv>:
	hal_i2c_config_t config = {
 80a0fd0:	2300      	movs	r3, #0
{
 80a0fd2:	b570      	push	{r4, r5, r6, lr}
	hal_i2c_config_t config = {
 80a0fd4:	2520      	movs	r5, #32
 80a0fd6:	8043      	strh	r3, [r0, #2]
 80a0fd8:	2314      	movs	r3, #20
		.rx_buffer = new (std::nothrow) uint8_t[I2C_BUFFER_LENGTH],
 80a0fda:	4e08      	ldr	r6, [pc, #32]	; (80a0ffc <_Z17acquireWireBufferv+0x2c>)
{
 80a0fdc:	4604      	mov	r4, r0
	hal_i2c_config_t config = {
 80a0fde:	8003      	strh	r3, [r0, #0]
		.rx_buffer = new (std::nothrow) uint8_t[I2C_BUFFER_LENGTH],
 80a0fe0:	4631      	mov	r1, r6
	hal_i2c_config_t config = {
 80a0fe2:	6085      	str	r5, [r0, #8]
 80a0fe4:	6105      	str	r5, [r0, #16]
		.rx_buffer = new (std::nothrow) uint8_t[I2C_BUFFER_LENGTH],
 80a0fe6:	4628      	mov	r0, r5
 80a0fe8:	f000 f830 	bl	80a104c <_ZnajRKSt9nothrow_t>
		.tx_buffer = new (std::nothrow) uint8_t[I2C_BUFFER_LENGTH],
 80a0fec:	4631      	mov	r1, r6
	};
 80a0fee:	6060      	str	r0, [r4, #4]
		.tx_buffer = new (std::nothrow) uint8_t[I2C_BUFFER_LENGTH],
 80a0ff0:	4628      	mov	r0, r5
 80a0ff2:	f000 f82b 	bl	80a104c <_ZnajRKSt9nothrow_t>
	};
 80a0ff6:	60e0      	str	r0, [r4, #12]
}
 80a0ff8:	4620      	mov	r0, r4
 80a0ffa:	bd70      	pop	{r4, r5, r6, pc}
 80a0ffc:	080a1c80 	.word	0x080a1c80

080a1000 <_Z19__fetch_global_Wirev>:
{
 80a1000:	b530      	push	{r4, r5, lr}
	static TwoWire wire(HAL_I2C_INTERFACE1, acquireWireBuffer());
 80a1002:	4d0e      	ldr	r5, [pc, #56]	; (80a103c <_Z19__fetch_global_Wirev+0x3c>)
{
 80a1004:	b087      	sub	sp, #28
	static TwoWire wire(HAL_I2C_INTERFACE1, acquireWireBuffer());
 80a1006:	7829      	ldrb	r1, [r5, #0]
 80a1008:	f3bf 8f5b 	dmb	ish
 80a100c:	f011 0401 	ands.w	r4, r1, #1
 80a1010:	d111      	bne.n	80a1036 <_Z19__fetch_global_Wirev+0x36>
 80a1012:	4628      	mov	r0, r5
 80a1014:	f7ff f845 	bl	80a00a2 <__cxa_guard_acquire>
 80a1018:	b168      	cbz	r0, 80a1036 <_Z19__fetch_global_Wirev+0x36>
 80a101a:	a801      	add	r0, sp, #4
 80a101c:	f7ff ffd8 	bl	80a0fd0 <_Z17acquireWireBufferv>
 80a1020:	4621      	mov	r1, r4
 80a1022:	aa01      	add	r2, sp, #4
 80a1024:	4806      	ldr	r0, [pc, #24]	; (80a1040 <_Z19__fetch_global_Wirev+0x40>)
 80a1026:	f7ff fe5d 	bl	80a0ce4 <_ZN7TwoWireC1E19hal_i2c_interface_tRK16hal_i2c_config_t>
 80a102a:	4628      	mov	r0, r5
 80a102c:	f7ff f83e 	bl	80a00ac <__cxa_guard_release>
 80a1030:	4804      	ldr	r0, [pc, #16]	; (80a1044 <_Z19__fetch_global_Wirev+0x44>)
 80a1032:	f000 fcc1 	bl	80a19b8 <atexit>
	return wire;
}
 80a1036:	4802      	ldr	r0, [pc, #8]	; (80a1040 <_Z19__fetch_global_Wirev+0x40>)
 80a1038:	b007      	add	sp, #28
 80a103a:	bd30      	pop	{r4, r5, pc}
 80a103c:	20000530 	.word	0x20000530
 80a1040:	20000534 	.word	0x20000534
 80a1044:	080a0fcd 	.word	0x080a0fcd

080a1048 <_ZdlPvj>:
 80a1048:	f7ff b829 	b.w	80a009e <_ZdlPv>

080a104c <_ZnajRKSt9nothrow_t>:
 80a104c:	f7ff b825 	b.w	80a009a <_Znaj>

080a1050 <__aeabi_drsub>:
 80a1050:	f081 4100 	eor.w	r1, r1, #2147483648	; 0x80000000
 80a1054:	e002      	b.n	80a105c <__adddf3>
 80a1056:	bf00      	nop

080a1058 <__aeabi_dsub>:
 80a1058:	f083 4300 	eor.w	r3, r3, #2147483648	; 0x80000000

080a105c <__adddf3>:
 80a105c:	b530      	push	{r4, r5, lr}
 80a105e:	ea4f 0441 	mov.w	r4, r1, lsl #1
 80a1062:	ea4f 0543 	mov.w	r5, r3, lsl #1
 80a1066:	ea94 0f05 	teq	r4, r5
 80a106a:	bf08      	it	eq
 80a106c:	ea90 0f02 	teqeq	r0, r2
 80a1070:	bf1f      	itttt	ne
 80a1072:	ea54 0c00 	orrsne.w	ip, r4, r0
 80a1076:	ea55 0c02 	orrsne.w	ip, r5, r2
 80a107a:	ea7f 5c64 	mvnsne.w	ip, r4, asr #21
 80a107e:	ea7f 5c65 	mvnsne.w	ip, r5, asr #21
 80a1082:	f000 80e2 	beq.w	80a124a <__adddf3+0x1ee>
 80a1086:	ea4f 5454 	mov.w	r4, r4, lsr #21
 80a108a:	ebd4 5555 	rsbs	r5, r4, r5, lsr #21
 80a108e:	bfb8      	it	lt
 80a1090:	426d      	neglt	r5, r5
 80a1092:	dd0c      	ble.n	80a10ae <__adddf3+0x52>
 80a1094:	442c      	add	r4, r5
 80a1096:	ea80 0202 	eor.w	r2, r0, r2
 80a109a:	ea81 0303 	eor.w	r3, r1, r3
 80a109e:	ea82 0000 	eor.w	r0, r2, r0
 80a10a2:	ea83 0101 	eor.w	r1, r3, r1
 80a10a6:	ea80 0202 	eor.w	r2, r0, r2
 80a10aa:	ea81 0303 	eor.w	r3, r1, r3
 80a10ae:	2d36      	cmp	r5, #54	; 0x36
 80a10b0:	bf88      	it	hi
 80a10b2:	bd30      	pophi	{r4, r5, pc}
 80a10b4:	f011 4f00 	tst.w	r1, #2147483648	; 0x80000000
 80a10b8:	ea4f 3101 	mov.w	r1, r1, lsl #12
 80a10bc:	f44f 1c80 	mov.w	ip, #1048576	; 0x100000
 80a10c0:	ea4c 3111 	orr.w	r1, ip, r1, lsr #12
 80a10c4:	d002      	beq.n	80a10cc <__adddf3+0x70>
 80a10c6:	4240      	negs	r0, r0
 80a10c8:	eb61 0141 	sbc.w	r1, r1, r1, lsl #1
 80a10cc:	f013 4f00 	tst.w	r3, #2147483648	; 0x80000000
 80a10d0:	ea4f 3303 	mov.w	r3, r3, lsl #12
 80a10d4:	ea4c 3313 	orr.w	r3, ip, r3, lsr #12
 80a10d8:	d002      	beq.n	80a10e0 <__adddf3+0x84>
 80a10da:	4252      	negs	r2, r2
 80a10dc:	eb63 0343 	sbc.w	r3, r3, r3, lsl #1
 80a10e0:	ea94 0f05 	teq	r4, r5
 80a10e4:	f000 80a7 	beq.w	80a1236 <__adddf3+0x1da>
 80a10e8:	f1a4 0401 	sub.w	r4, r4, #1
 80a10ec:	f1d5 0e20 	rsbs	lr, r5, #32
 80a10f0:	db0d      	blt.n	80a110e <__adddf3+0xb2>
 80a10f2:	fa02 fc0e 	lsl.w	ip, r2, lr
 80a10f6:	fa22 f205 	lsr.w	r2, r2, r5
 80a10fa:	1880      	adds	r0, r0, r2
 80a10fc:	f141 0100 	adc.w	r1, r1, #0
 80a1100:	fa03 f20e 	lsl.w	r2, r3, lr
 80a1104:	1880      	adds	r0, r0, r2
 80a1106:	fa43 f305 	asr.w	r3, r3, r5
 80a110a:	4159      	adcs	r1, r3
 80a110c:	e00e      	b.n	80a112c <__adddf3+0xd0>
 80a110e:	f1a5 0520 	sub.w	r5, r5, #32
 80a1112:	f10e 0e20 	add.w	lr, lr, #32
 80a1116:	2a01      	cmp	r2, #1
 80a1118:	fa03 fc0e 	lsl.w	ip, r3, lr
 80a111c:	bf28      	it	cs
 80a111e:	f04c 0c02 	orrcs.w	ip, ip, #2
 80a1122:	fa43 f305 	asr.w	r3, r3, r5
 80a1126:	18c0      	adds	r0, r0, r3
 80a1128:	eb51 71e3 	adcs.w	r1, r1, r3, asr #31
 80a112c:	f001 4500 	and.w	r5, r1, #2147483648	; 0x80000000
 80a1130:	d507      	bpl.n	80a1142 <__adddf3+0xe6>
 80a1132:	f04f 0e00 	mov.w	lr, #0
 80a1136:	f1dc 0c00 	rsbs	ip, ip, #0
 80a113a:	eb7e 0000 	sbcs.w	r0, lr, r0
 80a113e:	eb6e 0101 	sbc.w	r1, lr, r1
 80a1142:	f5b1 1f80 	cmp.w	r1, #1048576	; 0x100000
 80a1146:	d31b      	bcc.n	80a1180 <__adddf3+0x124>
 80a1148:	f5b1 1f00 	cmp.w	r1, #2097152	; 0x200000
 80a114c:	d30c      	bcc.n	80a1168 <__adddf3+0x10c>
 80a114e:	0849      	lsrs	r1, r1, #1
 80a1150:	ea5f 0030 	movs.w	r0, r0, rrx
 80a1154:	ea4f 0c3c 	mov.w	ip, ip, rrx
 80a1158:	f104 0401 	add.w	r4, r4, #1
 80a115c:	ea4f 5244 	mov.w	r2, r4, lsl #21
 80a1160:	f512 0f80 	cmn.w	r2, #4194304	; 0x400000
 80a1164:	f080 809a 	bcs.w	80a129c <__adddf3+0x240>
 80a1168:	f1bc 4f00 	cmp.w	ip, #2147483648	; 0x80000000
 80a116c:	bf08      	it	eq
 80a116e:	ea5f 0c50 	movseq.w	ip, r0, lsr #1
 80a1172:	f150 0000 	adcs.w	r0, r0, #0
 80a1176:	eb41 5104 	adc.w	r1, r1, r4, lsl #20
 80a117a:	ea41 0105 	orr.w	r1, r1, r5
 80a117e:	bd30      	pop	{r4, r5, pc}
 80a1180:	ea5f 0c4c 	movs.w	ip, ip, lsl #1
 80a1184:	4140      	adcs	r0, r0
 80a1186:	eb41 0101 	adc.w	r1, r1, r1
 80a118a:	3c01      	subs	r4, #1
 80a118c:	bf28      	it	cs
 80a118e:	f5b1 1f80 	cmpcs.w	r1, #1048576	; 0x100000
 80a1192:	d2e9      	bcs.n	80a1168 <__adddf3+0x10c>
 80a1194:	f091 0f00 	teq	r1, #0
 80a1198:	bf04      	itt	eq
 80a119a:	4601      	moveq	r1, r0
 80a119c:	2000      	moveq	r0, #0
 80a119e:	fab1 f381 	clz	r3, r1
 80a11a2:	bf08      	it	eq
 80a11a4:	3320      	addeq	r3, #32
 80a11a6:	f1a3 030b 	sub.w	r3, r3, #11
 80a11aa:	f1b3 0220 	subs.w	r2, r3, #32
 80a11ae:	da0c      	bge.n	80a11ca <__adddf3+0x16e>
 80a11b0:	320c      	adds	r2, #12
 80a11b2:	dd08      	ble.n	80a11c6 <__adddf3+0x16a>
 80a11b4:	f102 0c14 	add.w	ip, r2, #20
 80a11b8:	f1c2 020c 	rsb	r2, r2, #12
 80a11bc:	fa01 f00c 	lsl.w	r0, r1, ip
 80a11c0:	fa21 f102 	lsr.w	r1, r1, r2
 80a11c4:	e00c      	b.n	80a11e0 <__adddf3+0x184>
 80a11c6:	f102 0214 	add.w	r2, r2, #20
 80a11ca:	bfd8      	it	le
 80a11cc:	f1c2 0c20 	rsble	ip, r2, #32
 80a11d0:	fa01 f102 	lsl.w	r1, r1, r2
 80a11d4:	fa20 fc0c 	lsr.w	ip, r0, ip
 80a11d8:	bfdc      	itt	le
 80a11da:	ea41 010c 	orrle.w	r1, r1, ip
 80a11de:	4090      	lslle	r0, r2
 80a11e0:	1ae4      	subs	r4, r4, r3
 80a11e2:	bfa2      	ittt	ge
 80a11e4:	eb01 5104 	addge.w	r1, r1, r4, lsl #20
 80a11e8:	4329      	orrge	r1, r5
 80a11ea:	bd30      	popge	{r4, r5, pc}
 80a11ec:	ea6f 0404 	mvn.w	r4, r4
 80a11f0:	3c1f      	subs	r4, #31
 80a11f2:	da1c      	bge.n	80a122e <__adddf3+0x1d2>
 80a11f4:	340c      	adds	r4, #12
 80a11f6:	dc0e      	bgt.n	80a1216 <__adddf3+0x1ba>
 80a11f8:	f104 0414 	add.w	r4, r4, #20
 80a11fc:	f1c4 0220 	rsb	r2, r4, #32
 80a1200:	fa20 f004 	lsr.w	r0, r0, r4
 80a1204:	fa01 f302 	lsl.w	r3, r1, r2
 80a1208:	ea40 0003 	orr.w	r0, r0, r3
 80a120c:	fa21 f304 	lsr.w	r3, r1, r4
 80a1210:	ea45 0103 	orr.w	r1, r5, r3
 80a1214:	bd30      	pop	{r4, r5, pc}
 80a1216:	f1c4 040c 	rsb	r4, r4, #12
 80a121a:	f1c4 0220 	rsb	r2, r4, #32
 80a121e:	fa20 f002 	lsr.w	r0, r0, r2
 80a1222:	fa01 f304 	lsl.w	r3, r1, r4
 80a1226:	ea40 0003 	orr.w	r0, r0, r3
 80a122a:	4629      	mov	r1, r5
 80a122c:	bd30      	pop	{r4, r5, pc}
 80a122e:	fa21 f004 	lsr.w	r0, r1, r4
 80a1232:	4629      	mov	r1, r5
 80a1234:	bd30      	pop	{r4, r5, pc}
 80a1236:	f094 0f00 	teq	r4, #0
 80a123a:	f483 1380 	eor.w	r3, r3, #1048576	; 0x100000
 80a123e:	bf06      	itte	eq
 80a1240:	f481 1180 	eoreq.w	r1, r1, #1048576	; 0x100000
 80a1244:	3401      	addeq	r4, #1
 80a1246:	3d01      	subne	r5, #1
 80a1248:	e74e      	b.n	80a10e8 <__adddf3+0x8c>
 80a124a:	ea7f 5c64 	mvns.w	ip, r4, asr #21
 80a124e:	bf18      	it	ne
 80a1250:	ea7f 5c65 	mvnsne.w	ip, r5, asr #21
 80a1254:	d029      	beq.n	80a12aa <__adddf3+0x24e>
 80a1256:	ea94 0f05 	teq	r4, r5
 80a125a:	bf08      	it	eq
 80a125c:	ea90 0f02 	teqeq	r0, r2
 80a1260:	d005      	beq.n	80a126e <__adddf3+0x212>
 80a1262:	ea54 0c00 	orrs.w	ip, r4, r0
 80a1266:	bf04      	itt	eq
 80a1268:	4619      	moveq	r1, r3
 80a126a:	4610      	moveq	r0, r2
 80a126c:	bd30      	pop	{r4, r5, pc}
 80a126e:	ea91 0f03 	teq	r1, r3
 80a1272:	bf1e      	ittt	ne
 80a1274:	2100      	movne	r1, #0
 80a1276:	2000      	movne	r0, #0
 80a1278:	bd30      	popne	{r4, r5, pc}
 80a127a:	ea5f 5c54 	movs.w	ip, r4, lsr #21
 80a127e:	d105      	bne.n	80a128c <__adddf3+0x230>
 80a1280:	0040      	lsls	r0, r0, #1
 80a1282:	4149      	adcs	r1, r1
 80a1284:	bf28      	it	cs
 80a1286:	f041 4100 	orrcs.w	r1, r1, #2147483648	; 0x80000000
 80a128a:	bd30      	pop	{r4, r5, pc}
 80a128c:	f514 0480 	adds.w	r4, r4, #4194304	; 0x400000
 80a1290:	bf3c      	itt	cc
 80a1292:	f501 1180 	addcc.w	r1, r1, #1048576	; 0x100000
 80a1296:	bd30      	popcc	{r4, r5, pc}
 80a1298:	f001 4500 	and.w	r5, r1, #2147483648	; 0x80000000
 80a129c:	f045 41fe 	orr.w	r1, r5, #2130706432	; 0x7f000000
 80a12a0:	f441 0170 	orr.w	r1, r1, #15728640	; 0xf00000
 80a12a4:	f04f 0000 	mov.w	r0, #0
 80a12a8:	bd30      	pop	{r4, r5, pc}
 80a12aa:	ea7f 5c64 	mvns.w	ip, r4, asr #21
 80a12ae:	bf1a      	itte	ne
 80a12b0:	4619      	movne	r1, r3
 80a12b2:	4610      	movne	r0, r2
 80a12b4:	ea7f 5c65 	mvnseq.w	ip, r5, asr #21
 80a12b8:	bf1c      	itt	ne
 80a12ba:	460b      	movne	r3, r1
 80a12bc:	4602      	movne	r2, r0
 80a12be:	ea50 3401 	orrs.w	r4, r0, r1, lsl #12
 80a12c2:	bf06      	itte	eq
 80a12c4:	ea52 3503 	orrseq.w	r5, r2, r3, lsl #12
 80a12c8:	ea91 0f03 	teqeq	r1, r3
 80a12cc:	f441 2100 	orrne.w	r1, r1, #524288	; 0x80000
 80a12d0:	bd30      	pop	{r4, r5, pc}
 80a12d2:	bf00      	nop

080a12d4 <__aeabi_ui2d>:
 80a12d4:	f090 0f00 	teq	r0, #0
 80a12d8:	bf04      	itt	eq
 80a12da:	2100      	moveq	r1, #0
 80a12dc:	4770      	bxeq	lr
 80a12de:	b530      	push	{r4, r5, lr}
 80a12e0:	f44f 6480 	mov.w	r4, #1024	; 0x400
 80a12e4:	f104 0432 	add.w	r4, r4, #50	; 0x32
 80a12e8:	f04f 0500 	mov.w	r5, #0
 80a12ec:	f04f 0100 	mov.w	r1, #0
 80a12f0:	e750      	b.n	80a1194 <__adddf3+0x138>
 80a12f2:	bf00      	nop

080a12f4 <__aeabi_i2d>:
 80a12f4:	f090 0f00 	teq	r0, #0
 80a12f8:	bf04      	itt	eq
 80a12fa:	2100      	moveq	r1, #0
 80a12fc:	4770      	bxeq	lr
 80a12fe:	b530      	push	{r4, r5, lr}
 80a1300:	f44f 6480 	mov.w	r4, #1024	; 0x400
 80a1304:	f104 0432 	add.w	r4, r4, #50	; 0x32
 80a1308:	f010 4500 	ands.w	r5, r0, #2147483648	; 0x80000000
 80a130c:	bf48      	it	mi
 80a130e:	4240      	negmi	r0, r0
 80a1310:	f04f 0100 	mov.w	r1, #0
 80a1314:	e73e      	b.n	80a1194 <__adddf3+0x138>
 80a1316:	bf00      	nop

080a1318 <__aeabi_f2d>:
 80a1318:	0042      	lsls	r2, r0, #1
 80a131a:	ea4f 01e2 	mov.w	r1, r2, asr #3
 80a131e:	ea4f 0131 	mov.w	r1, r1, rrx
 80a1322:	ea4f 7002 	mov.w	r0, r2, lsl #28
 80a1326:	bf1f      	itttt	ne
 80a1328:	f012 437f 	andsne.w	r3, r2, #4278190080	; 0xff000000
 80a132c:	f093 4f7f 	teqne	r3, #4278190080	; 0xff000000
 80a1330:	f081 5160 	eorne.w	r1, r1, #939524096	; 0x38000000
 80a1334:	4770      	bxne	lr
 80a1336:	f032 427f 	bics.w	r2, r2, #4278190080	; 0xff000000
 80a133a:	bf08      	it	eq
 80a133c:	4770      	bxeq	lr
 80a133e:	f093 4f7f 	teq	r3, #4278190080	; 0xff000000
 80a1342:	bf04      	itt	eq
 80a1344:	f441 2100 	orreq.w	r1, r1, #524288	; 0x80000
 80a1348:	4770      	bxeq	lr
 80a134a:	b530      	push	{r4, r5, lr}
 80a134c:	f44f 7460 	mov.w	r4, #896	; 0x380
 80a1350:	f001 4500 	and.w	r5, r1, #2147483648	; 0x80000000
 80a1354:	f021 4100 	bic.w	r1, r1, #2147483648	; 0x80000000
 80a1358:	e71c      	b.n	80a1194 <__adddf3+0x138>
 80a135a:	bf00      	nop

080a135c <__aeabi_ul2d>:
 80a135c:	ea50 0201 	orrs.w	r2, r0, r1
 80a1360:	bf08      	it	eq
 80a1362:	4770      	bxeq	lr
 80a1364:	b530      	push	{r4, r5, lr}
 80a1366:	f04f 0500 	mov.w	r5, #0
 80a136a:	e00a      	b.n	80a1382 <__aeabi_l2d+0x16>

080a136c <__aeabi_l2d>:
 80a136c:	ea50 0201 	orrs.w	r2, r0, r1
 80a1370:	bf08      	it	eq
 80a1372:	4770      	bxeq	lr
 80a1374:	b530      	push	{r4, r5, lr}
 80a1376:	f011 4500 	ands.w	r5, r1, #2147483648	; 0x80000000
 80a137a:	d502      	bpl.n	80a1382 <__aeabi_l2d+0x16>
 80a137c:	4240      	negs	r0, r0
 80a137e:	eb61 0141 	sbc.w	r1, r1, r1, lsl #1
 80a1382:	f44f 6480 	mov.w	r4, #1024	; 0x400
 80a1386:	f104 0432 	add.w	r4, r4, #50	; 0x32
 80a138a:	ea5f 5c91 	movs.w	ip, r1, lsr #22
 80a138e:	f43f aed8 	beq.w	80a1142 <__adddf3+0xe6>
 80a1392:	f04f 0203 	mov.w	r2, #3
 80a1396:	ea5f 0cdc 	movs.w	ip, ip, lsr #3
 80a139a:	bf18      	it	ne
 80a139c:	3203      	addne	r2, #3
 80a139e:	ea5f 0cdc 	movs.w	ip, ip, lsr #3
 80a13a2:	bf18      	it	ne
 80a13a4:	3203      	addne	r2, #3
 80a13a6:	eb02 02dc 	add.w	r2, r2, ip, lsr #3
 80a13aa:	f1c2 0320 	rsb	r3, r2, #32
 80a13ae:	fa00 fc03 	lsl.w	ip, r0, r3
 80a13b2:	fa20 f002 	lsr.w	r0, r0, r2
 80a13b6:	fa01 fe03 	lsl.w	lr, r1, r3
 80a13ba:	ea40 000e 	orr.w	r0, r0, lr
 80a13be:	fa21 f102 	lsr.w	r1, r1, r2
 80a13c2:	4414      	add	r4, r2
 80a13c4:	e6bd      	b.n	80a1142 <__adddf3+0xe6>
 80a13c6:	bf00      	nop

080a13c8 <__aeabi_dmul>:
 80a13c8:	b570      	push	{r4, r5, r6, lr}
 80a13ca:	f04f 0cff 	mov.w	ip, #255	; 0xff
 80a13ce:	f44c 6ce0 	orr.w	ip, ip, #1792	; 0x700
 80a13d2:	ea1c 5411 	ands.w	r4, ip, r1, lsr #20
 80a13d6:	bf1d      	ittte	ne
 80a13d8:	ea1c 5513 	andsne.w	r5, ip, r3, lsr #20
 80a13dc:	ea94 0f0c 	teqne	r4, ip
 80a13e0:	ea95 0f0c 	teqne	r5, ip
 80a13e4:	f000 f8de 	bleq	80a15a4 <__aeabi_dmul+0x1dc>
 80a13e8:	442c      	add	r4, r5
 80a13ea:	ea81 0603 	eor.w	r6, r1, r3
 80a13ee:	ea21 514c 	bic.w	r1, r1, ip, lsl #21
 80a13f2:	ea23 534c 	bic.w	r3, r3, ip, lsl #21
 80a13f6:	ea50 3501 	orrs.w	r5, r0, r1, lsl #12
 80a13fa:	bf18      	it	ne
 80a13fc:	ea52 3503 	orrsne.w	r5, r2, r3, lsl #12
 80a1400:	f441 1180 	orr.w	r1, r1, #1048576	; 0x100000
 80a1404:	f443 1380 	orr.w	r3, r3, #1048576	; 0x100000
 80a1408:	d038      	beq.n	80a147c <__aeabi_dmul+0xb4>
 80a140a:	fba0 ce02 	umull	ip, lr, r0, r2
 80a140e:	f04f 0500 	mov.w	r5, #0
 80a1412:	fbe1 e502 	umlal	lr, r5, r1, r2
 80a1416:	f006 4200 	and.w	r2, r6, #2147483648	; 0x80000000
 80a141a:	fbe0 e503 	umlal	lr, r5, r0, r3
 80a141e:	f04f 0600 	mov.w	r6, #0
 80a1422:	fbe1 5603 	umlal	r5, r6, r1, r3
 80a1426:	f09c 0f00 	teq	ip, #0
 80a142a:	bf18      	it	ne
 80a142c:	f04e 0e01 	orrne.w	lr, lr, #1
 80a1430:	f1a4 04ff 	sub.w	r4, r4, #255	; 0xff
 80a1434:	f5b6 7f00 	cmp.w	r6, #512	; 0x200
 80a1438:	f564 7440 	sbc.w	r4, r4, #768	; 0x300
 80a143c:	d204      	bcs.n	80a1448 <__aeabi_dmul+0x80>
 80a143e:	ea5f 0e4e 	movs.w	lr, lr, lsl #1
 80a1442:	416d      	adcs	r5, r5
 80a1444:	eb46 0606 	adc.w	r6, r6, r6
 80a1448:	ea42 21c6 	orr.w	r1, r2, r6, lsl #11
 80a144c:	ea41 5155 	orr.w	r1, r1, r5, lsr #21
 80a1450:	ea4f 20c5 	mov.w	r0, r5, lsl #11
 80a1454:	ea40 505e 	orr.w	r0, r0, lr, lsr #21
 80a1458:	ea4f 2ece 	mov.w	lr, lr, lsl #11
 80a145c:	f1b4 0cfd 	subs.w	ip, r4, #253	; 0xfd
 80a1460:	bf88      	it	hi
 80a1462:	f5bc 6fe0 	cmphi.w	ip, #1792	; 0x700
 80a1466:	d81e      	bhi.n	80a14a6 <__aeabi_dmul+0xde>
 80a1468:	f1be 4f00 	cmp.w	lr, #2147483648	; 0x80000000
 80a146c:	bf08      	it	eq
 80a146e:	ea5f 0e50 	movseq.w	lr, r0, lsr #1
 80a1472:	f150 0000 	adcs.w	r0, r0, #0
 80a1476:	eb41 5104 	adc.w	r1, r1, r4, lsl #20
 80a147a:	bd70      	pop	{r4, r5, r6, pc}
 80a147c:	f006 4600 	and.w	r6, r6, #2147483648	; 0x80000000
 80a1480:	ea46 0101 	orr.w	r1, r6, r1
 80a1484:	ea40 0002 	orr.w	r0, r0, r2
 80a1488:	ea81 0103 	eor.w	r1, r1, r3
 80a148c:	ebb4 045c 	subs.w	r4, r4, ip, lsr #1
 80a1490:	bfc2      	ittt	gt
 80a1492:	ebd4 050c 	rsbsgt	r5, r4, ip
 80a1496:	ea41 5104 	orrgt.w	r1, r1, r4, lsl #20
 80a149a:	bd70      	popgt	{r4, r5, r6, pc}
 80a149c:	f441 1180 	orr.w	r1, r1, #1048576	; 0x100000
 80a14a0:	f04f 0e00 	mov.w	lr, #0
 80a14a4:	3c01      	subs	r4, #1
 80a14a6:	f300 80ab 	bgt.w	80a1600 <__aeabi_dmul+0x238>
 80a14aa:	f114 0f36 	cmn.w	r4, #54	; 0x36
 80a14ae:	bfde      	ittt	le
 80a14b0:	2000      	movle	r0, #0
 80a14b2:	f001 4100 	andle.w	r1, r1, #2147483648	; 0x80000000
 80a14b6:	bd70      	pople	{r4, r5, r6, pc}
 80a14b8:	f1c4 0400 	rsb	r4, r4, #0
 80a14bc:	3c20      	subs	r4, #32
 80a14be:	da35      	bge.n	80a152c <__aeabi_dmul+0x164>
 80a14c0:	340c      	adds	r4, #12
 80a14c2:	dc1b      	bgt.n	80a14fc <__aeabi_dmul+0x134>
 80a14c4:	f104 0414 	add.w	r4, r4, #20
 80a14c8:	f1c4 0520 	rsb	r5, r4, #32
 80a14cc:	fa00 f305 	lsl.w	r3, r0, r5
 80a14d0:	fa20 f004 	lsr.w	r0, r0, r4
 80a14d4:	fa01 f205 	lsl.w	r2, r1, r5
 80a14d8:	ea40 0002 	orr.w	r0, r0, r2
 80a14dc:	f001 4200 	and.w	r2, r1, #2147483648	; 0x80000000
 80a14e0:	f021 4100 	bic.w	r1, r1, #2147483648	; 0x80000000
 80a14e4:	eb10 70d3 	adds.w	r0, r0, r3, lsr #31
 80a14e8:	fa21 f604 	lsr.w	r6, r1, r4
 80a14ec:	eb42 0106 	adc.w	r1, r2, r6
 80a14f0:	ea5e 0e43 	orrs.w	lr, lr, r3, lsl #1
 80a14f4:	bf08      	it	eq
 80a14f6:	ea20 70d3 	biceq.w	r0, r0, r3, lsr #31
 80a14fa:	bd70      	pop	{r4, r5, r6, pc}
 80a14fc:	f1c4 040c 	rsb	r4, r4, #12
 80a1500:	f1c4 0520 	rsb	r5, r4, #32
 80a1504:	fa00 f304 	lsl.w	r3, r0, r4
 80a1508:	fa20 f005 	lsr.w	r0, r0, r5
 80a150c:	fa01 f204 	lsl.w	r2, r1, r4
 80a1510:	ea40 0002 	orr.w	r0, r0, r2
 80a1514:	f001 4100 	and.w	r1, r1, #2147483648	; 0x80000000
 80a1518:	eb10 70d3 	adds.w	r0, r0, r3, lsr #31
 80a151c:	f141 0100 	adc.w	r1, r1, #0
 80a1520:	ea5e 0e43 	orrs.w	lr, lr, r3, lsl #1
 80a1524:	bf08      	it	eq
 80a1526:	ea20 70d3 	biceq.w	r0, r0, r3, lsr #31
 80a152a:	bd70      	pop	{r4, r5, r6, pc}
 80a152c:	f1c4 0520 	rsb	r5, r4, #32
 80a1530:	fa00 f205 	lsl.w	r2, r0, r5
 80a1534:	ea4e 0e02 	orr.w	lr, lr, r2
 80a1538:	fa20 f304 	lsr.w	r3, r0, r4
 80a153c:	fa01 f205 	lsl.w	r2, r1, r5
 80a1540:	ea43 0302 	orr.w	r3, r3, r2
 80a1544:	fa21 f004 	lsr.w	r0, r1, r4
 80a1548:	f001 4100 	and.w	r1, r1, #2147483648	; 0x80000000
 80a154c:	fa21 f204 	lsr.w	r2, r1, r4
 80a1550:	ea20 0002 	bic.w	r0, r0, r2
 80a1554:	eb00 70d3 	add.w	r0, r0, r3, lsr #31
 80a1558:	ea5e 0e43 	orrs.w	lr, lr, r3, lsl #1
 80a155c:	bf08      	it	eq
 80a155e:	ea20 70d3 	biceq.w	r0, r0, r3, lsr #31
 80a1562:	bd70      	pop	{r4, r5, r6, pc}
 80a1564:	f094 0f00 	teq	r4, #0
 80a1568:	d10f      	bne.n	80a158a <__aeabi_dmul+0x1c2>
 80a156a:	f001 4600 	and.w	r6, r1, #2147483648	; 0x80000000
 80a156e:	0040      	lsls	r0, r0, #1
 80a1570:	eb41 0101 	adc.w	r1, r1, r1
 80a1574:	f411 1f80 	tst.w	r1, #1048576	; 0x100000
 80a1578:	bf08      	it	eq
 80a157a:	3c01      	subeq	r4, #1
 80a157c:	d0f7      	beq.n	80a156e <__aeabi_dmul+0x1a6>
 80a157e:	ea41 0106 	orr.w	r1, r1, r6
 80a1582:	f095 0f00 	teq	r5, #0
 80a1586:	bf18      	it	ne
 80a1588:	4770      	bxne	lr
 80a158a:	f003 4600 	and.w	r6, r3, #2147483648	; 0x80000000
 80a158e:	0052      	lsls	r2, r2, #1
 80a1590:	eb43 0303 	adc.w	r3, r3, r3
 80a1594:	f413 1f80 	tst.w	r3, #1048576	; 0x100000
 80a1598:	bf08      	it	eq
 80a159a:	3d01      	subeq	r5, #1
 80a159c:	d0f7      	beq.n	80a158e <__aeabi_dmul+0x1c6>
 80a159e:	ea43 0306 	orr.w	r3, r3, r6
 80a15a2:	4770      	bx	lr
 80a15a4:	ea94 0f0c 	teq	r4, ip
 80a15a8:	ea0c 5513 	and.w	r5, ip, r3, lsr #20
 80a15ac:	bf18      	it	ne
 80a15ae:	ea95 0f0c 	teqne	r5, ip
 80a15b2:	d00c      	beq.n	80a15ce <__aeabi_dmul+0x206>
 80a15b4:	ea50 0641 	orrs.w	r6, r0, r1, lsl #1
 80a15b8:	bf18      	it	ne
 80a15ba:	ea52 0643 	orrsne.w	r6, r2, r3, lsl #1
 80a15be:	d1d1      	bne.n	80a1564 <__aeabi_dmul+0x19c>
 80a15c0:	ea81 0103 	eor.w	r1, r1, r3
 80a15c4:	f001 4100 	and.w	r1, r1, #2147483648	; 0x80000000
 80a15c8:	f04f 0000 	mov.w	r0, #0
 80a15cc:	bd70      	pop	{r4, r5, r6, pc}
 80a15ce:	ea50 0641 	orrs.w	r6, r0, r1, lsl #1
 80a15d2:	bf06      	itte	eq
 80a15d4:	4610      	moveq	r0, r2
 80a15d6:	4619      	moveq	r1, r3
 80a15d8:	ea52 0643 	orrsne.w	r6, r2, r3, lsl #1
 80a15dc:	d019      	beq.n	80a1612 <__aeabi_dmul+0x24a>
 80a15de:	ea94 0f0c 	teq	r4, ip
 80a15e2:	d102      	bne.n	80a15ea <__aeabi_dmul+0x222>
 80a15e4:	ea50 3601 	orrs.w	r6, r0, r1, lsl #12
 80a15e8:	d113      	bne.n	80a1612 <__aeabi_dmul+0x24a>
 80a15ea:	ea95 0f0c 	teq	r5, ip
 80a15ee:	d105      	bne.n	80a15fc <__aeabi_dmul+0x234>
 80a15f0:	ea52 3603 	orrs.w	r6, r2, r3, lsl #12
 80a15f4:	bf1c      	itt	ne
 80a15f6:	4610      	movne	r0, r2
 80a15f8:	4619      	movne	r1, r3
 80a15fa:	d10a      	bne.n	80a1612 <__aeabi_dmul+0x24a>
 80a15fc:	ea81 0103 	eor.w	r1, r1, r3
 80a1600:	f001 4100 	and.w	r1, r1, #2147483648	; 0x80000000
 80a1604:	f041 41fe 	orr.w	r1, r1, #2130706432	; 0x7f000000
 80a1608:	f441 0170 	orr.w	r1, r1, #15728640	; 0xf00000
 80a160c:	f04f 0000 	mov.w	r0, #0
 80a1610:	bd70      	pop	{r4, r5, r6, pc}
 80a1612:	f041 41fe 	orr.w	r1, r1, #2130706432	; 0x7f000000
 80a1616:	f441 0178 	orr.w	r1, r1, #16252928	; 0xf80000
 80a161a:	bd70      	pop	{r4, r5, r6, pc}

080a161c <__aeabi_ddiv>:
 80a161c:	b570      	push	{r4, r5, r6, lr}
 80a161e:	f04f 0cff 	mov.w	ip, #255	; 0xff
 80a1622:	f44c 6ce0 	orr.w	ip, ip, #1792	; 0x700
 80a1626:	ea1c 5411 	ands.w	r4, ip, r1, lsr #20
 80a162a:	bf1d      	ittte	ne
 80a162c:	ea1c 5513 	andsne.w	r5, ip, r3, lsr #20
 80a1630:	ea94 0f0c 	teqne	r4, ip
 80a1634:	ea95 0f0c 	teqne	r5, ip
 80a1638:	f000 f8a7 	bleq	80a178a <__aeabi_ddiv+0x16e>
 80a163c:	eba4 0405 	sub.w	r4, r4, r5
 80a1640:	ea81 0e03 	eor.w	lr, r1, r3
 80a1644:	ea52 3503 	orrs.w	r5, r2, r3, lsl #12
 80a1648:	ea4f 3101 	mov.w	r1, r1, lsl #12
 80a164c:	f000 8088 	beq.w	80a1760 <__aeabi_ddiv+0x144>
 80a1650:	ea4f 3303 	mov.w	r3, r3, lsl #12
 80a1654:	f04f 5580 	mov.w	r5, #268435456	; 0x10000000
 80a1658:	ea45 1313 	orr.w	r3, r5, r3, lsr #4
 80a165c:	ea43 6312 	orr.w	r3, r3, r2, lsr #24
 80a1660:	ea4f 2202 	mov.w	r2, r2, lsl #8
 80a1664:	ea45 1511 	orr.w	r5, r5, r1, lsr #4
 80a1668:	ea45 6510 	orr.w	r5, r5, r0, lsr #24
 80a166c:	ea4f 2600 	mov.w	r6, r0, lsl #8
 80a1670:	f00e 4100 	and.w	r1, lr, #2147483648	; 0x80000000
 80a1674:	429d      	cmp	r5, r3
 80a1676:	bf08      	it	eq
 80a1678:	4296      	cmpeq	r6, r2
 80a167a:	f144 04fd 	adc.w	r4, r4, #253	; 0xfd
 80a167e:	f504 7440 	add.w	r4, r4, #768	; 0x300
 80a1682:	d202      	bcs.n	80a168a <__aeabi_ddiv+0x6e>
 80a1684:	085b      	lsrs	r3, r3, #1
 80a1686:	ea4f 0232 	mov.w	r2, r2, rrx
 80a168a:	1ab6      	subs	r6, r6, r2
 80a168c:	eb65 0503 	sbc.w	r5, r5, r3
 80a1690:	085b      	lsrs	r3, r3, #1
 80a1692:	ea4f 0232 	mov.w	r2, r2, rrx
 80a1696:	f44f 1080 	mov.w	r0, #1048576	; 0x100000
 80a169a:	f44f 2c00 	mov.w	ip, #524288	; 0x80000
 80a169e:	ebb6 0e02 	subs.w	lr, r6, r2
 80a16a2:	eb75 0e03 	sbcs.w	lr, r5, r3
 80a16a6:	bf22      	ittt	cs
 80a16a8:	1ab6      	subcs	r6, r6, r2
 80a16aa:	4675      	movcs	r5, lr
 80a16ac:	ea40 000c 	orrcs.w	r0, r0, ip
 80a16b0:	085b      	lsrs	r3, r3, #1
 80a16b2:	ea4f 0232 	mov.w	r2, r2, rrx
 80a16b6:	ebb6 0e02 	subs.w	lr, r6, r2
 80a16ba:	eb75 0e03 	sbcs.w	lr, r5, r3
 80a16be:	bf22      	ittt	cs
 80a16c0:	1ab6      	subcs	r6, r6, r2
 80a16c2:	4675      	movcs	r5, lr
 80a16c4:	ea40 005c 	orrcs.w	r0, r0, ip, lsr #1
 80a16c8:	085b      	lsrs	r3, r3, #1
 80a16ca:	ea4f 0232 	mov.w	r2, r2, rrx
 80a16ce:	ebb6 0e02 	subs.w	lr, r6, r2
 80a16d2:	eb75 0e03 	sbcs.w	lr, r5, r3
 80a16d6:	bf22      	ittt	cs
 80a16d8:	1ab6      	subcs	r6, r6, r2
 80a16da:	4675      	movcs	r5, lr
 80a16dc:	ea40 009c 	orrcs.w	r0, r0, ip, lsr #2
 80a16e0:	085b      	lsrs	r3, r3, #1
 80a16e2:	ea4f 0232 	mov.w	r2, r2, rrx
 80a16e6:	ebb6 0e02 	subs.w	lr, r6, r2
 80a16ea:	eb75 0e03 	sbcs.w	lr, r5, r3
 80a16ee:	bf22      	ittt	cs
 80a16f0:	1ab6      	subcs	r6, r6, r2
 80a16f2:	4675      	movcs	r5, lr
 80a16f4:	ea40 00dc 	orrcs.w	r0, r0, ip, lsr #3
 80a16f8:	ea55 0e06 	orrs.w	lr, r5, r6
 80a16fc:	d018      	beq.n	80a1730 <__aeabi_ddiv+0x114>
 80a16fe:	ea4f 1505 	mov.w	r5, r5, lsl #4
 80a1702:	ea45 7516 	orr.w	r5, r5, r6, lsr #28
 80a1706:	ea4f 1606 	mov.w	r6, r6, lsl #4
 80a170a:	ea4f 03c3 	mov.w	r3, r3, lsl #3
 80a170e:	ea43 7352 	orr.w	r3, r3, r2, lsr #29
 80a1712:	ea4f 02c2 	mov.w	r2, r2, lsl #3
 80a1716:	ea5f 1c1c 	movs.w	ip, ip, lsr #4
 80a171a:	d1c0      	bne.n	80a169e <__aeabi_ddiv+0x82>
 80a171c:	f411 1f80 	tst.w	r1, #1048576	; 0x100000
 80a1720:	d10b      	bne.n	80a173a <__aeabi_ddiv+0x11e>
 80a1722:	ea41 0100 	orr.w	r1, r1, r0
 80a1726:	f04f 0000 	mov.w	r0, #0
 80a172a:	f04f 4c00 	mov.w	ip, #2147483648	; 0x80000000
 80a172e:	e7b6      	b.n	80a169e <__aeabi_ddiv+0x82>
 80a1730:	f411 1f80 	tst.w	r1, #1048576	; 0x100000
 80a1734:	bf04      	itt	eq
 80a1736:	4301      	orreq	r1, r0
 80a1738:	2000      	moveq	r0, #0
 80a173a:	f1b4 0cfd 	subs.w	ip, r4, #253	; 0xfd
 80a173e:	bf88      	it	hi
 80a1740:	f5bc 6fe0 	cmphi.w	ip, #1792	; 0x700
 80a1744:	f63f aeaf 	bhi.w	80a14a6 <__aeabi_dmul+0xde>
 80a1748:	ebb5 0c03 	subs.w	ip, r5, r3
 80a174c:	bf04      	itt	eq
 80a174e:	ebb6 0c02 	subseq.w	ip, r6, r2
 80a1752:	ea5f 0c50 	movseq.w	ip, r0, lsr #1
 80a1756:	f150 0000 	adcs.w	r0, r0, #0
 80a175a:	eb41 5104 	adc.w	r1, r1, r4, lsl #20
 80a175e:	bd70      	pop	{r4, r5, r6, pc}
 80a1760:	f00e 4e00 	and.w	lr, lr, #2147483648	; 0x80000000
 80a1764:	ea4e 3111 	orr.w	r1, lr, r1, lsr #12
 80a1768:	eb14 045c 	adds.w	r4, r4, ip, lsr #1
 80a176c:	bfc2      	ittt	gt
 80a176e:	ebd4 050c 	rsbsgt	r5, r4, ip
 80a1772:	ea41 5104 	orrgt.w	r1, r1, r4, lsl #20
 80a1776:	bd70      	popgt	{r4, r5, r6, pc}
 80a1778:	f441 1180 	orr.w	r1, r1, #1048576	; 0x100000
 80a177c:	f04f 0e00 	mov.w	lr, #0
 80a1780:	3c01      	subs	r4, #1
 80a1782:	e690      	b.n	80a14a6 <__aeabi_dmul+0xde>
 80a1784:	ea45 0e06 	orr.w	lr, r5, r6
 80a1788:	e68d      	b.n	80a14a6 <__aeabi_dmul+0xde>
 80a178a:	ea0c 5513 	and.w	r5, ip, r3, lsr #20
 80a178e:	ea94 0f0c 	teq	r4, ip
 80a1792:	bf08      	it	eq
 80a1794:	ea95 0f0c 	teqeq	r5, ip
 80a1798:	f43f af3b 	beq.w	80a1612 <__aeabi_dmul+0x24a>
 80a179c:	ea94 0f0c 	teq	r4, ip
 80a17a0:	d10a      	bne.n	80a17b8 <__aeabi_ddiv+0x19c>
 80a17a2:	ea50 3401 	orrs.w	r4, r0, r1, lsl #12
 80a17a6:	f47f af34 	bne.w	80a1612 <__aeabi_dmul+0x24a>
 80a17aa:	ea95 0f0c 	teq	r5, ip
 80a17ae:	f47f af25 	bne.w	80a15fc <__aeabi_dmul+0x234>
 80a17b2:	4610      	mov	r0, r2
 80a17b4:	4619      	mov	r1, r3
 80a17b6:	e72c      	b.n	80a1612 <__aeabi_dmul+0x24a>
 80a17b8:	ea95 0f0c 	teq	r5, ip
 80a17bc:	d106      	bne.n	80a17cc <__aeabi_ddiv+0x1b0>
 80a17be:	ea52 3503 	orrs.w	r5, r2, r3, lsl #12
 80a17c2:	f43f aefd 	beq.w	80a15c0 <__aeabi_dmul+0x1f8>
 80a17c6:	4610      	mov	r0, r2
 80a17c8:	4619      	mov	r1, r3
 80a17ca:	e722      	b.n	80a1612 <__aeabi_dmul+0x24a>
 80a17cc:	ea50 0641 	orrs.w	r6, r0, r1, lsl #1
 80a17d0:	bf18      	it	ne
 80a17d2:	ea52 0643 	orrsne.w	r6, r2, r3, lsl #1
 80a17d6:	f47f aec5 	bne.w	80a1564 <__aeabi_dmul+0x19c>
 80a17da:	ea50 0441 	orrs.w	r4, r0, r1, lsl #1
 80a17de:	f47f af0d 	bne.w	80a15fc <__aeabi_dmul+0x234>
 80a17e2:	ea52 0543 	orrs.w	r5, r2, r3, lsl #1
 80a17e6:	f47f aeeb 	bne.w	80a15c0 <__aeabi_dmul+0x1f8>
 80a17ea:	e712      	b.n	80a1612 <__aeabi_dmul+0x24a>

080a17ec <__gedf2>:
 80a17ec:	f04f 3cff 	mov.w	ip, #4294967295
 80a17f0:	e006      	b.n	80a1800 <__cmpdf2+0x4>
 80a17f2:	bf00      	nop

080a17f4 <__ledf2>:
 80a17f4:	f04f 0c01 	mov.w	ip, #1
 80a17f8:	e002      	b.n	80a1800 <__cmpdf2+0x4>
 80a17fa:	bf00      	nop

080a17fc <__cmpdf2>:
 80a17fc:	f04f 0c01 	mov.w	ip, #1
 80a1800:	f84d cd04 	str.w	ip, [sp, #-4]!
 80a1804:	ea4f 0c41 	mov.w	ip, r1, lsl #1
 80a1808:	ea7f 5c6c 	mvns.w	ip, ip, asr #21
 80a180c:	ea4f 0c43 	mov.w	ip, r3, lsl #1
 80a1810:	bf18      	it	ne
 80a1812:	ea7f 5c6c 	mvnsne.w	ip, ip, asr #21
 80a1816:	d01b      	beq.n	80a1850 <__cmpdf2+0x54>
 80a1818:	b001      	add	sp, #4
 80a181a:	ea50 0c41 	orrs.w	ip, r0, r1, lsl #1
 80a181e:	bf0c      	ite	eq
 80a1820:	ea52 0c43 	orrseq.w	ip, r2, r3, lsl #1
 80a1824:	ea91 0f03 	teqne	r1, r3
 80a1828:	bf02      	ittt	eq
 80a182a:	ea90 0f02 	teqeq	r0, r2
 80a182e:	2000      	moveq	r0, #0
 80a1830:	4770      	bxeq	lr
 80a1832:	f110 0f00 	cmn.w	r0, #0
 80a1836:	ea91 0f03 	teq	r1, r3
 80a183a:	bf58      	it	pl
 80a183c:	4299      	cmppl	r1, r3
 80a183e:	bf08      	it	eq
 80a1840:	4290      	cmpeq	r0, r2
 80a1842:	bf2c      	ite	cs
 80a1844:	17d8      	asrcs	r0, r3, #31
 80a1846:	ea6f 70e3 	mvncc.w	r0, r3, asr #31
 80a184a:	f040 0001 	orr.w	r0, r0, #1
 80a184e:	4770      	bx	lr
 80a1850:	ea4f 0c41 	mov.w	ip, r1, lsl #1
 80a1854:	ea7f 5c6c 	mvns.w	ip, ip, asr #21
 80a1858:	d102      	bne.n	80a1860 <__cmpdf2+0x64>
 80a185a:	ea50 3c01 	orrs.w	ip, r0, r1, lsl #12
 80a185e:	d107      	bne.n	80a1870 <__cmpdf2+0x74>
 80a1860:	ea4f 0c43 	mov.w	ip, r3, lsl #1
 80a1864:	ea7f 5c6c 	mvns.w	ip, ip, asr #21
 80a1868:	d1d6      	bne.n	80a1818 <__cmpdf2+0x1c>
 80a186a:	ea52 3c03 	orrs.w	ip, r2, r3, lsl #12
 80a186e:	d0d3      	beq.n	80a1818 <__cmpdf2+0x1c>
 80a1870:	f85d 0b04 	ldr.w	r0, [sp], #4
 80a1874:	4770      	bx	lr
 80a1876:	bf00      	nop

080a1878 <__aeabi_cdrcmple>:
 80a1878:	4684      	mov	ip, r0
 80a187a:	4610      	mov	r0, r2
 80a187c:	4662      	mov	r2, ip
 80a187e:	468c      	mov	ip, r1
 80a1880:	4619      	mov	r1, r3
 80a1882:	4663      	mov	r3, ip
 80a1884:	e000      	b.n	80a1888 <__aeabi_cdcmpeq>
 80a1886:	bf00      	nop

080a1888 <__aeabi_cdcmpeq>:
 80a1888:	b501      	push	{r0, lr}
 80a188a:	f7ff ffb7 	bl	80a17fc <__cmpdf2>
 80a188e:	2800      	cmp	r0, #0
 80a1890:	bf48      	it	mi
 80a1892:	f110 0f00 	cmnmi.w	r0, #0
 80a1896:	bd01      	pop	{r0, pc}

080a1898 <__aeabi_dcmpeq>:
 80a1898:	f84d ed08 	str.w	lr, [sp, #-8]!
 80a189c:	f7ff fff4 	bl	80a1888 <__aeabi_cdcmpeq>
 80a18a0:	bf0c      	ite	eq
 80a18a2:	2001      	moveq	r0, #1
 80a18a4:	2000      	movne	r0, #0
 80a18a6:	f85d fb08 	ldr.w	pc, [sp], #8
 80a18aa:	bf00      	nop

080a18ac <__aeabi_dcmplt>:
 80a18ac:	f84d ed08 	str.w	lr, [sp, #-8]!
 80a18b0:	f7ff ffea 	bl	80a1888 <__aeabi_cdcmpeq>
 80a18b4:	bf34      	ite	cc
 80a18b6:	2001      	movcc	r0, #1
 80a18b8:	2000      	movcs	r0, #0
 80a18ba:	f85d fb08 	ldr.w	pc, [sp], #8
 80a18be:	bf00      	nop

080a18c0 <__aeabi_dcmple>:
 80a18c0:	f84d ed08 	str.w	lr, [sp, #-8]!
 80a18c4:	f7ff ffe0 	bl	80a1888 <__aeabi_cdcmpeq>
 80a18c8:	bf94      	ite	ls
 80a18ca:	2001      	movls	r0, #1
 80a18cc:	2000      	movhi	r0, #0
 80a18ce:	f85d fb08 	ldr.w	pc, [sp], #8
 80a18d2:	bf00      	nop

080a18d4 <__aeabi_dcmpge>:
 80a18d4:	f84d ed08 	str.w	lr, [sp, #-8]!
 80a18d8:	f7ff ffce 	bl	80a1878 <__aeabi_cdrcmple>
 80a18dc:	bf94      	ite	ls
 80a18de:	2001      	movls	r0, #1
 80a18e0:	2000      	movhi	r0, #0
 80a18e2:	f85d fb08 	ldr.w	pc, [sp], #8
 80a18e6:	bf00      	nop

080a18e8 <__aeabi_dcmpgt>:
 80a18e8:	f84d ed08 	str.w	lr, [sp, #-8]!
 80a18ec:	f7ff ffc4 	bl	80a1878 <__aeabi_cdrcmple>
 80a18f0:	bf34      	ite	cc
 80a18f2:	2001      	movcc	r0, #1
 80a18f4:	2000      	movcs	r0, #0
 80a18f6:	f85d fb08 	ldr.w	pc, [sp], #8
 80a18fa:	bf00      	nop

080a18fc <__aeabi_dcmpun>:
 80a18fc:	ea4f 0c41 	mov.w	ip, r1, lsl #1
 80a1900:	ea7f 5c6c 	mvns.w	ip, ip, asr #21
 80a1904:	d102      	bne.n	80a190c <__aeabi_dcmpun+0x10>
 80a1906:	ea50 3c01 	orrs.w	ip, r0, r1, lsl #12
 80a190a:	d10a      	bne.n	80a1922 <__aeabi_dcmpun+0x26>
 80a190c:	ea4f 0c43 	mov.w	ip, r3, lsl #1
 80a1910:	ea7f 5c6c 	mvns.w	ip, ip, asr #21
 80a1914:	d102      	bne.n	80a191c <__aeabi_dcmpun+0x20>
 80a1916:	ea52 3c03 	orrs.w	ip, r2, r3, lsl #12
 80a191a:	d102      	bne.n	80a1922 <__aeabi_dcmpun+0x26>
 80a191c:	f04f 0000 	mov.w	r0, #0
 80a1920:	4770      	bx	lr
 80a1922:	f04f 0001 	mov.w	r0, #1
 80a1926:	4770      	bx	lr

080a1928 <__aeabi_d2iz>:
 80a1928:	ea4f 0241 	mov.w	r2, r1, lsl #1
 80a192c:	f512 1200 	adds.w	r2, r2, #2097152	; 0x200000
 80a1930:	d215      	bcs.n	80a195e <__aeabi_d2iz+0x36>
 80a1932:	d511      	bpl.n	80a1958 <__aeabi_d2iz+0x30>
 80a1934:	f46f 7378 	mvn.w	r3, #992	; 0x3e0
 80a1938:	ebb3 5262 	subs.w	r2, r3, r2, asr #21
 80a193c:	d912      	bls.n	80a1964 <__aeabi_d2iz+0x3c>
 80a193e:	ea4f 23c1 	mov.w	r3, r1, lsl #11
 80a1942:	f043 4300 	orr.w	r3, r3, #2147483648	; 0x80000000
 80a1946:	ea43 5350 	orr.w	r3, r3, r0, lsr #21
 80a194a:	f011 4f00 	tst.w	r1, #2147483648	; 0x80000000
 80a194e:	fa23 f002 	lsr.w	r0, r3, r2
 80a1952:	bf18      	it	ne
 80a1954:	4240      	negne	r0, r0
 80a1956:	4770      	bx	lr
 80a1958:	f04f 0000 	mov.w	r0, #0
 80a195c:	4770      	bx	lr
 80a195e:	ea50 3001 	orrs.w	r0, r0, r1, lsl #12
 80a1962:	d105      	bne.n	80a1970 <__aeabi_d2iz+0x48>
 80a1964:	f011 4000 	ands.w	r0, r1, #2147483648	; 0x80000000
 80a1968:	bf08      	it	eq
 80a196a:	f06f 4000 	mvneq.w	r0, #2147483648	; 0x80000000
 80a196e:	4770      	bx	lr
 80a1970:	f04f 0000 	mov.w	r0, #0
 80a1974:	4770      	bx	lr
 80a1976:	bf00      	nop

080a1978 <__aeabi_d2uiz>:
 80a1978:	004a      	lsls	r2, r1, #1
 80a197a:	d211      	bcs.n	80a19a0 <__aeabi_d2uiz+0x28>
 80a197c:	f512 1200 	adds.w	r2, r2, #2097152	; 0x200000
 80a1980:	d211      	bcs.n	80a19a6 <__aeabi_d2uiz+0x2e>
 80a1982:	d50d      	bpl.n	80a19a0 <__aeabi_d2uiz+0x28>
 80a1984:	f46f 7378 	mvn.w	r3, #992	; 0x3e0
 80a1988:	ebb3 5262 	subs.w	r2, r3, r2, asr #21
 80a198c:	d40e      	bmi.n	80a19ac <__aeabi_d2uiz+0x34>
 80a198e:	ea4f 23c1 	mov.w	r3, r1, lsl #11
 80a1992:	f043 4300 	orr.w	r3, r3, #2147483648	; 0x80000000
 80a1996:	ea43 5350 	orr.w	r3, r3, r0, lsr #21
 80a199a:	fa23 f002 	lsr.w	r0, r3, r2
 80a199e:	4770      	bx	lr
 80a19a0:	f04f 0000 	mov.w	r0, #0
 80a19a4:	4770      	bx	lr
 80a19a6:	ea50 3001 	orrs.w	r0, r0, r1, lsl #12
 80a19aa:	d102      	bne.n	80a19b2 <__aeabi_d2uiz+0x3a>
 80a19ac:	f04f 30ff 	mov.w	r0, #4294967295
 80a19b0:	4770      	bx	lr
 80a19b2:	f04f 0000 	mov.w	r0, #0
 80a19b6:	4770      	bx	lr

080a19b8 <atexit>:
 80a19b8:	2300      	movs	r3, #0
 80a19ba:	4601      	mov	r1, r0
 80a19bc:	461a      	mov	r2, r3
 80a19be:	4618      	mov	r0, r3
 80a19c0:	f000 b842 	b.w	80a1a48 <__register_exitproc>

080a19c4 <memcpy>:
 80a19c4:	440a      	add	r2, r1
 80a19c6:	4291      	cmp	r1, r2
 80a19c8:	f100 33ff 	add.w	r3, r0, #4294967295
 80a19cc:	d100      	bne.n	80a19d0 <memcpy+0xc>
 80a19ce:	4770      	bx	lr
 80a19d0:	b510      	push	{r4, lr}
 80a19d2:	f811 4b01 	ldrb.w	r4, [r1], #1
 80a19d6:	4291      	cmp	r1, r2
 80a19d8:	f803 4f01 	strb.w	r4, [r3, #1]!
 80a19dc:	d1f9      	bne.n	80a19d2 <memcpy+0xe>
 80a19de:	bd10      	pop	{r4, pc}

080a19e0 <memset>:
 80a19e0:	4603      	mov	r3, r0
 80a19e2:	4402      	add	r2, r0
 80a19e4:	4293      	cmp	r3, r2
 80a19e6:	d100      	bne.n	80a19ea <memset+0xa>
 80a19e8:	4770      	bx	lr
 80a19ea:	f803 1b01 	strb.w	r1, [r3], #1
 80a19ee:	e7f9      	b.n	80a19e4 <memset+0x4>

080a19f0 <srand>:
 80a19f0:	b538      	push	{r3, r4, r5, lr}
 80a19f2:	4b0d      	ldr	r3, [pc, #52]	; (80a1a28 <srand+0x38>)
 80a19f4:	4604      	mov	r4, r0
 80a19f6:	681d      	ldr	r5, [r3, #0]
 80a19f8:	6bab      	ldr	r3, [r5, #56]	; 0x38
 80a19fa:	b97b      	cbnz	r3, 80a1a1c <srand+0x2c>
 80a19fc:	2018      	movs	r0, #24
 80a19fe:	f7fe fd6f 	bl	80a04e0 <malloc>
 80a1a02:	4a0a      	ldr	r2, [pc, #40]	; (80a1a2c <srand+0x3c>)
 80a1a04:	4b0a      	ldr	r3, [pc, #40]	; (80a1a30 <srand+0x40>)
 80a1a06:	63a8      	str	r0, [r5, #56]	; 0x38
 80a1a08:	e9c0 2300 	strd	r2, r3, [r0]
 80a1a0c:	4b09      	ldr	r3, [pc, #36]	; (80a1a34 <srand+0x44>)
 80a1a0e:	2201      	movs	r2, #1
 80a1a10:	6083      	str	r3, [r0, #8]
 80a1a12:	230b      	movs	r3, #11
 80a1a14:	8183      	strh	r3, [r0, #12]
 80a1a16:	2300      	movs	r3, #0
 80a1a18:	e9c0 2304 	strd	r2, r3, [r0, #16]
 80a1a1c:	2200      	movs	r2, #0
 80a1a1e:	6bab      	ldr	r3, [r5, #56]	; 0x38
 80a1a20:	611c      	str	r4, [r3, #16]
 80a1a22:	615a      	str	r2, [r3, #20]
 80a1a24:	bd38      	pop	{r3, r4, r5, pc}
 80a1a26:	bf00      	nop
 80a1a28:	20000004 	.word	0x20000004
 80a1a2c:	abcd330e 	.word	0xabcd330e
 80a1a30:	e66d1234 	.word	0xe66d1234
 80a1a34:	0005deec 	.word	0x0005deec

080a1a38 <strlen>:
 80a1a38:	4603      	mov	r3, r0
 80a1a3a:	f813 2b01 	ldrb.w	r2, [r3], #1
 80a1a3e:	2a00      	cmp	r2, #0
 80a1a40:	d1fb      	bne.n	80a1a3a <strlen+0x2>
 80a1a42:	1a18      	subs	r0, r3, r0
 80a1a44:	3801      	subs	r0, #1
 80a1a46:	4770      	bx	lr

080a1a48 <__register_exitproc>:
 80a1a48:	e92d 43f8 	stmdb	sp!, {r3, r4, r5, r6, r7, r8, r9, lr}
 80a1a4c:	f8df 80bc 	ldr.w	r8, [pc, #188]	; 80a1b0c <__register_exitproc+0xc4>
 80a1a50:	4606      	mov	r6, r0
 80a1a52:	f8d8 0000 	ldr.w	r0, [r8]
 80a1a56:	461f      	mov	r7, r3
 80a1a58:	460d      	mov	r5, r1
 80a1a5a:	4691      	mov	r9, r2
 80a1a5c:	f000 f858 	bl	80a1b10 <__retarget_lock_acquire_recursive>
 80a1a60:	4b26      	ldr	r3, [pc, #152]	; (80a1afc <__register_exitproc+0xb4>)
 80a1a62:	681c      	ldr	r4, [r3, #0]
 80a1a64:	b934      	cbnz	r4, 80a1a74 <__register_exitproc+0x2c>
 80a1a66:	4c26      	ldr	r4, [pc, #152]	; (80a1b00 <__register_exitproc+0xb8>)
 80a1a68:	601c      	str	r4, [r3, #0]
 80a1a6a:	4b26      	ldr	r3, [pc, #152]	; (80a1b04 <__register_exitproc+0xbc>)
 80a1a6c:	b113      	cbz	r3, 80a1a74 <__register_exitproc+0x2c>
 80a1a6e:	681b      	ldr	r3, [r3, #0]
 80a1a70:	f8c4 3088 	str.w	r3, [r4, #136]	; 0x88
 80a1a74:	6863      	ldr	r3, [r4, #4]
 80a1a76:	2b1f      	cmp	r3, #31
 80a1a78:	dd07      	ble.n	80a1a8a <__register_exitproc+0x42>
 80a1a7a:	f8d8 0000 	ldr.w	r0, [r8]
 80a1a7e:	f000 f849 	bl	80a1b14 <__retarget_lock_release_recursive>
 80a1a82:	f04f 30ff 	mov.w	r0, #4294967295
 80a1a86:	e8bd 83f8 	ldmia.w	sp!, {r3, r4, r5, r6, r7, r8, r9, pc}
 80a1a8a:	b35e      	cbz	r6, 80a1ae4 <__register_exitproc+0x9c>
 80a1a8c:	f8d4 0088 	ldr.w	r0, [r4, #136]	; 0x88
 80a1a90:	b988      	cbnz	r0, 80a1ab6 <__register_exitproc+0x6e>
 80a1a92:	4b1d      	ldr	r3, [pc, #116]	; (80a1b08 <__register_exitproc+0xc0>)
 80a1a94:	b923      	cbnz	r3, 80a1aa0 <__register_exitproc+0x58>
 80a1a96:	f8d8 0000 	ldr.w	r0, [r8]
 80a1a9a:	f000 f83a 	bl	80a1b12 <__retarget_lock_release>
 80a1a9e:	e7f0      	b.n	80a1a82 <__register_exitproc+0x3a>
 80a1aa0:	f44f 7084 	mov.w	r0, #264	; 0x108
 80a1aa4:	f7fe fd1c 	bl	80a04e0 <malloc>
 80a1aa8:	2800      	cmp	r0, #0
 80a1aaa:	d0f4      	beq.n	80a1a96 <__register_exitproc+0x4e>
 80a1aac:	2300      	movs	r3, #0
 80a1aae:	e9c0 3340 	strd	r3, r3, [r0, #256]	; 0x100
 80a1ab2:	f8c4 0088 	str.w	r0, [r4, #136]	; 0x88
 80a1ab6:	2201      	movs	r2, #1
 80a1ab8:	6863      	ldr	r3, [r4, #4]
 80a1aba:	2e02      	cmp	r6, #2
 80a1abc:	f840 9023 	str.w	r9, [r0, r3, lsl #2]
 80a1ac0:	fa02 f203 	lsl.w	r2, r2, r3
 80a1ac4:	eb00 0183 	add.w	r1, r0, r3, lsl #2
 80a1ac8:	f8d0 3100 	ldr.w	r3, [r0, #256]	; 0x100
 80a1acc:	ea43 0302 	orr.w	r3, r3, r2
 80a1ad0:	f8c0 3100 	str.w	r3, [r0, #256]	; 0x100
 80a1ad4:	f8c1 7080 	str.w	r7, [r1, #128]	; 0x80
 80a1ad8:	bf02      	ittt	eq
 80a1ada:	f8d0 3104 	ldreq.w	r3, [r0, #260]	; 0x104
 80a1ade:	431a      	orreq	r2, r3
 80a1ae0:	f8c0 2104 	streq.w	r2, [r0, #260]	; 0x104
 80a1ae4:	6863      	ldr	r3, [r4, #4]
 80a1ae6:	f8d8 0000 	ldr.w	r0, [r8]
 80a1aea:	1c5a      	adds	r2, r3, #1
 80a1aec:	3302      	adds	r3, #2
 80a1aee:	6062      	str	r2, [r4, #4]
 80a1af0:	f844 5023 	str.w	r5, [r4, r3, lsl #2]
 80a1af4:	f000 f80e 	bl	80a1b14 <__retarget_lock_release_recursive>
 80a1af8:	2000      	movs	r0, #0
 80a1afa:	e7c4      	b.n	80a1a86 <__register_exitproc+0x3e>
 80a1afc:	200005d4 	.word	0x200005d4
 80a1b00:	20000548 	.word	0x20000548
 80a1b04:	00000000 	.word	0x00000000
 80a1b08:	080a04e1 	.word	0x080a04e1
 80a1b0c:	20000068 	.word	0x20000068

080a1b10 <__retarget_lock_acquire_recursive>:
 80a1b10:	4770      	bx	lr

080a1b12 <__retarget_lock_release>:
 80a1b12:	4770      	bx	lr

080a1b14 <__retarget_lock_release_recursive>:
 80a1b14:	4770      	bx	lr

080a1b16 <link_code_end>:
	...

080a1b18 <dynalib_user>:
 80a1b18:	0021 080a 0061 080a 0089 080a 008d 080a     !...a...........
 80a1b28:	0000 0000 6554 706d 6553 736e 726f 2c00     ....TempSensor.,
 80a1b38:	3b00 6e00 6e61 6900 666e 6f00 6676 2e00     .;.nan.inf.ovf..
 80a1b48:	6100 7070 2500 2d59 6d25 252d 5464 4825     .app.%Y-%m-%dT%H
 80a1b58:	253a 3a4d 5325 7a25 6100 6373 6974 656d     :%M:%S%z.asctime
 80a1b68:	0000 0000                                   ....

080a1b6c <_ZTV9IPAddress>:
	...
 80a1b74:	0955 080a 0945 080a 0947 080a               U...E...G...

080a1b80 <_ZTV9USBSerial>:
	...
 80a1b88:	0a13 080a 0a79 080a 0a51 080a 0555 080a     ....y...Q...U...
 80a1b98:	0a43 080a 0a15 080a 0a25 080a 0a73 080a     C.......%...s...
 80a1ba8:	0a35 080a 0a0d 080a                         5.......

080a1bb0 <_ZTV11USARTSerial>:
	...
 80a1bb8:	0ba1 080a 0c0b 080a 0be7 080a 0555 080a     ............U...
 80a1bc8:	0bb7 080a 0bd3 080a 0bc5 080a 0be1 080a     ................
 80a1bd8:	0ba3 080a 0ba9 080a                         ........

080a1be0 <_ZTV7TwoWire>:
	...
 80a1be8:	0c8d 080a 0cd7 080a 0caf 080a 0c8f 080a     ................
 80a1bf8:	0cb7 080a 0cbf 080a 0cc7 080a 0ccf 080a     ................

080a1c08 <_ZTVN5spark9WiFiClassE>:
	...
 80a1c10:	0d9f 080a 0d95 080a 0d8b 080a 0d09 080a     ................
 80a1c20:	079f 080a 0d7f 080a 0dfd 080a 0e05 080a     ................
 80a1c30:	0d73 080a 0d6b 080a 0d61 080a 0d57 080a     s...k...a...W...
 80a1c40:	0d13 080a                                   ....

080a1c44 <_ZTVN5spark12NetworkClassE>:
	...
 80a1c4c:	0dbd 080a 0dc7 080a 0dd1 080a 0ddb 080a     ................
 80a1c5c:	0de5 080a 0df1 080a 0dfd 080a 0e05 080a     ................
 80a1c6c:	0e0d 080a 0e19 080a 0e21 080a 0e2b 080a     ........!...+...
 80a1c7c:	0e35 080a                                   5...

080a1c80 <_ZSt7nothrow>:
	...

080a1c81 <link_const_variable_data_end>:
 80a1c81:	00          	.byte	0x00
	...

080a1c84 <link_constructors_location>:
 80a1c84:	080a0531 	.word	0x080a0531
 80a1c88:	080a07ad 	.word	0x080a07ad
 80a1c8c:	080a07bd 	.word	0x080a07bd
 80a1c90:	080a07d9 	.word	0x080a07d9
 80a1c94:	080a0da9 	.word	0x080a0da9
 80a1c98:	080a0e85 	.word	0x080a0e85
 80a1c9c:	080a0fb1 	.word	0x080a0fb1
