
c:/Users/gahym/EE1301/IOT_Labs/Lan3_Internet_Connectivity/exercise2/target/2.3.0/photon/exercise2.elf:     file format elf32-littlearm

Sections:
Idx Name          Size      VMA       LMA       File off  Algn
  0 .module_info  00000018  080a0000  080a0000  00010000  2**0
                  CONTENTS, ALLOC, LOAD, READONLY, DATA
  1 .dynalib      00000004  080a0018  080a0018  00010018  2**2
                  CONTENTS, ALLOC, LOAD, READONLY, DATA
  2 .text         00003290  080a0020  080a0020  00010020  2**3
                  CONTENTS, ALLOC, LOAD, READONLY, CODE
  3 .backup       00000004  40024000  080a32b0  00014000  2**2
                  CONTENTS, ALLOC, LOAD, DATA
  4 .data         00000078  20000000  080a32b4  00020000  2**2
                  CONTENTS, ALLOC, LOAD, DATA
  5 .bss          00000594  20000078  20000078  00030078  2**2
                  ALLOC
  6 .module_info_suffix 00000028  080a332c  080a332c  0002332c  2**0
                  CONTENTS, ALLOC, LOAD, READONLY, DATA
  7 .module_info_crc 00000004  080a3354  080a3354  00023354  2**0
                  CONTENTS, ALLOC, LOAD, READONLY, DATA
  8 .debug_info   0011d589  00000000  00000000  00023358  2**0
                  CONTENTS, READONLY, DEBUGGING
  9 .debug_abbrev 00014809  00000000  00000000  001408e1  2**0
                  CONTENTS, READONLY, DEBUGGING
 10 .debug_loc    0001bda5  00000000  00000000  001550ea  2**0
                  CONTENTS, READONLY, DEBUGGING
 11 .debug_aranges 00002098  00000000  00000000  00170e8f  2**0
                  CONTENTS, READONLY, DEBUGGING
 12 .debug_ranges 00005368  00000000  00000000  00172f27  2**0
                  CONTENTS, READONLY, DEBUGGING
 13 .debug_macro  00027340  00000000  00000000  0017828f  2**0
                  CONTENTS, READONLY, DEBUGGING
 14 .debug_line   0002df58  00000000  00000000  0019f5cf  2**0
                  CONTENTS, READONLY, DEBUGGING
 15 .debug_str    000b2d4c  00000000  00000000  001cd527  2**0
                  CONTENTS, READONLY, DEBUGGING
 16 .debug_frame  000055dc  00000000  00000000  00280274  2**2
                  CONTENTS, READONLY, DEBUGGING

Disassembly of section .text:

080a0020 <module_user_pre_init>:
/**
 * Initializes this user module. Returns the start of the heap.
 */
void* module_user_pre_init() {

    if ( (&link_global_data_start!=&link_global_data_initial_values) && (link_global_data_size != 0))
 80a0020:	4809      	ldr	r0, [pc, #36]	; (80a0048 <module_user_pre_init+0x28>)
 80a0022:	490a      	ldr	r1, [pc, #40]	; (80a004c <module_user_pre_init+0x2c>)
void* module_user_pre_init() {
 80a0024:	b508      	push	{r3, lr}
    if ( (&link_global_data_start!=&link_global_data_initial_values) && (link_global_data_size != 0))
 80a0026:	4288      	cmp	r0, r1
 80a0028:	d005      	beq.n	80a0036 <module_user_pre_init+0x16>
 80a002a:	4a09      	ldr	r2, [pc, #36]	; (80a0050 <module_user_pre_init+0x30>)
 80a002c:	4282      	cmp	r2, r0
 80a002e:	d002      	beq.n	80a0036 <module_user_pre_init+0x16>
    {
        memcpy(&link_global_data_start, &link_global_data_initial_values, link_global_data_size);
 80a0030:	1a12      	subs	r2, r2, r0
 80a0032:	f002 ffa5 	bl	80a2f80 <memcpy>
    }

    memset(&link_bss_location, 0, link_bss_size );
 80a0036:	4807      	ldr	r0, [pc, #28]	; (80a0054 <module_user_pre_init+0x34>)
 80a0038:	4a07      	ldr	r2, [pc, #28]	; (80a0058 <module_user_pre_init+0x38>)
 80a003a:	2100      	movs	r1, #0
 80a003c:	1a12      	subs	r2, r2, r0
 80a003e:	f002 ffad 	bl	80a2f9c <memset>
    return &link_heap_start;
}
 80a0042:	4806      	ldr	r0, [pc, #24]	; (80a005c <module_user_pre_init+0x3c>)
 80a0044:	bd08      	pop	{r3, pc}
 80a0046:	bf00      	nop
 80a0048:	20000000 	.word	0x20000000
 80a004c:	080a32b4 	.word	0x080a32b4
 80a0050:	20000078 	.word	0x20000078
 80a0054:	20000078 	.word	0x20000078
 80a0058:	20000609 	.word	0x20000609
 80a005c:	20000609 	.word	0x20000609

080a0060 <module_user_init>:
extern constructor_ptr_t link_constructors_location[];
extern constructor_ptr_t link_constructors_end;
#define link_constructors_size   ((unsigned long)&link_constructors_end  -  (unsigned long)&link_constructors_location )

void module_user_init()
{
 80a0060:	b570      	push	{r4, r5, r6, lr}
    module_user_init_hook();
 80a0062:	f001 fef5 	bl	80a1e50 <module_user_init_hook>

    // invoke constructors
    int ctor_num;
    for (ctor_num=0; ctor_num < link_constructors_size/sizeof(constructor_ptr_t); ctor_num++ )
 80a0066:	2500      	movs	r5, #0
 80a0068:	4e05      	ldr	r6, [pc, #20]	; (80a0080 <module_user_init+0x20>)
 80a006a:	4c06      	ldr	r4, [pc, #24]	; (80a0084 <module_user_init+0x24>)
 80a006c:	1ba4      	subs	r4, r4, r6
 80a006e:	08a4      	lsrs	r4, r4, #2
 80a0070:	42a5      	cmp	r5, r4
 80a0072:	d100      	bne.n	80a0076 <module_user_init+0x16>
    {
        link_constructors_location[ctor_num]();
    }
}
 80a0074:	bd70      	pop	{r4, r5, r6, pc}
        link_constructors_location[ctor_num]();
 80a0076:	f856 3b04 	ldr.w	r3, [r6], #4
 80a007a:	4798      	blx	r3
    for (ctor_num=0; ctor_num < link_constructors_size/sizeof(constructor_ptr_t); ctor_num++ )
 80a007c:	3501      	adds	r5, #1
 80a007e:	e7f7      	b.n	80a0070 <module_user_init+0x10>
 80a0080:	080a328c 	.word	0x080a328c
 80a0084:	080a32b0 	.word	0x080a32b0

080a0088 <module_user_setup>:

/**
 * Export these functions with a fuller name so they don't clash with the setup/loop wrappers in the system module.
 */
void module_user_setup() {
    setup();
 80a0088:	f000 b84a 	b.w	80a0120 <setup>

080a008c <module_user_loop>:
}

void module_user_loop() {
 80a008c:	b508      	push	{r3, lr}
    loop();
 80a008e:	f000 f873 	bl	80a0178 <loop>
    _post_loop();
}
 80a0092:	e8bd 4008 	ldmia.w	sp!, {r3, lr}
    _post_loop();
 80a0096:	f001 be93 	b.w	80a1dc0 <_post_loop>

080a009a <_Znaj>:
 80a009a:	f001 bc47 	b.w	80a192c <malloc>

080a009e <_ZdlPv>:
	return malloc(size);
}

void operator delete(void *p)
{
	free(p);
 80a009e:	f001 bc4d 	b.w	80a193c <free>

080a00a2 <__cxa_guard_acquire>:

/* Provide default implemenation for __cxa_guard_acquire() and
 * __cxa_guard_release(). Note: these must be revisited if a multitasking
 * OS is ported to this platform. */
__extension__ typedef int __guard __attribute__((mode (__DI__)));
int __cxa_guard_acquire(__guard *g) {return !*(char *)(g);};
 80a00a2:	7800      	ldrb	r0, [r0, #0]
 80a00a4:	fab0 f080 	clz	r0, r0
 80a00a8:	0940      	lsrs	r0, r0, #5
 80a00aa:	4770      	bx	lr

080a00ac <__cxa_guard_release>:
void __cxa_guard_release (__guard *g) {*(char *)g = 1;};
 80a00ac:	2301      	movs	r3, #1
 80a00ae:	7003      	strb	r3, [r0, #0]
 80a00b0:	4770      	bx	lr
	...

080a00b4 <_Z17setModeFromString6String>:
}



int setModeFromString(String inputString)
{
 80a00b4:	b510      	push	{r4, lr}
	operator StringIfHelperType() const { return buffer ? &String::StringIfHelper : 0; }
	int compareTo(const String &s) const;
	unsigned char equals(const String &s) const;
	unsigned char equals(const char *cstr) const;
	unsigned char operator == (const String &rhs) const {return equals(rhs);}
	unsigned char operator == (const char *cstr) const {return equals(cstr);}
 80a00b6:	4915      	ldr	r1, [pc, #84]	; (80a010c <_Z17setModeFromString6String+0x58>)
 80a00b8:	4604      	mov	r4, r0
 80a00ba:	f001 fcf0 	bl	80a1a9e <_ZNK6String6equalsEPKc>
    if (inputString == "Cool") {
 80a00be:	b120      	cbz	r0, 80a00ca <_Z17setModeFromString6String+0x16>
        mode = COOL;
 80a00c0:	2200      	movs	r2, #0
        return 1;
 80a00c2:	2001      	movs	r0, #1
        mode = COOL;
 80a00c4:	4b12      	ldr	r3, [pc, #72]	; (80a0110 <_Z17setModeFromString6String+0x5c>)
 80a00c6:	701a      	strb	r2, [r3, #0]
    } else {
        Serial.print("Invalid Mode: ");
        Serial.println(inputString);
        return -1;
    }
 80a00c8:	bd10      	pop	{r4, pc}
 80a00ca:	4620      	mov	r0, r4
 80a00cc:	4911      	ldr	r1, [pc, #68]	; (80a0114 <_Z17setModeFromString6String+0x60>)
 80a00ce:	f001 fce6 	bl	80a1a9e <_ZNK6String6equalsEPKc>
    } else if (inputString == "Off" ) {
 80a00d2:	b118      	cbz	r0, 80a00dc <_Z17setModeFromString6String+0x28>
        mode = OFF;
 80a00d4:	2001      	movs	r0, #1
 80a00d6:	4b0e      	ldr	r3, [pc, #56]	; (80a0110 <_Z17setModeFromString6String+0x5c>)
 80a00d8:	7018      	strb	r0, [r3, #0]
        return 1;
 80a00da:	e7f5      	b.n	80a00c8 <_Z17setModeFromString6String+0x14>
 80a00dc:	4620      	mov	r0, r4
 80a00de:	490e      	ldr	r1, [pc, #56]	; (80a0118 <_Z17setModeFromString6String+0x64>)
 80a00e0:	f001 fcdd 	bl	80a1a9e <_ZNK6String6equalsEPKc>
    } else if (inputString == "Heat") {
 80a00e4:	b120      	cbz	r0, 80a00f0 <_Z17setModeFromString6String+0x3c>
        mode = HEAT;
 80a00e6:	2202      	movs	r2, #2
 80a00e8:	4b09      	ldr	r3, [pc, #36]	; (80a0110 <_Z17setModeFromString6String+0x5c>)
        return 1;
 80a00ea:	2001      	movs	r0, #1
        mode = HEAT;
 80a00ec:	701a      	strb	r2, [r3, #0]
        return 1;
 80a00ee:	e7eb      	b.n	80a00c8 <_Z17setModeFromString6String+0x14>
        Serial.print("Invalid Mode: ");
 80a00f0:	f001 ffd6 	bl	80a20a0 <_Z16_fetch_usbserialv>
 80a00f4:	4909      	ldr	r1, [pc, #36]	; (80a011c <_Z17setModeFromString6String+0x68>)
 80a00f6:	f001 fd0a 	bl	80a1b0e <_ZN5Print5printEPKc>
        Serial.println(inputString);
 80a00fa:	f001 ffd1 	bl	80a20a0 <_Z16_fetch_usbserialv>
 80a00fe:	6821      	ldr	r1, [r4, #0]
 80a0100:	f001 fd18 	bl	80a1b34 <_ZN5Print7printlnEPKc>
 80a0104:	f04f 30ff 	mov.w	r0, #4294967295
 80a0108:	e7de      	b.n	80a00c8 <_Z17setModeFromString6String+0x14>
 80a010a:	bf00      	nop
 80a010c:	080a30fc 	.word	0x080a30fc
 80a0110:	20000008 	.word	0x20000008
 80a0114:	080a3101 	.word	0x080a3101
 80a0118:	080a3105 	.word	0x080a3105
 80a011c:	080a310a 	.word	0x080a310a

080a0120 <setup>:
{
 80a0120:	b508      	push	{r3, lr}
  strip.begin();
 80a0122:	480f      	ldr	r0, [pc, #60]	; (80a0160 <setup+0x40>)
 80a0124:	f000 f90c 	bl	80a0340 <_ZN17Adafruit_NeoPixel5beginEv>
        return _variable(varKey, (const char*)userVar, userVarType);
    }

    template<typename T> static inline bool _variable(const char *varKey, typename T::PointerType userVar, const T& userVarType)
    {
        return spark_variable(varKey, (const void*)userVar, T::TYPE_ID, NULL);
 80a0128:	2300      	movs	r3, #0
 80a012a:	2202      	movs	r2, #2
 80a012c:	490d      	ldr	r1, [pc, #52]	; (80a0164 <setup+0x44>)
 80a012e:	480e      	ldr	r0, [pc, #56]	; (80a0168 <setup+0x48>)
 80a0130:	f001 fbe4 	bl	80a18fc <spark_variable>
        return _function(name, args...);
    }

    static bool _function(const char *funcKey, user_function_int_str_t* func)
    {
        return register_function(call_raw_user_function, (void*)func, funcKey);
 80a0134:	4a0d      	ldr	r2, [pc, #52]	; (80a016c <setup+0x4c>)
 80a0136:	490e      	ldr	r1, [pc, #56]	; (80a0170 <setup+0x50>)
 80a0138:	480e      	ldr	r0, [pc, #56]	; (80a0174 <setup+0x54>)
 80a013a:	f001 fed1 	bl	80a1ee0 <_ZN10CloudClass17register_functionEPFiPvPKcS0_ES0_S2_>
Serial.begin(9600);
 80a013e:	f001 ffaf 	bl	80a20a0 <_Z16_fetch_usbserialv>
 80a0142:	f44f 5116 	mov.w	r1, #9600	; 0x2580
 80a0146:	f001 ff91 	bl	80a206c <_ZN9USBSerial5beginEl>
pinMode(D7, OUTPUT);
 80a014a:	2101      	movs	r1, #1
 80a014c:	2007      	movs	r0, #7
 80a014e:	f002 f9cb 	bl	80a24e8 <pinMode>
}
 80a0152:	e8bd 4008 	ldmia.w	sp!, {r3, lr}
pinMode(A0, INPUT);
 80a0156:	2100      	movs	r1, #0
 80a0158:	200a      	movs	r0, #10
 80a015a:	f002 b9c5 	b.w	80a24e8 <pinMode>
 80a015e:	bf00      	nop
 80a0160:	20000080 	.word	0x20000080
 80a0164:	2000007c 	.word	0x2000007c
 80a0168:	080a3119 	.word	0x080a3119
 80a016c:	080a3124 	.word	0x080a3124
 80a0170:	080a00b5 	.word	0x080a00b5
 80a0174:	080a1eb5 	.word	0x080a1eb5

080a0178 <loop>:
int PixelColorRed = strip.Color(   255 , 0, 0);
 80a0178:	2200      	movs	r2, #0
{
 80a017a:	e92d 47f3 	stmdb	sp!, {r0, r1, r4, r5, r6, r7, r8, r9, sl, lr}
int PixelColorRed = strip.Color(   255 , 0, 0);
 80a017e:	4611      	mov	r1, r2
 80a0180:	20ff      	movs	r0, #255	; 0xff
 80a0182:	f001 fa07 	bl	80a1594 <_ZN17Adafruit_NeoPixel5ColorEhhh>
    int PixelColorGreen  = strip.Color(  0,   255,   0);
 80a0186:	2200      	movs	r2, #0
 80a0188:	21ff      	movs	r1, #255	; 0xff
int PixelColorRed = strip.Color(   255 , 0, 0);
 80a018a:	4607      	mov	r7, r0
    int PixelColorGreen  = strip.Color(  0,   255,   0);
 80a018c:	4610      	mov	r0, r2
 80a018e:	f001 fa01 	bl	80a1594 <_ZN17Adafruit_NeoPixel5ColorEhhh>
    int PixelColorBlue = strip.Color(  0,  0,   255);
 80a0192:	2100      	movs	r1, #0
    int PixelColorGreen  = strip.Color(  0,   255,   0);
 80a0194:	4680      	mov	r8, r0
    int PixelColorBlue = strip.Color(  0,  0,   255);
 80a0196:	22ff      	movs	r2, #255	; 0xff
 80a0198:	4608      	mov	r0, r1
 80a019a:	f001 f9fb 	bl	80a1594 <_ZN17Adafruit_NeoPixel5ColorEhhh>
if (mode == COOL) {strip.setPixelColor(0, PixelColorBlue);}
 80a019e:	4c4c      	ldr	r4, [pc, #304]	; (80a02d0 <loop+0x158>)
    int PixelColorBlue = strip.Color(  0,  0,   255);
 80a01a0:	4681      	mov	r9, r0
if (mode == COOL) {strip.setPixelColor(0, PixelColorBlue);}
 80a01a2:	7821      	ldrb	r1, [r4, #0]
 80a01a4:	2900      	cmp	r1, #0
 80a01a6:	d165      	bne.n	80a0274 <loop+0xfc>
 80a01a8:	4602      	mov	r2, r0
 80a01aa:	484a      	ldr	r0, [pc, #296]	; (80a02d4 <loop+0x15c>)
 80a01ac:	f001 f9ae 	bl	80a150c <_ZN17Adafruit_NeoPixel13setPixelColorEtm>
strip.show();
 80a01b0:	4848      	ldr	r0, [pc, #288]	; (80a02d4 <loop+0x15c>)
 80a01b2:	f000 f8fb 	bl	80a03ac <_ZN17Adafruit_NeoPixel4showEv>
digitalWrite(D7, HIGH);
 80a01b6:	2101      	movs	r1, #1
 80a01b8:	2007      	movs	r0, #7
 80a01ba:	f002 f9a6 	bl	80a250a <digitalWrite>
delay(10);
 80a01be:	200a      	movs	r0, #10
 80a01c0:	f001 fdbe 	bl	80a1d40 <delay>
data = analogRead(A0);
 80a01c4:	200a      	movs	r0, #10
 80a01c6:	f002 f9b9 	bl	80a253c <analogRead>
 80a01ca:	4d43      	ldr	r5, [pc, #268]	; (80a02d8 <loop+0x160>)
digitalWrite(D7, LOW);
 80a01cc:	2100      	movs	r1, #0
data = analogRead(A0);
 80a01ce:	6028      	str	r0, [r5, #0]
digitalWrite(D7, LOW);
 80a01d0:	2007      	movs	r0, #7
 80a01d2:	f002 f99a 	bl	80a250a <digitalWrite>
Serial.print(data);
 80a01d6:	f001 ff63 	bl	80a20a0 <_Z16_fetch_usbserialv>
 80a01da:	682e      	ldr	r6, [r5, #0]
 80a01dc:	4682      	mov	sl, r0
// FIXME: avoids 'comparison of constant '0' with boolean expression is always false'
#if __GNUC__ >= 9
#pragma GCC diagnostic push
#pragma GCC diagnostic ignored "-Wbool-compare"
#endif // __GNUC__ >= 9
        if (n < 0 && base == 10) {
 80a01de:	2e00      	cmp	r6, #0
 80a01e0:	da58      	bge.n	80a0294 <loop+0x11c>
            t = print('-');
 80a01e2:	212d      	movs	r1, #45	; 0x2d
 80a01e4:	f001 fc97 	bl	80a1b16 <_ZN5Print5printEc>
            val = -n;
 80a01e8:	4271      	negs	r1, r6
            val = n;
        }
#if __GNUC__ >= 9
#pragma GCC diagnostic pop
#endif // __GNUC__ >= 9
        return printNumber(val, base) + t;
 80a01ea:	220a      	movs	r2, #10
 80a01ec:	4650      	mov	r0, sl
 80a01ee:	f001 fcab 	bl	80a1b48 <_ZN5Print11printNumberEmh>
Serial.print(",");
 80a01f2:	f001 ff55 	bl	80a20a0 <_Z16_fetch_usbserialv>
 80a01f6:	4939      	ldr	r1, [pc, #228]	; (80a02dc <loop+0x164>)
 80a01f8:	f001 fc89 	bl	80a1b0e <_ZN5Print5printEPKc>
Serial.print((data-620)/12.4);
 80a01fc:	f001 ff50 	bl	80a20a0 <_Z16_fetch_usbserialv>
 80a0200:	4606      	mov	r6, r0
 80a0202:	6828      	ldr	r0, [r5, #0]
 80a0204:	f04f 0a02 	mov.w	sl, #2
 80a0208:	f5a0 701b 	sub.w	r0, r0, #620	; 0x26c
 80a020c:	f002 fb50 	bl	80a28b0 <__aeabi_i2d>
 80a0210:	a32d      	add	r3, pc, #180	; (adr r3, 80a02c8 <loop+0x150>)
 80a0212:	e9d3 2300 	ldrd	r2, r3, [r3]
 80a0216:	f002 fcdf 	bl	80a2bd8 <__aeabi_ddiv>
 80a021a:	f8cd a000 	str.w	sl, [sp]
 80a021e:	460b      	mov	r3, r1
 80a0220:	4602      	mov	r2, r0
 80a0222:	4630      	mov	r0, r6
 80a0224:	f001 fd6e 	bl	80a1d04 <_ZN5Print5printEdi>
Serial.print(",");
 80a0228:	f001 ff3a 	bl	80a20a0 <_Z16_fetch_usbserialv>
 80a022c:	492b      	ldr	r1, [pc, #172]	; (80a02dc <loop+0x164>)
 80a022e:	f001 fc6e 	bl	80a1b0e <_ZN5Print5printEPKc>
Serial.print(mode);
 80a0232:	f001 ff35 	bl	80a20a0 <_Z16_fetch_usbserialv>
 80a0236:	220a      	movs	r2, #10
 80a0238:	7821      	ldrb	r1, [r4, #0]
 80a023a:	f001 fc85 	bl	80a1b48 <_ZN5Print11printNumberEmh>
Serial.println(";");
 80a023e:	f001 ff2f 	bl	80a20a0 <_Z16_fetch_usbserialv>
 80a0242:	4927      	ldr	r1, [pc, #156]	; (80a02e0 <loop+0x168>)
 80a0244:	f001 fc76 	bl	80a1b34 <_ZN5Print7printlnEPKc>
delay(1000);
 80a0248:	f44f 707a 	mov.w	r0, #1000	; 0x3e8
 80a024c:	f001 fd78 	bl	80a1d40 <delay>
if (data < 900) {mode = HEAT;}
 80a0250:	682b      	ldr	r3, [r5, #0]
 80a0252:	f5b3 7f61 	cmp.w	r3, #900	; 0x384
 80a0256:	da1f      	bge.n	80a0298 <loop+0x120>
 80a0258:	f884 a000 	strb.w	sl, [r4]
if (mode == COOL) {strip.setPixelColor(0, PixelColorBlue);}
 80a025c:	7821      	ldrb	r1, [r4, #0]
 80a025e:	bb19      	cbnz	r1, 80a02a8 <loop+0x130>
 80a0260:	464a      	mov	r2, r9
 80a0262:	481c      	ldr	r0, [pc, #112]	; (80a02d4 <loop+0x15c>)
 80a0264:	f001 f952 	bl	80a150c <_ZN17Adafruit_NeoPixel13setPixelColorEtm>
strip.show();
 80a0268:	481a      	ldr	r0, [pc, #104]	; (80a02d4 <loop+0x15c>)
}
 80a026a:	b002      	add	sp, #8
 80a026c:	e8bd 47f0 	ldmia.w	sp!, {r4, r5, r6, r7, r8, r9, sl, lr}
strip.show();
 80a0270:	f000 b89c 	b.w	80a03ac <_ZN17Adafruit_NeoPixel4showEv>
else if (mode == OFF) {strip.setPixelColor(0, PixelColorGreen);}
 80a0274:	2901      	cmp	r1, #1
 80a0276:	d105      	bne.n	80a0284 <loop+0x10c>
 80a0278:	4642      	mov	r2, r8
 80a027a:	2100      	movs	r1, #0
 80a027c:	4815      	ldr	r0, [pc, #84]	; (80a02d4 <loop+0x15c>)
 80a027e:	f001 f945 	bl	80a150c <_ZN17Adafruit_NeoPixel13setPixelColorEtm>
 80a0282:	e795      	b.n	80a01b0 <loop+0x38>
else if (mode == HEAT) {strip.setPixelColor(0, PixelColorRed);}
 80a0284:	2902      	cmp	r1, #2
 80a0286:	d193      	bne.n	80a01b0 <loop+0x38>
 80a0288:	463a      	mov	r2, r7
 80a028a:	2100      	movs	r1, #0
 80a028c:	4811      	ldr	r0, [pc, #68]	; (80a02d4 <loop+0x15c>)
 80a028e:	f001 f93d 	bl	80a150c <_ZN17Adafruit_NeoPixel13setPixelColorEtm>
 80a0292:	e78d      	b.n	80a01b0 <loop+0x38>
            val = n;
 80a0294:	4631      	mov	r1, r6
 80a0296:	e7a8      	b.n	80a01ea <loop+0x72>
else if (data > 930) {mode = COOL;}
 80a0298:	f240 32a2 	movw	r2, #930	; 0x3a2
 80a029c:	4293      	cmp	r3, r2
 80a029e:	bfcc      	ite	gt
 80a02a0:	2300      	movgt	r3, #0
else {mode = OFF;}
 80a02a2:	2301      	movle	r3, #1
 80a02a4:	7023      	strb	r3, [r4, #0]
 80a02a6:	e7d9      	b.n	80a025c <loop+0xe4>
else if (mode == OFF) {strip.setPixelColor(0, PixelColorGreen);}
 80a02a8:	2901      	cmp	r1, #1
 80a02aa:	d105      	bne.n	80a02b8 <loop+0x140>
 80a02ac:	4642      	mov	r2, r8
 80a02ae:	2100      	movs	r1, #0
 80a02b0:	4808      	ldr	r0, [pc, #32]	; (80a02d4 <loop+0x15c>)
 80a02b2:	f001 f92b 	bl	80a150c <_ZN17Adafruit_NeoPixel13setPixelColorEtm>
 80a02b6:	e7d7      	b.n	80a0268 <loop+0xf0>
else if (mode == HEAT) {strip.setPixelColor(0, PixelColorRed);}
 80a02b8:	2902      	cmp	r1, #2
 80a02ba:	d1d5      	bne.n	80a0268 <loop+0xf0>
 80a02bc:	463a      	mov	r2, r7
 80a02be:	2100      	movs	r1, #0
 80a02c0:	4804      	ldr	r0, [pc, #16]	; (80a02d4 <loop+0x15c>)
 80a02c2:	f001 f923 	bl	80a150c <_ZN17Adafruit_NeoPixel13setPixelColorEtm>
 80a02c6:	e7cf      	b.n	80a0268 <loop+0xf0>
 80a02c8:	cccccccd 	.word	0xcccccccd
 80a02cc:	4028cccc 	.word	0x4028cccc
 80a02d0:	20000008 	.word	0x20000008
 80a02d4:	20000080 	.word	0x20000080
 80a02d8:	2000007c 	.word	0x2000007c
 80a02dc:	080a312c 	.word	0x080a312c
 80a02e0:	080a312e 	.word	0x080a312e

080a02e4 <_GLOBAL__sub_I_mode>:
Adafruit_NeoPixel strip = Adafruit_NeoPixel(PIXEL_COUNT, PIXEL_PIN, PIXEL_TYPE);
 80a02e4:	4b04      	ldr	r3, [pc, #16]	; (80a02f8 <_GLOBAL__sub_I_mode+0x14>)
 80a02e6:	4a05      	ldr	r2, [pc, #20]	; (80a02fc <_GLOBAL__sub_I_mode+0x18>)
 80a02e8:	4905      	ldr	r1, [pc, #20]	; (80a0300 <_GLOBAL__sub_I_mode+0x1c>)
 80a02ea:	781b      	ldrb	r3, [r3, #0]
 80a02ec:	7812      	ldrb	r2, [r2, #0]
 80a02ee:	8809      	ldrh	r1, [r1, #0]
 80a02f0:	4804      	ldr	r0, [pc, #16]	; (80a0304 <_GLOBAL__sub_I_mode+0x20>)
 80a02f2:	f000 b84a 	b.w	80a038a <_ZN17Adafruit_NeoPixelC1Ethh>
 80a02f6:	bf00      	nop
 80a02f8:	20000078 	.word	0x20000078
 80a02fc:	20000004 	.word	0x20000004
 80a0300:	20000000 	.word	0x20000000
 80a0304:	20000080 	.word	0x20000080

080a0308 <_ZN17Adafruit_NeoPixel12updateLengthEt>:
Adafruit_NeoPixel::~Adafruit_NeoPixel() {
  if (pixels) free(pixels);
  if (begun) pinMode(pin, INPUT);
}

void Adafruit_NeoPixel::updateLength(uint16_t n) {
 80a0308:	b538      	push	{r3, r4, r5, lr}
 80a030a:	4604      	mov	r4, r0
  if (pixels) free(pixels); // Free existing data (if any)
 80a030c:	68c0      	ldr	r0, [r0, #12]
void Adafruit_NeoPixel::updateLength(uint16_t n) {
 80a030e:	460d      	mov	r5, r1
  if (pixels) free(pixels); // Free existing data (if any)
 80a0310:	b108      	cbz	r0, 80a0316 <_ZN17Adafruit_NeoPixel12updateLengthEt+0xe>
 80a0312:	f001 fb13 	bl	80a193c <free>

  // Allocate new data -- note: ALL PIXELS ARE CLEARED
  numBytes = n * ((type == SK6812RGBW) ? 4 : 3);
 80a0316:	79a3      	ldrb	r3, [r4, #6]
 80a0318:	2b06      	cmp	r3, #6
 80a031a:	bf0c      	ite	eq
 80a031c:	2004      	moveq	r0, #4
 80a031e:	2003      	movne	r0, #3
 80a0320:	4368      	muls	r0, r5
 80a0322:	b280      	uxth	r0, r0
 80a0324:	80a0      	strh	r0, [r4, #4]
  if ((pixels = (uint8_t *)malloc(numBytes))) {
 80a0326:	f001 fb01 	bl	80a192c <malloc>
 80a032a:	60e0      	str	r0, [r4, #12]
 80a032c:	b128      	cbz	r0, 80a033a <_ZN17Adafruit_NeoPixel12updateLengthEt+0x32>
    memset(pixels, 0, numBytes);
 80a032e:	2100      	movs	r1, #0
 80a0330:	88a2      	ldrh	r2, [r4, #4]
 80a0332:	f002 fe33 	bl	80a2f9c <memset>
    numLEDs = n;
 80a0336:	8065      	strh	r5, [r4, #2]
  } else {
    numLEDs = numBytes = 0;
  }
}
 80a0338:	bd38      	pop	{r3, r4, r5, pc}
    numLEDs = numBytes = 0;
 80a033a:	80a0      	strh	r0, [r4, #4]
 80a033c:	8060      	strh	r0, [r4, #2]
}
 80a033e:	e7fb      	b.n	80a0338 <_ZN17Adafruit_NeoPixel12updateLengthEt+0x30>

080a0340 <_ZN17Adafruit_NeoPixel5beginEv>:

void Adafruit_NeoPixel::begin(void) {
 80a0340:	b510      	push	{r4, lr}
 80a0342:	4604      	mov	r4, r0
  pinMode(pin, OUTPUT);
 80a0344:	2101      	movs	r1, #1
 80a0346:	79c0      	ldrb	r0, [r0, #7]
 80a0348:	f002 f8ce 	bl	80a24e8 <pinMode>
  digitalWrite(pin, LOW);
 80a034c:	2100      	movs	r1, #0
 80a034e:	79e0      	ldrb	r0, [r4, #7]
 80a0350:	f002 f8db 	bl	80a250a <digitalWrite>
  begun = true;
 80a0354:	2301      	movs	r3, #1
 80a0356:	7023      	strb	r3, [r4, #0]
}
 80a0358:	bd10      	pop	{r4, pc}

080a035a <_ZN17Adafruit_NeoPixel6setPinEh>:

// Set the output pin number
void Adafruit_NeoPixel::setPin(uint8_t p) {
 80a035a:	b538      	push	{r3, r4, r5, lr}
    if (begun) {
 80a035c:	7803      	ldrb	r3, [r0, #0]
void Adafruit_NeoPixel::setPin(uint8_t p) {
 80a035e:	4605      	mov	r5, r0
 80a0360:	460c      	mov	r4, r1
    if (begun) {
 80a0362:	b11b      	cbz	r3, 80a036c <_ZN17Adafruit_NeoPixel6setPinEh+0x12>
        pinMode(pin, INPUT);
 80a0364:	2100      	movs	r1, #0
 80a0366:	79c0      	ldrb	r0, [r0, #7]
 80a0368:	f002 f8be 	bl	80a24e8 <pinMode>
    }
    pin = p;
    if (begun) {
 80a036c:	782b      	ldrb	r3, [r5, #0]
    pin = p;
 80a036e:	71ec      	strb	r4, [r5, #7]
    if (begun) {
 80a0370:	b153      	cbz	r3, 80a0388 <_ZN17Adafruit_NeoPixel6setPinEh+0x2e>
        pinMode(p, OUTPUT);
 80a0372:	b2a4      	uxth	r4, r4
 80a0374:	4620      	mov	r0, r4
 80a0376:	2101      	movs	r1, #1
 80a0378:	f002 f8b6 	bl	80a24e8 <pinMode>
        digitalWrite(p, LOW);
 80a037c:	4620      	mov	r0, r4
    }
}
 80a037e:	e8bd 4038 	ldmia.w	sp!, {r3, r4, r5, lr}
        digitalWrite(p, LOW);
 80a0382:	2100      	movs	r1, #0
 80a0384:	f002 b8c1 	b.w	80a250a <digitalWrite>
}
 80a0388:	bd38      	pop	{r3, r4, r5, pc}

080a038a <_ZN17Adafruit_NeoPixelC1Ethh>:
Adafruit_NeoPixel::Adafruit_NeoPixel(uint16_t n, uint8_t p, uint8_t t) :
 80a038a:	b570      	push	{r4, r5, r6, lr}
  begun(false), type(t), brightness(0), pixels(NULL), endTime(0)
 80a038c:	2500      	movs	r5, #0
Adafruit_NeoPixel::Adafruit_NeoPixel(uint16_t n, uint8_t p, uint8_t t) :
 80a038e:	4604      	mov	r4, r0
 80a0390:	4616      	mov	r6, r2
  begun(false), type(t), brightness(0), pixels(NULL), endTime(0)
 80a0392:	7183      	strb	r3, [r0, #6]
 80a0394:	e9c0 5503 	strd	r5, r5, [r0, #12]
 80a0398:	7005      	strb	r5, [r0, #0]
 80a039a:	7205      	strb	r5, [r0, #8]
  updateLength(n);
 80a039c:	f7ff ffb4 	bl	80a0308 <_ZN17Adafruit_NeoPixel12updateLengthEt>
  setPin(p);
 80a03a0:	4620      	mov	r0, r4
 80a03a2:	4631      	mov	r1, r6
 80a03a4:	f7ff ffd9 	bl	80a035a <_ZN17Adafruit_NeoPixel6setPinEh>
}
 80a03a8:	4620      	mov	r0, r4
 80a03aa:	bd70      	pop	{r4, r5, r6, pc}

080a03ac <_ZN17Adafruit_NeoPixel4showEv>:

void Adafruit_NeoPixel::show(void) {
  if(!pixels) return;
 80a03ac:	68c3      	ldr	r3, [r0, #12]
 80a03ae:	2b00      	cmp	r3, #0
 80a03b0:	f000 8441 	beq.w	80a0c36 <_ZN17Adafruit_NeoPixel4showEv+0x88a>
void Adafruit_NeoPixel::show(void) {
 80a03b4:	b5f0      	push	{r4, r5, r6, r7, lr}
 80a03b6:	7983      	ldrb	r3, [r0, #6]
 80a03b8:	4604      	mov	r4, r0
  // the function will simply hold off (if needed) on issuing the
  // subsequent round of data until the latch time has elapsed.  This
  // allows the mainline code to start generating the next frame of data
  // rather than stalling for the latch.
  uint32_t wait_time; // wait time in microseconds.
  switch(type) {
 80a03ba:	3b02      	subs	r3, #2
 80a03bc:	b2db      	uxtb	r3, r3
 80a03be:	2b04      	cmp	r3, #4
 80a03c0:	bf8c      	ite	hi
 80a03c2:	2532      	movhi	r5, #50	; 0x32
 80a03c4:	4a28      	ldrls	r2, [pc, #160]	; (80a0468 <_ZN17Adafruit_NeoPixel4showEv+0xbc>)
void Adafruit_NeoPixel::show(void) {
 80a03c6:	b087      	sub	sp, #28
 80a03c8:	bf98      	it	ls
 80a03ca:	f852 5023 	ldrls.w	r5, [r2, r3, lsl #2]
#ifdef __cplusplus
extern "C" {
#endif

inline system_tick_t millis(void) { return HAL_Timer_Get_Milli_Seconds(); }
inline unsigned long micros(void) { return HAL_Timer_Get_Micro_Seconds(); }
 80a03ce:	f001 f927 	bl	80a1620 <HAL_Timer_Get_Micro_Seconds>
    case WS2812B2_FAST:
    default: {   // default = 50us reset pulse
        wait_time = 50L;
      } break;
  }
  while((micros() - endTime) < wait_time);
 80a03d2:	6923      	ldr	r3, [r4, #16]
 80a03d4:	1ac0      	subs	r0, r0, r3
 80a03d6:	42a8      	cmp	r0, r5
 80a03d8:	d3f9      	bcc.n	80a03ce <_ZN17Adafruit_NeoPixel4showEv+0x22>
  This function disables IRQ interrupts by setting the I-bit in the CPSR.
  Can only be executed in Privileged modes.
 */
__attribute__( ( always_inline ) ) __STATIC_INLINE void __disable_irq(void)
{
  __ASM volatile ("cpsid i");
 80a03da:	b672      	cpsid	i
  __disable_irq(); // Need 100% focus on instruction timing

  volatile uint32_t
    c,    // 24-bit/32-bit pixel color
    mask; // 1-bit mask
  volatile uint16_t i = numBytes; // Output loop counter
 80a03dc:	88a3      	ldrh	r3, [r4, #4]
    g,              // Current green byte value
    r,              // Current red byte value
    b,              // Current blue byte value
    w;              // Current white byte value

  if(type == WS2812B || type == WS2812B_FAST) { // Same as WS2812 & WS2813, 800 KHz bitstream
 80a03de:	79a5      	ldrb	r5, [r4, #6]
  volatile uint16_t i = numBytes; // Output loop counter
 80a03e0:	f8ad 300a 	strh.w	r3, [sp, #10]
    while(i) { // While bytes left... (3 bytes = 1 pixel)
 80a03e4:	f8bd 300a 	ldrh.w	r3, [sp, #10]
  if(type == WS2812B || type == WS2812B_FAST) { // Same as WS2812 & WS2813, 800 KHz bitstream
 80a03e8:	2d02      	cmp	r5, #2
   *ptr = pixels,   // Pointer to next byte
 80a03ea:	68e1      	ldr	r1, [r4, #12]
    while(i) { // While bytes left... (3 bytes = 1 pixel)
 80a03ec:	b29b      	uxth	r3, r3
  if(type == WS2812B || type == WS2812B_FAST) { // Same as WS2812 & WS2813, 800 KHz bitstream
 80a03ee:	f000 826e 	beq.w	80a08ce <_ZN17Adafruit_NeoPixel4showEv+0x522>
 80a03f2:	2d07      	cmp	r5, #7
 80a03f4:	f000 826b 	beq.w	80a08ce <_ZN17Adafruit_NeoPixel4showEv+0x522>
        }
        mask >>= 1;
      } while ( ++j < 24 ); // ... pixel done
    } // end while(i) ... no more pixels
  }
  else if(type == SK6812RGBW) { // similar to WS2812, 800 KHz bitstream but with RGB+W components
 80a03f8:	2d06      	cmp	r5, #6
 80a03fa:	f000 841d 	beq.w	80a0c38 <_ZN17Adafruit_NeoPixel4showEv+0x88c>
        }
        mask >>= 1;
      } while ( ++j < 32 ); // ... pixel done
    } // end while(i) ... no more pixels
  }
  else if(type == WS2812B2 || type == WS2812B2_FAST) { // WS2812B with DWT timer
 80a03fe:	2d05      	cmp	r5, #5
 80a0400:	f000 83a1 	beq.w	80a0b46 <_ZN17Adafruit_NeoPixel4showEv+0x79a>
 80a0404:	2d08      	cmp	r5, #8
 80a0406:	f000 839e 	beq.w	80a0b46 <_ZN17Adafruit_NeoPixel4showEv+0x79a>
        mask >>= 1;
      } while ( ++j < 24 ); // ... pixel done
    } // end while(i) ... no more pixels
#endif
  }
  else if(type == WS2811) { // WS2811, 400 KHz bitstream
 80a040a:	2d00      	cmp	r5, #0
 80a040c:	f040 854f 	bne.w	80a0eae <_ZN17Adafruit_NeoPixel4showEv+0xb02>
    while(i) { // While bytes left... (3 bytes = 1 pixel)
 80a0410:	2b00      	cmp	r3, #0
 80a0412:	f000 8392 	beq.w	80a0b3a <_ZN17Adafruit_NeoPixel4showEv+0x78e>
      mask = 0x800000; // reset the mask
 80a0416:	f44f 0600 	mov.w	r6, #8388608	; 0x800000
 80a041a:	4a14      	ldr	r2, [pc, #80]	; (80a046c <_ZN17Adafruit_NeoPixel4showEv+0xc0>)
 80a041c:	9604      	str	r6, [sp, #16]
      i = i-3;      // decrement bytes remaining
 80a041e:	f8bd 300a 	ldrh.w	r3, [sp, #10]
      r = *ptr++;   // Next red byte value
      g = *ptr++;   // Next green byte value
      b = *ptr++;   // Next blue byte value
 80a0422:	3103      	adds	r1, #3
      i = i-3;      // decrement bytes remaining
 80a0424:	3b03      	subs	r3, #3
 80a0426:	b29b      	uxth	r3, r3
 80a0428:	f8ad 300a 	strh.w	r3, [sp, #10]
      r = *ptr++;   // Next red byte value
 80a042c:	f811 3c03 	ldrb.w	r3, [r1, #-3]
 80a0430:	b2db      	uxtb	r3, r3
 80a0432:	f88d 3007 	strb.w	r3, [sp, #7]
      g = *ptr++;   // Next green byte value
 80a0436:	f811 3c02 	ldrb.w	r3, [r1, #-2]
 80a043a:	b2db      	uxtb	r3, r3
 80a043c:	f88d 3006 	strb.w	r3, [sp, #6]
      b = *ptr++;   // Next blue byte value
 80a0440:	f811 3c01 	ldrb.w	r3, [r1, #-1]
 80a0444:	b2db      	uxtb	r3, r3
 80a0446:	f88d 3008 	strb.w	r3, [sp, #8]
      c = ((uint32_t)r << 16) | ((uint32_t)g <<  8) | b; // Pack the next 3 bytes to keep timing tight
 80a044a:	f89d 7007 	ldrb.w	r7, [sp, #7]
 80a044e:	f89d 3006 	ldrb.w	r3, [sp, #6]
 80a0452:	f89d 0008 	ldrb.w	r0, [sp, #8]
 80a0456:	021b      	lsls	r3, r3, #8
 80a0458:	ea43 4307 	orr.w	r3, r3, r7, lsl #16
 80a045c:	4303      	orrs	r3, r0
 80a045e:	9303      	str	r3, [sp, #12]
      j = 0;        // reset the 24-bit counter
 80a0460:	f88d 5005 	strb.w	r5, [sp, #5]
 80a0464:	e11b      	b.n	80a069e <_ZN17Adafruit_NeoPixel4showEv+0x2f2>
 80a0466:	bf00      	nop
 80a0468:	080a3130 	.word	0x080a3130
 80a046c:	20000094 	.word	0x20000094
            "nop" "\n\t" "nop" "\n\t" "nop" "\n\t" "nop" "\n\t" "nop" "\n\t"
            "nop" "\n\t" "nop" "\n\t" "nop" "\n\t" "nop" "\n\t" "nop" "\n\t"
            "nop" "\n\t" "nop" "\n\t" "nop" "\n\t" "nop" "\n\t" "nop" "\n\t"
            "nop" "\n\t" "nop" "\n\t"
#endif
            ::: "r0", "cc", "memory");
 80a0470:	4600      	mov	r0, r0
 80a0472:	bf00      	nop
 80a0474:	bf00      	nop
 80a0476:	bf00      	nop
 80a0478:	bf00      	nop
 80a047a:	bf00      	nop
 80a047c:	bf00      	nop
 80a047e:	bf00      	nop
 80a0480:	bf00      	nop
 80a0482:	bf00      	nop
 80a0484:	bf00      	nop
 80a0486:	bf00      	nop
 80a0488:	bf00      	nop
 80a048a:	bf00      	nop
 80a048c:	bf00      	nop
 80a048e:	bf00      	nop
 80a0490:	bf00      	nop
 80a0492:	bf00      	nop
 80a0494:	bf00      	nop
 80a0496:	bf00      	nop
 80a0498:	bf00      	nop
 80a049a:	bf00      	nop
 80a049c:	bf00      	nop
 80a049e:	bf00      	nop
 80a04a0:	bf00      	nop
 80a04a2:	bf00      	nop
 80a04a4:	bf00      	nop
 80a04a6:	bf00      	nop
 80a04a8:	bf00      	nop
 80a04aa:	bf00      	nop
 80a04ac:	bf00      	nop
 80a04ae:	bf00      	nop
 80a04b0:	bf00      	nop
 80a04b2:	bf00      	nop
 80a04b4:	bf00      	nop
 80a04b6:	bf00      	nop
 80a04b8:	bf00      	nop
 80a04ba:	bf00      	nop
 80a04bc:	bf00      	nop
 80a04be:	bf00      	nop
 80a04c0:	bf00      	nop
 80a04c2:	bf00      	nop
 80a04c4:	bf00      	nop
 80a04c6:	bf00      	nop
 80a04c8:	bf00      	nop
 80a04ca:	bf00      	nop
 80a04cc:	bf00      	nop
 80a04ce:	bf00      	nop
 80a04d0:	bf00      	nop
 80a04d2:	bf00      	nop
 80a04d4:	bf00      	nop
 80a04d6:	bf00      	nop
 80a04d8:	bf00      	nop
 80a04da:	bf00      	nop
 80a04dc:	bf00      	nop
 80a04de:	bf00      	nop
 80a04e0:	bf00      	nop
 80a04e2:	bf00      	nop
 80a04e4:	bf00      	nop
 80a04e6:	bf00      	nop
 80a04e8:	bf00      	nop
 80a04ea:	bf00      	nop
 80a04ec:	bf00      	nop
 80a04ee:	bf00      	nop
 80a04f0:	bf00      	nop
 80a04f2:	bf00      	nop
 80a04f4:	bf00      	nop
 80a04f6:	bf00      	nop
 80a04f8:	bf00      	nop
 80a04fa:	bf00      	nop
 80a04fc:	bf00      	nop
 80a04fe:	bf00      	nop
 80a0500:	bf00      	nop
 80a0502:	bf00      	nop
 80a0504:	bf00      	nop
 80a0506:	bf00      	nop
 80a0508:	bf00      	nop
 80a050a:	bf00      	nop
 80a050c:	bf00      	nop
 80a050e:	bf00      	nop
 80a0510:	bf00      	nop
 80a0512:	bf00      	nop
 80a0514:	bf00      	nop
 80a0516:	bf00      	nop
 80a0518:	bf00      	nop
 80a051a:	bf00      	nop
 80a051c:	bf00      	nop
 80a051e:	bf00      	nop
 80a0520:	bf00      	nop
 80a0522:	bf00      	nop
 80a0524:	bf00      	nop
 80a0526:	bf00      	nop
 80a0528:	bf00      	nop
 80a052a:	bf00      	nop
 80a052c:	bf00      	nop
 80a052e:	bf00      	nop
 80a0530:	bf00      	nop
 80a0532:	bf00      	nop
 80a0534:	bf00      	nop
 80a0536:	bf00      	nop
 80a0538:	bf00      	nop
 80a053a:	bf00      	nop
 80a053c:	bf00      	nop
 80a053e:	bf00      	nop
 80a0540:	bf00      	nop
 80a0542:	bf00      	nop
 80a0544:	bf00      	nop
 80a0546:	bf00      	nop
 80a0548:	bf00      	nop
 80a054a:	bf00      	nop
 80a054c:	bf00      	nop
 80a054e:	bf00      	nop
 80a0550:	bf00      	nop
 80a0552:	bf00      	nop
 80a0554:	bf00      	nop
 80a0556:	bf00      	nop
 80a0558:	bf00      	nop
 80a055a:	bf00      	nop
 80a055c:	bf00      	nop
 80a055e:	bf00      	nop
 80a0560:	bf00      	nop
 80a0562:	bf00      	nop
 80a0564:	bf00      	nop
 80a0566:	bf00      	nop
 80a0568:	bf00      	nop
 80a056a:	bf00      	nop
 80a056c:	bf00      	nop
 80a056e:	bf00      	nop
 80a0570:	bf00      	nop
 80a0572:	bf00      	nop
 80a0574:	bf00      	nop
 80a0576:	bf00      	nop
          // WS2811 spec             1.30us LOW
          // Adafruit on Arduino    (meas. 1.25us)
          // This lib on Spark Core (meas. 1.24us)
          // This lib on Photon     (meas. 1.24us)
          pinSet(pin, LOW); // LOW
 80a0578:	79e3      	ldrb	r3, [r4, #7]
 80a057a:	6810      	ldr	r0, [r2, #0]
 80a057c:	ebc3 03c3 	rsb	r3, r3, r3, lsl #3
 80a0580:	eb00 0783 	add.w	r7, r0, r3, lsl #2
 80a0584:	88bf      	ldrh	r7, [r7, #4]
 80a0586:	f850 3023 	ldr.w	r3, [r0, r3, lsl #2]
 80a058a:	835f      	strh	r7, [r3, #26]
            "nop" "\n\t" "nop" "\n\t" "nop" "\n\t" "nop" "\n\t" "nop" "\n\t"
            "nop" "\n\t" "nop" "\n\t" "nop" "\n\t" "nop" "\n\t" "nop" "\n\t"
            "nop" "\n\t" "nop" "\n\t" "nop" "\n\t" "nop" "\n\t" "nop" "\n\t"
            "nop" "\n\t" "nop" "\n\t" "nop" "\n\t"
#endif
            ::: "r0", "cc", "memory");
 80a058c:	4600      	mov	r0, r0
 80a058e:	bf00      	nop
 80a0590:	bf00      	nop
 80a0592:	bf00      	nop
 80a0594:	bf00      	nop
 80a0596:	bf00      	nop
 80a0598:	bf00      	nop
 80a059a:	bf00      	nop
 80a059c:	bf00      	nop
 80a059e:	bf00      	nop
 80a05a0:	bf00      	nop
 80a05a2:	bf00      	nop
 80a05a4:	bf00      	nop
 80a05a6:	bf00      	nop
 80a05a8:	bf00      	nop
 80a05aa:	bf00      	nop
 80a05ac:	bf00      	nop
 80a05ae:	bf00      	nop
 80a05b0:	bf00      	nop
 80a05b2:	bf00      	nop
 80a05b4:	bf00      	nop
 80a05b6:	bf00      	nop
 80a05b8:	bf00      	nop
 80a05ba:	bf00      	nop
 80a05bc:	bf00      	nop
 80a05be:	bf00      	nop
 80a05c0:	bf00      	nop
 80a05c2:	bf00      	nop
 80a05c4:	bf00      	nop
 80a05c6:	bf00      	nop
 80a05c8:	bf00      	nop
 80a05ca:	bf00      	nop
 80a05cc:	bf00      	nop
 80a05ce:	bf00      	nop
 80a05d0:	bf00      	nop
 80a05d2:	bf00      	nop
 80a05d4:	bf00      	nop
 80a05d6:	bf00      	nop
 80a05d8:	bf00      	nop
 80a05da:	bf00      	nop
 80a05dc:	bf00      	nop
 80a05de:	bf00      	nop
 80a05e0:	bf00      	nop
 80a05e2:	bf00      	nop
 80a05e4:	bf00      	nop
 80a05e6:	bf00      	nop
 80a05e8:	bf00      	nop
 80a05ea:	bf00      	nop
 80a05ec:	bf00      	nop
 80a05ee:	bf00      	nop
 80a05f0:	bf00      	nop
 80a05f2:	bf00      	nop
 80a05f4:	bf00      	nop
 80a05f6:	bf00      	nop
 80a05f8:	bf00      	nop
 80a05fa:	bf00      	nop
 80a05fc:	bf00      	nop
 80a05fe:	bf00      	nop
 80a0600:	bf00      	nop
 80a0602:	bf00      	nop
 80a0604:	bf00      	nop
 80a0606:	bf00      	nop
 80a0608:	bf00      	nop
 80a060a:	bf00      	nop
 80a060c:	bf00      	nop
 80a060e:	bf00      	nop
 80a0610:	bf00      	nop
 80a0612:	bf00      	nop
 80a0614:	bf00      	nop
 80a0616:	bf00      	nop
 80a0618:	bf00      	nop
 80a061a:	bf00      	nop
 80a061c:	bf00      	nop
 80a061e:	bf00      	nop
 80a0620:	bf00      	nop
 80a0622:	bf00      	nop
 80a0624:	bf00      	nop
 80a0626:	bf00      	nop
 80a0628:	bf00      	nop
 80a062a:	bf00      	nop
 80a062c:	bf00      	nop
 80a062e:	bf00      	nop
 80a0630:	bf00      	nop
 80a0632:	bf00      	nop
 80a0634:	bf00      	nop
 80a0636:	bf00      	nop
 80a0638:	bf00      	nop
 80a063a:	bf00      	nop
 80a063c:	bf00      	nop
 80a063e:	bf00      	nop
 80a0640:	bf00      	nop
 80a0642:	bf00      	nop
 80a0644:	bf00      	nop
 80a0646:	bf00      	nop
 80a0648:	bf00      	nop
 80a064a:	bf00      	nop
 80a064c:	bf00      	nop
 80a064e:	bf00      	nop
 80a0650:	bf00      	nop
 80a0652:	bf00      	nop
 80a0654:	bf00      	nop
 80a0656:	bf00      	nop
 80a0658:	bf00      	nop
 80a065a:	bf00      	nop
 80a065c:	bf00      	nop
 80a065e:	bf00      	nop
 80a0660:	bf00      	nop
 80a0662:	bf00      	nop
 80a0664:	bf00      	nop
 80a0666:	bf00      	nop
 80a0668:	bf00      	nop
 80a066a:	bf00      	nop
 80a066c:	bf00      	nop
 80a066e:	bf00      	nop
 80a0670:	bf00      	nop
 80a0672:	bf00      	nop
 80a0674:	bf00      	nop
 80a0676:	bf00      	nop
 80a0678:	bf00      	nop
 80a067a:	bf00      	nop
 80a067c:	bf00      	nop
 80a067e:	bf00      	nop
 80a0680:	bf00      	nop
 80a0682:	bf00      	nop
 80a0684:	bf00      	nop
            "nop" "\n\t" "nop" "\n\t" "nop" "\n\t" "nop" "\n\t" "nop" "\n\t"
            "nop" "\n\t" "nop" "\n\t" "nop" "\n\t" "nop" "\n\t" "nop" "\n\t"
#endif
            ::: "r0", "cc", "memory");
        }
        mask >>= 1;
 80a0686:	9b04      	ldr	r3, [sp, #16]
 80a0688:	085b      	lsrs	r3, r3, #1
 80a068a:	9304      	str	r3, [sp, #16]
      } while ( ++j < 24 ); // ... pixel done
 80a068c:	f89d 3005 	ldrb.w	r3, [sp, #5]
 80a0690:	3301      	adds	r3, #1
 80a0692:	b2db      	uxtb	r3, r3
 80a0694:	2b17      	cmp	r3, #23
 80a0696:	f88d 3005 	strb.w	r3, [sp, #5]
 80a069a:	f200 8727 	bhi.w	80a14ec <_ZN17Adafruit_NeoPixel4showEv+0x1140>
        pinSet(pin, HIGH); // HIGH
 80a069e:	79e3      	ldrb	r3, [r4, #7]
 80a06a0:	6810      	ldr	r0, [r2, #0]
 80a06a2:	ebc3 03c3 	rsb	r3, r3, r3, lsl #3
 80a06a6:	eb00 0783 	add.w	r7, r0, r3, lsl #2
 80a06aa:	88bf      	ldrh	r7, [r7, #4]
 80a06ac:	f850 3023 	ldr.w	r3, [r0, r3, lsl #2]
 80a06b0:	831f      	strh	r7, [r3, #24]
        if (c & mask) { // if masked bit is high
 80a06b2:	9803      	ldr	r0, [sp, #12]
 80a06b4:	9b04      	ldr	r3, [sp, #16]
 80a06b6:	4218      	tst	r0, r3
 80a06b8:	f47f aeda 	bne.w	80a0470 <_ZN17Adafruit_NeoPixel4showEv+0xc4>
            ::: "r0", "cc", "memory");
 80a06bc:	4600      	mov	r0, r0
 80a06be:	bf00      	nop
 80a06c0:	bf00      	nop
 80a06c2:	bf00      	nop
 80a06c4:	bf00      	nop
 80a06c6:	bf00      	nop
 80a06c8:	bf00      	nop
 80a06ca:	bf00      	nop
 80a06cc:	bf00      	nop
 80a06ce:	bf00      	nop
 80a06d0:	bf00      	nop
 80a06d2:	bf00      	nop
 80a06d4:	bf00      	nop
 80a06d6:	bf00      	nop
 80a06d8:	bf00      	nop
 80a06da:	bf00      	nop
 80a06dc:	bf00      	nop
 80a06de:	bf00      	nop
 80a06e0:	bf00      	nop
 80a06e2:	bf00      	nop
 80a06e4:	bf00      	nop
 80a06e6:	bf00      	nop
 80a06e8:	bf00      	nop
 80a06ea:	bf00      	nop
 80a06ec:	bf00      	nop
 80a06ee:	bf00      	nop
 80a06f0:	bf00      	nop
 80a06f2:	bf00      	nop
 80a06f4:	bf00      	nop
 80a06f6:	bf00      	nop
 80a06f8:	bf00      	nop
 80a06fa:	bf00      	nop
 80a06fc:	bf00      	nop
 80a06fe:	bf00      	nop
 80a0700:	bf00      	nop
 80a0702:	bf00      	nop
 80a0704:	bf00      	nop
 80a0706:	bf00      	nop
 80a0708:	bf00      	nop
 80a070a:	bf00      	nop
 80a070c:	bf00      	nop
          pinSet(pin, LOW); // LOW
 80a070e:	79e3      	ldrb	r3, [r4, #7]
 80a0710:	6810      	ldr	r0, [r2, #0]
 80a0712:	ebc3 03c3 	rsb	r3, r3, r3, lsl #3
 80a0716:	eb00 0783 	add.w	r7, r0, r3, lsl #2
 80a071a:	88bf      	ldrh	r7, [r7, #4]
 80a071c:	f850 3023 	ldr.w	r3, [r0, r3, lsl #2]
 80a0720:	835f      	strh	r7, [r3, #26]
            ::: "r0", "cc", "memory");
 80a0722:	4600      	mov	r0, r0
 80a0724:	bf00      	nop
 80a0726:	bf00      	nop
 80a0728:	bf00      	nop
 80a072a:	bf00      	nop
 80a072c:	bf00      	nop
 80a072e:	bf00      	nop
 80a0730:	bf00      	nop
 80a0732:	bf00      	nop
 80a0734:	bf00      	nop
 80a0736:	bf00      	nop
 80a0738:	bf00      	nop
 80a073a:	bf00      	nop
 80a073c:	bf00      	nop
 80a073e:	bf00      	nop
 80a0740:	bf00      	nop
 80a0742:	bf00      	nop
 80a0744:	bf00      	nop
 80a0746:	bf00      	nop
 80a0748:	bf00      	nop
 80a074a:	bf00      	nop
 80a074c:	bf00      	nop
 80a074e:	bf00      	nop
 80a0750:	bf00      	nop
 80a0752:	bf00      	nop
 80a0754:	bf00      	nop
 80a0756:	bf00      	nop
 80a0758:	bf00      	nop
 80a075a:	bf00      	nop
 80a075c:	bf00      	nop
 80a075e:	bf00      	nop
 80a0760:	bf00      	nop
 80a0762:	bf00      	nop
 80a0764:	bf00      	nop
 80a0766:	bf00      	nop
 80a0768:	bf00      	nop
 80a076a:	bf00      	nop
 80a076c:	bf00      	nop
 80a076e:	bf00      	nop
 80a0770:	bf00      	nop
 80a0772:	bf00      	nop
 80a0774:	bf00      	nop
 80a0776:	bf00      	nop
 80a0778:	bf00      	nop
 80a077a:	bf00      	nop
 80a077c:	bf00      	nop
 80a077e:	bf00      	nop
 80a0780:	bf00      	nop
 80a0782:	bf00      	nop
 80a0784:	bf00      	nop
 80a0786:	bf00      	nop
 80a0788:	bf00      	nop
 80a078a:	bf00      	nop
 80a078c:	bf00      	nop
 80a078e:	bf00      	nop
 80a0790:	bf00      	nop
 80a0792:	bf00      	nop
 80a0794:	bf00      	nop
 80a0796:	bf00      	nop
 80a0798:	bf00      	nop
 80a079a:	bf00      	nop
 80a079c:	bf00      	nop
 80a079e:	bf00      	nop
 80a07a0:	bf00      	nop
 80a07a2:	bf00      	nop
 80a07a4:	bf00      	nop
 80a07a6:	bf00      	nop
 80a07a8:	bf00      	nop
 80a07aa:	bf00      	nop
 80a07ac:	bf00      	nop
 80a07ae:	bf00      	nop
 80a07b0:	bf00      	nop
 80a07b2:	bf00      	nop
 80a07b4:	bf00      	nop
 80a07b6:	bf00      	nop
 80a07b8:	bf00      	nop
 80a07ba:	bf00      	nop
 80a07bc:	bf00      	nop
 80a07be:	bf00      	nop
 80a07c0:	bf00      	nop
 80a07c2:	bf00      	nop
 80a07c4:	bf00      	nop
 80a07c6:	bf00      	nop
 80a07c8:	bf00      	nop
 80a07ca:	bf00      	nop
 80a07cc:	bf00      	nop
 80a07ce:	bf00      	nop
 80a07d0:	bf00      	nop
 80a07d2:	bf00      	nop
 80a07d4:	bf00      	nop
 80a07d6:	bf00      	nop
 80a07d8:	bf00      	nop
 80a07da:	bf00      	nop
 80a07dc:	bf00      	nop
 80a07de:	bf00      	nop
 80a07e0:	bf00      	nop
 80a07e2:	bf00      	nop
 80a07e4:	bf00      	nop
 80a07e6:	bf00      	nop
 80a07e8:	bf00      	nop
 80a07ea:	bf00      	nop
 80a07ec:	bf00      	nop
 80a07ee:	bf00      	nop
 80a07f0:	bf00      	nop
 80a07f2:	bf00      	nop
 80a07f4:	bf00      	nop
 80a07f6:	bf00      	nop
 80a07f8:	bf00      	nop
 80a07fa:	bf00      	nop
 80a07fc:	bf00      	nop
 80a07fe:	bf00      	nop
 80a0800:	bf00      	nop
 80a0802:	bf00      	nop
 80a0804:	bf00      	nop
 80a0806:	bf00      	nop
 80a0808:	bf00      	nop
 80a080a:	bf00      	nop
 80a080c:	bf00      	nop
 80a080e:	bf00      	nop
 80a0810:	bf00      	nop
 80a0812:	bf00      	nop
 80a0814:	bf00      	nop
 80a0816:	bf00      	nop
 80a0818:	bf00      	nop
 80a081a:	bf00      	nop
 80a081c:	bf00      	nop
 80a081e:	bf00      	nop
 80a0820:	bf00      	nop
 80a0822:	bf00      	nop
 80a0824:	bf00      	nop
 80a0826:	bf00      	nop
 80a0828:	bf00      	nop
 80a082a:	bf00      	nop
 80a082c:	bf00      	nop
 80a082e:	bf00      	nop
 80a0830:	bf00      	nop
 80a0832:	bf00      	nop
 80a0834:	bf00      	nop
 80a0836:	bf00      	nop
 80a0838:	bf00      	nop
 80a083a:	bf00      	nop
 80a083c:	bf00      	nop
 80a083e:	bf00      	nop
 80a0840:	bf00      	nop
 80a0842:	bf00      	nop
 80a0844:	bf00      	nop
 80a0846:	bf00      	nop
 80a0848:	bf00      	nop
 80a084a:	bf00      	nop
 80a084c:	bf00      	nop
 80a084e:	bf00      	nop
 80a0850:	bf00      	nop
 80a0852:	bf00      	nop
 80a0854:	bf00      	nop
 80a0856:	bf00      	nop
 80a0858:	bf00      	nop
 80a085a:	bf00      	nop
 80a085c:	bf00      	nop
 80a085e:	bf00      	nop
 80a0860:	bf00      	nop
 80a0862:	bf00      	nop
 80a0864:	bf00      	nop
 80a0866:	bf00      	nop
 80a0868:	bf00      	nop
 80a086a:	bf00      	nop
 80a086c:	bf00      	nop
 80a086e:	bf00      	nop
 80a0870:	bf00      	nop
 80a0872:	bf00      	nop
 80a0874:	bf00      	nop
 80a0876:	bf00      	nop
 80a0878:	bf00      	nop
 80a087a:	bf00      	nop
 80a087c:	bf00      	nop
 80a087e:	bf00      	nop
 80a0880:	bf00      	nop
 80a0882:	bf00      	nop
 80a0884:	bf00      	nop
 80a0886:	bf00      	nop
 80a0888:	bf00      	nop
 80a088a:	bf00      	nop
 80a088c:	bf00      	nop
 80a088e:	bf00      	nop
 80a0890:	bf00      	nop
 80a0892:	bf00      	nop
 80a0894:	bf00      	nop
 80a0896:	bf00      	nop
 80a0898:	bf00      	nop
 80a089a:	bf00      	nop
 80a089c:	bf00      	nop
 80a089e:	bf00      	nop
 80a08a0:	bf00      	nop
 80a08a2:	bf00      	nop
 80a08a4:	bf00      	nop
 80a08a6:	bf00      	nop
 80a08a8:	bf00      	nop
 80a08aa:	bf00      	nop
 80a08ac:	bf00      	nop
 80a08ae:	bf00      	nop
 80a08b0:	bf00      	nop
 80a08b2:	bf00      	nop
 80a08b4:	bf00      	nop
 80a08b6:	bf00      	nop
 80a08b8:	bf00      	nop
 80a08ba:	bf00      	nop
 80a08bc:	bf00      	nop
 80a08be:	bf00      	nop
 80a08c0:	bf00      	nop
 80a08c2:	bf00      	nop
 80a08c4:	bf00      	nop
 80a08c6:	bf00      	nop
 80a08c8:	bf00      	nop
 80a08ca:	bf00      	nop
 80a08cc:	e6db      	b.n	80a0686 <_ZN17Adafruit_NeoPixel4showEv+0x2da>
    while(i) { // While bytes left... (3 bytes = 1 pixel)
 80a08ce:	2b00      	cmp	r3, #0
 80a08d0:	f000 8133 	beq.w	80a0b3a <_ZN17Adafruit_NeoPixel4showEv+0x78e>
      mask = 0x800000; // reset the mask
 80a08d4:	f44f 0500 	mov.w	r5, #8388608	; 0x800000
      j = 0;        // reset the 24-bit counter
 80a08d8:	2600      	movs	r6, #0
 80a08da:	4a13      	ldr	r2, [pc, #76]	; (80a0928 <_ZN17Adafruit_NeoPixel4showEv+0x57c>)
      mask = 0x800000; // reset the mask
 80a08dc:	9504      	str	r5, [sp, #16]
      i = i-3;      // decrement bytes remaining
 80a08de:	f8bd 300a 	ldrh.w	r3, [sp, #10]
      b = *ptr++;   // Next blue byte value
 80a08e2:	3103      	adds	r1, #3
      i = i-3;      // decrement bytes remaining
 80a08e4:	3b03      	subs	r3, #3
 80a08e6:	b29b      	uxth	r3, r3
 80a08e8:	f8ad 300a 	strh.w	r3, [sp, #10]
      g = *ptr++;   // Next green byte value
 80a08ec:	f811 3c03 	ldrb.w	r3, [r1, #-3]
 80a08f0:	b2db      	uxtb	r3, r3
 80a08f2:	f88d 3006 	strb.w	r3, [sp, #6]
      r = *ptr++;   // Next red byte value
 80a08f6:	f811 3c02 	ldrb.w	r3, [r1, #-2]
 80a08fa:	b2db      	uxtb	r3, r3
 80a08fc:	f88d 3007 	strb.w	r3, [sp, #7]
      b = *ptr++;   // Next blue byte value
 80a0900:	f811 3c01 	ldrb.w	r3, [r1, #-1]
 80a0904:	b2db      	uxtb	r3, r3
 80a0906:	f88d 3008 	strb.w	r3, [sp, #8]
      c = ((uint32_t)g << 16) | ((uint32_t)r <<  8) | b; // Pack the next 3 bytes to keep timing tight
 80a090a:	f89d 7006 	ldrb.w	r7, [sp, #6]
 80a090e:	f89d 3007 	ldrb.w	r3, [sp, #7]
 80a0912:	f89d 0008 	ldrb.w	r0, [sp, #8]
 80a0916:	021b      	lsls	r3, r3, #8
 80a0918:	ea43 4307 	orr.w	r3, r3, r7, lsl #16
 80a091c:	4303      	orrs	r3, r0
 80a091e:	9303      	str	r3, [sp, #12]
      j = 0;        // reset the 24-bit counter
 80a0920:	f88d 6005 	strb.w	r6, [sp, #5]
 80a0924:	e080      	b.n	80a0a28 <_ZN17Adafruit_NeoPixel4showEv+0x67c>
 80a0926:	bf00      	nop
 80a0928:	20000094 	.word	0x20000094
            ::: "r0", "cc", "memory");
 80a092c:	4600      	mov	r0, r0
 80a092e:	bf00      	nop
 80a0930:	bf00      	nop
 80a0932:	bf00      	nop
 80a0934:	bf00      	nop
 80a0936:	bf00      	nop
 80a0938:	bf00      	nop
 80a093a:	bf00      	nop
 80a093c:	bf00      	nop
 80a093e:	bf00      	nop
 80a0940:	bf00      	nop
 80a0942:	bf00      	nop
 80a0944:	bf00      	nop
 80a0946:	bf00      	nop
 80a0948:	bf00      	nop
 80a094a:	bf00      	nop
 80a094c:	bf00      	nop
 80a094e:	bf00      	nop
 80a0950:	bf00      	nop
 80a0952:	bf00      	nop
 80a0954:	bf00      	nop
 80a0956:	bf00      	nop
 80a0958:	bf00      	nop
 80a095a:	bf00      	nop
 80a095c:	bf00      	nop
 80a095e:	bf00      	nop
 80a0960:	bf00      	nop
 80a0962:	bf00      	nop
 80a0964:	bf00      	nop
 80a0966:	bf00      	nop
 80a0968:	bf00      	nop
 80a096a:	bf00      	nop
 80a096c:	bf00      	nop
 80a096e:	bf00      	nop
 80a0970:	bf00      	nop
 80a0972:	bf00      	nop
 80a0974:	bf00      	nop
 80a0976:	bf00      	nop
 80a0978:	bf00      	nop
 80a097a:	bf00      	nop
 80a097c:	bf00      	nop
 80a097e:	bf00      	nop
 80a0980:	bf00      	nop
 80a0982:	bf00      	nop
 80a0984:	bf00      	nop
 80a0986:	bf00      	nop
 80a0988:	bf00      	nop
 80a098a:	bf00      	nop
 80a098c:	bf00      	nop
 80a098e:	bf00      	nop
 80a0990:	bf00      	nop
 80a0992:	bf00      	nop
 80a0994:	bf00      	nop
 80a0996:	bf00      	nop
 80a0998:	bf00      	nop
 80a099a:	bf00      	nop
 80a099c:	bf00      	nop
 80a099e:	bf00      	nop
 80a09a0:	bf00      	nop
 80a09a2:	bf00      	nop
 80a09a4:	bf00      	nop
 80a09a6:	bf00      	nop
 80a09a8:	bf00      	nop
 80a09aa:	bf00      	nop
 80a09ac:	bf00      	nop
 80a09ae:	bf00      	nop
 80a09b0:	bf00      	nop
 80a09b2:	bf00      	nop
 80a09b4:	bf00      	nop
 80a09b6:	bf00      	nop
 80a09b8:	bf00      	nop
 80a09ba:	bf00      	nop
 80a09bc:	bf00      	nop
 80a09be:	bf00      	nop
 80a09c0:	bf00      	nop
 80a09c2:	bf00      	nop
 80a09c4:	bf00      	nop
          pinSet(pin, LOW); // LOW
 80a09c6:	79e3      	ldrb	r3, [r4, #7]
 80a09c8:	6810      	ldr	r0, [r2, #0]
 80a09ca:	ebc3 03c3 	rsb	r3, r3, r3, lsl #3
 80a09ce:	eb00 0783 	add.w	r7, r0, r3, lsl #2
 80a09d2:	88bf      	ldrh	r7, [r7, #4]
 80a09d4:	f850 3023 	ldr.w	r3, [r0, r3, lsl #2]
 80a09d8:	835f      	strh	r7, [r3, #26]
            ::: "r0", "cc", "memory");
 80a09da:	4600      	mov	r0, r0
 80a09dc:	bf00      	nop
 80a09de:	bf00      	nop
 80a09e0:	bf00      	nop
 80a09e2:	bf00      	nop
 80a09e4:	bf00      	nop
 80a09e6:	bf00      	nop
 80a09e8:	bf00      	nop
 80a09ea:	bf00      	nop
 80a09ec:	bf00      	nop
 80a09ee:	bf00      	nop
 80a09f0:	bf00      	nop
 80a09f2:	bf00      	nop
 80a09f4:	bf00      	nop
 80a09f6:	bf00      	nop
 80a09f8:	bf00      	nop
 80a09fa:	bf00      	nop
 80a09fc:	bf00      	nop
 80a09fe:	bf00      	nop
 80a0a00:	bf00      	nop
 80a0a02:	bf00      	nop
 80a0a04:	bf00      	nop
 80a0a06:	bf00      	nop
 80a0a08:	bf00      	nop
 80a0a0a:	bf00      	nop
 80a0a0c:	bf00      	nop
 80a0a0e:	bf00      	nop
        mask >>= 1;
 80a0a10:	9b04      	ldr	r3, [sp, #16]
 80a0a12:	085b      	lsrs	r3, r3, #1
 80a0a14:	9304      	str	r3, [sp, #16]
      } while ( ++j < 24 ); // ... pixel done
 80a0a16:	f89d 3005 	ldrb.w	r3, [sp, #5]
 80a0a1a:	3301      	adds	r3, #1
 80a0a1c:	b2db      	uxtb	r3, r3
 80a0a1e:	2b17      	cmp	r3, #23
 80a0a20:	f88d 3005 	strb.w	r3, [sp, #5]
 80a0a24:	f200 8083 	bhi.w	80a0b2e <_ZN17Adafruit_NeoPixel4showEv+0x782>
        pinSet(pin, HIGH); // HIGH
 80a0a28:	79e3      	ldrb	r3, [r4, #7]
 80a0a2a:	6810      	ldr	r0, [r2, #0]
 80a0a2c:	ebc3 03c3 	rsb	r3, r3, r3, lsl #3
 80a0a30:	eb00 0783 	add.w	r7, r0, r3, lsl #2
 80a0a34:	88bf      	ldrh	r7, [r7, #4]
 80a0a36:	f850 3023 	ldr.w	r3, [r0, r3, lsl #2]
 80a0a3a:	831f      	strh	r7, [r3, #24]
        if (c & mask) { // if masked bit is high
 80a0a3c:	9803      	ldr	r0, [sp, #12]
 80a0a3e:	9b04      	ldr	r3, [sp, #16]
 80a0a40:	4218      	tst	r0, r3
 80a0a42:	f47f af73 	bne.w	80a092c <_ZN17Adafruit_NeoPixel4showEv+0x580>
            ::: "r0", "cc", "memory");
 80a0a46:	4600      	mov	r0, r0
 80a0a48:	bf00      	nop
 80a0a4a:	bf00      	nop
 80a0a4c:	bf00      	nop
 80a0a4e:	bf00      	nop
 80a0a50:	bf00      	nop
 80a0a52:	bf00      	nop
 80a0a54:	bf00      	nop
 80a0a56:	bf00      	nop
 80a0a58:	bf00      	nop
 80a0a5a:	bf00      	nop
 80a0a5c:	bf00      	nop
 80a0a5e:	bf00      	nop
 80a0a60:	bf00      	nop
 80a0a62:	bf00      	nop
 80a0a64:	bf00      	nop
 80a0a66:	bf00      	nop
 80a0a68:	bf00      	nop
 80a0a6a:	bf00      	nop
 80a0a6c:	bf00      	nop
          pinSet(pin, LOW); // LOW
 80a0a6e:	79e3      	ldrb	r3, [r4, #7]
 80a0a70:	6810      	ldr	r0, [r2, #0]
 80a0a72:	ebc3 03c3 	rsb	r3, r3, r3, lsl #3
 80a0a76:	eb00 0783 	add.w	r7, r0, r3, lsl #2
 80a0a7a:	88bf      	ldrh	r7, [r7, #4]
 80a0a7c:	f850 3023 	ldr.w	r3, [r0, r3, lsl #2]
 80a0a80:	835f      	strh	r7, [r3, #26]
            ::: "r0", "cc", "memory");
 80a0a82:	4600      	mov	r0, r0
 80a0a84:	bf00      	nop
 80a0a86:	bf00      	nop
 80a0a88:	bf00      	nop
 80a0a8a:	bf00      	nop
 80a0a8c:	bf00      	nop
 80a0a8e:	bf00      	nop
 80a0a90:	bf00      	nop
 80a0a92:	bf00      	nop
 80a0a94:	bf00      	nop
 80a0a96:	bf00      	nop
 80a0a98:	bf00      	nop
 80a0a9a:	bf00      	nop
 80a0a9c:	bf00      	nop
 80a0a9e:	bf00      	nop
 80a0aa0:	bf00      	nop
 80a0aa2:	bf00      	nop
 80a0aa4:	bf00      	nop
 80a0aa6:	bf00      	nop
 80a0aa8:	bf00      	nop
 80a0aaa:	bf00      	nop
 80a0aac:	bf00      	nop
 80a0aae:	bf00      	nop
 80a0ab0:	bf00      	nop
 80a0ab2:	bf00      	nop
 80a0ab4:	bf00      	nop
 80a0ab6:	bf00      	nop
 80a0ab8:	bf00      	nop
 80a0aba:	bf00      	nop
 80a0abc:	bf00      	nop
 80a0abe:	bf00      	nop
 80a0ac0:	bf00      	nop
 80a0ac2:	bf00      	nop
 80a0ac4:	bf00      	nop
 80a0ac6:	bf00      	nop
 80a0ac8:	bf00      	nop
 80a0aca:	bf00      	nop
 80a0acc:	bf00      	nop
 80a0ace:	bf00      	nop
 80a0ad0:	bf00      	nop
 80a0ad2:	bf00      	nop
 80a0ad4:	bf00      	nop
 80a0ad6:	bf00      	nop
 80a0ad8:	bf00      	nop
 80a0ada:	bf00      	nop
 80a0adc:	bf00      	nop
 80a0ade:	bf00      	nop
 80a0ae0:	bf00      	nop
 80a0ae2:	bf00      	nop
 80a0ae4:	bf00      	nop
 80a0ae6:	bf00      	nop
 80a0ae8:	bf00      	nop
 80a0aea:	bf00      	nop
 80a0aec:	bf00      	nop
 80a0aee:	bf00      	nop
 80a0af0:	bf00      	nop
 80a0af2:	bf00      	nop
 80a0af4:	bf00      	nop
 80a0af6:	bf00      	nop
 80a0af8:	bf00      	nop
 80a0afa:	bf00      	nop
 80a0afc:	bf00      	nop
 80a0afe:	bf00      	nop
 80a0b00:	bf00      	nop
 80a0b02:	bf00      	nop
 80a0b04:	bf00      	nop
 80a0b06:	bf00      	nop
 80a0b08:	bf00      	nop
 80a0b0a:	bf00      	nop
 80a0b0c:	bf00      	nop
 80a0b0e:	bf00      	nop
 80a0b10:	bf00      	nop
 80a0b12:	bf00      	nop
 80a0b14:	bf00      	nop
 80a0b16:	bf00      	nop
 80a0b18:	bf00      	nop
 80a0b1a:	bf00      	nop
 80a0b1c:	bf00      	nop
 80a0b1e:	bf00      	nop
 80a0b20:	bf00      	nop
 80a0b22:	bf00      	nop
 80a0b24:	bf00      	nop
 80a0b26:	bf00      	nop
 80a0b28:	bf00      	nop
 80a0b2a:	bf00      	nop
 80a0b2c:	e770      	b.n	80a0a10 <_ZN17Adafruit_NeoPixel4showEv+0x664>
    while(i) { // While bytes left... (3 bytes = 1 pixel)
 80a0b2e:	f8bd 300a 	ldrh.w	r3, [sp, #10]
 80a0b32:	b29b      	uxth	r3, r3
 80a0b34:	2b00      	cmp	r3, #0
 80a0b36:	f47f aed1 	bne.w	80a08dc <_ZN17Adafruit_NeoPixel4showEv+0x530>
  __ASM volatile ("cpsie i");
 80a0b3a:	b662      	cpsie	i
 80a0b3c:	f000 fd70 	bl	80a1620 <HAL_Timer_Get_Micro_Seconds>
  }
// END of NRF52 implementation


#endif
  endTime = micros(); // Save EOD time for latch on next call
 80a0b40:	6120      	str	r0, [r4, #16]
}
 80a0b42:	b007      	add	sp, #28
 80a0b44:	bdf0      	pop	{r4, r5, r6, r7, pc}
    while(i) { // While bytes left... (3 bytes = 1 pixel)
 80a0b46:	2b00      	cmp	r3, #0
 80a0b48:	d0f7      	beq.n	80a0b3a <_ZN17Adafruit_NeoPixel4showEv+0x78e>
      mask = 0x800000; // reset the mask
 80a0b4a:	f44f 0e00 	mov.w	lr, #8388608	; 0x800000
      j = 0;        // reset the 24-bit counter
 80a0b4e:	2600      	movs	r6, #0
        pinSet(pin, HIGH); // HIGH
 80a0b50:	4b54      	ldr	r3, [pc, #336]	; (80a0ca4 <_ZN17Adafruit_NeoPixel4showEv+0x8f8>)
 80a0b52:	6818      	ldr	r0, [r3, #0]
        cyc = DWT->CYCCNT;
 80a0b54:	4b54      	ldr	r3, [pc, #336]	; (80a0ca8 <_ZN17Adafruit_NeoPixel4showEv+0x8fc>)
      mask = 0x800000; // reset the mask
 80a0b56:	f8cd e010 	str.w	lr, [sp, #16]
      i = i-3;      // decrement bytes remaining
 80a0b5a:	f8bd 200a 	ldrh.w	r2, [sp, #10]
      b = *ptr++;   // Next blue byte value
 80a0b5e:	3103      	adds	r1, #3
      i = i-3;      // decrement bytes remaining
 80a0b60:	3a03      	subs	r2, #3
 80a0b62:	b292      	uxth	r2, r2
 80a0b64:	f8ad 200a 	strh.w	r2, [sp, #10]
      g = *ptr++;   // Next green byte value
 80a0b68:	f811 2c03 	ldrb.w	r2, [r1, #-3]
 80a0b6c:	b2d2      	uxtb	r2, r2
 80a0b6e:	f88d 2006 	strb.w	r2, [sp, #6]
      r = *ptr++;   // Next red byte value
 80a0b72:	f811 2c02 	ldrb.w	r2, [r1, #-2]
 80a0b76:	b2d2      	uxtb	r2, r2
 80a0b78:	f88d 2007 	strb.w	r2, [sp, #7]
      b = *ptr++;   // Next blue byte value
 80a0b7c:	f811 2c01 	ldrb.w	r2, [r1, #-1]
 80a0b80:	b2d2      	uxtb	r2, r2
 80a0b82:	f88d 2008 	strb.w	r2, [sp, #8]
      c = ((uint32_t)g << 16) | ((uint32_t)r <<  8) | b; // Pack the next 3 bytes to keep timing tight
 80a0b86:	f89d c006 	ldrb.w	ip, [sp, #6]
 80a0b8a:	f89d 2007 	ldrb.w	r2, [sp, #7]
 80a0b8e:	f89d 7008 	ldrb.w	r7, [sp, #8]
 80a0b92:	0212      	lsls	r2, r2, #8
 80a0b94:	ea42 420c 	orr.w	r2, r2, ip, lsl #16
 80a0b98:	433a      	orrs	r2, r7
 80a0b9a:	9203      	str	r2, [sp, #12]
      j = 0;        // reset the 24-bit counter
 80a0b9c:	f88d 6005 	strb.w	r6, [sp, #5]
        pinSet(pin, HIGH); // HIGH
 80a0ba0:	79e2      	ldrb	r2, [r4, #7]
        cyc = DWT->CYCCNT;
 80a0ba2:	685d      	ldr	r5, [r3, #4]
        pinSet(pin, HIGH); // HIGH
 80a0ba4:	ebc2 02c2 	rsb	r2, r2, r2, lsl #3
 80a0ba8:	eb00 0782 	add.w	r7, r0, r2, lsl #2
 80a0bac:	88bf      	ldrh	r7, [r7, #4]
 80a0bae:	f850 2022 	ldr.w	r2, [r0, r2, lsl #2]
        cyc = DWT->CYCCNT;
 80a0bb2:	9505      	str	r5, [sp, #20]
        pinSet(pin, HIGH); // HIGH
 80a0bb4:	8317      	strh	r7, [r2, #24]
        if (c & mask) { // if masked bit is high
 80a0bb6:	9f03      	ldr	r7, [sp, #12]
 80a0bb8:	9a04      	ldr	r2, [sp, #16]
 80a0bba:	4217      	tst	r7, r2
 80a0bbc:	d025      	beq.n	80a0c0a <_ZN17Adafruit_NeoPixel4showEv+0x85e>
          while(DWT->CYCCNT - cyc < CYCLES_800_T1H);
 80a0bbe:	685a      	ldr	r2, [r3, #4]
 80a0bc0:	9f05      	ldr	r7, [sp, #20]
 80a0bc2:	1bd2      	subs	r2, r2, r7
 80a0bc4:	2a4f      	cmp	r2, #79	; 0x4f
 80a0bc6:	d9fa      	bls.n	80a0bbe <_ZN17Adafruit_NeoPixel4showEv+0x812>
          pinSet(pin, LOW);
 80a0bc8:	79e2      	ldrb	r2, [r4, #7]
 80a0bca:	ebc2 02c2 	rsb	r2, r2, r2, lsl #3
 80a0bce:	eb00 0782 	add.w	r7, r0, r2, lsl #2
 80a0bd2:	88bf      	ldrh	r7, [r7, #4]
 80a0bd4:	f850 2022 	ldr.w	r2, [r0, r2, lsl #2]
 80a0bd8:	8357      	strh	r7, [r2, #26]
          cyc = DWT->CYCCNT;
 80a0bda:	685a      	ldr	r2, [r3, #4]
 80a0bdc:	9205      	str	r2, [sp, #20]
          while(DWT->CYCCNT - cyc < CYCLES_800_T1L);
 80a0bde:	685a      	ldr	r2, [r3, #4]
 80a0be0:	9f05      	ldr	r7, [sp, #20]
 80a0be2:	1bd2      	subs	r2, r2, r7
 80a0be4:	2a07      	cmp	r2, #7
 80a0be6:	d9fa      	bls.n	80a0bde <_ZN17Adafruit_NeoPixel4showEv+0x832>
        mask >>= 1;
 80a0be8:	9a04      	ldr	r2, [sp, #16]
 80a0bea:	0852      	lsrs	r2, r2, #1
 80a0bec:	9204      	str	r2, [sp, #16]
      } while ( ++j < 24 ); // ... pixel done
 80a0bee:	f89d 2005 	ldrb.w	r2, [sp, #5]
 80a0bf2:	3201      	adds	r2, #1
 80a0bf4:	b2d2      	uxtb	r2, r2
 80a0bf6:	2a17      	cmp	r2, #23
 80a0bf8:	f88d 2005 	strb.w	r2, [sp, #5]
 80a0bfc:	d9d0      	bls.n	80a0ba0 <_ZN17Adafruit_NeoPixel4showEv+0x7f4>
    while(i) { // While bytes left... (3 bytes = 1 pixel)
 80a0bfe:	f8bd 200a 	ldrh.w	r2, [sp, #10]
 80a0c02:	b292      	uxth	r2, r2
 80a0c04:	2a00      	cmp	r2, #0
 80a0c06:	d1a6      	bne.n	80a0b56 <_ZN17Adafruit_NeoPixel4showEv+0x7aa>
 80a0c08:	e797      	b.n	80a0b3a <_ZN17Adafruit_NeoPixel4showEv+0x78e>
          while(DWT->CYCCNT - cyc < CYCLES_800_T0H);
 80a0c0a:	685a      	ldr	r2, [r3, #4]
 80a0c0c:	9f05      	ldr	r7, [sp, #20]
 80a0c0e:	1bd2      	subs	r2, r2, r7
 80a0c10:	2a18      	cmp	r2, #24
 80a0c12:	d9fa      	bls.n	80a0c0a <_ZN17Adafruit_NeoPixel4showEv+0x85e>
          pinSet(pin, LOW);
 80a0c14:	79e2      	ldrb	r2, [r4, #7]
 80a0c16:	ebc2 02c2 	rsb	r2, r2, r2, lsl #3
 80a0c1a:	eb00 0782 	add.w	r7, r0, r2, lsl #2
 80a0c1e:	88bf      	ldrh	r7, [r7, #4]
 80a0c20:	f850 2022 	ldr.w	r2, [r0, r2, lsl #2]
 80a0c24:	8357      	strh	r7, [r2, #26]
          cyc = DWT->CYCCNT;
 80a0c26:	685a      	ldr	r2, [r3, #4]
 80a0c28:	9205      	str	r2, [sp, #20]
          while(DWT->CYCCNT - cyc < CYCLES_800_T0L);
 80a0c2a:	685a      	ldr	r2, [r3, #4]
 80a0c2c:	9f05      	ldr	r7, [sp, #20]
 80a0c2e:	1bd2      	subs	r2, r2, r7
 80a0c30:	2a45      	cmp	r2, #69	; 0x45
 80a0c32:	d9fa      	bls.n	80a0c2a <_ZN17Adafruit_NeoPixel4showEv+0x87e>
 80a0c34:	e7d8      	b.n	80a0be8 <_ZN17Adafruit_NeoPixel4showEv+0x83c>
 80a0c36:	4770      	bx	lr
    while(i) { // While bytes left... (4 bytes = 1 pixel)
 80a0c38:	2b00      	cmp	r3, #0
 80a0c3a:	f43f af7e 	beq.w	80a0b3a <_ZN17Adafruit_NeoPixel4showEv+0x78e>
      mask = 0x80000000; // reset the mask
 80a0c3e:	f04f 4500 	mov.w	r5, #2147483648	; 0x80000000
      j = 0;        // reset the 32-bit counter
 80a0c42:	2600      	movs	r6, #0
 80a0c44:	4a17      	ldr	r2, [pc, #92]	; (80a0ca4 <_ZN17Adafruit_NeoPixel4showEv+0x8f8>)
      mask = 0x80000000; // reset the mask
 80a0c46:	9504      	str	r5, [sp, #16]
      i = i-4;      // decrement bytes remaining
 80a0c48:	f8bd 300a 	ldrh.w	r3, [sp, #10]
      w = *ptr++;   // Next white byte value
 80a0c4c:	3104      	adds	r1, #4
      i = i-4;      // decrement bytes remaining
 80a0c4e:	3b04      	subs	r3, #4
 80a0c50:	b29b      	uxth	r3, r3
 80a0c52:	f8ad 300a 	strh.w	r3, [sp, #10]
      r = *ptr++;   // Next red byte value
 80a0c56:	f811 3c04 	ldrb.w	r3, [r1, #-4]
 80a0c5a:	b2db      	uxtb	r3, r3
 80a0c5c:	f88d 3007 	strb.w	r3, [sp, #7]
      g = *ptr++;   // Next green byte value
 80a0c60:	f811 3c03 	ldrb.w	r3, [r1, #-3]
 80a0c64:	b2db      	uxtb	r3, r3
 80a0c66:	f88d 3006 	strb.w	r3, [sp, #6]
      b = *ptr++;   // Next blue byte value
 80a0c6a:	f811 3c02 	ldrb.w	r3, [r1, #-2]
 80a0c6e:	b2db      	uxtb	r3, r3
 80a0c70:	f88d 3008 	strb.w	r3, [sp, #8]
      w = *ptr++;   // Next white byte value
 80a0c74:	f811 3c01 	ldrb.w	r3, [r1, #-1]
 80a0c78:	b2db      	uxtb	r3, r3
 80a0c7a:	f88d 3009 	strb.w	r3, [sp, #9]
      c = ((uint32_t)r << 24) | ((uint32_t)g << 16) | ((uint32_t)b <<  8) | w; // Pack the next 4 bytes to keep timing tight
 80a0c7e:	f89d c007 	ldrb.w	ip, [sp, #7]
 80a0c82:	f89d 3006 	ldrb.w	r3, [sp, #6]
 80a0c86:	f89d 0008 	ldrb.w	r0, [sp, #8]
 80a0c8a:	041b      	lsls	r3, r3, #16
 80a0c8c:	f89d 7009 	ldrb.w	r7, [sp, #9]
 80a0c90:	ea43 630c 	orr.w	r3, r3, ip, lsl #24
 80a0c94:	433b      	orrs	r3, r7
 80a0c96:	ea43 2300 	orr.w	r3, r3, r0, lsl #8
 80a0c9a:	9303      	str	r3, [sp, #12]
      j = 0;        // reset the 32-bit counter
 80a0c9c:	f88d 6005 	strb.w	r6, [sp, #5]
 80a0ca0:	e07f      	b.n	80a0da2 <_ZN17Adafruit_NeoPixel4showEv+0x9f6>
 80a0ca2:	bf00      	nop
 80a0ca4:	20000094 	.word	0x20000094
 80a0ca8:	e0001000 	.word	0xe0001000
            ::: "r0", "cc", "memory");
 80a0cac:	4600      	mov	r0, r0
 80a0cae:	bf00      	nop
 80a0cb0:	bf00      	nop
 80a0cb2:	bf00      	nop
 80a0cb4:	bf00      	nop
 80a0cb6:	bf00      	nop
 80a0cb8:	bf00      	nop
 80a0cba:	bf00      	nop
 80a0cbc:	bf00      	nop
 80a0cbe:	bf00      	nop
 80a0cc0:	bf00      	nop
 80a0cc2:	bf00      	nop
 80a0cc4:	bf00      	nop
 80a0cc6:	bf00      	nop
 80a0cc8:	bf00      	nop
 80a0cca:	bf00      	nop
 80a0ccc:	bf00      	nop
 80a0cce:	bf00      	nop
 80a0cd0:	bf00      	nop
 80a0cd2:	bf00      	nop
 80a0cd4:	bf00      	nop
 80a0cd6:	bf00      	nop
 80a0cd8:	bf00      	nop
 80a0cda:	bf00      	nop
 80a0cdc:	bf00      	nop
 80a0cde:	bf00      	nop
 80a0ce0:	bf00      	nop
 80a0ce2:	bf00      	nop
 80a0ce4:	bf00      	nop
 80a0ce6:	bf00      	nop
 80a0ce8:	bf00      	nop
 80a0cea:	bf00      	nop
 80a0cec:	bf00      	nop
 80a0cee:	bf00      	nop
 80a0cf0:	bf00      	nop
 80a0cf2:	bf00      	nop
 80a0cf4:	bf00      	nop
 80a0cf6:	bf00      	nop
 80a0cf8:	bf00      	nop
 80a0cfa:	bf00      	nop
 80a0cfc:	bf00      	nop
 80a0cfe:	bf00      	nop
 80a0d00:	bf00      	nop
 80a0d02:	bf00      	nop
 80a0d04:	bf00      	nop
 80a0d06:	bf00      	nop
 80a0d08:	bf00      	nop
 80a0d0a:	bf00      	nop
 80a0d0c:	bf00      	nop
 80a0d0e:	bf00      	nop
 80a0d10:	bf00      	nop
 80a0d12:	bf00      	nop
 80a0d14:	bf00      	nop
 80a0d16:	bf00      	nop
 80a0d18:	bf00      	nop
          pinSet(pin, LOW); // LOW
 80a0d1a:	79e3      	ldrb	r3, [r4, #7]
 80a0d1c:	6810      	ldr	r0, [r2, #0]
 80a0d1e:	ebc3 03c3 	rsb	r3, r3, r3, lsl #3
 80a0d22:	eb00 0783 	add.w	r7, r0, r3, lsl #2
 80a0d26:	88bf      	ldrh	r7, [r7, #4]
 80a0d28:	f850 3023 	ldr.w	r3, [r0, r3, lsl #2]
 80a0d2c:	835f      	strh	r7, [r3, #26]
            ::: "r0", "cc", "memory");
 80a0d2e:	4600      	mov	r0, r0
 80a0d30:	bf00      	nop
 80a0d32:	bf00      	nop
 80a0d34:	bf00      	nop
 80a0d36:	bf00      	nop
 80a0d38:	bf00      	nop
 80a0d3a:	bf00      	nop
 80a0d3c:	bf00      	nop
 80a0d3e:	bf00      	nop
 80a0d40:	bf00      	nop
 80a0d42:	bf00      	nop
 80a0d44:	bf00      	nop
 80a0d46:	bf00      	nop
 80a0d48:	bf00      	nop
 80a0d4a:	bf00      	nop
 80a0d4c:	bf00      	nop
 80a0d4e:	bf00      	nop
 80a0d50:	bf00      	nop
 80a0d52:	bf00      	nop
 80a0d54:	bf00      	nop
 80a0d56:	bf00      	nop
 80a0d58:	bf00      	nop
 80a0d5a:	bf00      	nop
 80a0d5c:	bf00      	nop
 80a0d5e:	bf00      	nop
 80a0d60:	bf00      	nop
 80a0d62:	bf00      	nop
 80a0d64:	bf00      	nop
 80a0d66:	bf00      	nop
 80a0d68:	bf00      	nop
 80a0d6a:	bf00      	nop
 80a0d6c:	bf00      	nop
 80a0d6e:	bf00      	nop
 80a0d70:	bf00      	nop
 80a0d72:	bf00      	nop
 80a0d74:	bf00      	nop
 80a0d76:	bf00      	nop
 80a0d78:	bf00      	nop
 80a0d7a:	bf00      	nop
 80a0d7c:	bf00      	nop
 80a0d7e:	bf00      	nop
 80a0d80:	bf00      	nop
 80a0d82:	bf00      	nop
 80a0d84:	bf00      	nop
 80a0d86:	bf00      	nop
 80a0d88:	bf00      	nop
 80a0d8a:	bf00      	nop
        mask >>= 1;
 80a0d8c:	9b04      	ldr	r3, [sp, #16]
 80a0d8e:	085b      	lsrs	r3, r3, #1
 80a0d90:	9304      	str	r3, [sp, #16]
      } while ( ++j < 32 ); // ... pixel done
 80a0d92:	f89d 3005 	ldrb.w	r3, [sp, #5]
 80a0d96:	3301      	adds	r3, #1
 80a0d98:	b2db      	uxtb	r3, r3
 80a0d9a:	2b1f      	cmp	r3, #31
 80a0d9c:	f88d 3005 	strb.w	r3, [sp, #5]
 80a0da0:	d87e      	bhi.n	80a0ea0 <_ZN17Adafruit_NeoPixel4showEv+0xaf4>
        pinSet(pin, HIGH); // HIGH
 80a0da2:	79e3      	ldrb	r3, [r4, #7]
 80a0da4:	6810      	ldr	r0, [r2, #0]
 80a0da6:	ebc3 03c3 	rsb	r3, r3, r3, lsl #3
 80a0daa:	eb00 0783 	add.w	r7, r0, r3, lsl #2
 80a0dae:	88bf      	ldrh	r7, [r7, #4]
 80a0db0:	f850 3023 	ldr.w	r3, [r0, r3, lsl #2]
 80a0db4:	831f      	strh	r7, [r3, #24]
        if (c & mask) { // if masked bit is high
 80a0db6:	9803      	ldr	r0, [sp, #12]
 80a0db8:	9b04      	ldr	r3, [sp, #16]
 80a0dba:	4218      	tst	r0, r3
 80a0dbc:	f47f af76 	bne.w	80a0cac <_ZN17Adafruit_NeoPixel4showEv+0x900>
            ::: "r0", "cc", "memory");
 80a0dc0:	4600      	mov	r0, r0
 80a0dc2:	bf00      	nop
 80a0dc4:	bf00      	nop
 80a0dc6:	bf00      	nop
 80a0dc8:	bf00      	nop
 80a0dca:	bf00      	nop
 80a0dcc:	bf00      	nop
 80a0dce:	bf00      	nop
 80a0dd0:	bf00      	nop
 80a0dd2:	bf00      	nop
 80a0dd4:	bf00      	nop
 80a0dd6:	bf00      	nop
 80a0dd8:	bf00      	nop
 80a0dda:	bf00      	nop
 80a0ddc:	bf00      	nop
 80a0dde:	bf00      	nop
 80a0de0:	bf00      	nop
 80a0de2:	bf00      	nop
 80a0de4:	bf00      	nop
 80a0de6:	bf00      	nop
          pinSet(pin, LOW); // LOW
 80a0de8:	79e3      	ldrb	r3, [r4, #7]
 80a0dea:	6810      	ldr	r0, [r2, #0]
 80a0dec:	ebc3 03c3 	rsb	r3, r3, r3, lsl #3
 80a0df0:	eb00 0783 	add.w	r7, r0, r3, lsl #2
 80a0df4:	88bf      	ldrh	r7, [r7, #4]
 80a0df6:	f850 3023 	ldr.w	r3, [r0, r3, lsl #2]
 80a0dfa:	835f      	strh	r7, [r3, #26]
            ::: "r0", "cc", "memory");
 80a0dfc:	4600      	mov	r0, r0
 80a0dfe:	bf00      	nop
 80a0e00:	bf00      	nop
 80a0e02:	bf00      	nop
 80a0e04:	bf00      	nop
 80a0e06:	bf00      	nop
 80a0e08:	bf00      	nop
 80a0e0a:	bf00      	nop
 80a0e0c:	bf00      	nop
 80a0e0e:	bf00      	nop
 80a0e10:	bf00      	nop
 80a0e12:	bf00      	nop
 80a0e14:	bf00      	nop
 80a0e16:	bf00      	nop
 80a0e18:	bf00      	nop
 80a0e1a:	bf00      	nop
 80a0e1c:	bf00      	nop
 80a0e1e:	bf00      	nop
 80a0e20:	bf00      	nop
 80a0e22:	bf00      	nop
 80a0e24:	bf00      	nop
 80a0e26:	bf00      	nop
 80a0e28:	bf00      	nop
 80a0e2a:	bf00      	nop
 80a0e2c:	bf00      	nop
 80a0e2e:	bf00      	nop
 80a0e30:	bf00      	nop
 80a0e32:	bf00      	nop
 80a0e34:	bf00      	nop
 80a0e36:	bf00      	nop
 80a0e38:	bf00      	nop
 80a0e3a:	bf00      	nop
 80a0e3c:	bf00      	nop
 80a0e3e:	bf00      	nop
 80a0e40:	bf00      	nop
 80a0e42:	bf00      	nop
 80a0e44:	bf00      	nop
 80a0e46:	bf00      	nop
 80a0e48:	bf00      	nop
 80a0e4a:	bf00      	nop
 80a0e4c:	bf00      	nop
 80a0e4e:	bf00      	nop
 80a0e50:	bf00      	nop
 80a0e52:	bf00      	nop
 80a0e54:	bf00      	nop
 80a0e56:	bf00      	nop
 80a0e58:	bf00      	nop
 80a0e5a:	bf00      	nop
 80a0e5c:	bf00      	nop
 80a0e5e:	bf00      	nop
 80a0e60:	bf00      	nop
 80a0e62:	bf00      	nop
 80a0e64:	bf00      	nop
 80a0e66:	bf00      	nop
 80a0e68:	bf00      	nop
 80a0e6a:	bf00      	nop
 80a0e6c:	bf00      	nop
 80a0e6e:	bf00      	nop
 80a0e70:	bf00      	nop
 80a0e72:	bf00      	nop
 80a0e74:	bf00      	nop
 80a0e76:	bf00      	nop
 80a0e78:	bf00      	nop
 80a0e7a:	bf00      	nop
 80a0e7c:	bf00      	nop
 80a0e7e:	bf00      	nop
 80a0e80:	bf00      	nop
 80a0e82:	bf00      	nop
 80a0e84:	bf00      	nop
 80a0e86:	bf00      	nop
 80a0e88:	bf00      	nop
 80a0e8a:	bf00      	nop
 80a0e8c:	bf00      	nop
 80a0e8e:	bf00      	nop
 80a0e90:	bf00      	nop
 80a0e92:	bf00      	nop
 80a0e94:	bf00      	nop
 80a0e96:	bf00      	nop
 80a0e98:	bf00      	nop
 80a0e9a:	bf00      	nop
 80a0e9c:	bf00      	nop
 80a0e9e:	e775      	b.n	80a0d8c <_ZN17Adafruit_NeoPixel4showEv+0x9e0>
    while(i) { // While bytes left... (4 bytes = 1 pixel)
 80a0ea0:	f8bd 300a 	ldrh.w	r3, [sp, #10]
 80a0ea4:	b29b      	uxth	r3, r3
 80a0ea6:	2b00      	cmp	r3, #0
 80a0ea8:	f47f aecd 	bne.w	80a0c46 <_ZN17Adafruit_NeoPixel4showEv+0x89a>
 80a0eac:	e645      	b.n	80a0b3a <_ZN17Adafruit_NeoPixel4showEv+0x78e>
  else if(type == TM1803) { // TM1803 (Radio Shack Tri-Color Strip), 400 KHz bitstream
 80a0eae:	2d03      	cmp	r5, #3
 80a0eb0:	f000 812b 	beq.w	80a110a <_ZN17Adafruit_NeoPixel4showEv+0xd5e>
    while(i) { // While bytes left... (3 bytes = 1 pixel)
 80a0eb4:	2b00      	cmp	r3, #0
 80a0eb6:	f43f ae40 	beq.w	80a0b3a <_ZN17Adafruit_NeoPixel4showEv+0x78e>
      mask = 0x800000; // reset the mask
 80a0eba:	f44f 0500 	mov.w	r5, #8388608	; 0x800000
      j = 0;        // reset the 24-bit counter
 80a0ebe:	2600      	movs	r6, #0
 80a0ec0:	4a17      	ldr	r2, [pc, #92]	; (80a0f20 <_ZN17Adafruit_NeoPixel4showEv+0xb74>)
      mask = 0x800000; // reset the mask
 80a0ec2:	9504      	str	r5, [sp, #16]
      i = i-3;      // decrement bytes remaining
 80a0ec4:	f8bd 300a 	ldrh.w	r3, [sp, #10]
      pinSet(pin, LOW); // LOW
 80a0ec8:	79e0      	ldrb	r0, [r4, #7]
      i = i-3;      // decrement bytes remaining
 80a0eca:	3b03      	subs	r3, #3
 80a0ecc:	b29b      	uxth	r3, r3
 80a0ece:	f8ad 300a 	strh.w	r3, [sp, #10]
      r = *ptr++;   // Next red byte value
 80a0ed2:	780b      	ldrb	r3, [r1, #0]
      pinSet(pin, LOW); // LOW
 80a0ed4:	6817      	ldr	r7, [r2, #0]
      r = *ptr++;   // Next red byte value
 80a0ed6:	b2db      	uxtb	r3, r3
 80a0ed8:	f88d 3007 	strb.w	r3, [sp, #7]
      b = *ptr++;   // Next blue byte value
 80a0edc:	784b      	ldrb	r3, [r1, #1]
      pinSet(pin, LOW); // LOW
 80a0ede:	ebc0 00c0 	rsb	r0, r0, r0, lsl #3
      b = *ptr++;   // Next blue byte value
 80a0ee2:	b2db      	uxtb	r3, r3
 80a0ee4:	f88d 3008 	strb.w	r3, [sp, #8]
      g = *ptr++;   // Next green byte value
 80a0ee8:	788b      	ldrb	r3, [r1, #2]
      pinSet(pin, LOW); // LOW
 80a0eea:	eb07 0c80 	add.w	ip, r7, r0, lsl #2
      g = *ptr++;   // Next green byte value
 80a0eee:	b2db      	uxtb	r3, r3
 80a0ef0:	f88d 3006 	strb.w	r3, [sp, #6]
      c = ((uint32_t)r << 16) | ((uint32_t)b <<  8) | g; // Pack the next 3 bytes to keep timing tight
 80a0ef4:	f89d e007 	ldrb.w	lr, [sp, #7]
 80a0ef8:	f89d 3008 	ldrb.w	r3, [sp, #8]
      pinSet(pin, LOW); // LOW
 80a0efc:	f8bc c004 	ldrh.w	ip, [ip, #4]
      c = ((uint32_t)r << 16) | ((uint32_t)b <<  8) | g; // Pack the next 3 bytes to keep timing tight
 80a0f00:	021b      	lsls	r3, r3, #8
 80a0f02:	ea43 430e 	orr.w	r3, r3, lr, lsl #16
 80a0f06:	f89d e006 	ldrb.w	lr, [sp, #6]
      pinSet(pin, LOW); // LOW
 80a0f0a:	f857 0020 	ldr.w	r0, [r7, r0, lsl #2]
      c = ((uint32_t)r << 16) | ((uint32_t)b <<  8) | g; // Pack the next 3 bytes to keep timing tight
 80a0f0e:	ea43 030e 	orr.w	r3, r3, lr
 80a0f12:	9303      	str	r3, [sp, #12]
      g = *ptr++;   // Next green byte value
 80a0f14:	3103      	adds	r1, #3
      j = 0;        // reset the 24-bit counter
 80a0f16:	f88d 6005 	strb.w	r6, [sp, #5]
      pinSet(pin, LOW); // LOW
 80a0f1a:	f8a0 c01a 	strh.w	ip, [r0, #26]
 80a0f1e:	e07c      	b.n	80a101a <_ZN17Adafruit_NeoPixel4showEv+0xc6e>
 80a0f20:	20000094 	.word	0x20000094
          mask >>= 1; // Do this task during the long delay of this bit
 80a0f24:	9b04      	ldr	r3, [sp, #16]
 80a0f26:	085b      	lsrs	r3, r3, #1
 80a0f28:	9304      	str	r3, [sp, #16]
            ::: "r0", "cc", "memory");
 80a0f2a:	4600      	mov	r0, r0
 80a0f2c:	bf00      	nop
 80a0f2e:	bf00      	nop
 80a0f30:	bf00      	nop
 80a0f32:	bf00      	nop
 80a0f34:	bf00      	nop
 80a0f36:	bf00      	nop
 80a0f38:	bf00      	nop
 80a0f3a:	bf00      	nop
 80a0f3c:	bf00      	nop
 80a0f3e:	bf00      	nop
 80a0f40:	bf00      	nop
 80a0f42:	bf00      	nop
 80a0f44:	bf00      	nop
 80a0f46:	bf00      	nop
 80a0f48:	bf00      	nop
 80a0f4a:	bf00      	nop
 80a0f4c:	bf00      	nop
 80a0f4e:	bf00      	nop
 80a0f50:	bf00      	nop
 80a0f52:	bf00      	nop
 80a0f54:	bf00      	nop
 80a0f56:	bf00      	nop
 80a0f58:	bf00      	nop
 80a0f5a:	bf00      	nop
 80a0f5c:	bf00      	nop
 80a0f5e:	bf00      	nop
 80a0f60:	bf00      	nop
 80a0f62:	bf00      	nop
 80a0f64:	bf00      	nop
 80a0f66:	bf00      	nop
 80a0f68:	bf00      	nop
 80a0f6a:	bf00      	nop
 80a0f6c:	bf00      	nop
 80a0f6e:	bf00      	nop
 80a0f70:	bf00      	nop
 80a0f72:	bf00      	nop
 80a0f74:	bf00      	nop
 80a0f76:	bf00      	nop
 80a0f78:	bf00      	nop
 80a0f7a:	bf00      	nop
 80a0f7c:	bf00      	nop
 80a0f7e:	bf00      	nop
 80a0f80:	bf00      	nop
 80a0f82:	bf00      	nop
 80a0f84:	bf00      	nop
 80a0f86:	bf00      	nop
 80a0f88:	bf00      	nop
 80a0f8a:	bf00      	nop
 80a0f8c:	bf00      	nop
 80a0f8e:	bf00      	nop
 80a0f90:	bf00      	nop
 80a0f92:	bf00      	nop
 80a0f94:	bf00      	nop
 80a0f96:	bf00      	nop
 80a0f98:	bf00      	nop
 80a0f9a:	bf00      	nop
 80a0f9c:	bf00      	nop
 80a0f9e:	bf00      	nop
 80a0fa0:	bf00      	nop
 80a0fa2:	bf00      	nop
 80a0fa4:	bf00      	nop
 80a0fa6:	bf00      	nop
 80a0fa8:	bf00      	nop
 80a0faa:	bf00      	nop
 80a0fac:	bf00      	nop
 80a0fae:	bf00      	nop
          pinSet(pin, HIGH); // HIGH
 80a0fb0:	79e0      	ldrb	r0, [r4, #7]
 80a0fb2:	6817      	ldr	r7, [r2, #0]
          j++;
 80a0fb4:	f89d 3005 	ldrb.w	r3, [sp, #5]
          pinSet(pin, HIGH); // HIGH
 80a0fb8:	ebc0 00c0 	rsb	r0, r0, r0, lsl #3
 80a0fbc:	eb07 0c80 	add.w	ip, r7, r0, lsl #2
 80a0fc0:	f8bc c004 	ldrh.w	ip, [ip, #4]
 80a0fc4:	f857 0020 	ldr.w	r0, [r7, r0, lsl #2]
          j++;
 80a0fc8:	3301      	adds	r3, #1
 80a0fca:	b2db      	uxtb	r3, r3
 80a0fcc:	f88d 3005 	strb.w	r3, [sp, #5]
          pinSet(pin, HIGH); // HIGH
 80a0fd0:	f8a0 c018 	strh.w	ip, [r0, #24]
            ::: "r0", "cc", "memory");
 80a0fd4:	4600      	mov	r0, r0
 80a0fd6:	bf00      	nop
 80a0fd8:	bf00      	nop
 80a0fda:	bf00      	nop
 80a0fdc:	bf00      	nop
 80a0fde:	bf00      	nop
 80a0fe0:	bf00      	nop
 80a0fe2:	bf00      	nop
 80a0fe4:	bf00      	nop
 80a0fe6:	bf00      	nop
 80a0fe8:	bf00      	nop
 80a0fea:	bf00      	nop
 80a0fec:	bf00      	nop
 80a0fee:	bf00      	nop
 80a0ff0:	bf00      	nop
 80a0ff2:	bf00      	nop
 80a0ff4:	bf00      	nop
 80a0ff6:	bf00      	nop
 80a0ff8:	bf00      	nop
 80a0ffa:	bf00      	nop
 80a0ffc:	bf00      	nop
          if(j==24) break;
 80a0ffe:	f89d 3005 	ldrb.w	r3, [sp, #5]
 80a1002:	2b18      	cmp	r3, #24
 80a1004:	d07a      	beq.n	80a10fc <_ZN17Adafruit_NeoPixel4showEv+0xd50>
          pinSet(pin, LOW); // LOW
 80a1006:	79e3      	ldrb	r3, [r4, #7]
 80a1008:	6810      	ldr	r0, [r2, #0]
 80a100a:	ebc3 03c3 	rsb	r3, r3, r3, lsl #3
 80a100e:	eb00 0783 	add.w	r7, r0, r3, lsl #2
 80a1012:	88bf      	ldrh	r7, [r7, #4]
 80a1014:	f850 3023 	ldr.w	r3, [r0, r3, lsl #2]
 80a1018:	835f      	strh	r7, [r3, #26]
        if (c & mask) { // if masked bit is high
 80a101a:	9803      	ldr	r0, [sp, #12]
 80a101c:	9b04      	ldr	r3, [sp, #16]
 80a101e:	4218      	tst	r0, r3
 80a1020:	d180      	bne.n	80a0f24 <_ZN17Adafruit_NeoPixel4showEv+0xb78>
            ::: "r0", "cc", "memory");
 80a1022:	4600      	mov	r0, r0
 80a1024:	bf00      	nop
 80a1026:	bf00      	nop
 80a1028:	bf00      	nop
 80a102a:	bf00      	nop
 80a102c:	bf00      	nop
 80a102e:	bf00      	nop
 80a1030:	bf00      	nop
 80a1032:	bf00      	nop
 80a1034:	bf00      	nop
 80a1036:	bf00      	nop
 80a1038:	bf00      	nop
 80a103a:	bf00      	nop
 80a103c:	bf00      	nop
 80a103e:	bf00      	nop
 80a1040:	bf00      	nop
 80a1042:	bf00      	nop
          pinSet(pin, HIGH); // HIGH
 80a1044:	79e3      	ldrb	r3, [r4, #7]
 80a1046:	6810      	ldr	r0, [r2, #0]
 80a1048:	ebc3 03c3 	rsb	r3, r3, r3, lsl #3
 80a104c:	eb00 0783 	add.w	r7, r0, r3, lsl #2
 80a1050:	88bf      	ldrh	r7, [r7, #4]
 80a1052:	f850 3023 	ldr.w	r3, [r0, r3, lsl #2]
 80a1056:	831f      	strh	r7, [r3, #24]
          j++;
 80a1058:	f89d 3005 	ldrb.w	r3, [sp, #5]
 80a105c:	3301      	adds	r3, #1
 80a105e:	b2db      	uxtb	r3, r3
 80a1060:	f88d 3005 	strb.w	r3, [sp, #5]
          mask >>= 1; // Do this task during the long delay of this bit
 80a1064:	9b04      	ldr	r3, [sp, #16]
 80a1066:	085b      	lsrs	r3, r3, #1
 80a1068:	9304      	str	r3, [sp, #16]
            ::: "r0", "cc", "memory");
 80a106a:	4600      	mov	r0, r0
 80a106c:	bf00      	nop
 80a106e:	bf00      	nop
 80a1070:	bf00      	nop
 80a1072:	bf00      	nop
 80a1074:	bf00      	nop
 80a1076:	bf00      	nop
 80a1078:	bf00      	nop
 80a107a:	bf00      	nop
 80a107c:	bf00      	nop
 80a107e:	bf00      	nop
 80a1080:	bf00      	nop
 80a1082:	bf00      	nop
 80a1084:	bf00      	nop
 80a1086:	bf00      	nop
 80a1088:	bf00      	nop
 80a108a:	bf00      	nop
 80a108c:	bf00      	nop
 80a108e:	bf00      	nop
 80a1090:	bf00      	nop
 80a1092:	bf00      	nop
 80a1094:	bf00      	nop
 80a1096:	bf00      	nop
 80a1098:	bf00      	nop
 80a109a:	bf00      	nop
 80a109c:	bf00      	nop
 80a109e:	bf00      	nop
 80a10a0:	bf00      	nop
 80a10a2:	bf00      	nop
 80a10a4:	bf00      	nop
 80a10a6:	bf00      	nop
 80a10a8:	bf00      	nop
 80a10aa:	bf00      	nop
 80a10ac:	bf00      	nop
 80a10ae:	bf00      	nop
 80a10b0:	bf00      	nop
 80a10b2:	bf00      	nop
 80a10b4:	bf00      	nop
 80a10b6:	bf00      	nop
 80a10b8:	bf00      	nop
 80a10ba:	bf00      	nop
 80a10bc:	bf00      	nop
 80a10be:	bf00      	nop
 80a10c0:	bf00      	nop
 80a10c2:	bf00      	nop
 80a10c4:	bf00      	nop
 80a10c6:	bf00      	nop
 80a10c8:	bf00      	nop
 80a10ca:	bf00      	nop
 80a10cc:	bf00      	nop
 80a10ce:	bf00      	nop
 80a10d0:	bf00      	nop
 80a10d2:	bf00      	nop
 80a10d4:	bf00      	nop
 80a10d6:	bf00      	nop
 80a10d8:	bf00      	nop
 80a10da:	bf00      	nop
 80a10dc:	bf00      	nop
 80a10de:	bf00      	nop
 80a10e0:	bf00      	nop
 80a10e2:	bf00      	nop
 80a10e4:	bf00      	nop
 80a10e6:	bf00      	nop
 80a10e8:	bf00      	nop
 80a10ea:	bf00      	nop
 80a10ec:	bf00      	nop
 80a10ee:	bf00      	nop
 80a10f0:	bf00      	nop
 80a10f2:	bf00      	nop
          if(j==24) break;
 80a10f4:	f89d 3005 	ldrb.w	r3, [sp, #5]
 80a10f8:	2b18      	cmp	r3, #24
 80a10fa:	d184      	bne.n	80a1006 <_ZN17Adafruit_NeoPixel4showEv+0xc5a>
    while(i) { // While bytes left... (3 bytes = 1 pixel)
 80a10fc:	f8bd 300a 	ldrh.w	r3, [sp, #10]
 80a1100:	b29b      	uxth	r3, r3
 80a1102:	2b00      	cmp	r3, #0
 80a1104:	f47f aedd 	bne.w	80a0ec2 <_ZN17Adafruit_NeoPixel4showEv+0xb16>
 80a1108:	e517      	b.n	80a0b3a <_ZN17Adafruit_NeoPixel4showEv+0x78e>
    while(i) { // While bytes left... (3 bytes = 1 pixel)
 80a110a:	2b00      	cmp	r3, #0
 80a110c:	f43f ad15 	beq.w	80a0b3a <_ZN17Adafruit_NeoPixel4showEv+0x78e>
      mask = 0x800000; // reset the mask
 80a1110:	f44f 0500 	mov.w	r5, #8388608	; 0x800000
      j = 0;        // reset the 24-bit counter
 80a1114:	2600      	movs	r6, #0
 80a1116:	4a13      	ldr	r2, [pc, #76]	; (80a1164 <_ZN17Adafruit_NeoPixel4showEv+0xdb8>)
      mask = 0x800000; // reset the mask
 80a1118:	9504      	str	r5, [sp, #16]
      i = i-3;      // decrement bytes remaining
 80a111a:	f8bd 300a 	ldrh.w	r3, [sp, #10]
      b = *ptr++;   // Next green byte value
 80a111e:	3103      	adds	r1, #3
      i = i-3;      // decrement bytes remaining
 80a1120:	3b03      	subs	r3, #3
 80a1122:	b29b      	uxth	r3, r3
 80a1124:	f8ad 300a 	strh.w	r3, [sp, #10]
      r = *ptr++;   // Next red byte value
 80a1128:	f811 3c03 	ldrb.w	r3, [r1, #-3]
 80a112c:	b2db      	uxtb	r3, r3
 80a112e:	f88d 3007 	strb.w	r3, [sp, #7]
      g = *ptr++;   // Next blue byte value
 80a1132:	f811 3c02 	ldrb.w	r3, [r1, #-2]
 80a1136:	b2db      	uxtb	r3, r3
 80a1138:	f88d 3006 	strb.w	r3, [sp, #6]
      b = *ptr++;   // Next green byte value
 80a113c:	f811 3c01 	ldrb.w	r3, [r1, #-1]
 80a1140:	b2db      	uxtb	r3, r3
 80a1142:	f88d 3008 	strb.w	r3, [sp, #8]
      c = ((uint32_t)r << 16) | ((uint32_t)g <<  8) | b; // Pack the next 3 bytes to keep timing tight
 80a1146:	f89d 7007 	ldrb.w	r7, [sp, #7]
 80a114a:	f89d 3006 	ldrb.w	r3, [sp, #6]
 80a114e:	f89d 0008 	ldrb.w	r0, [sp, #8]
 80a1152:	021b      	lsls	r3, r3, #8
 80a1154:	ea43 4307 	orr.w	r3, r3, r7, lsl #16
 80a1158:	4303      	orrs	r3, r0
 80a115a:	9303      	str	r3, [sp, #12]
      j = 0;        // reset the 24-bit counter
 80a115c:	f88d 6005 	strb.w	r6, [sp, #5]
 80a1160:	e0e1      	b.n	80a1326 <_ZN17Adafruit_NeoPixel4showEv+0xf7a>
 80a1162:	bf00      	nop
 80a1164:	20000094 	.word	0x20000094
            ::: "r0", "cc", "memory");
 80a1168:	4600      	mov	r0, r0
 80a116a:	bf00      	nop
 80a116c:	bf00      	nop
 80a116e:	bf00      	nop
 80a1170:	bf00      	nop
 80a1172:	bf00      	nop
 80a1174:	bf00      	nop
 80a1176:	bf00      	nop
 80a1178:	bf00      	nop
 80a117a:	bf00      	nop
 80a117c:	bf00      	nop
 80a117e:	bf00      	nop
 80a1180:	bf00      	nop
 80a1182:	bf00      	nop
 80a1184:	bf00      	nop
 80a1186:	bf00      	nop
 80a1188:	bf00      	nop
 80a118a:	bf00      	nop
 80a118c:	bf00      	nop
 80a118e:	bf00      	nop
 80a1190:	bf00      	nop
 80a1192:	bf00      	nop
 80a1194:	bf00      	nop
 80a1196:	bf00      	nop
 80a1198:	bf00      	nop
 80a119a:	bf00      	nop
 80a119c:	bf00      	nop
 80a119e:	bf00      	nop
 80a11a0:	bf00      	nop
 80a11a2:	bf00      	nop
 80a11a4:	bf00      	nop
 80a11a6:	bf00      	nop
 80a11a8:	bf00      	nop
 80a11aa:	bf00      	nop
 80a11ac:	bf00      	nop
 80a11ae:	bf00      	nop
 80a11b0:	bf00      	nop
 80a11b2:	bf00      	nop
 80a11b4:	bf00      	nop
 80a11b6:	bf00      	nop
 80a11b8:	bf00      	nop
 80a11ba:	bf00      	nop
 80a11bc:	bf00      	nop
 80a11be:	bf00      	nop
 80a11c0:	bf00      	nop
 80a11c2:	bf00      	nop
 80a11c4:	bf00      	nop
 80a11c6:	bf00      	nop
 80a11c8:	bf00      	nop
 80a11ca:	bf00      	nop
 80a11cc:	bf00      	nop
 80a11ce:	bf00      	nop
 80a11d0:	bf00      	nop
 80a11d2:	bf00      	nop
 80a11d4:	bf00      	nop
 80a11d6:	bf00      	nop
 80a11d8:	bf00      	nop
 80a11da:	bf00      	nop
 80a11dc:	bf00      	nop
 80a11de:	bf00      	nop
 80a11e0:	bf00      	nop
 80a11e2:	bf00      	nop
 80a11e4:	bf00      	nop
 80a11e6:	bf00      	nop
 80a11e8:	bf00      	nop
 80a11ea:	bf00      	nop
 80a11ec:	bf00      	nop
 80a11ee:	bf00      	nop
 80a11f0:	bf00      	nop
 80a11f2:	bf00      	nop
 80a11f4:	bf00      	nop
 80a11f6:	bf00      	nop
 80a11f8:	bf00      	nop
 80a11fa:	bf00      	nop
 80a11fc:	bf00      	nop
 80a11fe:	bf00      	nop
 80a1200:	bf00      	nop
 80a1202:	bf00      	nop
 80a1204:	bf00      	nop
 80a1206:	bf00      	nop
 80a1208:	bf00      	nop
 80a120a:	bf00      	nop
 80a120c:	bf00      	nop
 80a120e:	bf00      	nop
 80a1210:	bf00      	nop
 80a1212:	bf00      	nop
 80a1214:	bf00      	nop
 80a1216:	bf00      	nop
 80a1218:	bf00      	nop
 80a121a:	bf00      	nop
 80a121c:	bf00      	nop
 80a121e:	bf00      	nop
 80a1220:	bf00      	nop
 80a1222:	bf00      	nop
 80a1224:	bf00      	nop
 80a1226:	bf00      	nop
 80a1228:	bf00      	nop
 80a122a:	bf00      	nop
 80a122c:	bf00      	nop
 80a122e:	bf00      	nop
 80a1230:	bf00      	nop
 80a1232:	bf00      	nop
 80a1234:	bf00      	nop
 80a1236:	bf00      	nop
 80a1238:	bf00      	nop
 80a123a:	bf00      	nop
 80a123c:	bf00      	nop
 80a123e:	bf00      	nop
 80a1240:	bf00      	nop
 80a1242:	bf00      	nop
 80a1244:	bf00      	nop
 80a1246:	bf00      	nop
 80a1248:	bf00      	nop
 80a124a:	bf00      	nop
 80a124c:	bf00      	nop
 80a124e:	bf00      	nop
 80a1250:	bf00      	nop
 80a1252:	bf00      	nop
 80a1254:	bf00      	nop
 80a1256:	bf00      	nop
 80a1258:	bf00      	nop
 80a125a:	bf00      	nop
 80a125c:	bf00      	nop
 80a125e:	bf00      	nop
 80a1260:	bf00      	nop
 80a1262:	bf00      	nop
 80a1264:	bf00      	nop
 80a1266:	bf00      	nop
 80a1268:	bf00      	nop
 80a126a:	bf00      	nop
 80a126c:	bf00      	nop
 80a126e:	bf00      	nop
 80a1270:	bf00      	nop
 80a1272:	bf00      	nop
 80a1274:	bf00      	nop
 80a1276:	bf00      	nop
 80a1278:	bf00      	nop
 80a127a:	bf00      	nop
 80a127c:	bf00      	nop
 80a127e:	bf00      	nop
 80a1280:	bf00      	nop
 80a1282:	bf00      	nop
 80a1284:	bf00      	nop
 80a1286:	bf00      	nop
 80a1288:	bf00      	nop
          pinSet(pin, LOW); // LOW
 80a128a:	79e3      	ldrb	r3, [r4, #7]
 80a128c:	6810      	ldr	r0, [r2, #0]
 80a128e:	ebc3 03c3 	rsb	r3, r3, r3, lsl #3
 80a1292:	eb00 0783 	add.w	r7, r0, r3, lsl #2
 80a1296:	88bf      	ldrh	r7, [r7, #4]
 80a1298:	f850 3023 	ldr.w	r3, [r0, r3, lsl #2]
 80a129c:	835f      	strh	r7, [r3, #26]
            ::: "r0", "cc", "memory");
 80a129e:	4600      	mov	r0, r0
 80a12a0:	bf00      	nop
 80a12a2:	bf00      	nop
 80a12a4:	bf00      	nop
 80a12a6:	bf00      	nop
 80a12a8:	bf00      	nop
 80a12aa:	bf00      	nop
 80a12ac:	bf00      	nop
 80a12ae:	bf00      	nop
 80a12b0:	bf00      	nop
 80a12b2:	bf00      	nop
 80a12b4:	bf00      	nop
 80a12b6:	bf00      	nop
 80a12b8:	bf00      	nop
 80a12ba:	bf00      	nop
 80a12bc:	bf00      	nop
 80a12be:	bf00      	nop
 80a12c0:	bf00      	nop
 80a12c2:	bf00      	nop
 80a12c4:	bf00      	nop
 80a12c6:	bf00      	nop
 80a12c8:	bf00      	nop
 80a12ca:	bf00      	nop
 80a12cc:	bf00      	nop
 80a12ce:	bf00      	nop
 80a12d0:	bf00      	nop
 80a12d2:	bf00      	nop
 80a12d4:	bf00      	nop
 80a12d6:	bf00      	nop
 80a12d8:	bf00      	nop
 80a12da:	bf00      	nop
 80a12dc:	bf00      	nop
 80a12de:	bf00      	nop
 80a12e0:	bf00      	nop
 80a12e2:	bf00      	nop
 80a12e4:	bf00      	nop
 80a12e6:	bf00      	nop
 80a12e8:	bf00      	nop
 80a12ea:	bf00      	nop
 80a12ec:	bf00      	nop
 80a12ee:	bf00      	nop
 80a12f0:	bf00      	nop
 80a12f2:	bf00      	nop
 80a12f4:	bf00      	nop
 80a12f6:	bf00      	nop
 80a12f8:	bf00      	nop
 80a12fa:	bf00      	nop
 80a12fc:	bf00      	nop
 80a12fe:	bf00      	nop
 80a1300:	bf00      	nop
 80a1302:	bf00      	nop
 80a1304:	bf00      	nop
 80a1306:	bf00      	nop
 80a1308:	bf00      	nop
 80a130a:	bf00      	nop
 80a130c:	bf00      	nop
        mask >>= 1;
 80a130e:	9b04      	ldr	r3, [sp, #16]
 80a1310:	085b      	lsrs	r3, r3, #1
 80a1312:	9304      	str	r3, [sp, #16]
      } while ( ++j < 24 ); // ... pixel done
 80a1314:	f89d 3005 	ldrb.w	r3, [sp, #5]
 80a1318:	3301      	adds	r3, #1
 80a131a:	b2db      	uxtb	r3, r3
 80a131c:	2b17      	cmp	r3, #23
 80a131e:	f88d 3005 	strb.w	r3, [sp, #5]
 80a1322:	f200 80eb 	bhi.w	80a14fc <_ZN17Adafruit_NeoPixel4showEv+0x1150>
        pinSet(pin, HIGH); // HIGH
 80a1326:	79e3      	ldrb	r3, [r4, #7]
 80a1328:	6810      	ldr	r0, [r2, #0]
 80a132a:	ebc3 03c3 	rsb	r3, r3, r3, lsl #3
 80a132e:	eb00 0783 	add.w	r7, r0, r3, lsl #2
 80a1332:	88bf      	ldrh	r7, [r7, #4]
 80a1334:	f850 3023 	ldr.w	r3, [r0, r3, lsl #2]
 80a1338:	831f      	strh	r7, [r3, #24]
        if (c & mask) { // if masked bit is high
 80a133a:	9803      	ldr	r0, [sp, #12]
 80a133c:	9b04      	ldr	r3, [sp, #16]
 80a133e:	4218      	tst	r0, r3
 80a1340:	f47f af12 	bne.w	80a1168 <_ZN17Adafruit_NeoPixel4showEv+0xdbc>
            ::: "r0", "cc", "memory");
 80a1344:	4600      	mov	r0, r0
 80a1346:	bf00      	nop
 80a1348:	bf00      	nop
 80a134a:	bf00      	nop
 80a134c:	bf00      	nop
 80a134e:	bf00      	nop
 80a1350:	bf00      	nop
 80a1352:	bf00      	nop
 80a1354:	bf00      	nop
 80a1356:	bf00      	nop
 80a1358:	bf00      	nop
 80a135a:	bf00      	nop
 80a135c:	bf00      	nop
 80a135e:	bf00      	nop
 80a1360:	bf00      	nop
 80a1362:	bf00      	nop
 80a1364:	bf00      	nop
 80a1366:	bf00      	nop
 80a1368:	bf00      	nop
 80a136a:	bf00      	nop
 80a136c:	bf00      	nop
 80a136e:	bf00      	nop
 80a1370:	bf00      	nop
 80a1372:	bf00      	nop
 80a1374:	bf00      	nop
 80a1376:	bf00      	nop
 80a1378:	bf00      	nop
 80a137a:	bf00      	nop
 80a137c:	bf00      	nop
 80a137e:	bf00      	nop
 80a1380:	bf00      	nop
 80a1382:	bf00      	nop
 80a1384:	bf00      	nop
 80a1386:	bf00      	nop
 80a1388:	bf00      	nop
 80a138a:	bf00      	nop
 80a138c:	bf00      	nop
 80a138e:	bf00      	nop
 80a1390:	bf00      	nop
 80a1392:	bf00      	nop
 80a1394:	bf00      	nop
 80a1396:	bf00      	nop
 80a1398:	bf00      	nop
 80a139a:	bf00      	nop
 80a139c:	bf00      	nop
 80a139e:	bf00      	nop
 80a13a0:	bf00      	nop
 80a13a2:	bf00      	nop
 80a13a4:	bf00      	nop
 80a13a6:	bf00      	nop
 80a13a8:	bf00      	nop
 80a13aa:	bf00      	nop
 80a13ac:	bf00      	nop
 80a13ae:	bf00      	nop
 80a13b0:	bf00      	nop
 80a13b2:	bf00      	nop
 80a13b4:	bf00      	nop
 80a13b6:	bf00      	nop
 80a13b8:	bf00      	nop
 80a13ba:	bf00      	nop
 80a13bc:	bf00      	nop
 80a13be:	bf00      	nop
 80a13c0:	bf00      	nop
 80a13c2:	bf00      	nop
 80a13c4:	bf00      	nop
          pinSet(pin, LOW); // LOW
 80a13c6:	79e3      	ldrb	r3, [r4, #7]
 80a13c8:	6810      	ldr	r0, [r2, #0]
 80a13ca:	ebc3 03c3 	rsb	r3, r3, r3, lsl #3
 80a13ce:	eb00 0783 	add.w	r7, r0, r3, lsl #2
 80a13d2:	88bf      	ldrh	r7, [r7, #4]
 80a13d4:	f850 3023 	ldr.w	r3, [r0, r3, lsl #2]
 80a13d8:	835f      	strh	r7, [r3, #26]
            ::: "r0", "cc", "memory");
 80a13da:	4600      	mov	r0, r0
 80a13dc:	bf00      	nop
 80a13de:	bf00      	nop
 80a13e0:	bf00      	nop
 80a13e2:	bf00      	nop
 80a13e4:	bf00      	nop
 80a13e6:	bf00      	nop
 80a13e8:	bf00      	nop
 80a13ea:	bf00      	nop
 80a13ec:	bf00      	nop
 80a13ee:	bf00      	nop
 80a13f0:	bf00      	nop
 80a13f2:	bf00      	nop
 80a13f4:	bf00      	nop
 80a13f6:	bf00      	nop
 80a13f8:	bf00      	nop
 80a13fa:	bf00      	nop
 80a13fc:	bf00      	nop
 80a13fe:	bf00      	nop
 80a1400:	bf00      	nop
 80a1402:	bf00      	nop
 80a1404:	bf00      	nop
 80a1406:	bf00      	nop
 80a1408:	bf00      	nop
 80a140a:	bf00      	nop
 80a140c:	bf00      	nop
 80a140e:	bf00      	nop
 80a1410:	bf00      	nop
 80a1412:	bf00      	nop
 80a1414:	bf00      	nop
 80a1416:	bf00      	nop
 80a1418:	bf00      	nop
 80a141a:	bf00      	nop
 80a141c:	bf00      	nop
 80a141e:	bf00      	nop
 80a1420:	bf00      	nop
 80a1422:	bf00      	nop
 80a1424:	bf00      	nop
 80a1426:	bf00      	nop
 80a1428:	bf00      	nop
 80a142a:	bf00      	nop
 80a142c:	bf00      	nop
 80a142e:	bf00      	nop
 80a1430:	bf00      	nop
 80a1432:	bf00      	nop
 80a1434:	bf00      	nop
 80a1436:	bf00      	nop
 80a1438:	bf00      	nop
 80a143a:	bf00      	nop
 80a143c:	bf00      	nop
 80a143e:	bf00      	nop
 80a1440:	bf00      	nop
 80a1442:	bf00      	nop
 80a1444:	bf00      	nop
 80a1446:	bf00      	nop
 80a1448:	bf00      	nop
 80a144a:	bf00      	nop
 80a144c:	bf00      	nop
 80a144e:	bf00      	nop
 80a1450:	bf00      	nop
 80a1452:	bf00      	nop
 80a1454:	bf00      	nop
 80a1456:	bf00      	nop
 80a1458:	bf00      	nop
 80a145a:	bf00      	nop
 80a145c:	bf00      	nop
 80a145e:	bf00      	nop
 80a1460:	bf00      	nop
 80a1462:	bf00      	nop
 80a1464:	bf00      	nop
 80a1466:	bf00      	nop
 80a1468:	bf00      	nop
 80a146a:	bf00      	nop
 80a146c:	bf00      	nop
 80a146e:	bf00      	nop
 80a1470:	bf00      	nop
 80a1472:	bf00      	nop
 80a1474:	bf00      	nop
 80a1476:	bf00      	nop
 80a1478:	bf00      	nop
 80a147a:	bf00      	nop
 80a147c:	bf00      	nop
 80a147e:	bf00      	nop
 80a1480:	bf00      	nop
 80a1482:	bf00      	nop
 80a1484:	bf00      	nop
 80a1486:	bf00      	nop
 80a1488:	bf00      	nop
 80a148a:	bf00      	nop
 80a148c:	bf00      	nop
 80a148e:	bf00      	nop
 80a1490:	bf00      	nop
 80a1492:	bf00      	nop
 80a1494:	bf00      	nop
 80a1496:	bf00      	nop
 80a1498:	bf00      	nop
 80a149a:	bf00      	nop
 80a149c:	bf00      	nop
 80a149e:	bf00      	nop
 80a14a0:	bf00      	nop
 80a14a2:	bf00      	nop
 80a14a4:	bf00      	nop
 80a14a6:	bf00      	nop
 80a14a8:	bf00      	nop
 80a14aa:	bf00      	nop
 80a14ac:	bf00      	nop
 80a14ae:	bf00      	nop
 80a14b0:	bf00      	nop
 80a14b2:	bf00      	nop
 80a14b4:	bf00      	nop
 80a14b6:	bf00      	nop
 80a14b8:	bf00      	nop
 80a14ba:	bf00      	nop
 80a14bc:	bf00      	nop
 80a14be:	bf00      	nop
 80a14c0:	bf00      	nop
 80a14c2:	bf00      	nop
 80a14c4:	bf00      	nop
 80a14c6:	bf00      	nop
 80a14c8:	bf00      	nop
 80a14ca:	bf00      	nop
 80a14cc:	bf00      	nop
 80a14ce:	bf00      	nop
 80a14d0:	bf00      	nop
 80a14d2:	bf00      	nop
 80a14d4:	bf00      	nop
 80a14d6:	bf00      	nop
 80a14d8:	bf00      	nop
 80a14da:	bf00      	nop
 80a14dc:	bf00      	nop
 80a14de:	bf00      	nop
 80a14e0:	bf00      	nop
 80a14e2:	bf00      	nop
 80a14e4:	bf00      	nop
 80a14e6:	bf00      	nop
 80a14e8:	bf00      	nop
 80a14ea:	e710      	b.n	80a130e <_ZN17Adafruit_NeoPixel4showEv+0xf62>
    while(i) { // While bytes left... (3 bytes = 1 pixel)
 80a14ec:	f8bd 300a 	ldrh.w	r3, [sp, #10]
 80a14f0:	b29b      	uxth	r3, r3
 80a14f2:	2b00      	cmp	r3, #0
 80a14f4:	f47e af92 	bne.w	80a041c <_ZN17Adafruit_NeoPixel4showEv+0x70>
 80a14f8:	f7ff bb1f 	b.w	80a0b3a <_ZN17Adafruit_NeoPixel4showEv+0x78e>
    while(i) { // While bytes left... (3 bytes = 1 pixel)
 80a14fc:	f8bd 300a 	ldrh.w	r3, [sp, #10]
 80a1500:	b29b      	uxth	r3, r3
 80a1502:	2b00      	cmp	r3, #0
 80a1504:	f47f ae08 	bne.w	80a1118 <_ZN17Adafruit_NeoPixel4showEv+0xd6c>
 80a1508:	f7ff bb17 	b.w	80a0b3a <_ZN17Adafruit_NeoPixel4showEv+0x78e>

080a150c <_ZN17Adafruit_NeoPixel13setPixelColorEtm>:
}

// Set pixel color from 'packed' 32-bit RGB color:
// If RGB+W color, order of bytes is WRGB in packed 32-bit form
void Adafruit_NeoPixel::setPixelColor(uint16_t n, uint32_t c) {
  if(n < numLEDs) {
 80a150c:	8843      	ldrh	r3, [r0, #2]
void Adafruit_NeoPixel::setPixelColor(uint16_t n, uint32_t c) {
 80a150e:	b5f0      	push	{r4, r5, r6, r7, lr}
  if(n < numLEDs) {
 80a1510:	428b      	cmp	r3, r1
 80a1512:	d926      	bls.n	80a1562 <_ZN17Adafruit_NeoPixel13setPixelColorEtm+0x56>
    uint8_t
      r = (uint8_t)(c >> 16),
      g = (uint8_t)(c >>  8),
      b = (uint8_t)c;
    if(brightness) { // See notes in setBrightness()
 80a1514:	7a05      	ldrb	r5, [r0, #8]
 80a1516:	f3c2 4307 	ubfx	r3, r2, #16, #8
 80a151a:	f3c2 2407 	ubfx	r4, r2, #8, #8
 80a151e:	b2d6      	uxtb	r6, r2
 80a1520:	b13d      	cbz	r5, 80a1532 <_ZN17Adafruit_NeoPixel13setPixelColorEtm+0x26>
      r = (r * brightness) >> 8;
 80a1522:	436b      	muls	r3, r5
      g = (g * brightness) >> 8;
 80a1524:	436c      	muls	r4, r5
      b = (b * brightness) >> 8;
 80a1526:	436e      	muls	r6, r5
      r = (r * brightness) >> 8;
 80a1528:	f3c3 2307 	ubfx	r3, r3, #8, #8
      g = (g * brightness) >> 8;
 80a152c:	f3c4 2407 	ubfx	r4, r4, #8, #8
      b = (b * brightness) >> 8;
 80a1530:	0a36      	lsrs	r6, r6, #8
    }
    uint8_t *p = &pixels[n * (type==SK6812RGBW?4:3)];
 80a1532:	f890 c006 	ldrb.w	ip, [r0, #6]
 80a1536:	68c7      	ldr	r7, [r0, #12]
 80a1538:	f1bc 0f06 	cmp.w	ip, #6
 80a153c:	bf0c      	ite	eq
 80a153e:	2504      	moveq	r5, #4
 80a1540:	2503      	movne	r5, #3
 80a1542:	4369      	muls	r1, r5
 80a1544:	f1ac 0c02 	sub.w	ip, ip, #2
 80a1548:	187d      	adds	r5, r7, r1
    switch(type) {
 80a154a:	f1bc 0f06 	cmp.w	ip, #6
 80a154e:	d81d      	bhi.n	80a158c <_ZN17Adafruit_NeoPixel13setPixelColorEtm+0x80>
 80a1550:	e8df f00c 	tbb	[pc, ip]
 80a1554:	04081c04 	.word	0x04081c04
 80a1558:	040f      	.short	0x040f
 80a155a:	04          	.byte	0x04
 80a155b:	00          	.byte	0x00
      case WS2812B: // WS2812, WS2812B & WS2813 is GRB order.
      case WS2812B_FAST:
      case WS2812B2:
      case WS2812B2_FAST: {
          *p++ = g;
 80a155c:	547c      	strb	r4, [r7, r1]
          *p++ = r;
 80a155e:	706b      	strb	r3, [r5, #1]
          *p = b;
 80a1560:	70ae      	strb	r6, [r5, #2]
          *p++ = g;
          *p = b;
        } break;
    }
  }
}
 80a1562:	bdf0      	pop	{r4, r5, r6, r7, pc}
          *p++ = r;
 80a1564:	2bfe      	cmp	r3, #254	; 0xfe
 80a1566:	bf28      	it	cs
 80a1568:	23fe      	movcs	r3, #254	; 0xfe
 80a156a:	547b      	strb	r3, [r7, r1]
          *p++ = b;
 80a156c:	706e      	strb	r6, [r5, #1]
          *p = g;
 80a156e:	70ac      	strb	r4, [r5, #2]
        } break;
 80a1570:	e7f7      	b.n	80a1562 <_ZN17Adafruit_NeoPixel13setPixelColorEtm+0x56>
          *p++ = r;
 80a1572:	547b      	strb	r3, [r7, r1]
          *p++ = g;
 80a1574:	706c      	strb	r4, [r5, #1]
          *p++ = b;
 80a1576:	70ae      	strb	r6, [r5, #2]
          *p = brightness ? ((w * brightness) >> 8) : w;
 80a1578:	7a03      	ldrb	r3, [r0, #8]
          uint8_t w = (uint8_t)(c >> 24);
 80a157a:	0e12      	lsrs	r2, r2, #24
          *p = brightness ? ((w * brightness) >> 8) : w;
 80a157c:	b913      	cbnz	r3, 80a1584 <_ZN17Adafruit_NeoPixel13setPixelColorEtm+0x78>
          uint8_t w = (uint8_t)(c >> 24);
 80a157e:	b2d2      	uxtb	r2, r2
          *p = brightness ? ((w * brightness) >> 8) : w;
 80a1580:	70ea      	strb	r2, [r5, #3]
        } break;
 80a1582:	e7ee      	b.n	80a1562 <_ZN17Adafruit_NeoPixel13setPixelColorEtm+0x56>
          *p = brightness ? ((w * brightness) >> 8) : w;
 80a1584:	435a      	muls	r2, r3
 80a1586:	f3c2 2207 	ubfx	r2, r2, #8, #8
 80a158a:	e7f9      	b.n	80a1580 <_ZN17Adafruit_NeoPixel13setPixelColorEtm+0x74>
          *p++ = r;
 80a158c:	547b      	strb	r3, [r7, r1]
          *p++ = g;
 80a158e:	706c      	strb	r4, [r5, #1]
          *p = b;
 80a1590:	70ae      	strb	r6, [r5, #2]
}
 80a1592:	e7e6      	b.n	80a1562 <_ZN17Adafruit_NeoPixel13setPixelColorEtm+0x56>

080a1594 <_ZN17Adafruit_NeoPixel5ColorEhhh>:
}

// Convert separate R,G,B into packed 32-bit RGB color.
// Packed format is always RGB, regardless of LED strand color order.
uint32_t Adafruit_NeoPixel::Color(uint8_t r, uint8_t g, uint8_t b) {
  return ((uint32_t)r << 16) | ((uint32_t)g <<  8) | b;
 80a1594:	ea42 2201 	orr.w	r2, r2, r1, lsl #8
}
 80a1598:	ea42 4000 	orr.w	r0, r2, r0, lsl #16
 80a159c:	4770      	bx	lr
	...

080a15a0 <_GLOBAL__sub_I_PIN_MAP2>:
  return brightness - 1;
}

void Adafruit_NeoPixel::clear(void) {
  memset(pixels, 0, numBytes);
}
 80a15a0:	b508      	push	{r3, lr}
  STM32_Pin_Info* PIN_MAP2 = HAL_Pin_Map(); // Pointer required for highest access speed
 80a15a2:	f000 f805 	bl	80a15b0 <HAL_Pin_Map>
 80a15a6:	4b01      	ldr	r3, [pc, #4]	; (80a15ac <_GLOBAL__sub_I_PIN_MAP2+0xc>)
 80a15a8:	6018      	str	r0, [r3, #0]
}
 80a15aa:	bd08      	pop	{r3, pc}
 80a15ac:	20000094 	.word	0x20000094

080a15b0 <HAL_Pin_Map>:
// New HAL functions must be added to the end of this list.
// GNINRAW

DYNALIB_BEGIN(hal_gpio)

DYNALIB_FN(0, hal_gpio, HAL_Pin_Map, Hal_Pin_Info*(void))
 80a15b0:	b508      	push	{r3, lr}
 80a15b2:	4b02      	ldr	r3, [pc, #8]	; (80a15bc <HAL_Pin_Map+0xc>)
 80a15b4:	681b      	ldr	r3, [r3, #0]
 80a15b6:	681b      	ldr	r3, [r3, #0]
 80a15b8:	9301      	str	r3, [sp, #4]
 80a15ba:	bd08      	pop	{r3, pc}
 80a15bc:	080601b0 	.word	0x080601b0

080a15c0 <HAL_Validate_Pin_Function>:
DYNALIB_FN(1, hal_gpio, HAL_Validate_Pin_Function, PinFunction(pin_t, PinFunction))
 80a15c0:	b508      	push	{r3, lr}
 80a15c2:	4b02      	ldr	r3, [pc, #8]	; (80a15cc <HAL_Validate_Pin_Function+0xc>)
 80a15c4:	681b      	ldr	r3, [r3, #0]
 80a15c6:	685b      	ldr	r3, [r3, #4]
 80a15c8:	9301      	str	r3, [sp, #4]
 80a15ca:	bd08      	pop	{r3, pc}
 80a15cc:	080601b0 	.word	0x080601b0

080a15d0 <HAL_Pin_Mode>:
DYNALIB_FN(2, hal_gpio, HAL_Pin_Mode, void(pin_t, PinMode))
 80a15d0:	b508      	push	{r3, lr}
 80a15d2:	4b02      	ldr	r3, [pc, #8]	; (80a15dc <HAL_Pin_Mode+0xc>)
 80a15d4:	681b      	ldr	r3, [r3, #0]
 80a15d6:	689b      	ldr	r3, [r3, #8]
 80a15d8:	9301      	str	r3, [sp, #4]
 80a15da:	bd08      	pop	{r3, pc}
 80a15dc:	080601b0 	.word	0x080601b0

080a15e0 <HAL_Get_Pin_Mode>:
DYNALIB_FN(3, hal_gpio, HAL_Get_Pin_Mode, PinMode(pin_t))
 80a15e0:	b508      	push	{r3, lr}
 80a15e2:	4b02      	ldr	r3, [pc, #8]	; (80a15ec <HAL_Get_Pin_Mode+0xc>)
 80a15e4:	681b      	ldr	r3, [r3, #0]
 80a15e6:	68db      	ldr	r3, [r3, #12]
 80a15e8:	9301      	str	r3, [sp, #4]
 80a15ea:	bd08      	pop	{r3, pc}
 80a15ec:	080601b0 	.word	0x080601b0

080a15f0 <HAL_GPIO_Write>:
DYNALIB_FN(4, hal_gpio, HAL_GPIO_Write, void(pin_t, uint8_t))
 80a15f0:	b508      	push	{r3, lr}
 80a15f2:	4b02      	ldr	r3, [pc, #8]	; (80a15fc <HAL_GPIO_Write+0xc>)
 80a15f4:	681b      	ldr	r3, [r3, #0]
 80a15f6:	691b      	ldr	r3, [r3, #16]
 80a15f8:	9301      	str	r3, [sp, #4]
 80a15fa:	bd08      	pop	{r3, pc}
 80a15fc:	080601b0 	.word	0x080601b0

080a1600 <hal_adc_read>:
DYNALIB_FN(8, hal_gpio, HAL_Interrupts_Enable_All, void(void))
DYNALIB_FN(9, hal_gpio, HAL_Interrupts_Disable_All, void(void))

DYNALIB_FN(10, hal_gpio, HAL_DAC_Write, void(pin_t, uint16_t))
DYNALIB_FN(11, hal_gpio, hal_adc_set_sample_time, void(uint8_t))
DYNALIB_FN(12, hal_gpio, hal_adc_read, int32_t(uint16_t))
 80a1600:	b508      	push	{r3, lr}
 80a1602:	4b02      	ldr	r3, [pc, #8]	; (80a160c <hal_adc_read+0xc>)
 80a1604:	681b      	ldr	r3, [r3, #0]
 80a1606:	6b1b      	ldr	r3, [r3, #48]	; 0x30
 80a1608:	9301      	str	r3, [sp, #4]
 80a160a:	bd08      	pop	{r3, pc}
 80a160c:	080601b0 	.word	0x080601b0

080a1610 <HAL_RNG_GetRandomNumber>:

DYNALIB_BEGIN(hal)

#if PLATFORM_ID > 3
DYNALIB_FN(0, hal, HAL_RNG_Configuration, void(void))
DYNALIB_FN(1, hal, HAL_RNG_GetRandomNumber, uint32_t(void))
 80a1610:	b508      	push	{r3, lr}
 80a1612:	4b02      	ldr	r3, [pc, #8]	; (80a161c <HAL_RNG_GetRandomNumber+0xc>)
 80a1614:	681b      	ldr	r3, [r3, #0]
 80a1616:	685b      	ldr	r3, [r3, #4]
 80a1618:	9301      	str	r3, [sp, #4]
 80a161a:	bd08      	pop	{r3, pc}
 80a161c:	0806019c 	.word	0x0806019c

080a1620 <HAL_Timer_Get_Micro_Seconds>:
#define BASE_IDX 0
#endif

DYNALIB_FN(BASE_IDX + 0, hal, HAL_Delay_Milliseconds, void(uint32_t))
DYNALIB_FN(BASE_IDX + 1, hal, HAL_Delay_Microseconds, void(uint32_t))
DYNALIB_FN(BASE_IDX + 2, hal, HAL_Timer_Get_Micro_Seconds, system_tick_t(void))
 80a1620:	b508      	push	{r3, lr}
 80a1622:	4b02      	ldr	r3, [pc, #8]	; (80a162c <HAL_Timer_Get_Micro_Seconds+0xc>)
 80a1624:	681b      	ldr	r3, [r3, #0]
 80a1626:	691b      	ldr	r3, [r3, #16]
 80a1628:	9301      	str	r3, [sp, #4]
 80a162a:	bd08      	pop	{r3, pc}
 80a162c:	0806019c 	.word	0x0806019c

080a1630 <HAL_Timer_Get_Milli_Seconds>:
DYNALIB_FN(BASE_IDX + 3, hal, HAL_Timer_Get_Milli_Seconds, system_tick_t(void))
 80a1630:	b508      	push	{r3, lr}
 80a1632:	4b02      	ldr	r3, [pc, #8]	; (80a163c <HAL_Timer_Get_Milli_Seconds+0xc>)
 80a1634:	681b      	ldr	r3, [r3, #0]
 80a1636:	695b      	ldr	r3, [r3, #20]
 80a1638:	9301      	str	r3, [sp, #4]
 80a163a:	bd08      	pop	{r3, pc}
 80a163c:	0806019c 	.word	0x0806019c

080a1640 <os_mutex_recursive_create>:
DYNALIB_FN(13, hal_concurrent, os_mutex_destroy, int(os_mutex_t))
DYNALIB_FN(14, hal_concurrent, os_mutex_lock, int(os_mutex_t))
DYNALIB_FN(15, hal_concurrent, os_mutex_trylock, int(os_mutex_t))
DYNALIB_FN(16, hal_concurrent, os_mutex_unlock, int(os_mutex_t))

DYNALIB_FN(17, hal_concurrent, os_mutex_recursive_create, int(os_mutex_recursive_t*))
 80a1640:	b508      	push	{r3, lr}
 80a1642:	4b02      	ldr	r3, [pc, #8]	; (80a164c <os_mutex_recursive_create+0xc>)
 80a1644:	681b      	ldr	r3, [r3, #0]
 80a1646:	6c5b      	ldr	r3, [r3, #68]	; 0x44
 80a1648:	9301      	str	r3, [sp, #4]
 80a164a:	bd08      	pop	{r3, pc}
 80a164c:	080601d0 	.word	0x080601d0

080a1650 <os_mutex_recursive_destroy>:
DYNALIB_FN(18, hal_concurrent, os_mutex_recursive_destroy, int(os_mutex_recursive_t))
 80a1650:	b508      	push	{r3, lr}
 80a1652:	4b02      	ldr	r3, [pc, #8]	; (80a165c <os_mutex_recursive_destroy+0xc>)
 80a1654:	681b      	ldr	r3, [r3, #0]
 80a1656:	6c9b      	ldr	r3, [r3, #72]	; 0x48
 80a1658:	9301      	str	r3, [sp, #4]
 80a165a:	bd08      	pop	{r3, pc}
 80a165c:	080601d0 	.word	0x080601d0

080a1660 <hal_usart_init>:
#define BASE_IDX 6 // Base index for all subsequent functions
#else
#define BASE_IDX 0
#endif

DYNALIB_FN(BASE_IDX + 0, hal_usart, hal_usart_init, void(hal_usart_interface_t, hal_usart_ring_buffer_t*, hal_usart_ring_buffer_t*))
 80a1660:	b508      	push	{r3, lr}
 80a1662:	4b02      	ldr	r3, [pc, #8]	; (80a166c <hal_usart_init+0xc>)
 80a1664:	681b      	ldr	r3, [r3, #0]
 80a1666:	699b      	ldr	r3, [r3, #24]
 80a1668:	9301      	str	r3, [sp, #4]
 80a166a:	bd08      	pop	{r3, pc}
 80a166c:	080601c4 	.word	0x080601c4

080a1670 <hal_usart_write>:
DYNALIB_FN(BASE_IDX + 1, hal_usart, hal_usart_begin, void(hal_usart_interface_t, uint32_t))
DYNALIB_FN(BASE_IDX + 2, hal_usart, hal_usart_end, void(hal_usart_interface_t))
DYNALIB_FN(BASE_IDX + 3, hal_usart, hal_usart_write, uint32_t(hal_usart_interface_t, uint8_t))
 80a1670:	b508      	push	{r3, lr}
 80a1672:	4b02      	ldr	r3, [pc, #8]	; (80a167c <hal_usart_write+0xc>)
 80a1674:	681b      	ldr	r3, [r3, #0]
 80a1676:	6a5b      	ldr	r3, [r3, #36]	; 0x24
 80a1678:	9301      	str	r3, [sp, #4]
 80a167a:	bd08      	pop	{r3, pc}
 80a167c:	080601c4 	.word	0x080601c4

080a1680 <hal_usart_available>:
DYNALIB_FN(BASE_IDX + 4, hal_usart, hal_usart_available, int32_t(hal_usart_interface_t))
 80a1680:	b508      	push	{r3, lr}
 80a1682:	4b02      	ldr	r3, [pc, #8]	; (80a168c <hal_usart_available+0xc>)
 80a1684:	681b      	ldr	r3, [r3, #0]
 80a1686:	6a9b      	ldr	r3, [r3, #40]	; 0x28
 80a1688:	9301      	str	r3, [sp, #4]
 80a168a:	bd08      	pop	{r3, pc}
 80a168c:	080601c4 	.word	0x080601c4

080a1690 <hal_usart_read>:
DYNALIB_FN(BASE_IDX + 5, hal_usart, hal_usart_read, int32_t(hal_usart_interface_t))
 80a1690:	b508      	push	{r3, lr}
 80a1692:	4b02      	ldr	r3, [pc, #8]	; (80a169c <hal_usart_read+0xc>)
 80a1694:	681b      	ldr	r3, [r3, #0]
 80a1696:	6adb      	ldr	r3, [r3, #44]	; 0x2c
 80a1698:	9301      	str	r3, [sp, #4]
 80a169a:	bd08      	pop	{r3, pc}
 80a169c:	080601c4 	.word	0x080601c4

080a16a0 <hal_usart_peek>:
DYNALIB_FN(BASE_IDX + 6, hal_usart, hal_usart_peek, int32_t(hal_usart_interface_t))
 80a16a0:	b508      	push	{r3, lr}
 80a16a2:	4b02      	ldr	r3, [pc, #8]	; (80a16ac <hal_usart_peek+0xc>)
 80a16a4:	681b      	ldr	r3, [r3, #0]
 80a16a6:	6b1b      	ldr	r3, [r3, #48]	; 0x30
 80a16a8:	9301      	str	r3, [sp, #4]
 80a16aa:	bd08      	pop	{r3, pc}
 80a16ac:	080601c4 	.word	0x080601c4

080a16b0 <hal_usart_flush>:
DYNALIB_FN(BASE_IDX + 7, hal_usart, hal_usart_flush, void(hal_usart_interface_t))
 80a16b0:	b508      	push	{r3, lr}
 80a16b2:	4b02      	ldr	r3, [pc, #8]	; (80a16bc <hal_usart_flush+0xc>)
 80a16b4:	681b      	ldr	r3, [r3, #0]
 80a16b6:	6b5b      	ldr	r3, [r3, #52]	; 0x34
 80a16b8:	9301      	str	r3, [sp, #4]
 80a16ba:	bd08      	pop	{r3, pc}
 80a16bc:	080601c4 	.word	0x080601c4

080a16c0 <hal_usart_is_enabled>:
DYNALIB_FN(BASE_IDX + 8, hal_usart, hal_usart_is_enabled, bool(hal_usart_interface_t))
 80a16c0:	b508      	push	{r3, lr}
 80a16c2:	4b02      	ldr	r3, [pc, #8]	; (80a16cc <hal_usart_is_enabled+0xc>)
 80a16c4:	681b      	ldr	r3, [r3, #0]
 80a16c6:	6b9b      	ldr	r3, [r3, #56]	; 0x38
 80a16c8:	9301      	str	r3, [sp, #4]
 80a16ca:	bd08      	pop	{r3, pc}
 80a16cc:	080601c4 	.word	0x080601c4

080a16d0 <hal_usart_available_data_for_write>:
DYNALIB_FN(BASE_IDX + 9, hal_usart, hal_usart_half_duplex, void(hal_usart_interface_t, bool))
DYNALIB_FN(BASE_IDX + 10, hal_usart, hal_usart_available_data_for_write, int32_t(hal_usart_interface_t))
 80a16d0:	b508      	push	{r3, lr}
 80a16d2:	4b02      	ldr	r3, [pc, #8]	; (80a16dc <hal_usart_available_data_for_write+0xc>)
 80a16d4:	681b      	ldr	r3, [r3, #0]
 80a16d6:	6c1b      	ldr	r3, [r3, #64]	; 0x40
 80a16d8:	9301      	str	r3, [sp, #4]
 80a16da:	bd08      	pop	{r3, pc}
 80a16dc:	080601c4 	.word	0x080601c4

080a16e0 <hal_i2c_write>:
DYNALIB_FN(BASE_IDX + 3, hal_i2c, hal_i2c_begin, void(hal_i2c_interface_t, hal_i2c_mode_t, uint8_t, void*))
DYNALIB_FN(BASE_IDX + 4, hal_i2c, hal_i2c_end, void(hal_i2c_interface_t, void*))
DYNALIB_FN(BASE_IDX + 5, hal_i2c, hal_i2c_request, uint32_t(hal_i2c_interface_t, uint8_t, uint8_t, uint8_t, void*))
DYNALIB_FN(BASE_IDX + 6, hal_i2c, hal_i2c_begin_transmission, void(hal_i2c_interface_t, uint8_t, const hal_i2c_transmission_config_t*))
DYNALIB_FN(BASE_IDX + 7, hal_i2c, hal_i2c_end_transmission, uint8_t(hal_i2c_interface_t, uint8_t, void*))
DYNALIB_FN(BASE_IDX + 8, hal_i2c, hal_i2c_write, uint32_t(hal_i2c_interface_t, uint8_t, void*))
 80a16e0:	b508      	push	{r3, lr}
 80a16e2:	4b02      	ldr	r3, [pc, #8]	; (80a16ec <hal_i2c_write+0xc>)
 80a16e4:	681b      	ldr	r3, [r3, #0]
 80a16e6:	6e1b      	ldr	r3, [r3, #96]	; 0x60
 80a16e8:	9301      	str	r3, [sp, #4]
 80a16ea:	bd08      	pop	{r3, pc}
 80a16ec:	080601ac 	.word	0x080601ac

080a16f0 <hal_i2c_available>:
DYNALIB_FN(BASE_IDX + 9, hal_i2c, hal_i2c_available, int32_t(hal_i2c_interface_t, void*))
 80a16f0:	b508      	push	{r3, lr}
 80a16f2:	4b02      	ldr	r3, [pc, #8]	; (80a16fc <hal_i2c_available+0xc>)
 80a16f4:	681b      	ldr	r3, [r3, #0]
 80a16f6:	6e5b      	ldr	r3, [r3, #100]	; 0x64
 80a16f8:	9301      	str	r3, [sp, #4]
 80a16fa:	bd08      	pop	{r3, pc}
 80a16fc:	080601ac 	.word	0x080601ac

080a1700 <hal_i2c_read>:
DYNALIB_FN(BASE_IDX + 10, hal_i2c, hal_i2c_read, int32_t(hal_i2c_interface_t, void*))
 80a1700:	b508      	push	{r3, lr}
 80a1702:	4b02      	ldr	r3, [pc, #8]	; (80a170c <hal_i2c_read+0xc>)
 80a1704:	681b      	ldr	r3, [r3, #0]
 80a1706:	6e9b      	ldr	r3, [r3, #104]	; 0x68
 80a1708:	9301      	str	r3, [sp, #4]
 80a170a:	bd08      	pop	{r3, pc}
 80a170c:	080601ac 	.word	0x080601ac

080a1710 <hal_i2c_peek>:
DYNALIB_FN(BASE_IDX + 11, hal_i2c, hal_i2c_peek, int32_t(hal_i2c_interface_t, void*))
 80a1710:	b508      	push	{r3, lr}
 80a1712:	4b02      	ldr	r3, [pc, #8]	; (80a171c <hal_i2c_peek+0xc>)
 80a1714:	681b      	ldr	r3, [r3, #0]
 80a1716:	6edb      	ldr	r3, [r3, #108]	; 0x6c
 80a1718:	9301      	str	r3, [sp, #4]
 80a171a:	bd08      	pop	{r3, pc}
 80a171c:	080601ac 	.word	0x080601ac

080a1720 <hal_i2c_flush>:
DYNALIB_FN(BASE_IDX + 12, hal_i2c, hal_i2c_flush, void(hal_i2c_interface_t, void*))
 80a1720:	b508      	push	{r3, lr}
 80a1722:	4b02      	ldr	r3, [pc, #8]	; (80a172c <hal_i2c_flush+0xc>)
 80a1724:	681b      	ldr	r3, [r3, #0]
 80a1726:	6f1b      	ldr	r3, [r3, #112]	; 0x70
 80a1728:	9301      	str	r3, [sp, #4]
 80a172a:	bd08      	pop	{r3, pc}
 80a172c:	080601ac 	.word	0x080601ac

080a1730 <hal_i2c_is_enabled>:
DYNALIB_FN(BASE_IDX + 13, hal_i2c, hal_i2c_is_enabled, bool(hal_i2c_interface_t, void*))
 80a1730:	b508      	push	{r3, lr}
 80a1732:	4b02      	ldr	r3, [pc, #8]	; (80a173c <hal_i2c_is_enabled+0xc>)
 80a1734:	681b      	ldr	r3, [r3, #0]
 80a1736:	6f5b      	ldr	r3, [r3, #116]	; 0x74
 80a1738:	9301      	str	r3, [sp, #4]
 80a173a:	bd08      	pop	{r3, pc}
 80a173c:	080601ac 	.word	0x080601ac

080a1740 <hal_i2c_init>:
DYNALIB_FN(BASE_IDX + 14, hal_i2c, hal_i2c_set_callback_on_received, void(hal_i2c_interface_t, void(*)(int), void*))
DYNALIB_FN(BASE_IDX + 15, hal_i2c, hal_i2c_set_callback_on_requested, void(hal_i2c_interface_t, void(*)(void), void*))
DYNALIB_FN(BASE_IDX + 16, hal_i2c, hal_i2c_init, int(hal_i2c_interface_t, const hal_i2c_config_t*))
 80a1740:	b508      	push	{r3, lr}
 80a1742:	4b03      	ldr	r3, [pc, #12]	; (80a1750 <hal_i2c_init+0x10>)
 80a1744:	681b      	ldr	r3, [r3, #0]
 80a1746:	f8d3 3080 	ldr.w	r3, [r3, #128]	; 0x80
 80a174a:	9301      	str	r3, [sp, #4]
 80a174c:	bd08      	pop	{r3, pc}
 80a174e:	0000      	.short	0x0000
 80a1750:	080601ac 	.word	0x080601ac

080a1754 <hal_spi_init>:
DYNALIB_FN(2, hal_spi, hal_spi_set_bit_order, void(hal_spi_interface_t, uint8_t))
DYNALIB_FN(3, hal_spi, hal_spi_set_data_mode, void(hal_spi_interface_t, uint8_t))
DYNALIB_FN(4, hal_spi, hal_spi_set_clock_divider, void(hal_spi_interface_t, uint8_t))
DYNALIB_FN(5, hal_spi, hal_spi_transfer, uint16_t(hal_spi_interface_t, uint16_t))
DYNALIB_FN(6, hal_spi, hal_spi_is_enabled_deprecated, bool(void))
DYNALIB_FN(7, hal_spi, hal_spi_init, void(hal_spi_interface_t))
 80a1754:	b508      	push	{r3, lr}
 80a1756:	4b02      	ldr	r3, [pc, #8]	; (80a1760 <hal_spi_init+0xc>)
 80a1758:	681b      	ldr	r3, [r3, #0]
 80a175a:	69db      	ldr	r3, [r3, #28]
 80a175c:	9301      	str	r3, [sp, #4]
 80a175e:	bd08      	pop	{r3, pc}
 80a1760:	080601b4 	.word	0x080601b4

080a1764 <hal_spi_is_enabled>:
DYNALIB_FN(8, hal_spi, hal_spi_is_enabled, bool(hal_spi_interface_t))
 80a1764:	b508      	push	{r3, lr}
 80a1766:	4b02      	ldr	r3, [pc, #8]	; (80a1770 <hal_spi_is_enabled+0xc>)
 80a1768:	681b      	ldr	r3, [r3, #0]
 80a176a:	6a1b      	ldr	r3, [r3, #32]
 80a176c:	9301      	str	r3, [sp, #4]
 80a176e:	bd08      	pop	{r3, pc}
 80a1770:	080601b4 	.word	0x080601b4

080a1774 <HAL_USB_USART_Init>:
#endif

DYNALIB_BEGIN(hal_usb)

#ifdef USB_CDC_ENABLE
DYNALIB_FN(0, hal_usb, HAL_USB_USART_Init, void(HAL_USB_USART_Serial, const HAL_USB_USART_Config*))
 80a1774:	b508      	push	{r3, lr}
 80a1776:	4b02      	ldr	r3, [pc, #8]	; (80a1780 <HAL_USB_USART_Init+0xc>)
 80a1778:	681b      	ldr	r3, [r3, #0]
 80a177a:	681b      	ldr	r3, [r3, #0]
 80a177c:	9301      	str	r3, [sp, #4]
 80a177e:	bd08      	pop	{r3, pc}
 80a1780:	080601d8 	.word	0x080601d8

080a1784 <HAL_USB_USART_Begin>:
DYNALIB_FN(1, hal_usb, HAL_USB_USART_Begin, void(HAL_USB_USART_Serial, uint32_t, void *))
 80a1784:	b508      	push	{r3, lr}
 80a1786:	4b02      	ldr	r3, [pc, #8]	; (80a1790 <HAL_USB_USART_Begin+0xc>)
 80a1788:	681b      	ldr	r3, [r3, #0]
 80a178a:	685b      	ldr	r3, [r3, #4]
 80a178c:	9301      	str	r3, [sp, #4]
 80a178e:	bd08      	pop	{r3, pc}
 80a1790:	080601d8 	.word	0x080601d8

080a1794 <HAL_USB_USART_Available_Data>:
DYNALIB_FN(2, hal_usb, HAL_USB_USART_End, void(HAL_USB_USART_Serial))
DYNALIB_FN(3, hal_usb, HAL_USB_USART_Baud_Rate, unsigned int(HAL_USB_USART_Serial))
DYNALIB_FN(4, hal_usb, HAL_USB_USART_Available_Data, int32_t(HAL_USB_USART_Serial))
 80a1794:	b508      	push	{r3, lr}
 80a1796:	4b02      	ldr	r3, [pc, #8]	; (80a17a0 <HAL_USB_USART_Available_Data+0xc>)
 80a1798:	681b      	ldr	r3, [r3, #0]
 80a179a:	691b      	ldr	r3, [r3, #16]
 80a179c:	9301      	str	r3, [sp, #4]
 80a179e:	bd08      	pop	{r3, pc}
 80a17a0:	080601d8 	.word	0x080601d8

080a17a4 <HAL_USB_USART_Available_Data_For_Write>:
DYNALIB_FN(5, hal_usb, HAL_USB_USART_Available_Data_For_Write, int32_t(HAL_USB_USART_Serial))
 80a17a4:	b508      	push	{r3, lr}
 80a17a6:	4b02      	ldr	r3, [pc, #8]	; (80a17b0 <HAL_USB_USART_Available_Data_For_Write+0xc>)
 80a17a8:	681b      	ldr	r3, [r3, #0]
 80a17aa:	695b      	ldr	r3, [r3, #20]
 80a17ac:	9301      	str	r3, [sp, #4]
 80a17ae:	bd08      	pop	{r3, pc}
 80a17b0:	080601d8 	.word	0x080601d8

080a17b4 <HAL_USB_USART_Receive_Data>:
DYNALIB_FN(6, hal_usb, HAL_USB_USART_Receive_Data, int32_t(HAL_USB_USART_Serial, uint8_t))
 80a17b4:	b508      	push	{r3, lr}
 80a17b6:	4b02      	ldr	r3, [pc, #8]	; (80a17c0 <HAL_USB_USART_Receive_Data+0xc>)
 80a17b8:	681b      	ldr	r3, [r3, #0]
 80a17ba:	699b      	ldr	r3, [r3, #24]
 80a17bc:	9301      	str	r3, [sp, #4]
 80a17be:	bd08      	pop	{r3, pc}
 80a17c0:	080601d8 	.word	0x080601d8

080a17c4 <HAL_USB_USART_Send_Data>:
DYNALIB_FN(7, hal_usb, HAL_USB_USART_Send_Data, int32_t(HAL_USB_USART_Serial, uint8_t))
 80a17c4:	b508      	push	{r3, lr}
 80a17c6:	4b02      	ldr	r3, [pc, #8]	; (80a17d0 <HAL_USB_USART_Send_Data+0xc>)
 80a17c8:	681b      	ldr	r3, [r3, #0]
 80a17ca:	69db      	ldr	r3, [r3, #28]
 80a17cc:	9301      	str	r3, [sp, #4]
 80a17ce:	bd08      	pop	{r3, pc}
 80a17d0:	080601d8 	.word	0x080601d8

080a17d4 <HAL_USB_USART_Flush_Data>:
DYNALIB_FN(8, hal_usb, HAL_USB_USART_Flush_Data, void(HAL_USB_USART_Serial))
 80a17d4:	b508      	push	{r3, lr}
 80a17d6:	4b02      	ldr	r3, [pc, #8]	; (80a17e0 <HAL_USB_USART_Flush_Data+0xc>)
 80a17d8:	681b      	ldr	r3, [r3, #0]
 80a17da:	6a1b      	ldr	r3, [r3, #32]
 80a17dc:	9301      	str	r3, [sp, #4]
 80a17de:	bd08      	pop	{r3, pc}
 80a17e0:	080601d8 	.word	0x080601d8

080a17e4 <inet_gethostbyname>:
DYNALIB_FN(14, hal_wlan, wlan_set_error_count, void(uint32_t))
DYNALIB_FN(15, hal_wlan, wlan_fetch_ipconfig, int(WLanConfig*))
DYNALIB_FN(16, hal_wlan, wlan_setup, void(void))

DYNALIB_FN(17, hal_wlan, HAL_NET_SetNetWatchDog, uint32_t(uint32_t))
DYNALIB_FN(18, hal_wlan, inet_gethostbyname, int(const char*, uint16_t, HAL_IPAddress*, network_interface_t, void*))
 80a17e4:	b508      	push	{r3, lr}
 80a17e6:	4b02      	ldr	r3, [pc, #8]	; (80a17f0 <inet_gethostbyname+0xc>)
 80a17e8:	681b      	ldr	r3, [r3, #0]
 80a17ea:	6c9b      	ldr	r3, [r3, #72]	; 0x48
 80a17ec:	9301      	str	r3, [sp, #4]
 80a17ee:	bd08      	pop	{r3, pc}
 80a17f0:	080601c0 	.word	0x080601c0

080a17f4 <set_system_mode>:
#endif

DYNALIB_BEGIN(system)

DYNALIB_FN(0, system, system_mode, System_Mode_TypeDef(void))
DYNALIB_FN(1, system, set_system_mode, void(System_Mode_TypeDef))
 80a17f4:	b508      	push	{r3, lr}
 80a17f6:	4b02      	ldr	r3, [pc, #8]	; (80a1800 <set_system_mode+0xc>)
 80a17f8:	681b      	ldr	r3, [r3, #0]
 80a17fa:	685b      	ldr	r3, [r3, #4]
 80a17fc:	9301      	str	r3, [sp, #4]
 80a17fe:	bd08      	pop	{r3, pc}
 80a1800:	080601a4 	.word	0x080601a4

080a1804 <system_delay_ms>:

DYNALIB_FN(2, system, set_ymodem_serial_flash_update_handler, void(ymodem_serial_flash_update_handler))
DYNALIB_FN(3, system, system_firmwareUpdate, bool(Stream*, void*))
DYNALIB_FN(4, system, system_fileTransfer, bool(system_file_transfer_t*, void*))

DYNALIB_FN(5, system, system_delay_ms, void(unsigned long, bool))
 80a1804:	b508      	push	{r3, lr}
 80a1806:	4b02      	ldr	r3, [pc, #8]	; (80a1810 <system_delay_ms+0xc>)
 80a1808:	681b      	ldr	r3, [r3, #0]
 80a180a:	695b      	ldr	r3, [r3, #20]
 80a180c:	9301      	str	r3, [sp, #4]
 80a180e:	bd08      	pop	{r3, pc}
 80a1810:	080601a4 	.word	0x080601a4

080a1814 <system_ctrl_set_app_request_handler>:
DYNALIB_FN(BASE_IDX + 6, system, led_pattern_period, uint16_t(int, int, void*))
DYNALIB_FN(BASE_IDX + 7, system, system_set_tester_handlers, int(system_tester_handlers_t*, void*))
DYNALIB_FN(BASE_IDX + 8, system, system_format_diag_data, int(const uint16_t*, size_t, unsigned, appender_fn, void*, void*))

// Control requests
DYNALIB_FN(BASE_IDX + 9, system, system_ctrl_set_app_request_handler, int(ctrl_request_handler_fn, void*))
 80a1814:	b508      	push	{r3, lr}
 80a1816:	4b03      	ldr	r3, [pc, #12]	; (80a1824 <system_ctrl_set_app_request_handler+0x10>)
 80a1818:	681b      	ldr	r3, [r3, #0]
 80a181a:	f8d3 3090 	ldr.w	r3, [r3, #144]	; 0x90
 80a181e:	9301      	str	r3, [sp, #4]
 80a1820:	bd08      	pop	{r3, pc}
 80a1822:	0000      	.short	0x0000
 80a1824:	080601a4 	.word	0x080601a4

080a1828 <system_ctrl_set_result>:
DYNALIB_FN(BASE_IDX + 10, system, system_ctrl_alloc_reply_data, int(ctrl_request*, size_t, void*))
DYNALIB_FN(BASE_IDX + 11, system, system_ctrl_free_request_data, void(ctrl_request*, void*))
DYNALIB_FN(BASE_IDX + 12, system, system_ctrl_set_result, void(ctrl_request*, int, ctrl_completion_handler_fn, void*, void*))
 80a1828:	b508      	push	{r3, lr}
 80a182a:	4b03      	ldr	r3, [pc, #12]	; (80a1838 <system_ctrl_set_result+0x10>)
 80a182c:	681b      	ldr	r3, [r3, #0]
 80a182e:	f8d3 309c 	ldr.w	r3, [r3, #156]	; 0x9c
 80a1832:	9301      	str	r3, [sp, #4]
 80a1834:	bd08      	pop	{r3, pc}
 80a1836:	0000      	.short	0x0000
 80a1838:	080601a4 	.word	0x080601a4

080a183c <network_connect>:
#endif

DYNALIB_BEGIN(system_net)

DYNALIB_FN(0, system_net, network_config, const void*(network_handle_t, uint32_t, void*))
DYNALIB_FN(1, system_net, network_connect, void(network_handle_t, uint32_t, uint32_t, void*))
 80a183c:	b508      	push	{r3, lr}
 80a183e:	4b02      	ldr	r3, [pc, #8]	; (80a1848 <network_connect+0xc>)
 80a1840:	681b      	ldr	r3, [r3, #0]
 80a1842:	685b      	ldr	r3, [r3, #4]
 80a1844:	9301      	str	r3, [sp, #4]
 80a1846:	bd08      	pop	{r3, pc}
 80a1848:	080601c8 	.word	0x080601c8

080a184c <network_connecting>:
DYNALIB_FN(2, system_net, network_connecting, bool(network_handle_t, uint32_t, void*))
 80a184c:	b508      	push	{r3, lr}
 80a184e:	4b02      	ldr	r3, [pc, #8]	; (80a1858 <network_connecting+0xc>)
 80a1850:	681b      	ldr	r3, [r3, #0]
 80a1852:	689b      	ldr	r3, [r3, #8]
 80a1854:	9301      	str	r3, [sp, #4]
 80a1856:	bd08      	pop	{r3, pc}
 80a1858:	080601c8 	.word	0x080601c8

080a185c <network_disconnect>:
DYNALIB_FN(3, system_net, network_disconnect, void(network_handle_t, uint32_t, void*))
 80a185c:	b508      	push	{r3, lr}
 80a185e:	4b02      	ldr	r3, [pc, #8]	; (80a1868 <network_disconnect+0xc>)
 80a1860:	681b      	ldr	r3, [r3, #0]
 80a1862:	68db      	ldr	r3, [r3, #12]
 80a1864:	9301      	str	r3, [sp, #4]
 80a1866:	bd08      	pop	{r3, pc}
 80a1868:	080601c8 	.word	0x080601c8

080a186c <network_ready>:
DYNALIB_FN(4, system_net, network_ready, bool(network_handle_t, uint32_t, void*))
 80a186c:	b508      	push	{r3, lr}
 80a186e:	4b02      	ldr	r3, [pc, #8]	; (80a1878 <network_ready+0xc>)
 80a1870:	681b      	ldr	r3, [r3, #0]
 80a1872:	691b      	ldr	r3, [r3, #16]
 80a1874:	9301      	str	r3, [sp, #4]
 80a1876:	bd08      	pop	{r3, pc}
 80a1878:	080601c8 	.word	0x080601c8

080a187c <network_on>:
DYNALIB_FN(5, system_net, network_on, void(network_handle_t, uint32_t, uint32_t, void*))
 80a187c:	b508      	push	{r3, lr}
 80a187e:	4b02      	ldr	r3, [pc, #8]	; (80a1888 <network_on+0xc>)
 80a1880:	681b      	ldr	r3, [r3, #0]
 80a1882:	695b      	ldr	r3, [r3, #20]
 80a1884:	9301      	str	r3, [sp, #4]
 80a1886:	bd08      	pop	{r3, pc}
 80a1888:	080601c8 	.word	0x080601c8

080a188c <network_off>:
DYNALIB_FN(6, system_net, network_off, void(network_handle_t, uint32_t, uint32_t, void*))
 80a188c:	b508      	push	{r3, lr}
 80a188e:	4b02      	ldr	r3, [pc, #8]	; (80a1898 <network_off+0xc>)
 80a1890:	681b      	ldr	r3, [r3, #0]
 80a1892:	699b      	ldr	r3, [r3, #24]
 80a1894:	9301      	str	r3, [sp, #4]
 80a1896:	bd08      	pop	{r3, pc}
 80a1898:	080601c8 	.word	0x080601c8

080a189c <network_listen>:
DYNALIB_FN(7, system_net, network_listen, void(network_handle_t, uint32_t, void*))
 80a189c:	b508      	push	{r3, lr}
 80a189e:	4b02      	ldr	r3, [pc, #8]	; (80a18a8 <network_listen+0xc>)
 80a18a0:	681b      	ldr	r3, [r3, #0]
 80a18a2:	69db      	ldr	r3, [r3, #28]
 80a18a4:	9301      	str	r3, [sp, #4]
 80a18a6:	bd08      	pop	{r3, pc}
 80a18a8:	080601c8 	.word	0x080601c8

080a18ac <network_listening>:
DYNALIB_FN(8, system_net, network_listening, bool(network_handle_t, uint32_t, void*))
 80a18ac:	b508      	push	{r3, lr}
 80a18ae:	4b02      	ldr	r3, [pc, #8]	; (80a18b8 <network_listening+0xc>)
 80a18b0:	681b      	ldr	r3, [r3, #0]
 80a18b2:	6a1b      	ldr	r3, [r3, #32]
 80a18b4:	9301      	str	r3, [sp, #4]
 80a18b6:	bd08      	pop	{r3, pc}
 80a18b8:	080601c8 	.word	0x080601c8

080a18bc <network_set_listen_timeout>:
DYNALIB_FN(9, system_net, network_has_credentials, bool(network_handle_t, uint32_t, void*))
DYNALIB_FN(10, system_net, network_set_credentials, int(network_handle_t, uint32_t, NetworkCredentials*, void*))
DYNALIB_FN(11, system_net, network_clear_credentials, bool(network_handle_t, uint32_t, NetworkCredentials*, void*))
DYNALIB_FN(12, system_net, network_set_listen_timeout, void(network_handle_t, uint16_t, void*))
 80a18bc:	b508      	push	{r3, lr}
 80a18be:	4b02      	ldr	r3, [pc, #8]	; (80a18c8 <network_set_listen_timeout+0xc>)
 80a18c0:	681b      	ldr	r3, [r3, #0]
 80a18c2:	6b1b      	ldr	r3, [r3, #48]	; 0x30
 80a18c4:	9301      	str	r3, [sp, #4]
 80a18c6:	bd08      	pop	{r3, pc}
 80a18c8:	080601c8 	.word	0x080601c8

080a18cc <network_get_listen_timeout>:
DYNALIB_FN(13, system_net, network_get_listen_timeout, uint16_t(network_handle_t, uint32_t, void*))
 80a18cc:	b508      	push	{r3, lr}
 80a18ce:	4b02      	ldr	r3, [pc, #8]	; (80a18d8 <network_get_listen_timeout+0xc>)
 80a18d0:	681b      	ldr	r3, [r3, #0]
 80a18d2:	6b5b      	ldr	r3, [r3, #52]	; 0x34
 80a18d4:	9301      	str	r3, [sp, #4]
 80a18d6:	bd08      	pop	{r3, pc}
 80a18d8:	080601c8 	.word	0x080601c8

080a18dc <network_is_on>:
DYNALIB_FN(14, system_net, network_set_hostname, int(network_handle_t, uint32_t, const char*, void*))
DYNALIB_FN(15, system_net, network_get_hostname, int(network_handle_t, uint32_t, char*, size_t, void*))
DYNALIB_FN(16, system_net, network_is_on, bool(network_handle_t, void*))
 80a18dc:	b508      	push	{r3, lr}
 80a18de:	4b02      	ldr	r3, [pc, #8]	; (80a18e8 <network_is_on+0xc>)
 80a18e0:	681b      	ldr	r3, [r3, #0]
 80a18e2:	6c1b      	ldr	r3, [r3, #64]	; 0x40
 80a18e4:	9301      	str	r3, [sp, #4]
 80a18e6:	bd08      	pop	{r3, pc}
 80a18e8:	080601c8 	.word	0x080601c8

080a18ec <network_is_off>:
DYNALIB_FN(17, system_net, network_is_off, bool(network_handle_t, void*))
 80a18ec:	b508      	push	{r3, lr}
 80a18ee:	4b02      	ldr	r3, [pc, #8]	; (80a18f8 <network_is_off+0xc>)
 80a18f0:	681b      	ldr	r3, [r3, #0]
 80a18f2:	6c5b      	ldr	r3, [r3, #68]	; 0x44
 80a18f4:	9301      	str	r3, [sp, #4]
 80a18f6:	bd08      	pop	{r3, pc}
 80a18f8:	080601c8 	.word	0x080601c8

080a18fc <spark_variable>:
#endif


DYNALIB_BEGIN(system_cloud)

DYNALIB_FN(0, system_cloud, spark_variable, bool(const char*, const void*, Spark_Data_TypeDef, spark_variable_t*))
 80a18fc:	b508      	push	{r3, lr}
 80a18fe:	4b02      	ldr	r3, [pc, #8]	; (80a1908 <spark_variable+0xc>)
 80a1900:	681b      	ldr	r3, [r3, #0]
 80a1902:	681b      	ldr	r3, [r3, #0]
 80a1904:	9301      	str	r3, [sp, #4]
 80a1906:	bd08      	pop	{r3, pc}
 80a1908:	080601cc 	.word	0x080601cc

080a190c <spark_function>:
DYNALIB_FN(1, system_cloud, spark_function, bool(const char*, p_user_function_int_str_t, void*))
 80a190c:	b508      	push	{r3, lr}
 80a190e:	4b02      	ldr	r3, [pc, #8]	; (80a1918 <spark_function+0xc>)
 80a1910:	681b      	ldr	r3, [r3, #0]
 80a1912:	685b      	ldr	r3, [r3, #4]
 80a1914:	9301      	str	r3, [sp, #4]
 80a1916:	bd08      	pop	{r3, pc}
 80a1918:	080601cc 	.word	0x080601cc

080a191c <spark_set_random_seed_from_cloud_handler>:
DYNALIB_FN(10, system_cloud, spark_unsubscribe, void(void*))
DYNALIB_FN(11, system_cloud, spark_sync_time, bool(void*))
DYNALIB_FN(12, system_cloud, spark_sync_time_pending, bool(void*))
DYNALIB_FN(13, system_cloud, spark_sync_time_last, system_tick_t(time32_t*, time_t*))
DYNALIB_FN(14, system_cloud, spark_set_connection_property, int(unsigned, unsigned, const void*, void*))
DYNALIB_FN(15, system_cloud, spark_set_random_seed_from_cloud_handler, int(void (*handler)(unsigned int), void*))
 80a191c:	b508      	push	{r3, lr}
 80a191e:	4b02      	ldr	r3, [pc, #8]	; (80a1928 <spark_set_random_seed_from_cloud_handler+0xc>)
 80a1920:	681b      	ldr	r3, [r3, #0]
 80a1922:	6bdb      	ldr	r3, [r3, #60]	; 0x3c
 80a1924:	9301      	str	r3, [sp, #4]
 80a1926:	bd08      	pop	{r3, pc}
 80a1928:	080601cc 	.word	0x080601cc

080a192c <malloc>:
#include "hal_platform.h"
#endif // defined(DYNALIB_EXPORT) || (defined(DYNALIB_IMPORT) && !defined(RT_DYNALIB_NO_DEPENDENCY_BREAKING_IMPORTS))

DYNALIB_BEGIN(rt)

DYNALIB_FN(0, rt, malloc, void*(size_t))
 80a192c:	b508      	push	{r3, lr}
 80a192e:	4b02      	ldr	r3, [pc, #8]	; (80a1938 <malloc+0xc>)
 80a1930:	681b      	ldr	r3, [r3, #0]
 80a1932:	681b      	ldr	r3, [r3, #0]
 80a1934:	9301      	str	r3, [sp, #4]
 80a1936:	bd08      	pop	{r3, pc}
 80a1938:	080601a0 	.word	0x080601a0

080a193c <free>:
DYNALIB_FN(1, rt, free, void(void*))
 80a193c:	b508      	push	{r3, lr}
 80a193e:	4b02      	ldr	r3, [pc, #8]	; (80a1948 <free+0xc>)
 80a1940:	681b      	ldr	r3, [r3, #0]
 80a1942:	685b      	ldr	r3, [r3, #4]
 80a1944:	9301      	str	r3, [sp, #4]
 80a1946:	bd08      	pop	{r3, pc}
 80a1948:	080601a0 	.word	0x080601a0

080a194c <realloc>:
DYNALIB_FN(2, rt, realloc, void*(void*, size_t))
 80a194c:	b508      	push	{r3, lr}
 80a194e:	4b02      	ldr	r3, [pc, #8]	; (80a1958 <realloc+0xc>)
 80a1950:	681b      	ldr	r3, [r3, #0]
 80a1952:	689b      	ldr	r3, [r3, #8]
 80a1954:	9301      	str	r3, [sp, #4]
 80a1956:	bd08      	pop	{r3, pc}
 80a1958:	080601a0 	.word	0x080601a0

080a195c <newlib_impure_ptr_callback>:
// RT is currently being imported into system-part1 from system-part2,
// which is the reverse direction.

#if defined(DYNALIB_EXPORT) || (defined(DYNALIB_IMPORT) && !defined(RT_DYNALIB_NO_DEPENDENCY_BREAKING_IMPORTS))
DYNALIB_FN(16, rt, __assert_func, void(const char*, int, const char*, const char*))
DYNALIB_FN(17, rt, newlib_impure_ptr_callback, void(void (*)(struct _reent*, size_t, uint32_t, void*), void*))
 80a195c:	b508      	push	{r3, lr}
 80a195e:	4b02      	ldr	r3, [pc, #8]	; (80a1968 <newlib_impure_ptr_callback+0xc>)
 80a1960:	681b      	ldr	r3, [r3, #0]
 80a1962:	6c5b      	ldr	r3, [r3, #68]	; 0x44
 80a1964:	9301      	str	r3, [sp, #4]
 80a1966:	bd08      	pop	{r3, pc}
 80a1968:	080601a0 	.word	0x080601a0

080a196c <_ZN8SPIClassC1E19hal_spi_interface_t>:
    }
    return particle::SPISettings(info->clock, info->bit_order, info->data_mode);
}
} // namespace

SPIClass::SPIClass(hal_spi_interface_t spi)
 80a196c:	b570      	push	{r4, r5, r6, lr}
    /**
     * Creates a shared mutex.
     */
    RecursiveMutex(os_mutex_recursive_t handle) : handle_(handle) {}

    RecursiveMutex() : handle_(nullptr)
 80a196e:	2600      	movs	r6, #0
 80a1970:	4604      	mov	r4, r0
 80a1972:	460d      	mov	r5, r1
 80a1974:	f840 6f08 	str.w	r6, [r0, #8]!
    {
        os_mutex_recursive_create(&handle_);
 80a1978:	f7ff fe62 	bl	80a1640 <os_mutex_recursive_create>
{
    _spi = spi;
    hal_spi_init(_spi);
 80a197c:	4628      	mov	r0, r5
    _spi = spi;
 80a197e:	7025      	strb	r5, [r4, #0]
    hal_spi_init(_spi);
 80a1980:	f7ff fee8 	bl	80a1754 <hal_spi_init>
    _dividerReference = SPI_CLK_SYSTEM; // 0 indicates the system clock
}
 80a1984:	4620      	mov	r0, r4
    _dividerReference = SPI_CLK_SYSTEM; // 0 indicates the system clock
 80a1986:	6066      	str	r6, [r4, #4]
}
 80a1988:	bd70      	pop	{r4, r5, r6, pc}
	...

080a198c <_GLOBAL__sub_I_System>:
} // namespace particle

// particle::Flag<TagT, ValueT>
template<typename TagT, typename ValueT>
inline particle::Flag<TagT, ValueT>::Flag(ValueT val) :
        val_(val) {
 80a198c:	2202      	movs	r2, #2

class SystemSleepResult {
public:
    SystemSleepResult()
            : wakeupSource_(nullptr),
              error_(SYSTEM_ERROR_NONE) {
 80a198e:	2000      	movs	r0, #0
 80a1990:	4b04      	ldr	r3, [pc, #16]	; (80a19a4 <_GLOBAL__sub_I_System+0x18>)
 80a1992:	601a      	str	r2, [r3, #0]
 80a1994:	4b04      	ldr	r3, [pc, #16]	; (80a19a8 <_GLOBAL__sub_I_System+0x1c>)
    SleepResult() {}
 80a1996:	4a05      	ldr	r2, [pc, #20]	; (80a19ac <_GLOBAL__sub_I_System+0x20>)
              error_(SYSTEM_ERROR_NONE) {
 80a1998:	6018      	str	r0, [r3, #0]
 80a199a:	8098      	strh	r0, [r3, #4]
    SleepResult() {}
 80a199c:	7198      	strb	r0, [r3, #6]
 80a199e:	609a      	str	r2, [r3, #8]

class SystemClass {
public:

    SystemClass(System_Mode_TypeDef mode = DEFAULT) {
        set_system_mode(mode);
 80a19a0:	f7ff bf28 	b.w	80a17f4 <set_system_mode>
 80a19a4:	200000a4 	.word	0x200000a4
 80a19a8:	20000098 	.word	0x20000098
 80a19ac:	ffff0000 	.word	0xffff0000

080a19b0 <_ZN6StringD1Ev>:
	init();
	char buf[33];
	dtoa(value, decimalPlaces, buf);
        *this = buf;
}
String::~String()
 80a19b0:	b510      	push	{r4, lr}
 80a19b2:	4604      	mov	r4, r0
{
	free(buffer);
 80a19b4:	6800      	ldr	r0, [r0, #0]
 80a19b6:	f7ff ffc1 	bl	80a193c <free>
}
 80a19ba:	4620      	mov	r0, r4
 80a19bc:	bd10      	pop	{r4, pc}

080a19be <_ZN6String10invalidateEv>:
	len = 0;
	flags = 0;
}

void String::invalidate(void)
{
 80a19be:	b510      	push	{r4, lr}
 80a19c0:	4604      	mov	r4, r0
	if (buffer) free(buffer);
 80a19c2:	6800      	ldr	r0, [r0, #0]
 80a19c4:	b108      	cbz	r0, 80a19ca <_ZN6String10invalidateEv+0xc>
 80a19c6:	f7ff ffb9 	bl	80a193c <free>
	buffer = NULL;
 80a19ca:	2300      	movs	r3, #0
	capacity = len = 0;
 80a19cc:	e9c4 3301 	strd	r3, r3, [r4, #4]
	buffer = NULL;
 80a19d0:	6023      	str	r3, [r4, #0]
}
 80a19d2:	bd10      	pop	{r4, pc}

080a19d4 <_ZN6String12changeBufferEj>:
	}
	return 0;
}

unsigned char String::changeBuffer(unsigned int maxStrLen)
{
 80a19d4:	b538      	push	{r3, r4, r5, lr}
 80a19d6:	4604      	mov	r4, r0
 80a19d8:	460d      	mov	r5, r1
	char *newbuffer = (char *)realloc(buffer, maxStrLen + 1);
 80a19da:	6800      	ldr	r0, [r0, #0]
 80a19dc:	3101      	adds	r1, #1
 80a19de:	f7ff ffb5 	bl	80a194c <realloc>
	if (newbuffer) {
 80a19e2:	b110      	cbz	r0, 80a19ea <_ZN6String12changeBufferEj+0x16>
		buffer = newbuffer;
		capacity = maxStrLen;
 80a19e4:	e9c4 0500 	strd	r0, r5, [r4]
		return 1;
 80a19e8:	2001      	movs	r0, #1
	}
	return 0;
}
 80a19ea:	bd38      	pop	{r3, r4, r5, pc}

080a19ec <_ZN6String7reserveEj>:
{
 80a19ec:	b510      	push	{r4, lr}
	if (buffer && capacity >= size) return 1;
 80a19ee:	6803      	ldr	r3, [r0, #0]
{
 80a19f0:	4604      	mov	r4, r0
	if (buffer && capacity >= size) return 1;
 80a19f2:	b123      	cbz	r3, 80a19fe <_ZN6String7reserveEj+0x12>
 80a19f4:	6843      	ldr	r3, [r0, #4]
 80a19f6:	428b      	cmp	r3, r1
 80a19f8:	d301      	bcc.n	80a19fe <_ZN6String7reserveEj+0x12>
 80a19fa:	2001      	movs	r0, #1
}
 80a19fc:	bd10      	pop	{r4, pc}
	if (changeBuffer(size)) {
 80a19fe:	4620      	mov	r0, r4
 80a1a00:	f7ff ffe8 	bl	80a19d4 <_ZN6String12changeBufferEj>
 80a1a04:	2800      	cmp	r0, #0
 80a1a06:	d0f9      	beq.n	80a19fc <_ZN6String7reserveEj+0x10>
		if (len == 0) buffer[0] = 0;
 80a1a08:	68a3      	ldr	r3, [r4, #8]
 80a1a0a:	2b00      	cmp	r3, #0
 80a1a0c:	d1f5      	bne.n	80a19fa <_ZN6String7reserveEj+0xe>
 80a1a0e:	6822      	ldr	r2, [r4, #0]
 80a1a10:	7013      	strb	r3, [r2, #0]
 80a1a12:	e7f2      	b.n	80a19fa <_ZN6String7reserveEj+0xe>

080a1a14 <_ZN6String4copyEPKcj>:
/*********************************************/
/*  Copy and Move                            */
/*********************************************/

String & String::copy(const char *cstr, unsigned int length)
{
 80a1a14:	b570      	push	{r4, r5, r6, lr}
 80a1a16:	460e      	mov	r6, r1
	if (!reserve(length)) {
 80a1a18:	4611      	mov	r1, r2
{
 80a1a1a:	4604      	mov	r4, r0
 80a1a1c:	4615      	mov	r5, r2
	if (!reserve(length)) {
 80a1a1e:	f7ff ffe5 	bl	80a19ec <_ZN6String7reserveEj>
 80a1a22:	b920      	cbnz	r0, 80a1a2e <_ZN6String4copyEPKcj+0x1a>
		invalidate();
 80a1a24:	4620      	mov	r0, r4
 80a1a26:	f7ff ffca 	bl	80a19be <_ZN6String10invalidateEv>
	}
	len = length;
	memcpy(buffer, cstr, length);
	buffer[len] = 0;
	return *this;
}
 80a1a2a:	4620      	mov	r0, r4
 80a1a2c:	bd70      	pop	{r4, r5, r6, pc}
	memcpy(buffer, cstr, length);
 80a1a2e:	462a      	mov	r2, r5
 80a1a30:	4631      	mov	r1, r6
 80a1a32:	6820      	ldr	r0, [r4, #0]
	len = length;
 80a1a34:	60a5      	str	r5, [r4, #8]
	memcpy(buffer, cstr, length);
 80a1a36:	f001 faa3 	bl	80a2f80 <memcpy>
	buffer[len] = 0;
 80a1a3a:	2100      	movs	r1, #0
 80a1a3c:	6822      	ldr	r2, [r4, #0]
 80a1a3e:	68a3      	ldr	r3, [r4, #8]
 80a1a40:	54d1      	strb	r1, [r2, r3]
	return *this;
 80a1a42:	e7f2      	b.n	80a1a2a <_ZN6String4copyEPKcj+0x16>

080a1a44 <_ZN6StringC1EPKc>:
String::String(const char *cstr)
 80a1a44:	b538      	push	{r3, r4, r5, lr}
	buffer = NULL;
 80a1a46:	2300      	movs	r3, #0
String::String(const char *cstr)
 80a1a48:	4604      	mov	r4, r0
	if (cstr) copy(cstr, strlen(cstr));
 80a1a4a:	460d      	mov	r5, r1
	capacity = 0;
 80a1a4c:	e9c0 3300 	strd	r3, r3, [r0]
	len = 0;
 80a1a50:	6083      	str	r3, [r0, #8]
	flags = 0;
 80a1a52:	7303      	strb	r3, [r0, #12]
	if (cstr) copy(cstr, strlen(cstr));
 80a1a54:	b139      	cbz	r1, 80a1a66 <_ZN6StringC1EPKc+0x22>
 80a1a56:	4608      	mov	r0, r1
 80a1a58:	f001 fad6 	bl	80a3008 <strlen>
 80a1a5c:	4629      	mov	r1, r5
 80a1a5e:	4602      	mov	r2, r0
 80a1a60:	4620      	mov	r0, r4
 80a1a62:	f7ff ffd7 	bl	80a1a14 <_ZN6String4copyEPKcj>
}
 80a1a66:	4620      	mov	r0, r4
 80a1a68:	bd38      	pop	{r3, r4, r5, pc}

080a1a6a <_ZN6StringaSERKS_>:
}
#endif

String & String::operator = (const String &rhs)
{
	if (this == &rhs) return *this;
 80a1a6a:	4288      	cmp	r0, r1
{
 80a1a6c:	b510      	push	{r4, lr}
 80a1a6e:	460b      	mov	r3, r1
 80a1a70:	4604      	mov	r4, r0
	if (this == &rhs) return *this;
 80a1a72:	d004      	beq.n	80a1a7e <_ZN6StringaSERKS_+0x14>

	if (rhs.buffer) copy(rhs.buffer, rhs.len);
 80a1a74:	6809      	ldr	r1, [r1, #0]
 80a1a76:	b121      	cbz	r1, 80a1a82 <_ZN6StringaSERKS_+0x18>
 80a1a78:	689a      	ldr	r2, [r3, #8]
 80a1a7a:	f7ff ffcb 	bl	80a1a14 <_ZN6String4copyEPKcj>
	else invalidate();

	return *this;
}
 80a1a7e:	4620      	mov	r0, r4
 80a1a80:	bd10      	pop	{r4, pc}
	else invalidate();
 80a1a82:	f7ff ff9c 	bl	80a19be <_ZN6String10invalidateEv>
 80a1a86:	e7fa      	b.n	80a1a7e <_ZN6StringaSERKS_+0x14>

080a1a88 <_ZN6StringC1ERKS_>:
	buffer = NULL;
 80a1a88:	2300      	movs	r3, #0
String::String(const String &value)
 80a1a8a:	b510      	push	{r4, lr}
 80a1a8c:	4604      	mov	r4, r0
	capacity = 0;
 80a1a8e:	e9c0 3300 	strd	r3, r3, [r0]
	len = 0;
 80a1a92:	6083      	str	r3, [r0, #8]
	flags = 0;
 80a1a94:	7303      	strb	r3, [r0, #12]
	*this = value;
 80a1a96:	f7ff ffe8 	bl	80a1a6a <_ZN6StringaSERKS_>
}
 80a1a9a:	4620      	mov	r0, r4
 80a1a9c:	bd10      	pop	{r4, pc}

080a1a9e <_ZNK6String6equalsEPKc>:
{
	return (len == s2.len && compareTo(s2) == 0);
}

unsigned char String::equals(const char *cstr) const
{
 80a1a9e:	b508      	push	{r3, lr}
	if (len == 0) return (cstr == NULL || *cstr == 0);
 80a1aa0:	6882      	ldr	r2, [r0, #8]
 80a1aa2:	b93a      	cbnz	r2, 80a1ab4 <_ZNK6String6equalsEPKc+0x16>
 80a1aa4:	b121      	cbz	r1, 80a1ab0 <_ZNK6String6equalsEPKc+0x12>
 80a1aa6:	7808      	ldrb	r0, [r1, #0]
	if (cstr == NULL) return buffer[0] == 0;
	return strcmp(buffer, cstr) == 0;
 80a1aa8:	fab0 f080 	clz	r0, r0
 80a1aac:	0940      	lsrs	r0, r0, #5
 80a1aae:	e000      	b.n	80a1ab2 <_ZNK6String6equalsEPKc+0x14>
	if (len == 0) return (cstr == NULL || *cstr == 0);
 80a1ab0:	2001      	movs	r0, #1
}
 80a1ab2:	bd08      	pop	{r3, pc}
	if (cstr == NULL) return buffer[0] == 0;
 80a1ab4:	6800      	ldr	r0, [r0, #0]
 80a1ab6:	b909      	cbnz	r1, 80a1abc <_ZNK6String6equalsEPKc+0x1e>
 80a1ab8:	7800      	ldrb	r0, [r0, #0]
 80a1aba:	e7f5      	b.n	80a1aa8 <_ZNK6String6equalsEPKc+0xa>
	return strcmp(buffer, cstr) == 0;
 80a1abc:	f001 fa9a 	bl	80a2ff4 <strcmp>
 80a1ac0:	e7f2      	b.n	80a1aa8 <_ZNK6String6equalsEPKc+0xa>

080a1ac2 <_ZN5Print5writeEPKhj>:

// Public Methods //////////////////////////////////////////////////////////////

/* default implementation: may be overridden */
size_t Print::write(const uint8_t *buffer, size_t size)
{
 80a1ac2:	b5f8      	push	{r3, r4, r5, r6, r7, lr}
 80a1ac4:	4606      	mov	r6, r0
 80a1ac6:	460d      	mov	r5, r1
  size_t n = 0;
 80a1ac8:	2400      	movs	r4, #0
 80a1aca:	188f      	adds	r7, r1, r2
  while (size--) {
 80a1acc:	42bd      	cmp	r5, r7
 80a1ace:	d00c      	beq.n	80a1aea <_ZN5Print5writeEPKhj+0x28>
     int chunk = write(*buffer++);
 80a1ad0:	6833      	ldr	r3, [r6, #0]
 80a1ad2:	4630      	mov	r0, r6
 80a1ad4:	689b      	ldr	r3, [r3, #8]
 80a1ad6:	f815 1b01 	ldrb.w	r1, [r5], #1
 80a1ada:	4798      	blx	r3
     if (chunk>=0)
 80a1adc:	1e03      	subs	r3, r0, #0
 80a1ade:	db01      	blt.n	80a1ae4 <_ZN5Print5writeEPKhj+0x22>
         n += chunk;
 80a1ae0:	441c      	add	r4, r3
  while (size--) {
 80a1ae2:	e7f3      	b.n	80a1acc <_ZN5Print5writeEPKhj+0xa>
     int chunk = write(*buffer++);
 80a1ae4:	2c00      	cmp	r4, #0
 80a1ae6:	bf08      	it	eq
 80a1ae8:	461c      	moveq	r4, r3
             n = chunk;
         break;
     }
  }
  return n;
}
 80a1aea:	4620      	mov	r0, r4
 80a1aec:	bdf8      	pop	{r3, r4, r5, r6, r7, pc}

080a1aee <_ZN5Print5writeEPKc>:

    int getWriteError() { return write_error; }
    void clearWriteError() { setWriteError(0); }

    virtual size_t write(uint8_t) = 0;
    size_t write(const char *str) {
 80a1aee:	b570      	push	{r4, r5, r6, lr}
 80a1af0:	4605      	mov	r5, r0
      if (str == NULL) return 0;
 80a1af2:	460c      	mov	r4, r1
      return write((const uint8_t *)str, strlen(str));
    }
 80a1af4:	4608      	mov	r0, r1
      if (str == NULL) return 0;
 80a1af6:	b149      	cbz	r1, 80a1b0c <_ZN5Print5writeEPKc+0x1e>
      return write((const uint8_t *)str, strlen(str));
 80a1af8:	f001 fa86 	bl	80a3008 <strlen>
 80a1afc:	682b      	ldr	r3, [r5, #0]
 80a1afe:	4602      	mov	r2, r0
 80a1b00:	4621      	mov	r1, r4
 80a1b02:	4628      	mov	r0, r5
    }
 80a1b04:	e8bd 4070 	ldmia.w	sp!, {r4, r5, r6, lr}
      return write((const uint8_t *)str, strlen(str));
 80a1b08:	68db      	ldr	r3, [r3, #12]
 80a1b0a:	4718      	bx	r3
    }
 80a1b0c:	bd70      	pop	{r4, r5, r6, pc}

080a1b0e <_ZN5Print5printEPKc>:

size_t Print::print(const char str[])
{
 80a1b0e:	b508      	push	{r3, lr}
  return write(str);
 80a1b10:	f7ff ffed 	bl	80a1aee <_ZN5Print5writeEPKc>
}
 80a1b14:	bd08      	pop	{r3, pc}

080a1b16 <_ZN5Print5printEc>:

size_t Print::print(char c)
{
  return write(c);
 80a1b16:	6803      	ldr	r3, [r0, #0]
 80a1b18:	689b      	ldr	r3, [r3, #8]
 80a1b1a:	4718      	bx	r3

080a1b1c <_ZN5Print7printlnEv>:
{
  return print(reinterpret_cast<const char*>(str));
}

size_t Print::println(void)
{
 80a1b1c:	b538      	push	{r3, r4, r5, lr}
  size_t n = print('\r');
 80a1b1e:	210d      	movs	r1, #13
{
 80a1b20:	4605      	mov	r5, r0
  size_t n = print('\r');
 80a1b22:	f7ff fff8 	bl	80a1b16 <_ZN5Print5printEc>
  n += print('\n');
 80a1b26:	210a      	movs	r1, #10
  size_t n = print('\r');
 80a1b28:	4604      	mov	r4, r0
  n += print('\n');
 80a1b2a:	4628      	mov	r0, r5
 80a1b2c:	f7ff fff3 	bl	80a1b16 <_ZN5Print5printEc>
  return n;
}
 80a1b30:	4420      	add	r0, r4
 80a1b32:	bd38      	pop	{r3, r4, r5, pc}

080a1b34 <_ZN5Print7printlnEPKc>:

size_t Print::println(const char c[])
{
 80a1b34:	b538      	push	{r3, r4, r5, lr}
 80a1b36:	4605      	mov	r5, r0
  return write(str);
 80a1b38:	f7ff ffd9 	bl	80a1aee <_ZN5Print5writeEPKc>
 80a1b3c:	4604      	mov	r4, r0
  size_t n = print(c);
  n += println();
 80a1b3e:	4628      	mov	r0, r5
 80a1b40:	f7ff ffec 	bl	80a1b1c <_ZN5Print7printlnEv>
  return n;
}
 80a1b44:	4420      	add	r0, r4
 80a1b46:	bd38      	pop	{r3, r4, r5, pc}

080a1b48 <_ZN5Print11printNumberEmh>:

size_t Print::printNumber(unsigned long n, uint8_t base) {
  char buf[8 * sizeof(n) + 1]; // Assumes 8-bit chars plus zero byte.
  char *str = &buf[sizeof(buf) - 1];

  *str = '\0';
 80a1b48:	2300      	movs	r3, #0

  // prevent crash if called with base == 1
  if (base < 2) base = 10;
 80a1b4a:	2a01      	cmp	r2, #1
 80a1b4c:	bf98      	it	ls
 80a1b4e:	220a      	movls	r2, #10
size_t Print::printNumber(unsigned long n, uint8_t base) {
 80a1b50:	b530      	push	{r4, r5, lr}
 80a1b52:	b08b      	sub	sp, #44	; 0x2c
 80a1b54:	460c      	mov	r4, r1
  *str = '\0';
 80a1b56:	f88d 3024 	strb.w	r3, [sp, #36]	; 0x24
  if (base < 2) base = 10;
 80a1b5a:	a909      	add	r1, sp, #36	; 0x24

  do {
   decltype(n) m = n;
   n /= base;
 80a1b5c:	4625      	mov	r5, r4
 80a1b5e:	fbb4 f4f2 	udiv	r4, r4, r2
   char c = m - base * n;
 80a1b62:	fb04 5312 	mls	r3, r4, r2, r5
 80a1b66:	b2db      	uxtb	r3, r3
   *--str = c < 10 ? c + '0' : c + 'A' - 10;
 80a1b68:	2b09      	cmp	r3, #9
 80a1b6a:	bf94      	ite	ls
 80a1b6c:	3330      	addls	r3, #48	; 0x30
 80a1b6e:	3337      	addhi	r3, #55	; 0x37
 80a1b70:	b2db      	uxtb	r3, r3
  } while(n);
 80a1b72:	42aa      	cmp	r2, r5
   *--str = c < 10 ? c + '0' : c + 'A' - 10;
 80a1b74:	f801 3d01 	strb.w	r3, [r1, #-1]!
  } while(n);
 80a1b78:	d9f0      	bls.n	80a1b5c <_ZN5Print11printNumberEmh+0x14>

  return write(str);
 80a1b7a:	f7ff ffb8 	bl	80a1aee <_ZN5Print5writeEPKc>
}
 80a1b7e:	b00b      	add	sp, #44	; 0x2c
 80a1b80:	bd30      	pop	{r4, r5, pc}
	...

080a1b84 <_ZN5Print10printFloatEdh>:

  return write(str);
}

size_t Print::printFloat(double number, uint8_t digits)
{
 80a1b84:	e92d 4ff7 	stmdb	sp!, {r0, r1, r2, r4, r5, r6, r7, r8, r9, sl, fp, lr}
 80a1b88:	4605      	mov	r5, r0
  size_t n = 0;

  if (isnan(number)) return print("nan");
 80a1b8a:	4619      	mov	r1, r3
 80a1b8c:	4610      	mov	r0, r2
{
 80a1b8e:	4692      	mov	sl, r2
 80a1b90:	461f      	mov	r7, r3
 80a1b92:	f89d 6030 	ldrb.w	r6, [sp, #48]	; 0x30
  if (isnan(number)) return print("nan");
 80a1b96:	f001 f98f 	bl	80a2eb8 <__aeabi_dcmpun>
 80a1b9a:	b140      	cbz	r0, 80a1bae <_ZN5Print10printFloatEdh+0x2a>
  return write(str);
 80a1b9c:	4950      	ldr	r1, [pc, #320]	; (80a1ce0 <_ZN5Print10printFloatEdh+0x15c>)
 80a1b9e:	4628      	mov	r0, r5
 80a1ba0:	f7ff ffa5 	bl	80a1aee <_ZN5Print5writeEPKc>
 80a1ba4:	4604      	mov	r4, r0
    n += print(toPrint);
    remainder -= toPrint;
  }

  return n;
}
 80a1ba6:	4620      	mov	r0, r4
 80a1ba8:	b003      	add	sp, #12
 80a1baa:	e8bd 8ff0 	ldmia.w	sp!, {r4, r5, r6, r7, r8, r9, sl, fp, pc}
  && !_GLIBCXX_NO_OBSOLETE_ISINF_ISNAN_DYNAMIC
  using ::isinf;
#else
  constexpr bool
  isinf(double __x)
  { return __builtin_isinf(__x); }
 80a1bae:	f027 4400 	bic.w	r4, r7, #2147483648	; 0x80000000
  if (isinf(number)) return print("inf");
 80a1bb2:	f04f 32ff 	mov.w	r2, #4294967295
 80a1bb6:	4650      	mov	r0, sl
 80a1bb8:	4621      	mov	r1, r4
 80a1bba:	4b4a      	ldr	r3, [pc, #296]	; (80a1ce4 <_ZN5Print10printFloatEdh+0x160>)
 80a1bbc:	f001 f97c 	bl	80a2eb8 <__aeabi_dcmpun>
 80a1bc0:	b948      	cbnz	r0, 80a1bd6 <_ZN5Print10printFloatEdh+0x52>
 80a1bc2:	f04f 32ff 	mov.w	r2, #4294967295
 80a1bc6:	4650      	mov	r0, sl
 80a1bc8:	4621      	mov	r1, r4
 80a1bca:	4b46      	ldr	r3, [pc, #280]	; (80a1ce4 <_ZN5Print10printFloatEdh+0x160>)
 80a1bcc:	f001 f956 	bl	80a2e7c <__aeabi_dcmple>
 80a1bd0:	b908      	cbnz	r0, 80a1bd6 <_ZN5Print10printFloatEdh+0x52>
  return write(str);
 80a1bd2:	4945      	ldr	r1, [pc, #276]	; (80a1ce8 <_ZN5Print10printFloatEdh+0x164>)
 80a1bd4:	e7e3      	b.n	80a1b9e <_ZN5Print10printFloatEdh+0x1a>
  if (number > 4294967040.0) return print ("ovf");  // constant determined empirically
 80a1bd6:	f04f 4260 	mov.w	r2, #3758096384	; 0xe0000000
 80a1bda:	4650      	mov	r0, sl
 80a1bdc:	4639      	mov	r1, r7
 80a1bde:	4b43      	ldr	r3, [pc, #268]	; (80a1cec <_ZN5Print10printFloatEdh+0x168>)
 80a1be0:	f001 f960 	bl	80a2ea4 <__aeabi_dcmpgt>
 80a1be4:	b108      	cbz	r0, 80a1bea <_ZN5Print10printFloatEdh+0x66>
  return write(str);
 80a1be6:	4942      	ldr	r1, [pc, #264]	; (80a1cf0 <_ZN5Print10printFloatEdh+0x16c>)
 80a1be8:	e7d9      	b.n	80a1b9e <_ZN5Print10printFloatEdh+0x1a>
  if (number <-4294967040.0) return print ("ovf");  // constant determined empirically
 80a1bea:	f04f 4260 	mov.w	r2, #3758096384	; 0xe0000000
 80a1bee:	4650      	mov	r0, sl
 80a1bf0:	4639      	mov	r1, r7
 80a1bf2:	4b40      	ldr	r3, [pc, #256]	; (80a1cf4 <_ZN5Print10printFloatEdh+0x170>)
 80a1bf4:	f001 f938 	bl	80a2e68 <__aeabi_dcmplt>
 80a1bf8:	2800      	cmp	r0, #0
 80a1bfa:	d1f4      	bne.n	80a1be6 <_ZN5Print10printFloatEdh+0x62>
  if (number < 0.0)
 80a1bfc:	2200      	movs	r2, #0
 80a1bfe:	2300      	movs	r3, #0
 80a1c00:	4650      	mov	r0, sl
 80a1c02:	4639      	mov	r1, r7
 80a1c04:	f001 f930 	bl	80a2e68 <__aeabi_dcmplt>
 80a1c08:	4604      	mov	r4, r0
 80a1c0a:	b130      	cbz	r0, 80a1c1a <_ZN5Print10printFloatEdh+0x96>
     n += print('-');
 80a1c0c:	212d      	movs	r1, #45	; 0x2d
 80a1c0e:	4628      	mov	r0, r5
 80a1c10:	f7ff ff81 	bl	80a1b16 <_ZN5Print5printEc>
 80a1c14:	4604      	mov	r4, r0
     number = -number;
 80a1c16:	f107 4700 	add.w	r7, r7, #2147483648	; 0x80000000
  size_t n = 0;
 80a1c1a:	f04f 0b00 	mov.w	fp, #0
  double rounding = 0.5;
 80a1c1e:	2000      	movs	r0, #0
    rounding /= 10.0;
 80a1c20:	f04f 0800 	mov.w	r8, #0
  double rounding = 0.5;
 80a1c24:	4934      	ldr	r1, [pc, #208]	; (80a1cf8 <_ZN5Print10printFloatEdh+0x174>)
    rounding /= 10.0;
 80a1c26:	f8df 90d8 	ldr.w	r9, [pc, #216]	; 80a1d00 <_ZN5Print10printFloatEdh+0x17c>
  for (uint8_t i=0; i<digits; ++i)
 80a1c2a:	fa5f f38b 	uxtb.w	r3, fp
 80a1c2e:	429e      	cmp	r6, r3
 80a1c30:	d906      	bls.n	80a1c40 <_ZN5Print10printFloatEdh+0xbc>
    rounding /= 10.0;
 80a1c32:	4642      	mov	r2, r8
 80a1c34:	464b      	mov	r3, r9
 80a1c36:	f000 ffcf 	bl	80a2bd8 <__aeabi_ddiv>
  for (uint8_t i=0; i<digits; ++i)
 80a1c3a:	f10b 0b01 	add.w	fp, fp, #1
 80a1c3e:	e7f4      	b.n	80a1c2a <_ZN5Print10printFloatEdh+0xa6>
  number += rounding;
 80a1c40:	463b      	mov	r3, r7
 80a1c42:	4652      	mov	r2, sl
 80a1c44:	f000 fce8 	bl	80a2618 <__adddf3>
 80a1c48:	4689      	mov	r9, r1
 80a1c4a:	4680      	mov	r8, r0
  unsigned long int_part = (unsigned long)number;
 80a1c4c:	f001 f972 	bl	80a2f34 <__aeabi_d2uiz>
 80a1c50:	4607      	mov	r7, r0
  double remainder = number - (double)int_part;
 80a1c52:	f000 fe1d 	bl	80a2890 <__aeabi_ui2d>
 80a1c56:	4602      	mov	r2, r0
 80a1c58:	460b      	mov	r3, r1
 80a1c5a:	4640      	mov	r0, r8
 80a1c5c:	4649      	mov	r1, r9
 80a1c5e:	f000 fcd9 	bl	80a2614 <__aeabi_dsub>
            val = n;
        }
#if __GNUC__ >= 9
#pragma GCC diagnostic pop
#endif // __GNUC__ >= 9
        return printNumber(val, base) + t;
 80a1c62:	220a      	movs	r2, #10
 80a1c64:	4680      	mov	r8, r0
 80a1c66:	4689      	mov	r9, r1
 80a1c68:	4628      	mov	r0, r5
 80a1c6a:	4639      	mov	r1, r7
 80a1c6c:	f7ff ff6c 	bl	80a1b48 <_ZN5Print11printNumberEmh>
  n += print(int_part);
 80a1c70:	4404      	add	r4, r0
  if (digits > 0) {
 80a1c72:	b126      	cbz	r6, 80a1c7e <_ZN5Print10printFloatEdh+0xfa>
  return write(str);
 80a1c74:	4628      	mov	r0, r5
 80a1c76:	4921      	ldr	r1, [pc, #132]	; (80a1cfc <_ZN5Print10printFloatEdh+0x178>)
 80a1c78:	f7ff ff39 	bl	80a1aee <_ZN5Print5writeEPKc>
    n += print(".");
 80a1c7c:	4404      	add	r4, r0
    remainder *= 10.0;
 80a1c7e:	f04f 0a00 	mov.w	sl, #0
 80a1c82:	f8df b07c 	ldr.w	fp, [pc, #124]	; 80a1d00 <_ZN5Print10printFloatEdh+0x17c>
  while (digits-- > 0)
 80a1c86:	3e01      	subs	r6, #1
 80a1c88:	b2f6      	uxtb	r6, r6
 80a1c8a:	2eff      	cmp	r6, #255	; 0xff
 80a1c8c:	d08b      	beq.n	80a1ba6 <_ZN5Print10printFloatEdh+0x22>
    remainder *= 10.0;
 80a1c8e:	4652      	mov	r2, sl
 80a1c90:	465b      	mov	r3, fp
 80a1c92:	4640      	mov	r0, r8
 80a1c94:	4649      	mov	r1, r9
 80a1c96:	f000 fe75 	bl	80a2984 <__aeabi_dmul>
 80a1c9a:	4680      	mov	r8, r0
 80a1c9c:	4689      	mov	r9, r1
    int toPrint = int(remainder);
 80a1c9e:	f001 f921 	bl	80a2ee4 <__aeabi_d2iz>
        if (n < 0 && base == 10) {
 80a1ca2:	1e07      	subs	r7, r0, #0
 80a1ca4:	da19      	bge.n	80a1cda <_ZN5Print10printFloatEdh+0x156>
            t = print('-');
 80a1ca6:	212d      	movs	r1, #45	; 0x2d
 80a1ca8:	4628      	mov	r0, r5
 80a1caa:	f7ff ff34 	bl	80a1b16 <_ZN5Print5printEc>
 80a1cae:	4603      	mov	r3, r0
            val = -n;
 80a1cb0:	4279      	negs	r1, r7
        return printNumber(val, base) + t;
 80a1cb2:	220a      	movs	r2, #10
 80a1cb4:	4628      	mov	r0, r5
 80a1cb6:	9301      	str	r3, [sp, #4]
 80a1cb8:	f7ff ff46 	bl	80a1b48 <_ZN5Print11printNumberEmh>
 80a1cbc:	9b01      	ldr	r3, [sp, #4]
 80a1cbe:	4403      	add	r3, r0
    remainder -= toPrint;
 80a1cc0:	4638      	mov	r0, r7
    n += print(toPrint);
 80a1cc2:	441c      	add	r4, r3
    remainder -= toPrint;
 80a1cc4:	f000 fdf4 	bl	80a28b0 <__aeabi_i2d>
 80a1cc8:	4602      	mov	r2, r0
 80a1cca:	460b      	mov	r3, r1
 80a1ccc:	4640      	mov	r0, r8
 80a1cce:	4649      	mov	r1, r9
 80a1cd0:	f000 fca0 	bl	80a2614 <__aeabi_dsub>
 80a1cd4:	4680      	mov	r8, r0
 80a1cd6:	4689      	mov	r9, r1
  while (digits-- > 0)
 80a1cd8:	e7d5      	b.n	80a1c86 <_ZN5Print10printFloatEdh+0x102>
            val = n;
 80a1cda:	4639      	mov	r1, r7
        size_t t = 0;
 80a1cdc:	2300      	movs	r3, #0
 80a1cde:	e7e8      	b.n	80a1cb2 <_ZN5Print10printFloatEdh+0x12e>
 80a1ce0:	080a3144 	.word	0x080a3144
 80a1ce4:	7fefffff 	.word	0x7fefffff
 80a1ce8:	080a3148 	.word	0x080a3148
 80a1cec:	41efffff 	.word	0x41efffff
 80a1cf0:	080a314c 	.word	0x080a314c
 80a1cf4:	c1efffff 	.word	0xc1efffff
 80a1cf8:	3fe00000 	.word	0x3fe00000
 80a1cfc:	080a3150 	.word	0x080a3150
 80a1d00:	40240000 	.word	0x40240000

080a1d04 <_ZN5Print5printEdi>:
  return printFloat(n, digits);
 80a1d04:	f89d 1000 	ldrb.w	r1, [sp]
 80a1d08:	9100      	str	r1, [sp, #0]
 80a1d0a:	f7ff bf3b 	b.w	80a1b84 <_ZN5Print10printFloatEdh>

080a1d0e <_ZN5spark9WiFiClass2onEv>:
    bool ready(void) {
        return network_ready(*this, 0, NULL);
    }

    void on(void) {
        network_on(*this, 0, 0, NULL);
 80a1d0e:	2300      	movs	r3, #0
 80a1d10:	6840      	ldr	r0, [r0, #4]
 80a1d12:	461a      	mov	r2, r3
 80a1d14:	4619      	mov	r1, r3
 80a1d16:	f7ff bdb1 	b.w	80a187c <network_on>
	...

080a1d1c <_GLOBAL__sub_I__ZN5spark3LogE>:
    // This handler doesn't support direct logging
}

// spark::Logger
inline spark::Logger::Logger(const char *name) :
        name_(name) {
 80a1d1c:	4b01      	ldr	r3, [pc, #4]	; (80a1d24 <_GLOBAL__sub_I__ZN5spark3LogE+0x8>)
 80a1d1e:	4a02      	ldr	r2, [pc, #8]	; (80a1d28 <_GLOBAL__sub_I__ZN5spark3LogE+0xc>)
 80a1d20:	601a      	str	r2, [r3, #0]
#if Wiring_LogConfig

// spark::
void spark::logProcessControlRequest(ctrl_request* req) {
    JSONRequestHandler::process(req);
}
 80a1d22:	4770      	bx	lr
 80a1d24:	200000a8 	.word	0x200000a8
 80a1d28:	080a3152 	.word	0x080a3152

080a1d2c <_GLOBAL__sub_I_TIME_FORMAT_DEFAULT>:
            calendar_time_cache = Convert_UnixTime_To_CalendarTime(unix_time);
            unix_time_cache = unix_time;
    }
}

const char* TimeClass::format_spec = TIME_FORMAT_DEFAULT;
 80a1d2c:	4b02      	ldr	r3, [pc, #8]	; (80a1d38 <_GLOBAL__sub_I_TIME_FORMAT_DEFAULT+0xc>)
 80a1d2e:	681a      	ldr	r2, [r3, #0]
 80a1d30:	4b02      	ldr	r3, [pc, #8]	; (80a1d3c <_GLOBAL__sub_I_TIME_FORMAT_DEFAULT+0x10>)
 80a1d32:	601a      	str	r2, [r3, #0]
{
  return isValid();
}


TimeClass Time;
 80a1d34:	4770      	bx	lr
 80a1d36:	bf00      	nop
 80a1d38:	2000000c 	.word	0x2000000c
 80a1d3c:	200000ac 	.word	0x200000ac

080a1d40 <delay>:
    return (value - fromStart) * (toEnd - toStart) / (fromEnd - fromStart) + toStart;
}

void delay(unsigned long ms)
{
    system_delay_ms(ms, false);
 80a1d40:	2100      	movs	r1, #0
 80a1d42:	f7ff bd5f 	b.w	80a1804 <system_delay_ms>
	...

080a1d48 <_GLOBAL__sub_I_RGB>:
	static void
	_M_init_functor(_Any_data& __functor, _Functor&& __f, false_type)
	{ __functor._M_access<_Functor*>() = new _Functor(std::move(__f)); }
      };

    _Function_base() : _M_manager(nullptr) { }
 80a1d48:	2200      	movs	r2, #0
 80a1d4a:	4b01      	ldr	r3, [pc, #4]	; (80a1d50 <_GLOBAL__sub_I_RGB+0x8>)
 80a1d4c:	609a      	str	r2, [r3, #8]
{
    RGBClass* const d = static_cast<RGBClass*>(data);
    if (d->changeHandler_) {
        d->changeHandler_(r, g, b);
    }
}
 80a1d4e:	4770      	bx	lr
 80a1d50:	200000b0 	.word	0x200000b0

080a1d54 <_ZZ21module_user_init_hookENUlP6_reentjmPvE_4_FUNES0_jmS1_>:

void module_user_init_hook()
{
#if HAL_PLATFORM_NEWLIB
    newlib_impure_ptr_callback([](struct _reent* r, size_t size, uint32_t version, void* ctx) -> void {
        _impure_ptr = r;
 80a1d54:	4b01      	ldr	r3, [pc, #4]	; (80a1d5c <_ZZ21module_user_init_hookENUlP6_reentjmPvE_4_FUNES0_jmS1_+0x8>)
 80a1d56:	6018      	str	r0, [r3, #0]
    }, nullptr);
 80a1d58:	4770      	bx	lr
 80a1d5a:	bf00      	nop
 80a1d5c:	20000010 	.word	0x20000010

080a1d60 <serialEventRun>:
{
 80a1d60:	b508      	push	{r3, lr}
    if (serialEvent && Serial.available()>0)
 80a1d62:	4b13      	ldr	r3, [pc, #76]	; (80a1db0 <serialEventRun+0x50>)
 80a1d64:	b143      	cbz	r3, 80a1d78 <serialEventRun+0x18>
 80a1d66:	f000 f99b 	bl	80a20a0 <_Z16_fetch_usbserialv>
 80a1d6a:	6803      	ldr	r3, [r0, #0]
 80a1d6c:	691b      	ldr	r3, [r3, #16]
 80a1d6e:	4798      	blx	r3
 80a1d70:	2800      	cmp	r0, #0
 80a1d72:	dd01      	ble.n	80a1d78 <serialEventRun+0x18>
        serialEvent();
 80a1d74:	f3af 8000 	nop.w
    if (serialEvent1 && Serial1.available()>0)
 80a1d78:	4b0e      	ldr	r3, [pc, #56]	; (80a1db4 <serialEventRun+0x54>)
 80a1d7a:	b143      	cbz	r3, 80a1d8e <serialEventRun+0x2e>
 80a1d7c:	f000 fa40 	bl	80a2200 <_Z22__fetch_global_Serial1v>
 80a1d80:	6803      	ldr	r3, [r0, #0]
 80a1d82:	691b      	ldr	r3, [r3, #16]
 80a1d84:	4798      	blx	r3
 80a1d86:	2800      	cmp	r0, #0
 80a1d88:	dd01      	ble.n	80a1d8e <serialEventRun+0x2e>
        serialEvent1();
 80a1d8a:	f3af 8000 	nop.w
    if (serialEventRun2) serialEventRun2();
 80a1d8e:	4b0a      	ldr	r3, [pc, #40]	; (80a1db8 <serialEventRun+0x58>)
 80a1d90:	b10b      	cbz	r3, 80a1d96 <serialEventRun+0x36>
 80a1d92:	f3af 8000 	nop.w
    if (usbSerialEvent1 && USBSerial1.available()>0)
 80a1d96:	4b09      	ldr	r3, [pc, #36]	; (80a1dbc <serialEventRun+0x5c>)
 80a1d98:	b143      	cbz	r3, 80a1dac <serialEventRun+0x4c>
 80a1d9a:	f000 f9bb 	bl	80a2114 <_Z17_fetch_usbserial1v>
 80a1d9e:	6803      	ldr	r3, [r0, #0]
 80a1da0:	691b      	ldr	r3, [r3, #16]
 80a1da2:	4798      	blx	r3
 80a1da4:	2800      	cmp	r0, #0
 80a1da6:	dd01      	ble.n	80a1dac <serialEventRun+0x4c>
        usbSerialEvent1();
 80a1da8:	f3af 8000 	nop.w
}
 80a1dac:	bd08      	pop	{r3, pc}
 80a1dae:	bf00      	nop
	...

080a1dc0 <_post_loop>:
{
 80a1dc0:	b508      	push	{r3, lr}
	serialEventRun();
 80a1dc2:	f7ff ffcd 	bl	80a1d60 <serialEventRun>
		return !timeout_fn;
	}

	static inline system_tick_t current_time()
	{
		return HAL_Timer_Get_Milli_Seconds();
 80a1dc6:	f7ff fc33 	bl	80a1630 <HAL_Timer_Get_Milli_Seconds>
	/**
	 * Lifesign that the application is still working normally.
	 */
	static void checkin()
	{
		last_checkin = current_time();
 80a1dca:	4b01      	ldr	r3, [pc, #4]	; (80a1dd0 <_post_loop+0x10>)
 80a1dcc:	6018      	str	r0, [r3, #0]
}
 80a1dce:	bd08      	pop	{r3, pc}
 80a1dd0:	2000053c 	.word	0x2000053c

080a1dd4 <_Z33system_initialize_user_backup_ramv>:
    memcpy(&link_global_retained_start, &link_global_retained_initial_values, len);
 80a1dd4:	4805      	ldr	r0, [pc, #20]	; (80a1dec <_Z33system_initialize_user_backup_ramv+0x18>)
 80a1dd6:	4a06      	ldr	r2, [pc, #24]	; (80a1df0 <_Z33system_initialize_user_backup_ramv+0x1c>)
{
 80a1dd8:	b508      	push	{r3, lr}
    memcpy(&link_global_retained_start, &link_global_retained_initial_values, len);
 80a1dda:	1a12      	subs	r2, r2, r0
 80a1ddc:	4905      	ldr	r1, [pc, #20]	; (80a1df4 <_Z33system_initialize_user_backup_ramv+0x20>)
 80a1dde:	f001 f8cf 	bl	80a2f80 <memcpy>
    __backup_sram_signature = signature;
 80a1de2:	4b05      	ldr	r3, [pc, #20]	; (80a1df8 <_Z33system_initialize_user_backup_ramv+0x24>)
 80a1de4:	4a05      	ldr	r2, [pc, #20]	; (80a1dfc <_Z33system_initialize_user_backup_ramv+0x28>)
 80a1de6:	601a      	str	r2, [r3, #0]
}
 80a1de8:	bd08      	pop	{r3, pc}
 80a1dea:	bf00      	nop
 80a1dec:	40024000 	.word	0x40024000
 80a1df0:	40024004 	.word	0x40024004
 80a1df4:	080a32b0 	.word	0x080a32b0
 80a1df8:	40024000 	.word	0x40024000
 80a1dfc:	9a271c1e 	.word	0x9a271c1e

080a1e00 <_Z27ctrl_request_custom_handlerP12ctrl_request>:
    system_ctrl_set_result(req, SYSTEM_ERROR_NOT_SUPPORTED, nullptr, nullptr, nullptr);
 80a1e00:	2300      	movs	r3, #0
void __attribute((weak)) ctrl_request_custom_handler(ctrl_request* req) {
 80a1e02:	b507      	push	{r0, r1, r2, lr}
    system_ctrl_set_result(req, SYSTEM_ERROR_NOT_SUPPORTED, nullptr, nullptr, nullptr);
 80a1e04:	461a      	mov	r2, r3
 80a1e06:	f06f 0177 	mvn.w	r1, #119	; 0x77
 80a1e0a:	9300      	str	r3, [sp, #0]
 80a1e0c:	f7ff fd0c 	bl	80a1828 <system_ctrl_set_result>
}
 80a1e10:	b003      	add	sp, #12
 80a1e12:	f85d fb04 	ldr.w	pc, [sp], #4
	...

080a1e18 <_ZL20ctrl_request_handlerP12ctrl_request>:
static void ctrl_request_handler(ctrl_request* req) {
 80a1e18:	b507      	push	{r0, r1, r2, lr}
    switch (req->type) {
 80a1e1a:	8843      	ldrh	r3, [r0, #2]
 80a1e1c:	2b0a      	cmp	r3, #10
 80a1e1e:	d008      	beq.n	80a1e32 <_ZL20ctrl_request_handlerP12ctrl_request+0x1a>
 80a1e20:	2b50      	cmp	r3, #80	; 0x50
 80a1e22:	d10b      	bne.n	80a1e3c <_ZL20ctrl_request_handlerP12ctrl_request+0x24>
        if (log_process_ctrl_request_callback) {
 80a1e24:	4b09      	ldr	r3, [pc, #36]	; (80a1e4c <_ZL20ctrl_request_handlerP12ctrl_request+0x34>)
 80a1e26:	681b      	ldr	r3, [r3, #0]
 80a1e28:	b14b      	cbz	r3, 80a1e3e <_ZL20ctrl_request_handlerP12ctrl_request+0x26>
}
 80a1e2a:	b003      	add	sp, #12
 80a1e2c:	f85d eb04 	ldr.w	lr, [sp], #4
            log_process_ctrl_request_callback(req);
 80a1e30:	4718      	bx	r3
        ctrl_request_custom_handler(req);
 80a1e32:	f7ff ffe5 	bl	80a1e00 <_Z27ctrl_request_custom_handlerP12ctrl_request>
}
 80a1e36:	b003      	add	sp, #12
 80a1e38:	f85d fb04 	ldr.w	pc, [sp], #4
        system_ctrl_set_result(req, SYSTEM_ERROR_NOT_SUPPORTED, nullptr, nullptr, nullptr);
 80a1e3c:	2300      	movs	r3, #0
 80a1e3e:	461a      	mov	r2, r3
 80a1e40:	f06f 0177 	mvn.w	r1, #119	; 0x77
 80a1e44:	9300      	str	r3, [sp, #0]
 80a1e46:	f7ff fcef 	bl	80a1828 <system_ctrl_set_result>
}
 80a1e4a:	e7f4      	b.n	80a1e36 <_ZL20ctrl_request_handlerP12ctrl_request+0x1e>
 80a1e4c:	200000c4 	.word	0x200000c4

080a1e50 <module_user_init_hook>:
    newlib_impure_ptr_callback([](struct _reent* r, size_t size, uint32_t version, void* ctx) -> void {
 80a1e50:	2100      	movs	r1, #0
{
 80a1e52:	b510      	push	{r4, lr}
    newlib_impure_ptr_callback([](struct _reent* r, size_t size, uint32_t version, void* ctx) -> void {
 80a1e54:	4811      	ldr	r0, [pc, #68]	; (80a1e9c <module_user_init_hook+0x4c>)
 80a1e56:	f7ff fd81 	bl	80a195c <newlib_impure_ptr_callback>
#endif // HAL_PLATFORM_NEWLIB

#if HAL_PLATFORM_BACKUP_RAM
    backup_ram_was_valid_ = __backup_sram_signature == signature;
 80a1e5a:	4b11      	ldr	r3, [pc, #68]	; (80a1ea0 <module_user_init_hook+0x50>)
 80a1e5c:	681a      	ldr	r2, [r3, #0]
 80a1e5e:	4b11      	ldr	r3, [pc, #68]	; (80a1ea4 <module_user_init_hook+0x54>)
 80a1e60:	429a      	cmp	r2, r3
 80a1e62:	bf0c      	ite	eq
 80a1e64:	2201      	moveq	r2, #1
 80a1e66:	2200      	movne	r2, #0
 80a1e68:	4b0f      	ldr	r3, [pc, #60]	; (80a1ea8 <module_user_init_hook+0x58>)
 80a1e6a:	701a      	strb	r2, [r3, #0]
    if (!backup_ram_was_valid_) {
 80a1e6c:	d001      	beq.n	80a1e72 <module_user_init_hook+0x22>
        system_initialize_user_backup_ram();
 80a1e6e:	f7ff ffb1 	bl	80a1dd4 <_Z33system_initialize_user_backup_ramv>
    }
#endif

#if HAL_PLATFORM_RNG
    // Initialize the default stdlib PRNG using hardware RNG as a seed
    const uint32_t seed = HAL_RNG_GetRandomNumber();
 80a1e72:	f7ff fbcd 	bl	80a1610 <HAL_RNG_GetRandomNumber>
 80a1e76:	4604      	mov	r4, r0
    srand(seed);
 80a1e78:	f001 f898 	bl	80a2fac <srand>

    // If the user defines random_seed_from_cloud, call it with a seed value
    // generated by a hardware RNG as well.
    if (random_seed_from_cloud) {
 80a1e7c:	4b0b      	ldr	r3, [pc, #44]	; (80a1eac <module_user_init_hook+0x5c>)
 80a1e7e:	b113      	cbz	r3, 80a1e86 <module_user_init_hook+0x36>
        random_seed_from_cloud(seed);
 80a1e80:	4620      	mov	r0, r4
 80a1e82:	f3af 8000 	nop.w
    }
#endif
    // Register the random_seed_from_cloud handler
    spark_set_random_seed_from_cloud_handler(&random_seed_from_cloud, nullptr);
 80a1e86:	2100      	movs	r1, #0
 80a1e88:	4808      	ldr	r0, [pc, #32]	; (80a1eac <module_user_init_hook+0x5c>)
 80a1e8a:	f7ff fd47 	bl	80a191c <spark_set_random_seed_from_cloud_handler>

    // Register application handler for the control requests
    system_ctrl_set_app_request_handler(ctrl_request_handler, nullptr);
}
 80a1e8e:	e8bd 4010 	ldmia.w	sp!, {r4, lr}
    system_ctrl_set_app_request_handler(ctrl_request_handler, nullptr);
 80a1e92:	2100      	movs	r1, #0
 80a1e94:	4806      	ldr	r0, [pc, #24]	; (80a1eb0 <module_user_init_hook+0x60>)
 80a1e96:	f7ff bcbd 	b.w	80a1814 <system_ctrl_set_app_request_handler>
 80a1e9a:	bf00      	nop
 80a1e9c:	080a1d55 	.word	0x080a1d55
 80a1ea0:	40024000 	.word	0x40024000
 80a1ea4:	9a271c1e 	.word	0x9a271c1e
 80a1ea8:	200000c0 	.word	0x200000c0
 80a1eac:	00000000 	.word	0x00000000
 80a1eb0:	080a1e19 	.word	0x080a1e19

080a1eb4 <_ZN10CloudClass22call_raw_user_functionEPvPKcS0_>:
    }
    return CloudDisconnectOptions(options->flags, options->timeout, options->graceful, clearSession);
}

int CloudClass::call_raw_user_function(void* data, const char* param, void* reserved)
{
 80a1eb4:	b510      	push	{r4, lr}
 80a1eb6:	b088      	sub	sp, #32
 80a1eb8:	4604      	mov	r4, r0
    user_function_int_str_t* fn = (user_function_int_str_t*)(data);
    String p(param);
 80a1eba:	4668      	mov	r0, sp
 80a1ebc:	f7ff fdc2 	bl	80a1a44 <_ZN6StringC1EPKc>
    return (*fn)(p);
 80a1ec0:	4669      	mov	r1, sp
 80a1ec2:	a804      	add	r0, sp, #16
 80a1ec4:	f7ff fde0 	bl	80a1a88 <_ZN6StringC1ERKS_>
 80a1ec8:	a804      	add	r0, sp, #16
 80a1eca:	47a0      	blx	r4
 80a1ecc:	4604      	mov	r4, r0
 80a1ece:	a804      	add	r0, sp, #16
 80a1ed0:	f7ff fd6e 	bl	80a19b0 <_ZN6StringD1Ev>
    String p(param);
 80a1ed4:	4668      	mov	r0, sp
 80a1ed6:	f7ff fd6b 	bl	80a19b0 <_ZN6StringD1Ev>
}
 80a1eda:	4620      	mov	r0, r4
 80a1edc:	b008      	add	sp, #32
 80a1ede:	bd10      	pop	{r4, pc}

080a1ee0 <_ZN10CloudClass17register_functionEPFiPvPKcS0_ES0_S2_>:
    wiring_event_handler_t* fn = (wiring_event_handler_t*)(handler_data);
    (*fn)(event_name, data);
}

bool CloudClass::register_function(cloud_function_t fn, void* data, const char* funcKey)
{
 80a1ee0:	b51f      	push	{r0, r1, r2, r3, r4, lr}
    const char *funcKey;
    cloud_function_t fn;
    void* data;

     cloud_function_descriptor() {
         memset(this, 0, sizeof(*this));
 80a1ee2:	2300      	movs	r3, #0
         size = sizeof(*this);
 80a1ee4:	2410      	movs	r4, #16
    cloud_function_descriptor desc = {};
    desc.size = sizeof(desc);
    desc.fn = fn;
    desc.data = (void*)data;
 80a1ee6:	e9cd 0102 	strd	r0, r1, [sp, #8]
    desc.funcKey = funcKey;
 80a1eea:	9201      	str	r2, [sp, #4]
    return spark_function(NULL, (user_function_int_str_t*)&desc, NULL);
 80a1eec:	4669      	mov	r1, sp
 80a1eee:	461a      	mov	r2, r3
 80a1ef0:	4618      	mov	r0, r3
         memset(this, 0, sizeof(*this));
 80a1ef2:	f8ad 3002 	strh.w	r3, [sp, #2]
         size = sizeof(*this);
 80a1ef6:	f8ad 4000 	strh.w	r4, [sp]
 80a1efa:	f7ff fd07 	bl	80a190c <spark_function>
}
 80a1efe:	b004      	add	sp, #16
 80a1f00:	bd10      	pop	{r4, pc}

080a1f02 <_ZN9IPAddressD1Ev>:
    IPAddress(uint8_t first_octet, uint8_t second_octet, uint8_t third_octet, uint8_t fourth_octet);
    IPAddress(uint32_t address);
    IPAddress(const uint8_t* address);
    IPAddress(const HAL_IPAddress& address);

    virtual ~IPAddress() {}
 80a1f02:	4770      	bx	lr

080a1f04 <_ZN9IPAddressD0Ev>:
 80a1f04:	b510      	push	{r4, lr}
 80a1f06:	4604      	mov	r4, r0
 80a1f08:	2118      	movs	r1, #24
 80a1f0a:	f000 fb7b 	bl	80a2604 <_ZdlPvj>
 80a1f0e:	4620      	mov	r0, r4
 80a1f10:	bd10      	pop	{r4, pc}

080a1f12 <_ZNK9IPAddress7printToER5Print>:
#endif // Wiring_IPv6
	return address.ipv4==that.address.ipv4;
}

size_t IPAddress::printTo(Print& p) const
{
 80a1f12:	b5f8      	push	{r3, r4, r5, r6, r7, lr}
 80a1f14:	460e      	mov	r6, r1
 80a1f16:	2400      	movs	r4, #0
 80a1f18:	f100 0708 	add.w	r7, r0, #8
 80a1f1c:	1d05      	adds	r5, r0, #4
        return printNumber(val, base) + t;
 80a1f1e:	f817 1d01 	ldrb.w	r1, [r7, #-1]!
 80a1f22:	220a      	movs	r2, #10
 80a1f24:	4630      	mov	r0, r6
 80a1f26:	f7ff fe0f 	bl	80a1b48 <_ZN5Print11printNumberEmh>
#else
#pragma message "HAL_USE_INET_HAL_POSIX is required for IPv6 support in IPAddress::printTo()"
#endif // HAL_USE_INET_HAL_POSIX
#endif // Wiring_IPv6
    size_t n = 0;
    for (int i = 0; i < 4; i++)
 80a1f2a:	42af      	cmp	r7, r5
    {
        if (n)
            n += p.print('.');
        n += p.print((*this)[i], DEC);
 80a1f2c:	4404      	add	r4, r0
    for (int i = 0; i < 4; i++)
 80a1f2e:	d101      	bne.n	80a1f34 <_ZNK9IPAddress7printToER5Print+0x22>
    }
    return n;
}
 80a1f30:	4620      	mov	r0, r4
 80a1f32:	bdf8      	pop	{r3, r4, r5, r6, r7, pc}
        if (n)
 80a1f34:	2c00      	cmp	r4, #0
 80a1f36:	d0f2      	beq.n	80a1f1e <_ZNK9IPAddress7printToER5Print+0xc>
            n += p.print('.');
 80a1f38:	212e      	movs	r1, #46	; 0x2e
 80a1f3a:	4630      	mov	r0, r6
 80a1f3c:	f7ff fdeb 	bl	80a1b16 <_ZN5Print5printEc>
 80a1f40:	4404      	add	r4, r0
 80a1f42:	e7ec      	b.n	80a1f1e <_ZNK9IPAddress7printToER5Print+0xc>

080a1f44 <_ZN9IPAddressC1Ev>:
IPAddress::IPAddress()
 80a1f44:	b510      	push	{r4, lr}
 80a1f46:	4604      	mov	r4, r0
 80a1f48:	4b04      	ldr	r3, [pc, #16]	; (80a1f5c <_ZN9IPAddressC1Ev+0x18>)
        return address;
    }

    virtual size_t printTo(Print& p) const;

    void clear() { memset(&address, 0, sizeof (address)); }
 80a1f4a:	2211      	movs	r2, #17
 80a1f4c:	2100      	movs	r1, #0
 80a1f4e:	f840 3b04 	str.w	r3, [r0], #4
 80a1f52:	f001 f823 	bl	80a2f9c <memset>
}
 80a1f56:	4620      	mov	r0, r4
 80a1f58:	bd10      	pop	{r4, pc}
 80a1f5a:	bf00      	nop
 80a1f5c:	080a317c 	.word	0x080a317c

080a1f60 <_ZN9IPAddressC1ERK16_HAL_IPAddress_t>:
IPAddress::IPAddress(const HAL_IPAddress& address)
 80a1f60:	4603      	mov	r3, r0
 80a1f62:	4a07      	ldr	r2, [pc, #28]	; (80a1f80 <_ZN9IPAddressC1ERK16_HAL_IPAddress_t+0x20>)
 80a1f64:	b510      	push	{r4, lr}
 80a1f66:	f843 2b04 	str.w	r2, [r3], #4
    memcpy(&this->address, &address, sizeof(address));
 80a1f6a:	f101 0210 	add.w	r2, r1, #16
 80a1f6e:	f851 4b04 	ldr.w	r4, [r1], #4
 80a1f72:	4291      	cmp	r1, r2
 80a1f74:	f843 4b04 	str.w	r4, [r3], #4
 80a1f78:	d1f9      	bne.n	80a1f6e <_ZN9IPAddressC1ERK16_HAL_IPAddress_t+0xe>
 80a1f7a:	780a      	ldrb	r2, [r1, #0]
 80a1f7c:	701a      	strb	r2, [r3, #0]
}
 80a1f7e:	bd10      	pop	{r4, pc}
 80a1f80:	080a317c 	.word	0x080a317c

080a1f84 <_ZN9IPAddressC1Em>:
IPAddress::IPAddress(uint32_t address)
 80a1f84:	4a02      	ldr	r2, [pc, #8]	; (80a1f90 <_ZN9IPAddressC1Em+0xc>)
    address.ipv4 = ipv4;
 80a1f86:	e9c0 2100 	strd	r2, r1, [r0]
        address.v = version;
 80a1f8a:	2204      	movs	r2, #4
 80a1f8c:	7502      	strb	r2, [r0, #20]
}
 80a1f8e:	4770      	bx	lr
 80a1f90:	080a317c 	.word	0x080a317c

080a1f94 <_ZN9IPAddress8set_ipv4Ehhhh>:
{
 80a1f94:	b510      	push	{r4, lr}
    address.ipv4 = b0<<24 | b1 << 16 | b2 << 8 | b3;
 80a1f96:	f89d 4008 	ldrb.w	r4, [sp, #8]
 80a1f9a:	ea44 2403 	orr.w	r4, r4, r3, lsl #8
 80a1f9e:	2304      	movs	r3, #4
 80a1fa0:	ea44 4402 	orr.w	r4, r4, r2, lsl #16
 80a1fa4:	ea44 6401 	orr.w	r4, r4, r1, lsl #24
 80a1fa8:	6044      	str	r4, [r0, #4]
 80a1faa:	7503      	strb	r3, [r0, #20]
}
 80a1fac:	bd10      	pop	{r4, pc}
	...

080a1fb0 <_ZN9IPAddressC1Ehhhh>:
IPAddress::IPAddress(uint8_t first_octet, uint8_t second_octet, uint8_t third_octet, uint8_t fourth_octet)
 80a1fb0:	b537      	push	{r0, r1, r2, r4, r5, lr}
 80a1fb2:	4d04      	ldr	r5, [pc, #16]	; (80a1fc4 <_ZN9IPAddressC1Ehhhh+0x14>)
 80a1fb4:	6005      	str	r5, [r0, #0]
    set_ipv4(first_octet, second_octet, third_octet, fourth_octet);
 80a1fb6:	f89d 5018 	ldrb.w	r5, [sp, #24]
 80a1fba:	9500      	str	r5, [sp, #0]
 80a1fbc:	f7ff ffea 	bl	80a1f94 <_ZN9IPAddress8set_ipv4Ehhhh>
}
 80a1fc0:	b003      	add	sp, #12
 80a1fc2:	bd30      	pop	{r4, r5, pc}
 80a1fc4:	080a317c 	.word	0x080a317c

080a1fc8 <_ZN9USBSerial14blockOnOverrunEb>:
  HAL_USB_USART_Flush_Data(_serial);
}

void USBSerial::blockOnOverrun(bool block)
{
  _blocking = block;
 80a1fc8:	7441      	strb	r1, [r0, #17]
}
 80a1fca:	4770      	bx	lr

080a1fcc <__tcf_0>:
}

USBSerial& _fetch_usbserial()
{
  HAL_USB_USART_Config conf = acquireSerialBuffer();
	static USBSerial _usbserial(HAL_USB_USART_SERIAL, conf);
 80a1fcc:	4770      	bx	lr

080a1fce <_ZN9USBSerialD1Ev>:
#include "usb_hal.h"
#include "system_task.h"
#include "spark_wiring_startup.h"
#include "concurrent_hal.h"

class USBSerial : public Stream
 80a1fce:	4770      	bx	lr

080a1fd0 <_ZN9USBSerial4readEv>:
{
 80a1fd0:	b508      	push	{r3, lr}
	return std::max(-1, (int)HAL_USB_USART_Receive_Data(_serial, false));
 80a1fd2:	2100      	movs	r1, #0
 80a1fd4:	7c00      	ldrb	r0, [r0, #16]
 80a1fd6:	f7ff fbed 	bl	80a17b4 <HAL_USB_USART_Receive_Data>
}
 80a1fda:	ea40 70e0 	orr.w	r0, r0, r0, asr #31
 80a1fde:	bd08      	pop	{r3, pc}

080a1fe0 <_ZN9USBSerial4peekEv>:
{
 80a1fe0:	b508      	push	{r3, lr}
	return std::max(-1, (int)HAL_USB_USART_Receive_Data(_serial, true));
 80a1fe2:	2101      	movs	r1, #1
 80a1fe4:	7c00      	ldrb	r0, [r0, #16]
 80a1fe6:	f7ff fbe5 	bl	80a17b4 <HAL_USB_USART_Receive_Data>
}
 80a1fea:	ea40 70e0 	orr.w	r0, r0, r0, asr #31
 80a1fee:	bd08      	pop	{r3, pc}

080a1ff0 <_ZN9USBSerial17availableForWriteEv>:
{
 80a1ff0:	b508      	push	{r3, lr}
  return std::max(0, (int)HAL_USB_USART_Available_Data_For_Write(_serial));
 80a1ff2:	7c00      	ldrb	r0, [r0, #16]
 80a1ff4:	f7ff fbd6 	bl	80a17a4 <HAL_USB_USART_Available_Data_For_Write>
}
 80a1ff8:	ea20 70e0 	bic.w	r0, r0, r0, asr #31
 80a1ffc:	bd08      	pop	{r3, pc}

080a1ffe <_ZN9USBSerial9availableEv>:
{
 80a1ffe:	b508      	push	{r3, lr}
	return std::max(0, (int)HAL_USB_USART_Available_Data(_serial));
 80a2000:	7c00      	ldrb	r0, [r0, #16]
 80a2002:	f7ff fbc7 	bl	80a1794 <HAL_USB_USART_Available_Data>
}
 80a2006:	ea20 70e0 	bic.w	r0, r0, r0, asr #31
 80a200a:	bd08      	pop	{r3, pc}

080a200c <_ZN9USBSerial5writeEh>:
{
 80a200c:	b538      	push	{r3, r4, r5, lr}
 80a200e:	4604      	mov	r4, r0
  if (HAL_USB_USART_Available_Data_For_Write(_serial) > 0 || _blocking) {
 80a2010:	7c00      	ldrb	r0, [r0, #16]
{
 80a2012:	460d      	mov	r5, r1
  if (HAL_USB_USART_Available_Data_For_Write(_serial) > 0 || _blocking) {
 80a2014:	f7ff fbc6 	bl	80a17a4 <HAL_USB_USART_Available_Data_For_Write>
 80a2018:	2800      	cmp	r0, #0
 80a201a:	dc01      	bgt.n	80a2020 <_ZN9USBSerial5writeEh+0x14>
 80a201c:	7c60      	ldrb	r0, [r4, #17]
 80a201e:	b128      	cbz	r0, 80a202c <_ZN9USBSerial5writeEh+0x20>
    return std::max(0, (int)HAL_USB_USART_Send_Data(_serial, byte));
 80a2020:	4629      	mov	r1, r5
 80a2022:	7c20      	ldrb	r0, [r4, #16]
 80a2024:	f7ff fbce 	bl	80a17c4 <HAL_USB_USART_Send_Data>
 80a2028:	ea20 70e0 	bic.w	r0, r0, r0, asr #31
}
 80a202c:	bd38      	pop	{r3, r4, r5, pc}

080a202e <_ZN9USBSerial5flushEv>:
  HAL_USB_USART_Flush_Data(_serial);
 80a202e:	7c00      	ldrb	r0, [r0, #16]
 80a2030:	f7ff bbd0 	b.w	80a17d4 <HAL_USB_USART_Flush_Data>

080a2034 <_ZN9USBSerialD0Ev>:
 80a2034:	b510      	push	{r4, lr}
 80a2036:	4604      	mov	r4, r0
 80a2038:	2114      	movs	r1, #20
 80a203a:	f000 fae3 	bl	80a2604 <_ZdlPvj>
 80a203e:	4620      	mov	r0, r4
 80a2040:	bd10      	pop	{r4, pc}

080a2042 <__tcf_1>:
 80a2042:	4770      	bx	lr

080a2044 <_ZN9USBSerialC1E20HAL_USB_USART_SerialRK20HAL_USB_USART_Config>:
USBSerial::USBSerial(HAL_USB_USART_Serial serial, const HAL_USB_USART_Config& conf)
 80a2044:	b510      	push	{r4, lr}
    virtual int available() = 0;
    virtual int read() = 0;
    virtual int peek() = 0;
    virtual void flush() = 0;

    Stream() {_timeout=1000;}
 80a2046:	f44f 737a 	mov.w	r3, #1000	; 0x3e8
 80a204a:	4604      	mov	r4, r0
 80a204c:	4608      	mov	r0, r1
 80a204e:	2100      	movs	r1, #0
 80a2050:	e9c4 1301 	strd	r1, r3, [r4, #4]
 80a2054:	4b04      	ldr	r3, [pc, #16]	; (80a2068 <_ZN9USBSerialC1E20HAL_USB_USART_SerialRK20HAL_USB_USART_Config+0x24>)
  _serial = serial;
 80a2056:	7420      	strb	r0, [r4, #16]
USBSerial::USBSerial(HAL_USB_USART_Serial serial, const HAL_USB_USART_Config& conf)
 80a2058:	6023      	str	r3, [r4, #0]
  _blocking = true;
 80a205a:	2301      	movs	r3, #1
  HAL_USB_USART_Init(_serial, &conf);
 80a205c:	4611      	mov	r1, r2
  _blocking = true;
 80a205e:	7463      	strb	r3, [r4, #17]
  HAL_USB_USART_Init(_serial, &conf);
 80a2060:	f7ff fb88 	bl	80a1774 <HAL_USB_USART_Init>
}
 80a2064:	4620      	mov	r0, r4
 80a2066:	bd10      	pop	{r4, pc}
 80a2068:	080a3190 	.word	0x080a3190

080a206c <_ZN9USBSerial5beginEl>:
    HAL_USB_USART_Begin(_serial, speed, NULL);
 80a206c:	2200      	movs	r2, #0
 80a206e:	7c00      	ldrb	r0, [r0, #16]
 80a2070:	f7ff bb88 	b.w	80a1784 <HAL_USB_USART_Begin>

080a2074 <_Z19acquireSerialBufferv>:
{
 80a2074:	b510      	push	{r4, lr}
 80a2076:	4604      	mov	r4, r0
  HAL_USB_USART_Config conf = {0};
 80a2078:	2214      	movs	r2, #20
 80a207a:	2100      	movs	r1, #0
 80a207c:	f000 ff8e 	bl	80a2f9c <memset>
  conf.rx_buffer = serial_rx_buffer;
 80a2080:	4b05      	ldr	r3, [pc, #20]	; (80a2098 <_Z19acquireSerialBufferv+0x24>)
}
 80a2082:	4620      	mov	r0, r4
  conf.rx_buffer = serial_rx_buffer;
 80a2084:	6063      	str	r3, [r4, #4]
  conf.tx_buffer = serial_tx_buffer;
 80a2086:	4b05      	ldr	r3, [pc, #20]	; (80a209c <_Z19acquireSerialBufferv+0x28>)
 80a2088:	60e3      	str	r3, [r4, #12]
  conf.rx_buffer_size = USB_RX_BUFFER_SIZE;
 80a208a:	f240 1301 	movw	r3, #257	; 0x101
 80a208e:	8123      	strh	r3, [r4, #8]
  conf.tx_buffer_size = USB_TX_BUFFER_SIZE;
 80a2090:	2381      	movs	r3, #129	; 0x81
 80a2092:	8223      	strh	r3, [r4, #16]
}
 80a2094:	bd10      	pop	{r4, pc}
 80a2096:	bf00      	nop
 80a2098:	200000f8 	.word	0x200000f8
 80a209c:	200001f9 	.word	0x200001f9

080a20a0 <_Z16_fetch_usbserialv>:
{
 80a20a0:	b530      	push	{r4, r5, lr}
	static USBSerial _usbserial(HAL_USB_USART_SERIAL, conf);
 80a20a2:	4d0e      	ldr	r5, [pc, #56]	; (80a20dc <_Z16_fetch_usbserialv+0x3c>)
{
 80a20a4:	b087      	sub	sp, #28
  HAL_USB_USART_Config conf = acquireSerialBuffer();
 80a20a6:	a801      	add	r0, sp, #4
 80a20a8:	f7ff ffe4 	bl	80a2074 <_Z19acquireSerialBufferv>
	static USBSerial _usbserial(HAL_USB_USART_SERIAL, conf);
 80a20ac:	7829      	ldrb	r1, [r5, #0]
 80a20ae:	f3bf 8f5b 	dmb	ish
 80a20b2:	f011 0401 	ands.w	r4, r1, #1
 80a20b6:	d10e      	bne.n	80a20d6 <_Z16_fetch_usbserialv+0x36>
 80a20b8:	4628      	mov	r0, r5
 80a20ba:	f7fd fff2 	bl	80a00a2 <__cxa_guard_acquire>
 80a20be:	b150      	cbz	r0, 80a20d6 <_Z16_fetch_usbserialv+0x36>
 80a20c0:	4621      	mov	r1, r4
 80a20c2:	aa01      	add	r2, sp, #4
 80a20c4:	4806      	ldr	r0, [pc, #24]	; (80a20e0 <_Z16_fetch_usbserialv+0x40>)
 80a20c6:	f7ff ffbd 	bl	80a2044 <_ZN9USBSerialC1E20HAL_USB_USART_SerialRK20HAL_USB_USART_Config>
 80a20ca:	4628      	mov	r0, r5
 80a20cc:	f7fd ffee 	bl	80a00ac <__cxa_guard_release>
 80a20d0:	4804      	ldr	r0, [pc, #16]	; (80a20e4 <_Z16_fetch_usbserialv+0x44>)
 80a20d2:	f000 ff4f 	bl	80a2f74 <atexit>
	return _usbserial;
}
 80a20d6:	4802      	ldr	r0, [pc, #8]	; (80a20e0 <_Z16_fetch_usbserialv+0x40>)
 80a20d8:	b007      	add	sp, #28
 80a20da:	bd30      	pop	{r4, r5, pc}
 80a20dc:	200000c8 	.word	0x200000c8
 80a20e0:	200000d0 	.word	0x200000d0
 80a20e4:	080a1fcd 	.word	0x080a1fcd

080a20e8 <_Z23acquireUSBSerial1Bufferv>:

#if Wiring_USBSerial1

HAL_USB_USART_Config __attribute__((weak)) acquireUSBSerial1Buffer()
{
 80a20e8:	b510      	push	{r4, lr}
 80a20ea:	4604      	mov	r4, r0
  HAL_USB_USART_Config conf = {0};
 80a20ec:	2214      	movs	r2, #20
 80a20ee:	2100      	movs	r1, #0
 80a20f0:	f000 ff54 	bl	80a2f9c <memset>

#if defined(USB_SERIAL_USERSPACE_BUFFERS) && ((MODULE_FUNCTION == MOD_FUNC_USER_PART) || (MODULE_FUNCTION == MOD_FUNC_MONO_FIRMWARE))
  static uint8_t usbserial1_rx_buffer[USB_RX_BUFFER_SIZE];
  static uint8_t usbserial1_tx_buffer[USB_TX_BUFFER_SIZE];

  conf.rx_buffer = usbserial1_rx_buffer;
 80a20f4:	4b05      	ldr	r3, [pc, #20]	; (80a210c <_Z23acquireUSBSerial1Bufferv+0x24>)
  conf.rx_buffer_size = USB_RX_BUFFER_SIZE;
  conf.tx_buffer_size = USB_TX_BUFFER_SIZE;
#endif

  return conf;
}
 80a20f6:	4620      	mov	r0, r4
  conf.rx_buffer = usbserial1_rx_buffer;
 80a20f8:	6063      	str	r3, [r4, #4]
  conf.tx_buffer = usbserial1_tx_buffer;
 80a20fa:	4b05      	ldr	r3, [pc, #20]	; (80a2110 <_Z23acquireUSBSerial1Bufferv+0x28>)
 80a20fc:	60e3      	str	r3, [r4, #12]
  conf.rx_buffer_size = USB_RX_BUFFER_SIZE;
 80a20fe:	f240 1301 	movw	r3, #257	; 0x101
 80a2102:	8123      	strh	r3, [r4, #8]
  conf.tx_buffer_size = USB_TX_BUFFER_SIZE;
 80a2104:	2381      	movs	r3, #129	; 0x81
 80a2106:	8223      	strh	r3, [r4, #16]
}
 80a2108:	bd10      	pop	{r4, pc}
 80a210a:	bf00      	nop
 80a210c:	2000027a 	.word	0x2000027a
 80a2110:	2000037b 	.word	0x2000037b

080a2114 <_Z17_fetch_usbserial1v>:

USBSerial& _fetch_usbserial1()
{
 80a2114:	b510      	push	{r4, lr}
  HAL_USB_USART_Config conf = acquireUSBSerial1Buffer();
  static USBSerial _usbserial1(HAL_USB_USART_SERIAL1, conf);
 80a2116:	4c0e      	ldr	r4, [pc, #56]	; (80a2150 <_Z17_fetch_usbserial1v+0x3c>)
{
 80a2118:	b086      	sub	sp, #24
  HAL_USB_USART_Config conf = acquireUSBSerial1Buffer();
 80a211a:	a801      	add	r0, sp, #4
 80a211c:	f7ff ffe4 	bl	80a20e8 <_Z23acquireUSBSerial1Bufferv>
  static USBSerial _usbserial1(HAL_USB_USART_SERIAL1, conf);
 80a2120:	7823      	ldrb	r3, [r4, #0]
 80a2122:	f3bf 8f5b 	dmb	ish
 80a2126:	07db      	lsls	r3, r3, #31
 80a2128:	d40e      	bmi.n	80a2148 <_Z17_fetch_usbserial1v+0x34>
 80a212a:	4620      	mov	r0, r4
 80a212c:	f7fd ffb9 	bl	80a00a2 <__cxa_guard_acquire>
 80a2130:	b150      	cbz	r0, 80a2148 <_Z17_fetch_usbserial1v+0x34>
 80a2132:	2101      	movs	r1, #1
 80a2134:	aa01      	add	r2, sp, #4
 80a2136:	4807      	ldr	r0, [pc, #28]	; (80a2154 <_Z17_fetch_usbserial1v+0x40>)
 80a2138:	f7ff ff84 	bl	80a2044 <_ZN9USBSerialC1E20HAL_USB_USART_SerialRK20HAL_USB_USART_Config>
 80a213c:	4620      	mov	r0, r4
 80a213e:	f7fd ffb5 	bl	80a00ac <__cxa_guard_release>
 80a2142:	4805      	ldr	r0, [pc, #20]	; (80a2158 <_Z17_fetch_usbserial1v+0x44>)
 80a2144:	f000 ff16 	bl	80a2f74 <atexit>
  return _usbserial1;
}
 80a2148:	4802      	ldr	r0, [pc, #8]	; (80a2154 <_Z17_fetch_usbserial1v+0x40>)
 80a214a:	b006      	add	sp, #24
 80a214c:	bd10      	pop	{r4, pc}
 80a214e:	bf00      	nop
 80a2150:	200000cc 	.word	0x200000cc
 80a2154:	200000e4 	.word	0x200000e4
 80a2158:	080a2043 	.word	0x080a2043

080a215c <_ZN11USARTSerialD1Ev>:
private:
  hal_usart_interface_t _serial;
  bool _blocking;
public:
  USARTSerial(hal_usart_interface_t serial, hal_usart_ring_buffer_t *rx_buffer, hal_usart_ring_buffer_t *tx_buffer);
  virtual ~USARTSerial() {};
 80a215c:	4770      	bx	lr

080a215e <_ZN11USARTSerial14blockOnOverrunEb>:
    hal_usart_half_duplex(_serial, Enable);
}

void USARTSerial::blockOnOverrun(bool block)
{
  _blocking = block;
 80a215e:	7441      	strb	r1, [r0, #17]
}
 80a2160:	4770      	bx	lr

080a2162 <__tcf_0>:
#endif

USARTSerial& __fetch_global_Serial1()
{
#if ((MODULE_FUNCTION == MOD_FUNC_USER_PART) || (MODULE_FUNCTION == MOD_FUNC_MONO_FIRMWARE))
	static USARTSerial serial1(HAL_USART_SERIAL1, &serial1_rx_buffer, &serial1_tx_buffer);
 80a2162:	4770      	bx	lr

080a2164 <_ZN11USARTSerial17availableForWriteEv>:
{
 80a2164:	b508      	push	{r3, lr}
  return std::max(0, (int)hal_usart_available_data_for_write(_serial));
 80a2166:	7c00      	ldrb	r0, [r0, #16]
 80a2168:	f7ff fab2 	bl	80a16d0 <hal_usart_available_data_for_write>
}
 80a216c:	ea20 70e0 	bic.w	r0, r0, r0, asr #31
 80a2170:	bd08      	pop	{r3, pc}

080a2172 <_ZN11USARTSerial9availableEv>:
{
 80a2172:	b508      	push	{r3, lr}
  return std::max(0, (int)hal_usart_available(_serial));
 80a2174:	7c00      	ldrb	r0, [r0, #16]
 80a2176:	f7ff fa83 	bl	80a1680 <hal_usart_available>
}
 80a217a:	ea20 70e0 	bic.w	r0, r0, r0, asr #31
 80a217e:	bd08      	pop	{r3, pc}

080a2180 <_ZN11USARTSerial4peekEv>:
{
 80a2180:	b508      	push	{r3, lr}
  return std::max(-1, (int)hal_usart_peek(_serial));
 80a2182:	7c00      	ldrb	r0, [r0, #16]
 80a2184:	f7ff fa8c 	bl	80a16a0 <hal_usart_peek>
}
 80a2188:	ea40 70e0 	orr.w	r0, r0, r0, asr #31
 80a218c:	bd08      	pop	{r3, pc}

080a218e <_ZN11USARTSerial4readEv>:
{
 80a218e:	b508      	push	{r3, lr}
  return std::max(-1, (int)hal_usart_read(_serial));
 80a2190:	7c00      	ldrb	r0, [r0, #16]
 80a2192:	f7ff fa7d 	bl	80a1690 <hal_usart_read>
}
 80a2196:	ea40 70e0 	orr.w	r0, r0, r0, asr #31
 80a219a:	bd08      	pop	{r3, pc}

080a219c <_ZN11USARTSerial5flushEv>:
  hal_usart_flush(_serial);
 80a219c:	7c00      	ldrb	r0, [r0, #16]
 80a219e:	f7ff ba87 	b.w	80a16b0 <hal_usart_flush>

080a21a2 <_ZN11USARTSerial5writeEh>:
{
 80a21a2:	b570      	push	{r4, r5, r6, lr}
  if (_blocking || hal_usart_available_data_for_write(_serial) > 0) {
 80a21a4:	7c46      	ldrb	r6, [r0, #17]
{
 80a21a6:	4604      	mov	r4, r0
 80a21a8:	460d      	mov	r5, r1
  if (_blocking || hal_usart_available_data_for_write(_serial) > 0) {
 80a21aa:	b12e      	cbz	r6, 80a21b8 <_ZN11USARTSerial5writeEh+0x16>
	  return hal_usart_write(_serial, c);
 80a21ac:	4629      	mov	r1, r5
 80a21ae:	7c20      	ldrb	r0, [r4, #16]
}
 80a21b0:	e8bd 4070 	ldmia.w	sp!, {r4, r5, r6, lr}
	  return hal_usart_write(_serial, c);
 80a21b4:	f7ff ba5c 	b.w	80a1670 <hal_usart_write>
  if (_blocking || hal_usart_available_data_for_write(_serial) > 0) {
 80a21b8:	7c00      	ldrb	r0, [r0, #16]
 80a21ba:	f7ff fa89 	bl	80a16d0 <hal_usart_available_data_for_write>
 80a21be:	2800      	cmp	r0, #0
 80a21c0:	dcf4      	bgt.n	80a21ac <_ZN11USARTSerial5writeEh+0xa>
}
 80a21c2:	4630      	mov	r0, r6
 80a21c4:	bd70      	pop	{r4, r5, r6, pc}

080a21c6 <_ZN11USARTSerialD0Ev>:
 80a21c6:	b510      	push	{r4, lr}
 80a21c8:	4604      	mov	r4, r0
 80a21ca:	2114      	movs	r1, #20
 80a21cc:	f000 fa1a 	bl	80a2604 <_ZdlPvj>
 80a21d0:	4620      	mov	r0, r4
 80a21d2:	bd10      	pop	{r4, pc}

080a21d4 <_ZN11USARTSerialC1E21hal_usart_interface_tP23hal_usart_ring_buffer_tS2_>:
 80a21d4:	f04f 0c00 	mov.w	ip, #0
USARTSerial::USARTSerial(hal_usart_interface_t serial, hal_usart_ring_buffer_t *rx_buffer, hal_usart_ring_buffer_t *tx_buffer)
 80a21d8:	b510      	push	{r4, lr}
 80a21da:	4604      	mov	r4, r0
 80a21dc:	4608      	mov	r0, r1
 80a21de:	4611      	mov	r1, r2
 80a21e0:	f44f 727a 	mov.w	r2, #1000	; 0x3e8
 80a21e4:	e9c4 c201 	strd	ip, r2, [r4, #4]
 80a21e8:	4a04      	ldr	r2, [pc, #16]	; (80a21fc <_ZN11USARTSerialC1E21hal_usart_interface_tP23hal_usart_ring_buffer_tS2_+0x28>)
  _serial = serial;
 80a21ea:	7420      	strb	r0, [r4, #16]
USARTSerial::USARTSerial(hal_usart_interface_t serial, hal_usart_ring_buffer_t *rx_buffer, hal_usart_ring_buffer_t *tx_buffer)
 80a21ec:	6022      	str	r2, [r4, #0]
  _blocking = true;
 80a21ee:	2201      	movs	r2, #1
 80a21f0:	7462      	strb	r2, [r4, #17]
  hal_usart_init(serial, rx_buffer, tx_buffer);
 80a21f2:	461a      	mov	r2, r3
 80a21f4:	f7ff fa34 	bl	80a1660 <hal_usart_init>
}
 80a21f8:	4620      	mov	r0, r4
 80a21fa:	bd10      	pop	{r4, pc}
 80a21fc:	080a31c0 	.word	0x080a31c0

080a2200 <_Z22__fetch_global_Serial1v>:
{
 80a2200:	b538      	push	{r3, r4, r5, lr}
	static USARTSerial serial1(HAL_USART_SERIAL1, &serial1_rx_buffer, &serial1_tx_buffer);
 80a2202:	4d0c      	ldr	r5, [pc, #48]	; (80a2234 <_Z22__fetch_global_Serial1v+0x34>)
 80a2204:	7829      	ldrb	r1, [r5, #0]
 80a2206:	f3bf 8f5b 	dmb	ish
 80a220a:	f011 0401 	ands.w	r4, r1, #1
 80a220e:	d10f      	bne.n	80a2230 <_Z22__fetch_global_Serial1v+0x30>
 80a2210:	4628      	mov	r0, r5
 80a2212:	f7fd ff46 	bl	80a00a2 <__cxa_guard_acquire>
 80a2216:	b158      	cbz	r0, 80a2230 <_Z22__fetch_global_Serial1v+0x30>
 80a2218:	4621      	mov	r1, r4
 80a221a:	4b07      	ldr	r3, [pc, #28]	; (80a2238 <_Z22__fetch_global_Serial1v+0x38>)
 80a221c:	4a07      	ldr	r2, [pc, #28]	; (80a223c <_Z22__fetch_global_Serial1v+0x3c>)
 80a221e:	4808      	ldr	r0, [pc, #32]	; (80a2240 <_Z22__fetch_global_Serial1v+0x40>)
 80a2220:	f7ff ffd8 	bl	80a21d4 <_ZN11USARTSerialC1E21hal_usart_interface_tP23hal_usart_ring_buffer_tS2_>
 80a2224:	4628      	mov	r0, r5
 80a2226:	f7fd ff41 	bl	80a00ac <__cxa_guard_release>
 80a222a:	4806      	ldr	r0, [pc, #24]	; (80a2244 <_Z22__fetch_global_Serial1v+0x44>)
 80a222c:	f000 fea2 	bl	80a2f74 <atexit>
    serial1_tx_buffer = new hal_usart_ring_buffer_t();
  }
  static USARTSerial serial1(HAL_USART_SERIAL1, serial1_rx_buffer, serial1_tx_buffer);
#endif
	return serial1;
}
 80a2230:	4803      	ldr	r0, [pc, #12]	; (80a2240 <_Z22__fetch_global_Serial1v+0x40>)
 80a2232:	bd38      	pop	{r3, r4, r5, pc}
 80a2234:	200003fc 	.word	0x200003fc
 80a2238:	20000484 	.word	0x20000484
 80a223c:	20000400 	.word	0x20000400
 80a2240:	20000508 	.word	0x20000508
 80a2244:	080a2163 	.word	0x080a2163

080a2248 <_ZN7TwoWireD1Ev>:
private:
  hal_i2c_interface_t _i2c;

public:
  TwoWire(hal_i2c_interface_t i2c, const hal_i2c_config_t& config);
  virtual ~TwoWire() {};
 80a2248:	4770      	bx	lr

080a224a <_ZN7TwoWire5writeEPKhj>:

// must be called in:
// slave tx event callback
// or after beginTransmission(address)
size_t TwoWire::write(const uint8_t *data, size_t quantity)
{
 80a224a:	b5f8      	push	{r3, r4, r5, r6, r7, lr}
 80a224c:	4606      	mov	r6, r0
 80a224e:	4615      	mov	r5, r2
 80a2250:	460c      	mov	r4, r1
 80a2252:	188f      	adds	r7, r1, r2
  // in master/slave transmitter mode
  for(size_t i = 0; i < quantity; ++i)
 80a2254:	42bc      	cmp	r4, r7
 80a2256:	d006      	beq.n	80a2266 <_ZN7TwoWire5writeEPKhj+0x1c>
  {
    write(data[i]);
 80a2258:	6833      	ldr	r3, [r6, #0]
 80a225a:	4630      	mov	r0, r6
 80a225c:	689b      	ldr	r3, [r3, #8]
 80a225e:	f814 1b01 	ldrb.w	r1, [r4], #1
 80a2262:	4798      	blx	r3
  for(size_t i = 0; i < quantity; ++i)
 80a2264:	e7f6      	b.n	80a2254 <_ZN7TwoWire5writeEPKhj+0xa>
  }

  return quantity;
}
 80a2266:	4628      	mov	r0, r5
 80a2268:	bdf8      	pop	{r3, r4, r5, r6, r7, pc}

080a226a <_ZN7TwoWire5writeEh>:
  return hal_i2c_write(_i2c, data, NULL);
 80a226a:	2200      	movs	r2, #0
 80a226c:	7c00      	ldrb	r0, [r0, #16]
 80a226e:	f7ff ba37 	b.w	80a16e0 <hal_i2c_write>

080a2272 <_ZN7TwoWire9availableEv>:
// must be called in:
// slave rx event callback
// or after requestFrom(address, numBytes)
int TwoWire::available(void)
{
  return hal_i2c_available(_i2c, NULL);
 80a2272:	2100      	movs	r1, #0
 80a2274:	7c00      	ldrb	r0, [r0, #16]
 80a2276:	f7ff ba3b 	b.w	80a16f0 <hal_i2c_available>

080a227a <_ZN7TwoWire4readEv>:
// must be called in:
// slave rx event callback
// or after requestFrom(address, numBytes)
int TwoWire::read(void)
{
  return hal_i2c_read(_i2c, NULL);
 80a227a:	2100      	movs	r1, #0
 80a227c:	7c00      	ldrb	r0, [r0, #16]
 80a227e:	f7ff ba3f 	b.w	80a1700 <hal_i2c_read>

080a2282 <_ZN7TwoWire4peekEv>:
// must be called in:
// slave rx event callback
// or after requestFrom(address, numBytes)
int TwoWire::peek(void)
{
  return hal_i2c_peek(_i2c, NULL);
 80a2282:	2100      	movs	r1, #0
 80a2284:	7c00      	ldrb	r0, [r0, #16]
 80a2286:	f7ff ba43 	b.w	80a1710 <hal_i2c_peek>

080a228a <_ZN7TwoWire5flushEv>:
}

void TwoWire::flush(void)
{
  hal_i2c_flush(_i2c, NULL);
 80a228a:	2100      	movs	r1, #0
 80a228c:	7c00      	ldrb	r0, [r0, #16]
 80a228e:	f7ff ba47 	b.w	80a1720 <hal_i2c_flush>

080a2292 <_ZN7TwoWireD0Ev>:
 80a2292:	b510      	push	{r4, lr}
 80a2294:	4604      	mov	r4, r0
 80a2296:	2114      	movs	r1, #20
 80a2298:	f000 f9b4 	bl	80a2604 <_ZdlPvj>
 80a229c:	4620      	mov	r0, r4
 80a229e:	bd10      	pop	{r4, pc}

080a22a0 <_ZN7TwoWireC1E19hal_i2c_interface_tRK16hal_i2c_config_t>:
TwoWire::TwoWire(hal_i2c_interface_t i2c, const hal_i2c_config_t& conf)
 80a22a0:	b510      	push	{r4, lr}
 80a22a2:	f44f 737a 	mov.w	r3, #1000	; 0x3e8
 80a22a6:	4604      	mov	r4, r0
 80a22a8:	4608      	mov	r0, r1
 80a22aa:	2100      	movs	r1, #0
 80a22ac:	e9c4 1301 	strd	r1, r3, [r4, #4]
 80a22b0:	4b03      	ldr	r3, [pc, #12]	; (80a22c0 <_ZN7TwoWireC1E19hal_i2c_interface_tRK16hal_i2c_config_t+0x20>)
  hal_i2c_init(_i2c, &conf);
 80a22b2:	4611      	mov	r1, r2
TwoWire::TwoWire(hal_i2c_interface_t i2c, const hal_i2c_config_t& conf)
 80a22b4:	6023      	str	r3, [r4, #0]
  _i2c = i2c;
 80a22b6:	7420      	strb	r0, [r4, #16]
  hal_i2c_init(_i2c, &conf);
 80a22b8:	f7ff fa42 	bl	80a1740 <hal_i2c_init>
}
 80a22bc:	4620      	mov	r0, r4
 80a22be:	bd10      	pop	{r4, pc}
 80a22c0:	080a31f0 	.word	0x080a31f0

080a22c4 <_ZN5spark9WiFiClass5readyEv>:
        return network_ready(*this, 0, NULL);
 80a22c4:	2200      	movs	r2, #0
 80a22c6:	6840      	ldr	r0, [r0, #4]
 80a22c8:	4611      	mov	r1, r2
 80a22ca:	f7ff bacf 	b.w	80a186c <network_ready>

080a22ce <_ZN5spark9WiFiClass7resolveEPKc>:
    WLanSelectAntenna_TypeDef getAntenna() {
        return wlan_get_antenna(nullptr);
    }

#if !HAL_USE_INET_HAL_POSIX
    IPAddress resolve(const char* name)
 80a22ce:	b5f0      	push	{r4, r5, r6, r7, lr}
 80a22d0:	4615      	mov	r5, r2
 80a22d2:	b089      	sub	sp, #36	; 0x24
    {
        HAL_IPAddress ip = {};
 80a22d4:	2211      	movs	r2, #17
    IPAddress resolve(const char* name)
 80a22d6:	460e      	mov	r6, r1
 80a22d8:	4604      	mov	r4, r0
        HAL_IPAddress ip = {};
 80a22da:	2100      	movs	r1, #0
 80a22dc:	a803      	add	r0, sp, #12
 80a22de:	f000 fe5d 	bl	80a2f9c <memset>
        return (inet_gethostbyname(name, strlen(name), &ip, *this, NULL) != 0) ?
 80a22e2:	4628      	mov	r0, r5
 80a22e4:	f000 fe90 	bl	80a3008 <strlen>
 80a22e8:	2700      	movs	r7, #0
 80a22ea:	b281      	uxth	r1, r0
 80a22ec:	6873      	ldr	r3, [r6, #4]
 80a22ee:	4628      	mov	r0, r5
 80a22f0:	9700      	str	r7, [sp, #0]
 80a22f2:	aa03      	add	r2, sp, #12
 80a22f4:	f7ff fa76 	bl	80a17e4 <inet_gethostbyname>
                IPAddress(uint32_t(0)) : IPAddress(ip);
 80a22f8:	b130      	cbz	r0, 80a2308 <_ZN5spark9WiFiClass7resolveEPKc+0x3a>
 80a22fa:	4639      	mov	r1, r7
 80a22fc:	4620      	mov	r0, r4
 80a22fe:	f7ff fe41 	bl	80a1f84 <_ZN9IPAddressC1Em>
    }
 80a2302:	4620      	mov	r0, r4
 80a2304:	b009      	add	sp, #36	; 0x24
 80a2306:	bdf0      	pop	{r4, r5, r6, r7, pc}
                IPAddress(uint32_t(0)) : IPAddress(ip);
 80a2308:	4620      	mov	r0, r4
 80a230a:	a903      	add	r1, sp, #12
 80a230c:	f7ff fe28 	bl	80a1f60 <_ZN9IPAddressC1ERK16_HAL_IPAddress_t>
 80a2310:	e7f7      	b.n	80a2302 <_ZN5spark9WiFiClass7resolveEPKc+0x34>

080a2312 <_ZN5spark9WiFiClass9listeningEv>:
        return network_listening(*this, 0, NULL);
 80a2312:	2200      	movs	r2, #0
 80a2314:	6840      	ldr	r0, [r0, #4]
 80a2316:	4611      	mov	r1, r2
 80a2318:	f7ff bac8 	b.w	80a18ac <network_listening>

080a231c <_ZN5spark9WiFiClass16getListenTimeoutEv>:
        return network_get_listen_timeout(*this, 0, NULL);
 80a231c:	2200      	movs	r2, #0
 80a231e:	6840      	ldr	r0, [r0, #4]
 80a2320:	4611      	mov	r1, r2
 80a2322:	f7ff bad3 	b.w	80a18cc <network_get_listen_timeout>

080a2326 <_ZN5spark9WiFiClass16setListenTimeoutEt>:
        network_set_listen_timeout(*this, timeout, NULL);
 80a2326:	2200      	movs	r2, #0
 80a2328:	6840      	ldr	r0, [r0, #4]
 80a232a:	f7ff bac7 	b.w	80a18bc <network_set_listen_timeout>

080a232e <_ZN5spark9WiFiClass6listenEb>:
        network_listen(*this, begin ? 0 : 1, NULL);
 80a232e:	2200      	movs	r2, #0
 80a2330:	6840      	ldr	r0, [r0, #4]
 80a2332:	f081 0101 	eor.w	r1, r1, #1
 80a2336:	f7ff bab1 	b.w	80a189c <network_listen>

080a233a <_ZN5spark9WiFiClass3offEv>:
        network_off(*this, 0, 0, NULL);
 80a233a:	2300      	movs	r3, #0
 80a233c:	6840      	ldr	r0, [r0, #4]
 80a233e:	461a      	mov	r2, r3
 80a2340:	4619      	mov	r1, r3
 80a2342:	f7ff baa3 	b.w	80a188c <network_off>

080a2346 <_ZN5spark9WiFiClass10connectingEv>:
        return network_connecting(*this, 0, NULL);
 80a2346:	2200      	movs	r2, #0
 80a2348:	6840      	ldr	r0, [r0, #4]
 80a234a:	4611      	mov	r1, r2
 80a234c:	f7ff ba7e 	b.w	80a184c <network_connecting>

080a2350 <_ZN5spark9WiFiClass10disconnectEv>:
        network_disconnect(*this, NETWORK_DISCONNECT_REASON_USER, NULL);
 80a2350:	2200      	movs	r2, #0
 80a2352:	2102      	movs	r1, #2
 80a2354:	6840      	ldr	r0, [r0, #4]
 80a2356:	f7ff ba81 	b.w	80a185c <network_disconnect>

080a235a <_ZN5spark9WiFiClass7connectEj>:
        network_connect(*this, flags, 0, NULL);
 80a235a:	2300      	movs	r3, #0
 80a235c:	6840      	ldr	r0, [r0, #4]
 80a235e:	461a      	mov	r2, r3
 80a2360:	f7ff ba6c 	b.w	80a183c <network_connect>

080a2364 <_GLOBAL__sub_I__ZN10WiFiSignalC2ERK21wlan_connected_info_t>:
    static NetworkClass& from(network_interface_t nif);

    virtual IPAddress resolve(const char* name);

    explicit NetworkClass(network_interface_t iface)
            : iface_(iface) {
 80a2364:	2204      	movs	r2, #4
 80a2366:	4b02      	ldr	r3, [pc, #8]	; (80a2370 <_GLOBAL__sub_I__ZN10WiFiSignalC2ERK21wlan_connected_info_t+0xc>)
 80a2368:	605a      	str	r2, [r3, #4]
            NetworkClass(NETWORK_INTERFACE_WIFI_STA) {
 80a236a:	4a02      	ldr	r2, [pc, #8]	; (80a2374 <_GLOBAL__sub_I__ZN10WiFiSignalC2ERK21wlan_connected_info_t+0x10>)
 80a236c:	601a      	str	r2, [r3, #0]
the same way.
*****************************************************************************/

    WiFiClass WiFi;
    // NetworkClass& Network = WiFi;
}
 80a236e:	4770      	bx	lr
 80a2370:	2000051c 	.word	0x2000051c
 80a2374:	080a3218 	.word	0x080a3218

080a2378 <_ZN5spark12NetworkClass7connectEj>:
        return Network;
    }
}

void NetworkClass::connect(unsigned flags) {
    network_connect(*this, flags, 0, nullptr);
 80a2378:	2300      	movs	r3, #0
 80a237a:	6840      	ldr	r0, [r0, #4]
 80a237c:	461a      	mov	r2, r3
 80a237e:	f7ff ba5d 	b.w	80a183c <network_connect>

080a2382 <_ZN5spark12NetworkClass10disconnectEv>:
}

void NetworkClass::disconnect() {
    network_disconnect(*this, NETWORK_DISCONNECT_REASON_USER, nullptr);
 80a2382:	2200      	movs	r2, #0
 80a2384:	2102      	movs	r1, #2
 80a2386:	6840      	ldr	r0, [r0, #4]
 80a2388:	f7ff ba68 	b.w	80a185c <network_disconnect>

080a238c <_ZN5spark12NetworkClass10connectingEv>:
}

bool NetworkClass::connecting() {
    return network_connecting(*this, 0, nullptr);
 80a238c:	2200      	movs	r2, #0
 80a238e:	6840      	ldr	r0, [r0, #4]
 80a2390:	4611      	mov	r1, r2
 80a2392:	f7ff ba5b 	b.w	80a184c <network_connecting>

080a2396 <_ZN5spark12NetworkClass5readyEv>:
}

bool NetworkClass::ready() {
    return network_ready(*this, 0, nullptr);
 80a2396:	2200      	movs	r2, #0
 80a2398:	6840      	ldr	r0, [r0, #4]
 80a239a:	4611      	mov	r1, r2
 80a239c:	f7ff ba66 	b.w	80a186c <network_ready>

080a23a0 <_ZN5spark12NetworkClass2onEv>:
}

void NetworkClass::on() {
    network_on(*this, 0, 0, nullptr);
 80a23a0:	2300      	movs	r3, #0
 80a23a2:	6840      	ldr	r0, [r0, #4]
 80a23a4:	461a      	mov	r2, r3
 80a23a6:	4619      	mov	r1, r3
 80a23a8:	f7ff ba68 	b.w	80a187c <network_on>

080a23ac <_ZN5spark12NetworkClass3offEv>:
}

void NetworkClass::off() {
    network_off(*this, 0, 0, nullptr);
 80a23ac:	2300      	movs	r3, #0
 80a23ae:	6840      	ldr	r0, [r0, #4]
 80a23b0:	461a      	mov	r2, r3
 80a23b2:	4619      	mov	r1, r3
 80a23b4:	f7ff ba6a 	b.w	80a188c <network_off>

080a23b8 <_ZN5spark12NetworkClass4isOnEv>:
}

bool NetworkClass::isOn() {
    return network_is_on(*this, nullptr);
 80a23b8:	2100      	movs	r1, #0
 80a23ba:	6840      	ldr	r0, [r0, #4]
 80a23bc:	f7ff ba8e 	b.w	80a18dc <network_is_on>

080a23c0 <_ZN5spark12NetworkClass5isOffEv>:
}

bool NetworkClass::isOff() {
    return network_is_off(*this, nullptr);
 80a23c0:	2100      	movs	r1, #0
 80a23c2:	6840      	ldr	r0, [r0, #4]
 80a23c4:	f7ff ba92 	b.w	80a18ec <network_is_off>

080a23c8 <_ZN5spark12NetworkClass6listenEb>:
}

void NetworkClass::listen(bool begin) {
    network_listen(*this, begin ? 0 : 1, nullptr);
 80a23c8:	2200      	movs	r2, #0
 80a23ca:	6840      	ldr	r0, [r0, #4]
 80a23cc:	f081 0101 	eor.w	r1, r1, #1
 80a23d0:	f7ff ba64 	b.w	80a189c <network_listen>

080a23d4 <_ZN5spark12NetworkClass16setListenTimeoutEt>:
}

void NetworkClass::setListenTimeout(uint16_t timeout) {
    network_set_listen_timeout(*this, timeout, nullptr);
 80a23d4:	2200      	movs	r2, #0
 80a23d6:	6840      	ldr	r0, [r0, #4]
 80a23d8:	f7ff ba70 	b.w	80a18bc <network_set_listen_timeout>

080a23dc <_ZN5spark12NetworkClass16getListenTimeoutEv>:
}

uint16_t NetworkClass::getListenTimeout() {
    return network_get_listen_timeout(*this, 0, nullptr);
 80a23dc:	2200      	movs	r2, #0
 80a23de:	6840      	ldr	r0, [r0, #4]
 80a23e0:	4611      	mov	r1, r2
 80a23e2:	f7ff ba73 	b.w	80a18cc <network_get_listen_timeout>

080a23e6 <_ZN5spark12NetworkClass9listeningEv>:
}

bool NetworkClass::listening() {
    return network_listening(*this, 0, nullptr);
 80a23e6:	2200      	movs	r2, #0
 80a23e8:	6840      	ldr	r0, [r0, #4]
 80a23ea:	4611      	mov	r1, r2
 80a23ec:	f7ff ba5e 	b.w	80a18ac <network_listening>

080a23f0 <_ZN5spark12NetworkClass7resolveEPKc>:
}

IPAddress NetworkClass::resolve(const char* name) {
 80a23f0:	b570      	push	{r4, r5, r6, lr}
 80a23f2:	4615      	mov	r5, r2
 80a23f4:	b08e      	sub	sp, #56	; 0x38
 80a23f6:	4604      	mov	r4, r0
    IPAddress addr;
 80a23f8:	a808      	add	r0, sp, #32
 80a23fa:	f7ff fda3 	bl	80a1f44 <_ZN9IPAddressC1Ev>
        HAL_IPAddress ip = {};
 80a23fe:	2211      	movs	r2, #17
 80a2400:	2100      	movs	r1, #0
 80a2402:	a803      	add	r0, sp, #12
 80a2404:	f000 fdca 	bl	80a2f9c <memset>
        return (inet_gethostbyname(name, strlen(name), &ip, *this, NULL) != 0) ?
 80a2408:	2600      	movs	r6, #0
 80a240a:	4628      	mov	r0, r5
 80a240c:	f000 fdfc 	bl	80a3008 <strlen>
 80a2410:	4b0a      	ldr	r3, [pc, #40]	; (80a243c <_ZN5spark12NetworkClass7resolveEPKc+0x4c>)
 80a2412:	9600      	str	r6, [sp, #0]
 80a2414:	b281      	uxth	r1, r0
 80a2416:	685b      	ldr	r3, [r3, #4]
 80a2418:	4628      	mov	r0, r5
 80a241a:	aa03      	add	r2, sp, #12
 80a241c:	f7ff f9e2 	bl	80a17e4 <inet_gethostbyname>
                IPAddress(uint32_t(0)) : IPAddress(ip);
 80a2420:	b130      	cbz	r0, 80a2430 <_ZN5spark12NetworkClass7resolveEPKc+0x40>
 80a2422:	4631      	mov	r1, r6
 80a2424:	4620      	mov	r0, r4
 80a2426:	f7ff fdad 	bl	80a1f84 <_ZN9IPAddressC1Em>
    return Cellular.resolve(name);
#endif // Wiring_Cellular

#endif // HAL_USE_INET_HAL_POSIX
    return addr;
}
 80a242a:	4620      	mov	r0, r4
 80a242c:	b00e      	add	sp, #56	; 0x38
 80a242e:	bd70      	pop	{r4, r5, r6, pc}
 80a2430:	4620      	mov	r0, r4
 80a2432:	a903      	add	r1, sp, #12
 80a2434:	f7ff fd94 	bl	80a1f60 <_ZN9IPAddressC1ERK16_HAL_IPAddress_t>
    virtual ~IPAddress() {}
 80a2438:	e7f7      	b.n	80a242a <_ZN5spark12NetworkClass7resolveEPKc+0x3a>
 80a243a:	bf00      	nop
 80a243c:	2000051c 	.word	0x2000051c

080a2440 <_GLOBAL__sub_I__ZN5spark7NetworkE>:
 80a2440:	4b02      	ldr	r3, [pc, #8]	; (80a244c <_GLOBAL__sub_I__ZN5spark7NetworkE+0xc>)
 80a2442:	4a03      	ldr	r2, [pc, #12]	; (80a2450 <_GLOBAL__sub_I__ZN5spark7NetworkE+0x10>)
 80a2444:	601a      	str	r2, [r3, #0]
 80a2446:	2200      	movs	r2, #0
 80a2448:	605a      	str	r2, [r3, #4]

} // spark
 80a244a:	4770      	bx	lr
 80a244c:	20000524 	.word	0x20000524
 80a2450:	080a3254 	.word	0x080a3254

080a2454 <__tcf_0>:
        dispose();
    }

    void dispose()
    {
        if (handle_) {
 80a2454:	4b02      	ldr	r3, [pc, #8]	; (80a2460 <__tcf_0+0xc>)
 80a2456:	6898      	ldr	r0, [r3, #8]
 80a2458:	b108      	cbz	r0, 80a245e <__tcf_0+0xa>
            os_mutex_recursive_destroy(handle_);
 80a245a:	f7ff b8f9 	b.w	80a1650 <os_mutex_recursive_destroy>

template <hal_spi_interface_t Interface>
class SpiProxy {
public:
    static SPIClass& instance() {
        static SPIClass instance(Interface);
 80a245e:	4770      	bx	lr
 80a2460:	20000530 	.word	0x20000530

080a2464 <pinAvailable>:
/*
 * @brief Perform safety check on desired pin to see if it's already
 * being used.  Return 0 if used, otherwise return 1 if available.
 */
bool pinAvailable(uint16_t pin) {
  if (pin >= TOTAL_PINS) {
 80a2464:	2817      	cmp	r0, #23
bool pinAvailable(uint16_t pin) {
 80a2466:	b570      	push	{r4, r5, r6, lr}
 80a2468:	4604      	mov	r4, r0
  if (pin >= TOTAL_PINS) {
 80a246a:	d901      	bls.n	80a2470 <pinAvailable+0xc>
    return false;
 80a246c:	2000      	movs	r0, #0
    return false; // 'pin' is used
  }
#endif

  return true; // 'pin' is available
}
 80a246e:	bd70      	pop	{r4, r5, r6, pc}
  if((pin == SCK || pin == MOSI || pin == MISO) && hal_spi_is_enabled(SPI.interface()) == true)
 80a2470:	f1a0 030d 	sub.w	r3, r0, #13
 80a2474:	2b02      	cmp	r3, #2
 80a2476:	d90b      	bls.n	80a2490 <pinAvailable+0x2c>
  if((pin == SCL || pin == SDA) && hal_i2c_is_enabled(Wire.interface(), nullptr) == true)
 80a2478:	2801      	cmp	r0, #1
 80a247a:	d824      	bhi.n	80a24c6 <pinAvailable+0x62>
 80a247c:	f000 f89e 	bl	80a25bc <_Z19__fetch_global_Wirev>
 80a2480:	2100      	movs	r1, #0
 80a2482:	7c00      	ldrb	r0, [r0, #16]
 80a2484:	f7ff f954 	bl	80a1730 <hal_i2c_is_enabled>
  if((pin == RX || pin == TX) && hal_usart_is_enabled(Serial1.interface()) == true)
 80a2488:	f080 0001 	eor.w	r0, r0, #1
 80a248c:	b2c0      	uxtb	r0, r0
 80a248e:	e7ee      	b.n	80a246e <pinAvailable+0xa>
 80a2490:	4e12      	ldr	r6, [pc, #72]	; (80a24dc <pinAvailable+0x78>)
 80a2492:	7831      	ldrb	r1, [r6, #0]
 80a2494:	f3bf 8f5b 	dmb	ish
 80a2498:	f011 0501 	ands.w	r5, r1, #1
 80a249c:	d10d      	bne.n	80a24ba <pinAvailable+0x56>
 80a249e:	4630      	mov	r0, r6
 80a24a0:	f7fd fdff 	bl	80a00a2 <__cxa_guard_acquire>
 80a24a4:	b148      	cbz	r0, 80a24ba <pinAvailable+0x56>
 80a24a6:	4629      	mov	r1, r5
 80a24a8:	480d      	ldr	r0, [pc, #52]	; (80a24e0 <pinAvailable+0x7c>)
 80a24aa:	f7ff fa5f 	bl	80a196c <_ZN8SPIClassC1E19hal_spi_interface_t>
 80a24ae:	4630      	mov	r0, r6
 80a24b0:	f7fd fdfc 	bl	80a00ac <__cxa_guard_release>
 80a24b4:	480b      	ldr	r0, [pc, #44]	; (80a24e4 <pinAvailable+0x80>)
 80a24b6:	f000 fd5d 	bl	80a2f74 <atexit>
  if((pin == SCK || pin == MOSI || pin == MISO) && hal_spi_is_enabled(SPI.interface()) == true)
 80a24ba:	4b09      	ldr	r3, [pc, #36]	; (80a24e0 <pinAvailable+0x7c>)
 80a24bc:	7818      	ldrb	r0, [r3, #0]
 80a24be:	f7ff f951 	bl	80a1764 <hal_spi_is_enabled>
 80a24c2:	2800      	cmp	r0, #0
 80a24c4:	d1d2      	bne.n	80a246c <pinAvailable+0x8>
  if((pin == RX || pin == TX) && hal_usart_is_enabled(Serial1.interface()) == true)
 80a24c6:	3c12      	subs	r4, #18
 80a24c8:	2c01      	cmp	r4, #1
 80a24ca:	d805      	bhi.n	80a24d8 <pinAvailable+0x74>
 80a24cc:	f7ff fe98 	bl	80a2200 <_Z22__fetch_global_Serial1v>
 80a24d0:	7c00      	ldrb	r0, [r0, #16]
 80a24d2:	f7ff f8f5 	bl	80a16c0 <hal_usart_is_enabled>
 80a24d6:	e7d7      	b.n	80a2488 <pinAvailable+0x24>
  return true; // 'pin' is available
 80a24d8:	2001      	movs	r0, #1
 80a24da:	e7c8      	b.n	80a246e <pinAvailable+0xa>
 80a24dc:	2000052c 	.word	0x2000052c
 80a24e0:	20000530 	.word	0x20000530
 80a24e4:	080a2455 	.word	0x080a2455

080a24e8 <pinMode>:
  if(pin >= TOTAL_PINS || setMode == PIN_MODE_NONE )
 80a24e8:	2817      	cmp	r0, #23
{
 80a24ea:	b538      	push	{r3, r4, r5, lr}
 80a24ec:	4604      	mov	r4, r0
 80a24ee:	460d      	mov	r5, r1
  if(pin >= TOTAL_PINS || setMode == PIN_MODE_NONE )
 80a24f0:	d80a      	bhi.n	80a2508 <pinMode+0x20>
 80a24f2:	29ff      	cmp	r1, #255	; 0xff
 80a24f4:	d008      	beq.n	80a2508 <pinMode+0x20>
  if( !pinAvailable(pin) ) {
 80a24f6:	f7ff ffb5 	bl	80a2464 <pinAvailable>
 80a24fa:	b128      	cbz	r0, 80a2508 <pinMode+0x20>
  HAL_Pin_Mode(pin, setMode);
 80a24fc:	4629      	mov	r1, r5
 80a24fe:	4620      	mov	r0, r4
}
 80a2500:	e8bd 4038 	ldmia.w	sp!, {r3, r4, r5, lr}
  HAL_Pin_Mode(pin, setMode);
 80a2504:	f7ff b864 	b.w	80a15d0 <HAL_Pin_Mode>
}
 80a2508:	bd38      	pop	{r3, r4, r5, pc}

080a250a <digitalWrite>:

/*
 * @brief Sets a GPIO pin to HIGH or LOW.
 */
void digitalWrite(pin_t pin, uint8_t value)
{
 80a250a:	b538      	push	{r3, r4, r5, lr}
 80a250c:	4604      	mov	r4, r0
 80a250e:	460d      	mov	r5, r1
    PinMode mode = HAL_Get_Pin_Mode(pin);
 80a2510:	f7ff f866 	bl	80a15e0 <HAL_Get_Pin_Mode>
    if (mode==PIN_MODE_NONE || is_input_mode(mode))
 80a2514:	28ff      	cmp	r0, #255	; 0xff
 80a2516:	d010      	beq.n	80a253a <digitalWrite+0x30>
            mode == INPUT_PULLDOWN ||
 80a2518:	2806      	cmp	r0, #6
 80a251a:	d804      	bhi.n	80a2526 <digitalWrite+0x1c>
 80a251c:	234d      	movs	r3, #77	; 0x4d
 80a251e:	fa23 f000 	lsr.w	r0, r3, r0
 80a2522:	07c3      	lsls	r3, r0, #31
 80a2524:	d409      	bmi.n	80a253a <digitalWrite+0x30>
        return;
  // Safety check
  if( !pinAvailable(pin) ) {
 80a2526:	4620      	mov	r0, r4
 80a2528:	f7ff ff9c 	bl	80a2464 <pinAvailable>
 80a252c:	b128      	cbz	r0, 80a253a <digitalWrite+0x30>
    return;
  }

  HAL_GPIO_Write(pin, value);
 80a252e:	4629      	mov	r1, r5
 80a2530:	4620      	mov	r0, r4
}
 80a2532:	e8bd 4038 	ldmia.w	sp!, {r3, r4, r5, lr}
  HAL_GPIO_Write(pin, value);
 80a2536:	f7ff b85b 	b.w	80a15f0 <HAL_GPIO_Write>
}
 80a253a:	bd38      	pop	{r3, r4, r5, pc}

080a253c <analogRead>:
 * @brief Read the analog value of a pin.
 * Should return a 16-bit value, 0-65536 (0 = LOW, 65536 = HIGH)
 * Note: ADC is 12-bit. Currently it returns 0-4095
 */
int32_t analogRead(pin_t pin)
{
 80a253c:	b510      	push	{r4, lr}
 80a253e:	4604      	mov	r4, r0
  // Allow people to use 0-7 to define analog pins by checking to see if the values are too low.
  if(pin < FIRST_ANALOG_PIN)
 80a2540:	2809      	cmp	r0, #9
  {
    pin = pin + FIRST_ANALOG_PIN;
 80a2542:	bf9c      	itt	ls
 80a2544:	340a      	addls	r4, #10
 80a2546:	b2a4      	uxthls	r4, r4
  }

  // Safety check
  if( !pinAvailable(pin) ) {
 80a2548:	4620      	mov	r0, r4
 80a254a:	f7ff ff8b 	bl	80a2464 <pinAvailable>
 80a254e:	b150      	cbz	r0, 80a2566 <analogRead+0x2a>
    return LOW;
  }

  if(HAL_Validate_Pin_Function(pin, PF_ADC)!=PF_ADC)
 80a2550:	2103      	movs	r1, #3
 80a2552:	4620      	mov	r0, r4
 80a2554:	f7ff f834 	bl	80a15c0 <HAL_Validate_Pin_Function>
 80a2558:	2803      	cmp	r0, #3
 80a255a:	d104      	bne.n	80a2566 <analogRead+0x2a>
  {
    return LOW;
  }

  return hal_adc_read(pin);
 80a255c:	4620      	mov	r0, r4
}
 80a255e:	e8bd 4010 	ldmia.w	sp!, {r4, lr}
  return hal_adc_read(pin);
 80a2562:	f7ff b84d 	b.w	80a1600 <hal_adc_read>
}
 80a2566:	2000      	movs	r0, #0
 80a2568:	bd10      	pop	{r4, pc}
	...

080a256c <_GLOBAL__sub_I_INADDR_NONE>:
#include "spark_wiring_ipaddress.h"

#if !HAL_USE_SOCKET_HAL_POSIX
const IPAddress INADDR_NONE(0, 0, 0, 0);
 80a256c:	2300      	movs	r3, #0
 80a256e:	b507      	push	{r0, r1, r2, lr}
 80a2570:	461a      	mov	r2, r3
 80a2572:	4619      	mov	r1, r3
 80a2574:	9300      	str	r3, [sp, #0]
 80a2576:	4803      	ldr	r0, [pc, #12]	; (80a2584 <_GLOBAL__sub_I_INADDR_NONE+0x18>)
 80a2578:	f7ff fd1a 	bl	80a1fb0 <_ZN9IPAddressC1Ehhhh>
 80a257c:	b003      	add	sp, #12
 80a257e:	f85d fb04 	ldr.w	pc, [sp], #4
 80a2582:	bf00      	nop
 80a2584:	20000540 	.word	0x20000540

080a2588 <__tcf_0>:
}
#endif

TwoWire& __fetch_global_Wire()
{
	static TwoWire wire(HAL_I2C_INTERFACE1, acquireWireBuffer());
 80a2588:	4770      	bx	lr
	...

080a258c <_Z17acquireWireBufferv>:
	hal_i2c_config_t config = {
 80a258c:	2300      	movs	r3, #0
{
 80a258e:	b570      	push	{r4, r5, r6, lr}
	hal_i2c_config_t config = {
 80a2590:	2520      	movs	r5, #32
 80a2592:	8043      	strh	r3, [r0, #2]
 80a2594:	2314      	movs	r3, #20
		.rx_buffer = new (std::nothrow) uint8_t[I2C_BUFFER_LENGTH],
 80a2596:	4e08      	ldr	r6, [pc, #32]	; (80a25b8 <_Z17acquireWireBufferv+0x2c>)
{
 80a2598:	4604      	mov	r4, r0
	hal_i2c_config_t config = {
 80a259a:	8003      	strh	r3, [r0, #0]
		.rx_buffer = new (std::nothrow) uint8_t[I2C_BUFFER_LENGTH],
 80a259c:	4631      	mov	r1, r6
	hal_i2c_config_t config = {
 80a259e:	6085      	str	r5, [r0, #8]
 80a25a0:	6105      	str	r5, [r0, #16]
		.rx_buffer = new (std::nothrow) uint8_t[I2C_BUFFER_LENGTH],
 80a25a2:	4628      	mov	r0, r5
 80a25a4:	f000 f830 	bl	80a2608 <_ZnajRKSt9nothrow_t>
		.tx_buffer = new (std::nothrow) uint8_t[I2C_BUFFER_LENGTH],
 80a25a8:	4631      	mov	r1, r6
	};
 80a25aa:	6060      	str	r0, [r4, #4]
		.tx_buffer = new (std::nothrow) uint8_t[I2C_BUFFER_LENGTH],
 80a25ac:	4628      	mov	r0, r5
 80a25ae:	f000 f82b 	bl	80a2608 <_ZnajRKSt9nothrow_t>
	};
 80a25b2:	60e0      	str	r0, [r4, #12]
}
 80a25b4:	4620      	mov	r0, r4
 80a25b6:	bd70      	pop	{r4, r5, r6, pc}
 80a25b8:	080a3288 	.word	0x080a3288

080a25bc <_Z19__fetch_global_Wirev>:
{
 80a25bc:	b530      	push	{r4, r5, lr}
	static TwoWire wire(HAL_I2C_INTERFACE1, acquireWireBuffer());
 80a25be:	4d0e      	ldr	r5, [pc, #56]	; (80a25f8 <_Z19__fetch_global_Wirev+0x3c>)
{
 80a25c0:	b087      	sub	sp, #28
	static TwoWire wire(HAL_I2C_INTERFACE1, acquireWireBuffer());
 80a25c2:	7829      	ldrb	r1, [r5, #0]
 80a25c4:	f3bf 8f5b 	dmb	ish
 80a25c8:	f011 0401 	ands.w	r4, r1, #1
 80a25cc:	d111      	bne.n	80a25f2 <_Z19__fetch_global_Wirev+0x36>
 80a25ce:	4628      	mov	r0, r5
 80a25d0:	f7fd fd67 	bl	80a00a2 <__cxa_guard_acquire>
 80a25d4:	b168      	cbz	r0, 80a25f2 <_Z19__fetch_global_Wirev+0x36>
 80a25d6:	a801      	add	r0, sp, #4
 80a25d8:	f7ff ffd8 	bl	80a258c <_Z17acquireWireBufferv>
 80a25dc:	4621      	mov	r1, r4
 80a25de:	aa01      	add	r2, sp, #4
 80a25e0:	4806      	ldr	r0, [pc, #24]	; (80a25fc <_Z19__fetch_global_Wirev+0x40>)
 80a25e2:	f7ff fe5d 	bl	80a22a0 <_ZN7TwoWireC1E19hal_i2c_interface_tRK16hal_i2c_config_t>
 80a25e6:	4628      	mov	r0, r5
 80a25e8:	f7fd fd60 	bl	80a00ac <__cxa_guard_release>
 80a25ec:	4804      	ldr	r0, [pc, #16]	; (80a2600 <_Z19__fetch_global_Wirev+0x44>)
 80a25ee:	f000 fcc1 	bl	80a2f74 <atexit>
	return wire;
}
 80a25f2:	4802      	ldr	r0, [pc, #8]	; (80a25fc <_Z19__fetch_global_Wirev+0x40>)
 80a25f4:	b007      	add	sp, #28
 80a25f6:	bd30      	pop	{r4, r5, pc}
 80a25f8:	20000558 	.word	0x20000558
 80a25fc:	2000055c 	.word	0x2000055c
 80a2600:	080a2589 	.word	0x080a2589

080a2604 <_ZdlPvj>:
 80a2604:	f7fd bd4b 	b.w	80a009e <_ZdlPv>

080a2608 <_ZnajRKSt9nothrow_t>:
 80a2608:	f7fd bd47 	b.w	80a009a <_Znaj>

080a260c <__aeabi_drsub>:
 80a260c:	f081 4100 	eor.w	r1, r1, #2147483648	; 0x80000000
 80a2610:	e002      	b.n	80a2618 <__adddf3>
 80a2612:	bf00      	nop

080a2614 <__aeabi_dsub>:
 80a2614:	f083 4300 	eor.w	r3, r3, #2147483648	; 0x80000000

080a2618 <__adddf3>:
 80a2618:	b530      	push	{r4, r5, lr}
 80a261a:	ea4f 0441 	mov.w	r4, r1, lsl #1
 80a261e:	ea4f 0543 	mov.w	r5, r3, lsl #1
 80a2622:	ea94 0f05 	teq	r4, r5
 80a2626:	bf08      	it	eq
 80a2628:	ea90 0f02 	teqeq	r0, r2
 80a262c:	bf1f      	itttt	ne
 80a262e:	ea54 0c00 	orrsne.w	ip, r4, r0
 80a2632:	ea55 0c02 	orrsne.w	ip, r5, r2
 80a2636:	ea7f 5c64 	mvnsne.w	ip, r4, asr #21
 80a263a:	ea7f 5c65 	mvnsne.w	ip, r5, asr #21
 80a263e:	f000 80e2 	beq.w	80a2806 <__adddf3+0x1ee>
 80a2642:	ea4f 5454 	mov.w	r4, r4, lsr #21
 80a2646:	ebd4 5555 	rsbs	r5, r4, r5, lsr #21
 80a264a:	bfb8      	it	lt
 80a264c:	426d      	neglt	r5, r5
 80a264e:	dd0c      	ble.n	80a266a <__adddf3+0x52>
 80a2650:	442c      	add	r4, r5
 80a2652:	ea80 0202 	eor.w	r2, r0, r2
 80a2656:	ea81 0303 	eor.w	r3, r1, r3
 80a265a:	ea82 0000 	eor.w	r0, r2, r0
 80a265e:	ea83 0101 	eor.w	r1, r3, r1
 80a2662:	ea80 0202 	eor.w	r2, r0, r2
 80a2666:	ea81 0303 	eor.w	r3, r1, r3
 80a266a:	2d36      	cmp	r5, #54	; 0x36
 80a266c:	bf88      	it	hi
 80a266e:	bd30      	pophi	{r4, r5, pc}
 80a2670:	f011 4f00 	tst.w	r1, #2147483648	; 0x80000000
 80a2674:	ea4f 3101 	mov.w	r1, r1, lsl #12
 80a2678:	f44f 1c80 	mov.w	ip, #1048576	; 0x100000
 80a267c:	ea4c 3111 	orr.w	r1, ip, r1, lsr #12
 80a2680:	d002      	beq.n	80a2688 <__adddf3+0x70>
 80a2682:	4240      	negs	r0, r0
 80a2684:	eb61 0141 	sbc.w	r1, r1, r1, lsl #1
 80a2688:	f013 4f00 	tst.w	r3, #2147483648	; 0x80000000
 80a268c:	ea4f 3303 	mov.w	r3, r3, lsl #12
 80a2690:	ea4c 3313 	orr.w	r3, ip, r3, lsr #12
 80a2694:	d002      	beq.n	80a269c <__adddf3+0x84>
 80a2696:	4252      	negs	r2, r2
 80a2698:	eb63 0343 	sbc.w	r3, r3, r3, lsl #1
 80a269c:	ea94 0f05 	teq	r4, r5
 80a26a0:	f000 80a7 	beq.w	80a27f2 <__adddf3+0x1da>
 80a26a4:	f1a4 0401 	sub.w	r4, r4, #1
 80a26a8:	f1d5 0e20 	rsbs	lr, r5, #32
 80a26ac:	db0d      	blt.n	80a26ca <__adddf3+0xb2>
 80a26ae:	fa02 fc0e 	lsl.w	ip, r2, lr
 80a26b2:	fa22 f205 	lsr.w	r2, r2, r5
 80a26b6:	1880      	adds	r0, r0, r2
 80a26b8:	f141 0100 	adc.w	r1, r1, #0
 80a26bc:	fa03 f20e 	lsl.w	r2, r3, lr
 80a26c0:	1880      	adds	r0, r0, r2
 80a26c2:	fa43 f305 	asr.w	r3, r3, r5
 80a26c6:	4159      	adcs	r1, r3
 80a26c8:	e00e      	b.n	80a26e8 <__adddf3+0xd0>
 80a26ca:	f1a5 0520 	sub.w	r5, r5, #32
 80a26ce:	f10e 0e20 	add.w	lr, lr, #32
 80a26d2:	2a01      	cmp	r2, #1
 80a26d4:	fa03 fc0e 	lsl.w	ip, r3, lr
 80a26d8:	bf28      	it	cs
 80a26da:	f04c 0c02 	orrcs.w	ip, ip, #2
 80a26de:	fa43 f305 	asr.w	r3, r3, r5
 80a26e2:	18c0      	adds	r0, r0, r3
 80a26e4:	eb51 71e3 	adcs.w	r1, r1, r3, asr #31
 80a26e8:	f001 4500 	and.w	r5, r1, #2147483648	; 0x80000000
 80a26ec:	d507      	bpl.n	80a26fe <__adddf3+0xe6>
 80a26ee:	f04f 0e00 	mov.w	lr, #0
 80a26f2:	f1dc 0c00 	rsbs	ip, ip, #0
 80a26f6:	eb7e 0000 	sbcs.w	r0, lr, r0
 80a26fa:	eb6e 0101 	sbc.w	r1, lr, r1
 80a26fe:	f5b1 1f80 	cmp.w	r1, #1048576	; 0x100000
 80a2702:	d31b      	bcc.n	80a273c <__adddf3+0x124>
 80a2704:	f5b1 1f00 	cmp.w	r1, #2097152	; 0x200000
 80a2708:	d30c      	bcc.n	80a2724 <__adddf3+0x10c>
 80a270a:	0849      	lsrs	r1, r1, #1
 80a270c:	ea5f 0030 	movs.w	r0, r0, rrx
 80a2710:	ea4f 0c3c 	mov.w	ip, ip, rrx
 80a2714:	f104 0401 	add.w	r4, r4, #1
 80a2718:	ea4f 5244 	mov.w	r2, r4, lsl #21
 80a271c:	f512 0f80 	cmn.w	r2, #4194304	; 0x400000
 80a2720:	f080 809a 	bcs.w	80a2858 <__adddf3+0x240>
 80a2724:	f1bc 4f00 	cmp.w	ip, #2147483648	; 0x80000000
 80a2728:	bf08      	it	eq
 80a272a:	ea5f 0c50 	movseq.w	ip, r0, lsr #1
 80a272e:	f150 0000 	adcs.w	r0, r0, #0
 80a2732:	eb41 5104 	adc.w	r1, r1, r4, lsl #20
 80a2736:	ea41 0105 	orr.w	r1, r1, r5
 80a273a:	bd30      	pop	{r4, r5, pc}
 80a273c:	ea5f 0c4c 	movs.w	ip, ip, lsl #1
 80a2740:	4140      	adcs	r0, r0
 80a2742:	eb41 0101 	adc.w	r1, r1, r1
 80a2746:	3c01      	subs	r4, #1
 80a2748:	bf28      	it	cs
 80a274a:	f5b1 1f80 	cmpcs.w	r1, #1048576	; 0x100000
 80a274e:	d2e9      	bcs.n	80a2724 <__adddf3+0x10c>
 80a2750:	f091 0f00 	teq	r1, #0
 80a2754:	bf04      	itt	eq
 80a2756:	4601      	moveq	r1, r0
 80a2758:	2000      	moveq	r0, #0
 80a275a:	fab1 f381 	clz	r3, r1
 80a275e:	bf08      	it	eq
 80a2760:	3320      	addeq	r3, #32
 80a2762:	f1a3 030b 	sub.w	r3, r3, #11
 80a2766:	f1b3 0220 	subs.w	r2, r3, #32
 80a276a:	da0c      	bge.n	80a2786 <__adddf3+0x16e>
 80a276c:	320c      	adds	r2, #12
 80a276e:	dd08      	ble.n	80a2782 <__adddf3+0x16a>
 80a2770:	f102 0c14 	add.w	ip, r2, #20
 80a2774:	f1c2 020c 	rsb	r2, r2, #12
 80a2778:	fa01 f00c 	lsl.w	r0, r1, ip
 80a277c:	fa21 f102 	lsr.w	r1, r1, r2
 80a2780:	e00c      	b.n	80a279c <__adddf3+0x184>
 80a2782:	f102 0214 	add.w	r2, r2, #20
 80a2786:	bfd8      	it	le
 80a2788:	f1c2 0c20 	rsble	ip, r2, #32
 80a278c:	fa01 f102 	lsl.w	r1, r1, r2
 80a2790:	fa20 fc0c 	lsr.w	ip, r0, ip
 80a2794:	bfdc      	itt	le
 80a2796:	ea41 010c 	orrle.w	r1, r1, ip
 80a279a:	4090      	lslle	r0, r2
 80a279c:	1ae4      	subs	r4, r4, r3
 80a279e:	bfa2      	ittt	ge
 80a27a0:	eb01 5104 	addge.w	r1, r1, r4, lsl #20
 80a27a4:	4329      	orrge	r1, r5
 80a27a6:	bd30      	popge	{r4, r5, pc}
 80a27a8:	ea6f 0404 	mvn.w	r4, r4
 80a27ac:	3c1f      	subs	r4, #31
 80a27ae:	da1c      	bge.n	80a27ea <__adddf3+0x1d2>
 80a27b0:	340c      	adds	r4, #12
 80a27b2:	dc0e      	bgt.n	80a27d2 <__adddf3+0x1ba>
 80a27b4:	f104 0414 	add.w	r4, r4, #20
 80a27b8:	f1c4 0220 	rsb	r2, r4, #32
 80a27bc:	fa20 f004 	lsr.w	r0, r0, r4
 80a27c0:	fa01 f302 	lsl.w	r3, r1, r2
 80a27c4:	ea40 0003 	orr.w	r0, r0, r3
 80a27c8:	fa21 f304 	lsr.w	r3, r1, r4
 80a27cc:	ea45 0103 	orr.w	r1, r5, r3
 80a27d0:	bd30      	pop	{r4, r5, pc}
 80a27d2:	f1c4 040c 	rsb	r4, r4, #12
 80a27d6:	f1c4 0220 	rsb	r2, r4, #32
 80a27da:	fa20 f002 	lsr.w	r0, r0, r2
 80a27de:	fa01 f304 	lsl.w	r3, r1, r4
 80a27e2:	ea40 0003 	orr.w	r0, r0, r3
 80a27e6:	4629      	mov	r1, r5
 80a27e8:	bd30      	pop	{r4, r5, pc}
 80a27ea:	fa21 f004 	lsr.w	r0, r1, r4
 80a27ee:	4629      	mov	r1, r5
 80a27f0:	bd30      	pop	{r4, r5, pc}
 80a27f2:	f094 0f00 	teq	r4, #0
 80a27f6:	f483 1380 	eor.w	r3, r3, #1048576	; 0x100000
 80a27fa:	bf06      	itte	eq
 80a27fc:	f481 1180 	eoreq.w	r1, r1, #1048576	; 0x100000
 80a2800:	3401      	addeq	r4, #1
 80a2802:	3d01      	subne	r5, #1
 80a2804:	e74e      	b.n	80a26a4 <__adddf3+0x8c>
 80a2806:	ea7f 5c64 	mvns.w	ip, r4, asr #21
 80a280a:	bf18      	it	ne
 80a280c:	ea7f 5c65 	mvnsne.w	ip, r5, asr #21
 80a2810:	d029      	beq.n	80a2866 <__adddf3+0x24e>
 80a2812:	ea94 0f05 	teq	r4, r5
 80a2816:	bf08      	it	eq
 80a2818:	ea90 0f02 	teqeq	r0, r2
 80a281c:	d005      	beq.n	80a282a <__adddf3+0x212>
 80a281e:	ea54 0c00 	orrs.w	ip, r4, r0
 80a2822:	bf04      	itt	eq
 80a2824:	4619      	moveq	r1, r3
 80a2826:	4610      	moveq	r0, r2
 80a2828:	bd30      	pop	{r4, r5, pc}
 80a282a:	ea91 0f03 	teq	r1, r3
 80a282e:	bf1e      	ittt	ne
 80a2830:	2100      	movne	r1, #0
 80a2832:	2000      	movne	r0, #0
 80a2834:	bd30      	popne	{r4, r5, pc}
 80a2836:	ea5f 5c54 	movs.w	ip, r4, lsr #21
 80a283a:	d105      	bne.n	80a2848 <__adddf3+0x230>
 80a283c:	0040      	lsls	r0, r0, #1
 80a283e:	4149      	adcs	r1, r1
 80a2840:	bf28      	it	cs
 80a2842:	f041 4100 	orrcs.w	r1, r1, #2147483648	; 0x80000000
 80a2846:	bd30      	pop	{r4, r5, pc}
 80a2848:	f514 0480 	adds.w	r4, r4, #4194304	; 0x400000
 80a284c:	bf3c      	itt	cc
 80a284e:	f501 1180 	addcc.w	r1, r1, #1048576	; 0x100000
 80a2852:	bd30      	popcc	{r4, r5, pc}
 80a2854:	f001 4500 	and.w	r5, r1, #2147483648	; 0x80000000
 80a2858:	f045 41fe 	orr.w	r1, r5, #2130706432	; 0x7f000000
 80a285c:	f441 0170 	orr.w	r1, r1, #15728640	; 0xf00000
 80a2860:	f04f 0000 	mov.w	r0, #0
 80a2864:	bd30      	pop	{r4, r5, pc}
 80a2866:	ea7f 5c64 	mvns.w	ip, r4, asr #21
 80a286a:	bf1a      	itte	ne
 80a286c:	4619      	movne	r1, r3
 80a286e:	4610      	movne	r0, r2
 80a2870:	ea7f 5c65 	mvnseq.w	ip, r5, asr #21
 80a2874:	bf1c      	itt	ne
 80a2876:	460b      	movne	r3, r1
 80a2878:	4602      	movne	r2, r0
 80a287a:	ea50 3401 	orrs.w	r4, r0, r1, lsl #12
 80a287e:	bf06      	itte	eq
 80a2880:	ea52 3503 	orrseq.w	r5, r2, r3, lsl #12
 80a2884:	ea91 0f03 	teqeq	r1, r3
 80a2888:	f441 2100 	orrne.w	r1, r1, #524288	; 0x80000
 80a288c:	bd30      	pop	{r4, r5, pc}
 80a288e:	bf00      	nop

080a2890 <__aeabi_ui2d>:
 80a2890:	f090 0f00 	teq	r0, #0
 80a2894:	bf04      	itt	eq
 80a2896:	2100      	moveq	r1, #0
 80a2898:	4770      	bxeq	lr
 80a289a:	b530      	push	{r4, r5, lr}
 80a289c:	f44f 6480 	mov.w	r4, #1024	; 0x400
 80a28a0:	f104 0432 	add.w	r4, r4, #50	; 0x32
 80a28a4:	f04f 0500 	mov.w	r5, #0
 80a28a8:	f04f 0100 	mov.w	r1, #0
 80a28ac:	e750      	b.n	80a2750 <__adddf3+0x138>
 80a28ae:	bf00      	nop

080a28b0 <__aeabi_i2d>:
 80a28b0:	f090 0f00 	teq	r0, #0
 80a28b4:	bf04      	itt	eq
 80a28b6:	2100      	moveq	r1, #0
 80a28b8:	4770      	bxeq	lr
 80a28ba:	b530      	push	{r4, r5, lr}
 80a28bc:	f44f 6480 	mov.w	r4, #1024	; 0x400
 80a28c0:	f104 0432 	add.w	r4, r4, #50	; 0x32
 80a28c4:	f010 4500 	ands.w	r5, r0, #2147483648	; 0x80000000
 80a28c8:	bf48      	it	mi
 80a28ca:	4240      	negmi	r0, r0
 80a28cc:	f04f 0100 	mov.w	r1, #0
 80a28d0:	e73e      	b.n	80a2750 <__adddf3+0x138>
 80a28d2:	bf00      	nop

080a28d4 <__aeabi_f2d>:
 80a28d4:	0042      	lsls	r2, r0, #1
 80a28d6:	ea4f 01e2 	mov.w	r1, r2, asr #3
 80a28da:	ea4f 0131 	mov.w	r1, r1, rrx
 80a28de:	ea4f 7002 	mov.w	r0, r2, lsl #28
 80a28e2:	bf1f      	itttt	ne
 80a28e4:	f012 437f 	andsne.w	r3, r2, #4278190080	; 0xff000000
 80a28e8:	f093 4f7f 	teqne	r3, #4278190080	; 0xff000000
 80a28ec:	f081 5160 	eorne.w	r1, r1, #939524096	; 0x38000000
 80a28f0:	4770      	bxne	lr
 80a28f2:	f032 427f 	bics.w	r2, r2, #4278190080	; 0xff000000
 80a28f6:	bf08      	it	eq
 80a28f8:	4770      	bxeq	lr
 80a28fa:	f093 4f7f 	teq	r3, #4278190080	; 0xff000000
 80a28fe:	bf04      	itt	eq
 80a2900:	f441 2100 	orreq.w	r1, r1, #524288	; 0x80000
 80a2904:	4770      	bxeq	lr
 80a2906:	b530      	push	{r4, r5, lr}
 80a2908:	f44f 7460 	mov.w	r4, #896	; 0x380
 80a290c:	f001 4500 	and.w	r5, r1, #2147483648	; 0x80000000
 80a2910:	f021 4100 	bic.w	r1, r1, #2147483648	; 0x80000000
 80a2914:	e71c      	b.n	80a2750 <__adddf3+0x138>
 80a2916:	bf00      	nop

080a2918 <__aeabi_ul2d>:
 80a2918:	ea50 0201 	orrs.w	r2, r0, r1
 80a291c:	bf08      	it	eq
 80a291e:	4770      	bxeq	lr
 80a2920:	b530      	push	{r4, r5, lr}
 80a2922:	f04f 0500 	mov.w	r5, #0
 80a2926:	e00a      	b.n	80a293e <__aeabi_l2d+0x16>

080a2928 <__aeabi_l2d>:
 80a2928:	ea50 0201 	orrs.w	r2, r0, r1
 80a292c:	bf08      	it	eq
 80a292e:	4770      	bxeq	lr
 80a2930:	b530      	push	{r4, r5, lr}
 80a2932:	f011 4500 	ands.w	r5, r1, #2147483648	; 0x80000000
 80a2936:	d502      	bpl.n	80a293e <__aeabi_l2d+0x16>
 80a2938:	4240      	negs	r0, r0
 80a293a:	eb61 0141 	sbc.w	r1, r1, r1, lsl #1
 80a293e:	f44f 6480 	mov.w	r4, #1024	; 0x400
 80a2942:	f104 0432 	add.w	r4, r4, #50	; 0x32
 80a2946:	ea5f 5c91 	movs.w	ip, r1, lsr #22
 80a294a:	f43f aed8 	beq.w	80a26fe <__adddf3+0xe6>
 80a294e:	f04f 0203 	mov.w	r2, #3
 80a2952:	ea5f 0cdc 	movs.w	ip, ip, lsr #3
 80a2956:	bf18      	it	ne
 80a2958:	3203      	addne	r2, #3
 80a295a:	ea5f 0cdc 	movs.w	ip, ip, lsr #3
 80a295e:	bf18      	it	ne
 80a2960:	3203      	addne	r2, #3
 80a2962:	eb02 02dc 	add.w	r2, r2, ip, lsr #3
 80a2966:	f1c2 0320 	rsb	r3, r2, #32
 80a296a:	fa00 fc03 	lsl.w	ip, r0, r3
 80a296e:	fa20 f002 	lsr.w	r0, r0, r2
 80a2972:	fa01 fe03 	lsl.w	lr, r1, r3
 80a2976:	ea40 000e 	orr.w	r0, r0, lr
 80a297a:	fa21 f102 	lsr.w	r1, r1, r2
 80a297e:	4414      	add	r4, r2
 80a2980:	e6bd      	b.n	80a26fe <__adddf3+0xe6>
 80a2982:	bf00      	nop

080a2984 <__aeabi_dmul>:
 80a2984:	b570      	push	{r4, r5, r6, lr}
 80a2986:	f04f 0cff 	mov.w	ip, #255	; 0xff
 80a298a:	f44c 6ce0 	orr.w	ip, ip, #1792	; 0x700
 80a298e:	ea1c 5411 	ands.w	r4, ip, r1, lsr #20
 80a2992:	bf1d      	ittte	ne
 80a2994:	ea1c 5513 	andsne.w	r5, ip, r3, lsr #20
 80a2998:	ea94 0f0c 	teqne	r4, ip
 80a299c:	ea95 0f0c 	teqne	r5, ip
 80a29a0:	f000 f8de 	bleq	80a2b60 <__aeabi_dmul+0x1dc>
 80a29a4:	442c      	add	r4, r5
 80a29a6:	ea81 0603 	eor.w	r6, r1, r3
 80a29aa:	ea21 514c 	bic.w	r1, r1, ip, lsl #21
 80a29ae:	ea23 534c 	bic.w	r3, r3, ip, lsl #21
 80a29b2:	ea50 3501 	orrs.w	r5, r0, r1, lsl #12
 80a29b6:	bf18      	it	ne
 80a29b8:	ea52 3503 	orrsne.w	r5, r2, r3, lsl #12
 80a29bc:	f441 1180 	orr.w	r1, r1, #1048576	; 0x100000
 80a29c0:	f443 1380 	orr.w	r3, r3, #1048576	; 0x100000
 80a29c4:	d038      	beq.n	80a2a38 <__aeabi_dmul+0xb4>
 80a29c6:	fba0 ce02 	umull	ip, lr, r0, r2
 80a29ca:	f04f 0500 	mov.w	r5, #0
 80a29ce:	fbe1 e502 	umlal	lr, r5, r1, r2
 80a29d2:	f006 4200 	and.w	r2, r6, #2147483648	; 0x80000000
 80a29d6:	fbe0 e503 	umlal	lr, r5, r0, r3
 80a29da:	f04f 0600 	mov.w	r6, #0
 80a29de:	fbe1 5603 	umlal	r5, r6, r1, r3
 80a29e2:	f09c 0f00 	teq	ip, #0
 80a29e6:	bf18      	it	ne
 80a29e8:	f04e 0e01 	orrne.w	lr, lr, #1
 80a29ec:	f1a4 04ff 	sub.w	r4, r4, #255	; 0xff
 80a29f0:	f5b6 7f00 	cmp.w	r6, #512	; 0x200
 80a29f4:	f564 7440 	sbc.w	r4, r4, #768	; 0x300
 80a29f8:	d204      	bcs.n	80a2a04 <__aeabi_dmul+0x80>
 80a29fa:	ea5f 0e4e 	movs.w	lr, lr, lsl #1
 80a29fe:	416d      	adcs	r5, r5
 80a2a00:	eb46 0606 	adc.w	r6, r6, r6
 80a2a04:	ea42 21c6 	orr.w	r1, r2, r6, lsl #11
 80a2a08:	ea41 5155 	orr.w	r1, r1, r5, lsr #21
 80a2a0c:	ea4f 20c5 	mov.w	r0, r5, lsl #11
 80a2a10:	ea40 505e 	orr.w	r0, r0, lr, lsr #21
 80a2a14:	ea4f 2ece 	mov.w	lr, lr, lsl #11
 80a2a18:	f1b4 0cfd 	subs.w	ip, r4, #253	; 0xfd
 80a2a1c:	bf88      	it	hi
 80a2a1e:	f5bc 6fe0 	cmphi.w	ip, #1792	; 0x700
 80a2a22:	d81e      	bhi.n	80a2a62 <__aeabi_dmul+0xde>
 80a2a24:	f1be 4f00 	cmp.w	lr, #2147483648	; 0x80000000
 80a2a28:	bf08      	it	eq
 80a2a2a:	ea5f 0e50 	movseq.w	lr, r0, lsr #1
 80a2a2e:	f150 0000 	adcs.w	r0, r0, #0
 80a2a32:	eb41 5104 	adc.w	r1, r1, r4, lsl #20
 80a2a36:	bd70      	pop	{r4, r5, r6, pc}
 80a2a38:	f006 4600 	and.w	r6, r6, #2147483648	; 0x80000000
 80a2a3c:	ea46 0101 	orr.w	r1, r6, r1
 80a2a40:	ea40 0002 	orr.w	r0, r0, r2
 80a2a44:	ea81 0103 	eor.w	r1, r1, r3
 80a2a48:	ebb4 045c 	subs.w	r4, r4, ip, lsr #1
 80a2a4c:	bfc2      	ittt	gt
 80a2a4e:	ebd4 050c 	rsbsgt	r5, r4, ip
 80a2a52:	ea41 5104 	orrgt.w	r1, r1, r4, lsl #20
 80a2a56:	bd70      	popgt	{r4, r5, r6, pc}
 80a2a58:	f441 1180 	orr.w	r1, r1, #1048576	; 0x100000
 80a2a5c:	f04f 0e00 	mov.w	lr, #0
 80a2a60:	3c01      	subs	r4, #1
 80a2a62:	f300 80ab 	bgt.w	80a2bbc <__aeabi_dmul+0x238>
 80a2a66:	f114 0f36 	cmn.w	r4, #54	; 0x36
 80a2a6a:	bfde      	ittt	le
 80a2a6c:	2000      	movle	r0, #0
 80a2a6e:	f001 4100 	andle.w	r1, r1, #2147483648	; 0x80000000
 80a2a72:	bd70      	pople	{r4, r5, r6, pc}
 80a2a74:	f1c4 0400 	rsb	r4, r4, #0
 80a2a78:	3c20      	subs	r4, #32
 80a2a7a:	da35      	bge.n	80a2ae8 <__aeabi_dmul+0x164>
 80a2a7c:	340c      	adds	r4, #12
 80a2a7e:	dc1b      	bgt.n	80a2ab8 <__aeabi_dmul+0x134>
 80a2a80:	f104 0414 	add.w	r4, r4, #20
 80a2a84:	f1c4 0520 	rsb	r5, r4, #32
 80a2a88:	fa00 f305 	lsl.w	r3, r0, r5
 80a2a8c:	fa20 f004 	lsr.w	r0, r0, r4
 80a2a90:	fa01 f205 	lsl.w	r2, r1, r5
 80a2a94:	ea40 0002 	orr.w	r0, r0, r2
 80a2a98:	f001 4200 	and.w	r2, r1, #2147483648	; 0x80000000
 80a2a9c:	f021 4100 	bic.w	r1, r1, #2147483648	; 0x80000000
 80a2aa0:	eb10 70d3 	adds.w	r0, r0, r3, lsr #31
 80a2aa4:	fa21 f604 	lsr.w	r6, r1, r4
 80a2aa8:	eb42 0106 	adc.w	r1, r2, r6
 80a2aac:	ea5e 0e43 	orrs.w	lr, lr, r3, lsl #1
 80a2ab0:	bf08      	it	eq
 80a2ab2:	ea20 70d3 	biceq.w	r0, r0, r3, lsr #31
 80a2ab6:	bd70      	pop	{r4, r5, r6, pc}
 80a2ab8:	f1c4 040c 	rsb	r4, r4, #12
 80a2abc:	f1c4 0520 	rsb	r5, r4, #32
 80a2ac0:	fa00 f304 	lsl.w	r3, r0, r4
 80a2ac4:	fa20 f005 	lsr.w	r0, r0, r5
 80a2ac8:	fa01 f204 	lsl.w	r2, r1, r4
 80a2acc:	ea40 0002 	orr.w	r0, r0, r2
 80a2ad0:	f001 4100 	and.w	r1, r1, #2147483648	; 0x80000000
 80a2ad4:	eb10 70d3 	adds.w	r0, r0, r3, lsr #31
 80a2ad8:	f141 0100 	adc.w	r1, r1, #0
 80a2adc:	ea5e 0e43 	orrs.w	lr, lr, r3, lsl #1
 80a2ae0:	bf08      	it	eq
 80a2ae2:	ea20 70d3 	biceq.w	r0, r0, r3, lsr #31
 80a2ae6:	bd70      	pop	{r4, r5, r6, pc}
 80a2ae8:	f1c4 0520 	rsb	r5, r4, #32
 80a2aec:	fa00 f205 	lsl.w	r2, r0, r5
 80a2af0:	ea4e 0e02 	orr.w	lr, lr, r2
 80a2af4:	fa20 f304 	lsr.w	r3, r0, r4
 80a2af8:	fa01 f205 	lsl.w	r2, r1, r5
 80a2afc:	ea43 0302 	orr.w	r3, r3, r2
 80a2b00:	fa21 f004 	lsr.w	r0, r1, r4
 80a2b04:	f001 4100 	and.w	r1, r1, #2147483648	; 0x80000000
 80a2b08:	fa21 f204 	lsr.w	r2, r1, r4
 80a2b0c:	ea20 0002 	bic.w	r0, r0, r2
 80a2b10:	eb00 70d3 	add.w	r0, r0, r3, lsr #31
 80a2b14:	ea5e 0e43 	orrs.w	lr, lr, r3, lsl #1
 80a2b18:	bf08      	it	eq
 80a2b1a:	ea20 70d3 	biceq.w	r0, r0, r3, lsr #31
 80a2b1e:	bd70      	pop	{r4, r5, r6, pc}
 80a2b20:	f094 0f00 	teq	r4, #0
 80a2b24:	d10f      	bne.n	80a2b46 <__aeabi_dmul+0x1c2>
 80a2b26:	f001 4600 	and.w	r6, r1, #2147483648	; 0x80000000
 80a2b2a:	0040      	lsls	r0, r0, #1
 80a2b2c:	eb41 0101 	adc.w	r1, r1, r1
 80a2b30:	f411 1f80 	tst.w	r1, #1048576	; 0x100000
 80a2b34:	bf08      	it	eq
 80a2b36:	3c01      	subeq	r4, #1
 80a2b38:	d0f7      	beq.n	80a2b2a <__aeabi_dmul+0x1a6>
 80a2b3a:	ea41 0106 	orr.w	r1, r1, r6
 80a2b3e:	f095 0f00 	teq	r5, #0
 80a2b42:	bf18      	it	ne
 80a2b44:	4770      	bxne	lr
 80a2b46:	f003 4600 	and.w	r6, r3, #2147483648	; 0x80000000
 80a2b4a:	0052      	lsls	r2, r2, #1
 80a2b4c:	eb43 0303 	adc.w	r3, r3, r3
 80a2b50:	f413 1f80 	tst.w	r3, #1048576	; 0x100000
 80a2b54:	bf08      	it	eq
 80a2b56:	3d01      	subeq	r5, #1
 80a2b58:	d0f7      	beq.n	80a2b4a <__aeabi_dmul+0x1c6>
 80a2b5a:	ea43 0306 	orr.w	r3, r3, r6
 80a2b5e:	4770      	bx	lr
 80a2b60:	ea94 0f0c 	teq	r4, ip
 80a2b64:	ea0c 5513 	and.w	r5, ip, r3, lsr #20
 80a2b68:	bf18      	it	ne
 80a2b6a:	ea95 0f0c 	teqne	r5, ip
 80a2b6e:	d00c      	beq.n	80a2b8a <__aeabi_dmul+0x206>
 80a2b70:	ea50 0641 	orrs.w	r6, r0, r1, lsl #1
 80a2b74:	bf18      	it	ne
 80a2b76:	ea52 0643 	orrsne.w	r6, r2, r3, lsl #1
 80a2b7a:	d1d1      	bne.n	80a2b20 <__aeabi_dmul+0x19c>
 80a2b7c:	ea81 0103 	eor.w	r1, r1, r3
 80a2b80:	f001 4100 	and.w	r1, r1, #2147483648	; 0x80000000
 80a2b84:	f04f 0000 	mov.w	r0, #0
 80a2b88:	bd70      	pop	{r4, r5, r6, pc}
 80a2b8a:	ea50 0641 	orrs.w	r6, r0, r1, lsl #1
 80a2b8e:	bf06      	itte	eq
 80a2b90:	4610      	moveq	r0, r2
 80a2b92:	4619      	moveq	r1, r3
 80a2b94:	ea52 0643 	orrsne.w	r6, r2, r3, lsl #1
 80a2b98:	d019      	beq.n	80a2bce <__aeabi_dmul+0x24a>
 80a2b9a:	ea94 0f0c 	teq	r4, ip
 80a2b9e:	d102      	bne.n	80a2ba6 <__aeabi_dmul+0x222>
 80a2ba0:	ea50 3601 	orrs.w	r6, r0, r1, lsl #12
 80a2ba4:	d113      	bne.n	80a2bce <__aeabi_dmul+0x24a>
 80a2ba6:	ea95 0f0c 	teq	r5, ip
 80a2baa:	d105      	bne.n	80a2bb8 <__aeabi_dmul+0x234>
 80a2bac:	ea52 3603 	orrs.w	r6, r2, r3, lsl #12
 80a2bb0:	bf1c      	itt	ne
 80a2bb2:	4610      	movne	r0, r2
 80a2bb4:	4619      	movne	r1, r3
 80a2bb6:	d10a      	bne.n	80a2bce <__aeabi_dmul+0x24a>
 80a2bb8:	ea81 0103 	eor.w	r1, r1, r3
 80a2bbc:	f001 4100 	and.w	r1, r1, #2147483648	; 0x80000000
 80a2bc0:	f041 41fe 	orr.w	r1, r1, #2130706432	; 0x7f000000
 80a2bc4:	f441 0170 	orr.w	r1, r1, #15728640	; 0xf00000
 80a2bc8:	f04f 0000 	mov.w	r0, #0
 80a2bcc:	bd70      	pop	{r4, r5, r6, pc}
 80a2bce:	f041 41fe 	orr.w	r1, r1, #2130706432	; 0x7f000000
 80a2bd2:	f441 0178 	orr.w	r1, r1, #16252928	; 0xf80000
 80a2bd6:	bd70      	pop	{r4, r5, r6, pc}

080a2bd8 <__aeabi_ddiv>:
 80a2bd8:	b570      	push	{r4, r5, r6, lr}
 80a2bda:	f04f 0cff 	mov.w	ip, #255	; 0xff
 80a2bde:	f44c 6ce0 	orr.w	ip, ip, #1792	; 0x700
 80a2be2:	ea1c 5411 	ands.w	r4, ip, r1, lsr #20
 80a2be6:	bf1d      	ittte	ne
 80a2be8:	ea1c 5513 	andsne.w	r5, ip, r3, lsr #20
 80a2bec:	ea94 0f0c 	teqne	r4, ip
 80a2bf0:	ea95 0f0c 	teqne	r5, ip
 80a2bf4:	f000 f8a7 	bleq	80a2d46 <__aeabi_ddiv+0x16e>
 80a2bf8:	eba4 0405 	sub.w	r4, r4, r5
 80a2bfc:	ea81 0e03 	eor.w	lr, r1, r3
 80a2c00:	ea52 3503 	orrs.w	r5, r2, r3, lsl #12
 80a2c04:	ea4f 3101 	mov.w	r1, r1, lsl #12
 80a2c08:	f000 8088 	beq.w	80a2d1c <__aeabi_ddiv+0x144>
 80a2c0c:	ea4f 3303 	mov.w	r3, r3, lsl #12
 80a2c10:	f04f 5580 	mov.w	r5, #268435456	; 0x10000000
 80a2c14:	ea45 1313 	orr.w	r3, r5, r3, lsr #4
 80a2c18:	ea43 6312 	orr.w	r3, r3, r2, lsr #24
 80a2c1c:	ea4f 2202 	mov.w	r2, r2, lsl #8
 80a2c20:	ea45 1511 	orr.w	r5, r5, r1, lsr #4
 80a2c24:	ea45 6510 	orr.w	r5, r5, r0, lsr #24
 80a2c28:	ea4f 2600 	mov.w	r6, r0, lsl #8
 80a2c2c:	f00e 4100 	and.w	r1, lr, #2147483648	; 0x80000000
 80a2c30:	429d      	cmp	r5, r3
 80a2c32:	bf08      	it	eq
 80a2c34:	4296      	cmpeq	r6, r2
 80a2c36:	f144 04fd 	adc.w	r4, r4, #253	; 0xfd
 80a2c3a:	f504 7440 	add.w	r4, r4, #768	; 0x300
 80a2c3e:	d202      	bcs.n	80a2c46 <__aeabi_ddiv+0x6e>
 80a2c40:	085b      	lsrs	r3, r3, #1
 80a2c42:	ea4f 0232 	mov.w	r2, r2, rrx
 80a2c46:	1ab6      	subs	r6, r6, r2
 80a2c48:	eb65 0503 	sbc.w	r5, r5, r3
 80a2c4c:	085b      	lsrs	r3, r3, #1
 80a2c4e:	ea4f 0232 	mov.w	r2, r2, rrx
 80a2c52:	f44f 1080 	mov.w	r0, #1048576	; 0x100000
 80a2c56:	f44f 2c00 	mov.w	ip, #524288	; 0x80000
 80a2c5a:	ebb6 0e02 	subs.w	lr, r6, r2
 80a2c5e:	eb75 0e03 	sbcs.w	lr, r5, r3
 80a2c62:	bf22      	ittt	cs
 80a2c64:	1ab6      	subcs	r6, r6, r2
 80a2c66:	4675      	movcs	r5, lr
 80a2c68:	ea40 000c 	orrcs.w	r0, r0, ip
 80a2c6c:	085b      	lsrs	r3, r3, #1
 80a2c6e:	ea4f 0232 	mov.w	r2, r2, rrx
 80a2c72:	ebb6 0e02 	subs.w	lr, r6, r2
 80a2c76:	eb75 0e03 	sbcs.w	lr, r5, r3
 80a2c7a:	bf22      	ittt	cs
 80a2c7c:	1ab6      	subcs	r6, r6, r2
 80a2c7e:	4675      	movcs	r5, lr
 80a2c80:	ea40 005c 	orrcs.w	r0, r0, ip, lsr #1
 80a2c84:	085b      	lsrs	r3, r3, #1
 80a2c86:	ea4f 0232 	mov.w	r2, r2, rrx
 80a2c8a:	ebb6 0e02 	subs.w	lr, r6, r2
 80a2c8e:	eb75 0e03 	sbcs.w	lr, r5, r3
 80a2c92:	bf22      	ittt	cs
 80a2c94:	1ab6      	subcs	r6, r6, r2
 80a2c96:	4675      	movcs	r5, lr
 80a2c98:	ea40 009c 	orrcs.w	r0, r0, ip, lsr #2
 80a2c9c:	085b      	lsrs	r3, r3, #1
 80a2c9e:	ea4f 0232 	mov.w	r2, r2, rrx
 80a2ca2:	ebb6 0e02 	subs.w	lr, r6, r2
 80a2ca6:	eb75 0e03 	sbcs.w	lr, r5, r3
 80a2caa:	bf22      	ittt	cs
 80a2cac:	1ab6      	subcs	r6, r6, r2
 80a2cae:	4675      	movcs	r5, lr
 80a2cb0:	ea40 00dc 	orrcs.w	r0, r0, ip, lsr #3
 80a2cb4:	ea55 0e06 	orrs.w	lr, r5, r6
 80a2cb8:	d018      	beq.n	80a2cec <__aeabi_ddiv+0x114>
 80a2cba:	ea4f 1505 	mov.w	r5, r5, lsl #4
 80a2cbe:	ea45 7516 	orr.w	r5, r5, r6, lsr #28
 80a2cc2:	ea4f 1606 	mov.w	r6, r6, lsl #4
 80a2cc6:	ea4f 03c3 	mov.w	r3, r3, lsl #3
 80a2cca:	ea43 7352 	orr.w	r3, r3, r2, lsr #29
 80a2cce:	ea4f 02c2 	mov.w	r2, r2, lsl #3
 80a2cd2:	ea5f 1c1c 	movs.w	ip, ip, lsr #4
 80a2cd6:	d1c0      	bne.n	80a2c5a <__aeabi_ddiv+0x82>
 80a2cd8:	f411 1f80 	tst.w	r1, #1048576	; 0x100000
 80a2cdc:	d10b      	bne.n	80a2cf6 <__aeabi_ddiv+0x11e>
 80a2cde:	ea41 0100 	orr.w	r1, r1, r0
 80a2ce2:	f04f 0000 	mov.w	r0, #0
 80a2ce6:	f04f 4c00 	mov.w	ip, #2147483648	; 0x80000000
 80a2cea:	e7b6      	b.n	80a2c5a <__aeabi_ddiv+0x82>
 80a2cec:	f411 1f80 	tst.w	r1, #1048576	; 0x100000
 80a2cf0:	bf04      	itt	eq
 80a2cf2:	4301      	orreq	r1, r0
 80a2cf4:	2000      	moveq	r0, #0
 80a2cf6:	f1b4 0cfd 	subs.w	ip, r4, #253	; 0xfd
 80a2cfa:	bf88      	it	hi
 80a2cfc:	f5bc 6fe0 	cmphi.w	ip, #1792	; 0x700
 80a2d00:	f63f aeaf 	bhi.w	80a2a62 <__aeabi_dmul+0xde>
 80a2d04:	ebb5 0c03 	subs.w	ip, r5, r3
 80a2d08:	bf04      	itt	eq
 80a2d0a:	ebb6 0c02 	subseq.w	ip, r6, r2
 80a2d0e:	ea5f 0c50 	movseq.w	ip, r0, lsr #1
 80a2d12:	f150 0000 	adcs.w	r0, r0, #0
 80a2d16:	eb41 5104 	adc.w	r1, r1, r4, lsl #20
 80a2d1a:	bd70      	pop	{r4, r5, r6, pc}
 80a2d1c:	f00e 4e00 	and.w	lr, lr, #2147483648	; 0x80000000
 80a2d20:	ea4e 3111 	orr.w	r1, lr, r1, lsr #12
 80a2d24:	eb14 045c 	adds.w	r4, r4, ip, lsr #1
 80a2d28:	bfc2      	ittt	gt
 80a2d2a:	ebd4 050c 	rsbsgt	r5, r4, ip
 80a2d2e:	ea41 5104 	orrgt.w	r1, r1, r4, lsl #20
 80a2d32:	bd70      	popgt	{r4, r5, r6, pc}
 80a2d34:	f441 1180 	orr.w	r1, r1, #1048576	; 0x100000
 80a2d38:	f04f 0e00 	mov.w	lr, #0
 80a2d3c:	3c01      	subs	r4, #1
 80a2d3e:	e690      	b.n	80a2a62 <__aeabi_dmul+0xde>
 80a2d40:	ea45 0e06 	orr.w	lr, r5, r6
 80a2d44:	e68d      	b.n	80a2a62 <__aeabi_dmul+0xde>
 80a2d46:	ea0c 5513 	and.w	r5, ip, r3, lsr #20
 80a2d4a:	ea94 0f0c 	teq	r4, ip
 80a2d4e:	bf08      	it	eq
 80a2d50:	ea95 0f0c 	teqeq	r5, ip
 80a2d54:	f43f af3b 	beq.w	80a2bce <__aeabi_dmul+0x24a>
 80a2d58:	ea94 0f0c 	teq	r4, ip
 80a2d5c:	d10a      	bne.n	80a2d74 <__aeabi_ddiv+0x19c>
 80a2d5e:	ea50 3401 	orrs.w	r4, r0, r1, lsl #12
 80a2d62:	f47f af34 	bne.w	80a2bce <__aeabi_dmul+0x24a>
 80a2d66:	ea95 0f0c 	teq	r5, ip
 80a2d6a:	f47f af25 	bne.w	80a2bb8 <__aeabi_dmul+0x234>
 80a2d6e:	4610      	mov	r0, r2
 80a2d70:	4619      	mov	r1, r3
 80a2d72:	e72c      	b.n	80a2bce <__aeabi_dmul+0x24a>
 80a2d74:	ea95 0f0c 	teq	r5, ip
 80a2d78:	d106      	bne.n	80a2d88 <__aeabi_ddiv+0x1b0>
 80a2d7a:	ea52 3503 	orrs.w	r5, r2, r3, lsl #12
 80a2d7e:	f43f aefd 	beq.w	80a2b7c <__aeabi_dmul+0x1f8>
 80a2d82:	4610      	mov	r0, r2
 80a2d84:	4619      	mov	r1, r3
 80a2d86:	e722      	b.n	80a2bce <__aeabi_dmul+0x24a>
 80a2d88:	ea50 0641 	orrs.w	r6, r0, r1, lsl #1
 80a2d8c:	bf18      	it	ne
 80a2d8e:	ea52 0643 	orrsne.w	r6, r2, r3, lsl #1
 80a2d92:	f47f aec5 	bne.w	80a2b20 <__aeabi_dmul+0x19c>
 80a2d96:	ea50 0441 	orrs.w	r4, r0, r1, lsl #1
 80a2d9a:	f47f af0d 	bne.w	80a2bb8 <__aeabi_dmul+0x234>
 80a2d9e:	ea52 0543 	orrs.w	r5, r2, r3, lsl #1
 80a2da2:	f47f aeeb 	bne.w	80a2b7c <__aeabi_dmul+0x1f8>
 80a2da6:	e712      	b.n	80a2bce <__aeabi_dmul+0x24a>

080a2da8 <__gedf2>:
 80a2da8:	f04f 3cff 	mov.w	ip, #4294967295
 80a2dac:	e006      	b.n	80a2dbc <__cmpdf2+0x4>
 80a2dae:	bf00      	nop

080a2db0 <__ledf2>:
 80a2db0:	f04f 0c01 	mov.w	ip, #1
 80a2db4:	e002      	b.n	80a2dbc <__cmpdf2+0x4>
 80a2db6:	bf00      	nop

080a2db8 <__cmpdf2>:
 80a2db8:	f04f 0c01 	mov.w	ip, #1
 80a2dbc:	f84d cd04 	str.w	ip, [sp, #-4]!
 80a2dc0:	ea4f 0c41 	mov.w	ip, r1, lsl #1
 80a2dc4:	ea7f 5c6c 	mvns.w	ip, ip, asr #21
 80a2dc8:	ea4f 0c43 	mov.w	ip, r3, lsl #1
 80a2dcc:	bf18      	it	ne
 80a2dce:	ea7f 5c6c 	mvnsne.w	ip, ip, asr #21
 80a2dd2:	d01b      	beq.n	80a2e0c <__cmpdf2+0x54>
 80a2dd4:	b001      	add	sp, #4
 80a2dd6:	ea50 0c41 	orrs.w	ip, r0, r1, lsl #1
 80a2dda:	bf0c      	ite	eq
 80a2ddc:	ea52 0c43 	orrseq.w	ip, r2, r3, lsl #1
 80a2de0:	ea91 0f03 	teqne	r1, r3
 80a2de4:	bf02      	ittt	eq
 80a2de6:	ea90 0f02 	teqeq	r0, r2
 80a2dea:	2000      	moveq	r0, #0
 80a2dec:	4770      	bxeq	lr
 80a2dee:	f110 0f00 	cmn.w	r0, #0
 80a2df2:	ea91 0f03 	teq	r1, r3
 80a2df6:	bf58      	it	pl
 80a2df8:	4299      	cmppl	r1, r3
 80a2dfa:	bf08      	it	eq
 80a2dfc:	4290      	cmpeq	r0, r2
 80a2dfe:	bf2c      	ite	cs
 80a2e00:	17d8      	asrcs	r0, r3, #31
 80a2e02:	ea6f 70e3 	mvncc.w	r0, r3, asr #31
 80a2e06:	f040 0001 	orr.w	r0, r0, #1
 80a2e0a:	4770      	bx	lr
 80a2e0c:	ea4f 0c41 	mov.w	ip, r1, lsl #1
 80a2e10:	ea7f 5c6c 	mvns.w	ip, ip, asr #21
 80a2e14:	d102      	bne.n	80a2e1c <__cmpdf2+0x64>
 80a2e16:	ea50 3c01 	orrs.w	ip, r0, r1, lsl #12
 80a2e1a:	d107      	bne.n	80a2e2c <__cmpdf2+0x74>
 80a2e1c:	ea4f 0c43 	mov.w	ip, r3, lsl #1
 80a2e20:	ea7f 5c6c 	mvns.w	ip, ip, asr #21
 80a2e24:	d1d6      	bne.n	80a2dd4 <__cmpdf2+0x1c>
 80a2e26:	ea52 3c03 	orrs.w	ip, r2, r3, lsl #12
 80a2e2a:	d0d3      	beq.n	80a2dd4 <__cmpdf2+0x1c>
 80a2e2c:	f85d 0b04 	ldr.w	r0, [sp], #4
 80a2e30:	4770      	bx	lr
 80a2e32:	bf00      	nop

080a2e34 <__aeabi_cdrcmple>:
 80a2e34:	4684      	mov	ip, r0
 80a2e36:	4610      	mov	r0, r2
 80a2e38:	4662      	mov	r2, ip
 80a2e3a:	468c      	mov	ip, r1
 80a2e3c:	4619      	mov	r1, r3
 80a2e3e:	4663      	mov	r3, ip
 80a2e40:	e000      	b.n	80a2e44 <__aeabi_cdcmpeq>
 80a2e42:	bf00      	nop

080a2e44 <__aeabi_cdcmpeq>:
 80a2e44:	b501      	push	{r0, lr}
 80a2e46:	f7ff ffb7 	bl	80a2db8 <__cmpdf2>
 80a2e4a:	2800      	cmp	r0, #0
 80a2e4c:	bf48      	it	mi
 80a2e4e:	f110 0f00 	cmnmi.w	r0, #0
 80a2e52:	bd01      	pop	{r0, pc}

080a2e54 <__aeabi_dcmpeq>:
 80a2e54:	f84d ed08 	str.w	lr, [sp, #-8]!
 80a2e58:	f7ff fff4 	bl	80a2e44 <__aeabi_cdcmpeq>
 80a2e5c:	bf0c      	ite	eq
 80a2e5e:	2001      	moveq	r0, #1
 80a2e60:	2000      	movne	r0, #0
 80a2e62:	f85d fb08 	ldr.w	pc, [sp], #8
 80a2e66:	bf00      	nop

080a2e68 <__aeabi_dcmplt>:
 80a2e68:	f84d ed08 	str.w	lr, [sp, #-8]!
 80a2e6c:	f7ff ffea 	bl	80a2e44 <__aeabi_cdcmpeq>
 80a2e70:	bf34      	ite	cc
 80a2e72:	2001      	movcc	r0, #1
 80a2e74:	2000      	movcs	r0, #0
 80a2e76:	f85d fb08 	ldr.w	pc, [sp], #8
 80a2e7a:	bf00      	nop

080a2e7c <__aeabi_dcmple>:
 80a2e7c:	f84d ed08 	str.w	lr, [sp, #-8]!
 80a2e80:	f7ff ffe0 	bl	80a2e44 <__aeabi_cdcmpeq>
 80a2e84:	bf94      	ite	ls
 80a2e86:	2001      	movls	r0, #1
 80a2e88:	2000      	movhi	r0, #0
 80a2e8a:	f85d fb08 	ldr.w	pc, [sp], #8
 80a2e8e:	bf00      	nop

080a2e90 <__aeabi_dcmpge>:
 80a2e90:	f84d ed08 	str.w	lr, [sp, #-8]!
 80a2e94:	f7ff ffce 	bl	80a2e34 <__aeabi_cdrcmple>
 80a2e98:	bf94      	ite	ls
 80a2e9a:	2001      	movls	r0, #1
 80a2e9c:	2000      	movhi	r0, #0
 80a2e9e:	f85d fb08 	ldr.w	pc, [sp], #8
 80a2ea2:	bf00      	nop

080a2ea4 <__aeabi_dcmpgt>:
 80a2ea4:	f84d ed08 	str.w	lr, [sp, #-8]!
 80a2ea8:	f7ff ffc4 	bl	80a2e34 <__aeabi_cdrcmple>
 80a2eac:	bf34      	ite	cc
 80a2eae:	2001      	movcc	r0, #1
 80a2eb0:	2000      	movcs	r0, #0
 80a2eb2:	f85d fb08 	ldr.w	pc, [sp], #8
 80a2eb6:	bf00      	nop

080a2eb8 <__aeabi_dcmpun>:
 80a2eb8:	ea4f 0c41 	mov.w	ip, r1, lsl #1
 80a2ebc:	ea7f 5c6c 	mvns.w	ip, ip, asr #21
 80a2ec0:	d102      	bne.n	80a2ec8 <__aeabi_dcmpun+0x10>
 80a2ec2:	ea50 3c01 	orrs.w	ip, r0, r1, lsl #12
 80a2ec6:	d10a      	bne.n	80a2ede <__aeabi_dcmpun+0x26>
 80a2ec8:	ea4f 0c43 	mov.w	ip, r3, lsl #1
 80a2ecc:	ea7f 5c6c 	mvns.w	ip, ip, asr #21
 80a2ed0:	d102      	bne.n	80a2ed8 <__aeabi_dcmpun+0x20>
 80a2ed2:	ea52 3c03 	orrs.w	ip, r2, r3, lsl #12
 80a2ed6:	d102      	bne.n	80a2ede <__aeabi_dcmpun+0x26>
 80a2ed8:	f04f 0000 	mov.w	r0, #0
 80a2edc:	4770      	bx	lr
 80a2ede:	f04f 0001 	mov.w	r0, #1
 80a2ee2:	4770      	bx	lr

080a2ee4 <__aeabi_d2iz>:
 80a2ee4:	ea4f 0241 	mov.w	r2, r1, lsl #1
 80a2ee8:	f512 1200 	adds.w	r2, r2, #2097152	; 0x200000
 80a2eec:	d215      	bcs.n	80a2f1a <__aeabi_d2iz+0x36>
 80a2eee:	d511      	bpl.n	80a2f14 <__aeabi_d2iz+0x30>
 80a2ef0:	f46f 7378 	mvn.w	r3, #992	; 0x3e0
 80a2ef4:	ebb3 5262 	subs.w	r2, r3, r2, asr #21
 80a2ef8:	d912      	bls.n	80a2f20 <__aeabi_d2iz+0x3c>
 80a2efa:	ea4f 23c1 	mov.w	r3, r1, lsl #11
 80a2efe:	f043 4300 	orr.w	r3, r3, #2147483648	; 0x80000000
 80a2f02:	ea43 5350 	orr.w	r3, r3, r0, lsr #21
 80a2f06:	f011 4f00 	tst.w	r1, #2147483648	; 0x80000000
 80a2f0a:	fa23 f002 	lsr.w	r0, r3, r2
 80a2f0e:	bf18      	it	ne
 80a2f10:	4240      	negne	r0, r0
 80a2f12:	4770      	bx	lr
 80a2f14:	f04f 0000 	mov.w	r0, #0
 80a2f18:	4770      	bx	lr
 80a2f1a:	ea50 3001 	orrs.w	r0, r0, r1, lsl #12
 80a2f1e:	d105      	bne.n	80a2f2c <__aeabi_d2iz+0x48>
 80a2f20:	f011 4000 	ands.w	r0, r1, #2147483648	; 0x80000000
 80a2f24:	bf08      	it	eq
 80a2f26:	f06f 4000 	mvneq.w	r0, #2147483648	; 0x80000000
 80a2f2a:	4770      	bx	lr
 80a2f2c:	f04f 0000 	mov.w	r0, #0
 80a2f30:	4770      	bx	lr
 80a2f32:	bf00      	nop

080a2f34 <__aeabi_d2uiz>:
 80a2f34:	004a      	lsls	r2, r1, #1
 80a2f36:	d211      	bcs.n	80a2f5c <__aeabi_d2uiz+0x28>
 80a2f38:	f512 1200 	adds.w	r2, r2, #2097152	; 0x200000
 80a2f3c:	d211      	bcs.n	80a2f62 <__aeabi_d2uiz+0x2e>
 80a2f3e:	d50d      	bpl.n	80a2f5c <__aeabi_d2uiz+0x28>
 80a2f40:	f46f 7378 	mvn.w	r3, #992	; 0x3e0
 80a2f44:	ebb3 5262 	subs.w	r2, r3, r2, asr #21
 80a2f48:	d40e      	bmi.n	80a2f68 <__aeabi_d2uiz+0x34>
 80a2f4a:	ea4f 23c1 	mov.w	r3, r1, lsl #11
 80a2f4e:	f043 4300 	orr.w	r3, r3, #2147483648	; 0x80000000
 80a2f52:	ea43 5350 	orr.w	r3, r3, r0, lsr #21
 80a2f56:	fa23 f002 	lsr.w	r0, r3, r2
 80a2f5a:	4770      	bx	lr
 80a2f5c:	f04f 0000 	mov.w	r0, #0
 80a2f60:	4770      	bx	lr
 80a2f62:	ea50 3001 	orrs.w	r0, r0, r1, lsl #12
 80a2f66:	d102      	bne.n	80a2f6e <__aeabi_d2uiz+0x3a>
 80a2f68:	f04f 30ff 	mov.w	r0, #4294967295
 80a2f6c:	4770      	bx	lr
 80a2f6e:	f04f 0000 	mov.w	r0, #0
 80a2f72:	4770      	bx	lr

080a2f74 <atexit>:
 80a2f74:	2300      	movs	r3, #0
 80a2f76:	4601      	mov	r1, r0
 80a2f78:	461a      	mov	r2, r3
 80a2f7a:	4618      	mov	r0, r3
 80a2f7c:	f000 b84c 	b.w	80a3018 <__register_exitproc>

080a2f80 <memcpy>:
 80a2f80:	440a      	add	r2, r1
 80a2f82:	4291      	cmp	r1, r2
 80a2f84:	f100 33ff 	add.w	r3, r0, #4294967295
 80a2f88:	d100      	bne.n	80a2f8c <memcpy+0xc>
 80a2f8a:	4770      	bx	lr
 80a2f8c:	b510      	push	{r4, lr}
 80a2f8e:	f811 4b01 	ldrb.w	r4, [r1], #1
 80a2f92:	4291      	cmp	r1, r2
 80a2f94:	f803 4f01 	strb.w	r4, [r3, #1]!
 80a2f98:	d1f9      	bne.n	80a2f8e <memcpy+0xe>
 80a2f9a:	bd10      	pop	{r4, pc}

080a2f9c <memset>:
 80a2f9c:	4603      	mov	r3, r0
 80a2f9e:	4402      	add	r2, r0
 80a2fa0:	4293      	cmp	r3, r2
 80a2fa2:	d100      	bne.n	80a2fa6 <memset+0xa>
 80a2fa4:	4770      	bx	lr
 80a2fa6:	f803 1b01 	strb.w	r1, [r3], #1
 80a2faa:	e7f9      	b.n	80a2fa0 <memset+0x4>

080a2fac <srand>:
 80a2fac:	b538      	push	{r3, r4, r5, lr}
 80a2fae:	4b0d      	ldr	r3, [pc, #52]	; (80a2fe4 <srand+0x38>)
 80a2fb0:	4604      	mov	r4, r0
 80a2fb2:	681d      	ldr	r5, [r3, #0]
 80a2fb4:	6bab      	ldr	r3, [r5, #56]	; 0x38
 80a2fb6:	b97b      	cbnz	r3, 80a2fd8 <srand+0x2c>
 80a2fb8:	2018      	movs	r0, #24
 80a2fba:	f7fe fcb7 	bl	80a192c <malloc>
 80a2fbe:	4a0a      	ldr	r2, [pc, #40]	; (80a2fe8 <srand+0x3c>)
 80a2fc0:	4b0a      	ldr	r3, [pc, #40]	; (80a2fec <srand+0x40>)
 80a2fc2:	63a8      	str	r0, [r5, #56]	; 0x38
 80a2fc4:	e9c0 2300 	strd	r2, r3, [r0]
 80a2fc8:	4b09      	ldr	r3, [pc, #36]	; (80a2ff0 <srand+0x44>)
 80a2fca:	2201      	movs	r2, #1
 80a2fcc:	6083      	str	r3, [r0, #8]
 80a2fce:	230b      	movs	r3, #11
 80a2fd0:	8183      	strh	r3, [r0, #12]
 80a2fd2:	2300      	movs	r3, #0
 80a2fd4:	e9c0 2304 	strd	r2, r3, [r0, #16]
 80a2fd8:	2200      	movs	r2, #0
 80a2fda:	6bab      	ldr	r3, [r5, #56]	; 0x38
 80a2fdc:	611c      	str	r4, [r3, #16]
 80a2fde:	615a      	str	r2, [r3, #20]
 80a2fe0:	bd38      	pop	{r3, r4, r5, pc}
 80a2fe2:	bf00      	nop
 80a2fe4:	20000010 	.word	0x20000010
 80a2fe8:	abcd330e 	.word	0xabcd330e
 80a2fec:	e66d1234 	.word	0xe66d1234
 80a2ff0:	0005deec 	.word	0x0005deec

080a2ff4 <strcmp>:
 80a2ff4:	f810 2b01 	ldrb.w	r2, [r0], #1
 80a2ff8:	f811 3b01 	ldrb.w	r3, [r1], #1
 80a2ffc:	2a01      	cmp	r2, #1
 80a2ffe:	bf28      	it	cs
 80a3000:	429a      	cmpcs	r2, r3
 80a3002:	d0f7      	beq.n	80a2ff4 <strcmp>
 80a3004:	1ad0      	subs	r0, r2, r3
 80a3006:	4770      	bx	lr

080a3008 <strlen>:
 80a3008:	4603      	mov	r3, r0
 80a300a:	f813 2b01 	ldrb.w	r2, [r3], #1
 80a300e:	2a00      	cmp	r2, #0
 80a3010:	d1fb      	bne.n	80a300a <strlen+0x2>
 80a3012:	1a18      	subs	r0, r3, r0
 80a3014:	3801      	subs	r0, #1
 80a3016:	4770      	bx	lr

080a3018 <__register_exitproc>:
 80a3018:	e92d 43f8 	stmdb	sp!, {r3, r4, r5, r6, r7, r8, r9, lr}
 80a301c:	f8df 80bc 	ldr.w	r8, [pc, #188]	; 80a30dc <__register_exitproc+0xc4>
 80a3020:	4606      	mov	r6, r0
 80a3022:	f8d8 0000 	ldr.w	r0, [r8]
 80a3026:	461f      	mov	r7, r3
 80a3028:	460d      	mov	r5, r1
 80a302a:	4691      	mov	r9, r2
 80a302c:	f000 f858 	bl	80a30e0 <__retarget_lock_acquire_recursive>
 80a3030:	4b26      	ldr	r3, [pc, #152]	; (80a30cc <__register_exitproc+0xb4>)
 80a3032:	681c      	ldr	r4, [r3, #0]
 80a3034:	b934      	cbnz	r4, 80a3044 <__register_exitproc+0x2c>
 80a3036:	4c26      	ldr	r4, [pc, #152]	; (80a30d0 <__register_exitproc+0xb8>)
 80a3038:	601c      	str	r4, [r3, #0]
 80a303a:	4b26      	ldr	r3, [pc, #152]	; (80a30d4 <__register_exitproc+0xbc>)
 80a303c:	b113      	cbz	r3, 80a3044 <__register_exitproc+0x2c>
 80a303e:	681b      	ldr	r3, [r3, #0]
 80a3040:	f8c4 3088 	str.w	r3, [r4, #136]	; 0x88
 80a3044:	6863      	ldr	r3, [r4, #4]
 80a3046:	2b1f      	cmp	r3, #31
 80a3048:	dd07      	ble.n	80a305a <__register_exitproc+0x42>
 80a304a:	f8d8 0000 	ldr.w	r0, [r8]
 80a304e:	f000 f849 	bl	80a30e4 <__retarget_lock_release_recursive>
 80a3052:	f04f 30ff 	mov.w	r0, #4294967295
 80a3056:	e8bd 83f8 	ldmia.w	sp!, {r3, r4, r5, r6, r7, r8, r9, pc}
 80a305a:	b35e      	cbz	r6, 80a30b4 <__register_exitproc+0x9c>
 80a305c:	f8d4 0088 	ldr.w	r0, [r4, #136]	; 0x88
 80a3060:	b988      	cbnz	r0, 80a3086 <__register_exitproc+0x6e>
 80a3062:	4b1d      	ldr	r3, [pc, #116]	; (80a30d8 <__register_exitproc+0xc0>)
 80a3064:	b923      	cbnz	r3, 80a3070 <__register_exitproc+0x58>
 80a3066:	f8d8 0000 	ldr.w	r0, [r8]
 80a306a:	f000 f83a 	bl	80a30e2 <__retarget_lock_release>
 80a306e:	e7f0      	b.n	80a3052 <__register_exitproc+0x3a>
 80a3070:	f44f 7084 	mov.w	r0, #264	; 0x108
 80a3074:	f7fe fc5a 	bl	80a192c <malloc>
 80a3078:	2800      	cmp	r0, #0
 80a307a:	d0f4      	beq.n	80a3066 <__register_exitproc+0x4e>
 80a307c:	2300      	movs	r3, #0
 80a307e:	e9c0 3340 	strd	r3, r3, [r0, #256]	; 0x100
 80a3082:	f8c4 0088 	str.w	r0, [r4, #136]	; 0x88
 80a3086:	2201      	movs	r2, #1
 80a3088:	6863      	ldr	r3, [r4, #4]
 80a308a:	2e02      	cmp	r6, #2
 80a308c:	f840 9023 	str.w	r9, [r0, r3, lsl #2]
 80a3090:	fa02 f203 	lsl.w	r2, r2, r3
 80a3094:	eb00 0183 	add.w	r1, r0, r3, lsl #2
 80a3098:	f8d0 3100 	ldr.w	r3, [r0, #256]	; 0x100
 80a309c:	ea43 0302 	orr.w	r3, r3, r2
 80a30a0:	f8c0 3100 	str.w	r3, [r0, #256]	; 0x100
 80a30a4:	f8c1 7080 	str.w	r7, [r1, #128]	; 0x80
 80a30a8:	bf02      	ittt	eq
 80a30aa:	f8d0 3104 	ldreq.w	r3, [r0, #260]	; 0x104
 80a30ae:	431a      	orreq	r2, r3
 80a30b0:	f8c0 2104 	streq.w	r2, [r0, #260]	; 0x104
 80a30b4:	6863      	ldr	r3, [r4, #4]
 80a30b6:	f8d8 0000 	ldr.w	r0, [r8]
 80a30ba:	1c5a      	adds	r2, r3, #1
 80a30bc:	3302      	adds	r3, #2
 80a30be:	6062      	str	r2, [r4, #4]
 80a30c0:	f844 5023 	str.w	r5, [r4, r3, lsl #2]
 80a30c4:	f000 f80e 	bl	80a30e4 <__retarget_lock_release_recursive>
 80a30c8:	2000      	movs	r0, #0
 80a30ca:	e7c4      	b.n	80a3056 <__register_exitproc+0x3e>
 80a30cc:	200005fc 	.word	0x200005fc
 80a30d0:	20000570 	.word	0x20000570
 80a30d4:	00000000 	.word	0x00000000
 80a30d8:	080a192d 	.word	0x080a192d
 80a30dc:	20000074 	.word	0x20000074

080a30e0 <__retarget_lock_acquire_recursive>:
 80a30e0:	4770      	bx	lr

080a30e2 <__retarget_lock_release>:
 80a30e2:	4770      	bx	lr

080a30e4 <__retarget_lock_release_recursive>:
 80a30e4:	4770      	bx	lr

080a30e6 <link_code_end>:
	...

080a30e8 <dynalib_user>:
 80a30e8:	0021 080a 0061 080a 0089 080a 008d 080a     !...a...........
 80a30f8:	0000 0000 6f43 6c6f 4f00 6666 4800 6165     ....Cool.Off.Hea
 80a3108:	0074 6e49 6176 696c 2064 6f4d 6564 203a     t.Invalid Mode: 
 80a3118:	5400 6d65 5370 6e65 6f73 0072 6573 4d74     .TempSensor.setM
 80a3128:	646f 0065 002c 003b                         ode.,.;.

080a3130 <CSWTCH.189>:
 80a3130:	012c 0000 0018 0000 01f4 0000 012c 0000     ,...........,...
 80a3140:	0050 0000 616e 006e 6e69 0066 766f 0066     P...nan.inf.ovf.
 80a3150:	002e 7061 0070 5925 252d 2d6d 6425 2554     ..app.%Y-%m-%dT%
 80a3160:	3a48 4d25 253a 2553 007a 7361 7463 6d69     H:%M:%S%z.asctim
 80a3170:	0065 0000                                   e...

080a3174 <_ZTV9IPAddress>:
	...
 80a317c:	1f13 080a 1f03 080a 1f05 080a               ............

080a3188 <_ZTV9USBSerial>:
	...
 80a3190:	1fcf 080a 2035 080a 200d 080a 1ac3 080a     ....5 ... ......
 80a31a0:	1fff 080a 1fd1 080a 1fe1 080a 202f 080a     ............/ ..
 80a31b0:	1ff1 080a 1fc9 080a                         ........

080a31b8 <_ZTV11USARTSerial>:
	...
 80a31c0:	215d 080a 21c7 080a 21a3 080a 1ac3 080a     ]!...!...!......
 80a31d0:	2173 080a 218f 080a 2181 080a 219d 080a     s!...!...!...!..
 80a31e0:	215f 080a 2165 080a                         _!..e!..

080a31e8 <_ZTV7TwoWire>:
	...
 80a31f0:	2249 080a 2293 080a 226b 080a 224b 080a     I"..."..k"..K"..
 80a3200:	2273 080a 227b 080a 2283 080a 228b 080a     s"..{"..."..."..

080a3210 <_ZTVN5spark9WiFiClassE>:
	...
 80a3218:	235b 080a 2351 080a 2347 080a 22c5 080a     [#..Q#..G#..."..
 80a3228:	1d0f 080a 233b 080a 23b9 080a 23c1 080a     ....;#...#...#..
 80a3238:	232f 080a 2327 080a 231d 080a 2313 080a     /#..'#...#...#..
 80a3248:	22cf 080a                                   ."..

080a324c <_ZTVN5spark12NetworkClassE>:
	...
 80a3254:	2379 080a 2383 080a 238d 080a 2397 080a     y#...#...#...#..
 80a3264:	23a1 080a 23ad 080a 23b9 080a 23c1 080a     .#...#...#...#..
 80a3274:	23c9 080a 23d5 080a 23dd 080a 23e7 080a     .#...#...#...#..
 80a3284:	23f1 080a                                   .#..

080a3288 <_ZSt7nothrow>:
	...

080a3289 <link_const_variable_data_end>:
 80a3289:	00          	.byte	0x00
	...

080a328c <link_constructors_location>:
 80a328c:	080a02e5 	.word	0x080a02e5
 80a3290:	080a15a1 	.word	0x080a15a1
 80a3294:	080a198d 	.word	0x080a198d
 80a3298:	080a1d1d 	.word	0x080a1d1d
 80a329c:	080a1d2d 	.word	0x080a1d2d
 80a32a0:	080a1d49 	.word	0x080a1d49
 80a32a4:	080a2365 	.word	0x080a2365
 80a32a8:	080a2441 	.word	0x080a2441
 80a32ac:	080a256d 	.word	0x080a256d
