
c:/Users/gahym/EE1301/IOT_Labs/Lab2_Sensors_And_Actuators/exercise1/target/2.3.0/photon/exercise1.elf:     file format elf32-littlearm

Sections:
Idx Name          Size      VMA       LMA       File off  Algn
  0 .module_info  00000018  080a0000  080a0000  00010000  2**0
                  CONTENTS, ALLOC, LOAD, READONLY, DATA
  1 .dynalib      00000004  080a0018  080a0018  00010018  2**2
                  CONTENTS, ALLOC, LOAD, READONLY, DATA
  2 .text         00001114  080a001c  080a001c  0001001c  2**2
                  CONTENTS, ALLOC, LOAD, READONLY, CODE
  3 .backup       00000004  40024000  080a1130  00014000  2**2
                  CONTENTS, ALLOC, LOAD, DATA
  4 .data         0000006c  20000000  080a1134  00020000  2**2
                  CONTENTS, ALLOC, LOAD, DATA
  5 .bss          00000578  2000006c  2000006c  0003006c  2**2
                  ALLOC
  6 .module_info_suffix 00000028  080a11a0  080a11a0  000211a0  2**0
                  CONTENTS, ALLOC, LOAD, READONLY, DATA
  7 .module_info_crc 00000004  080a11c8  080a11c8  000211c8  2**0
                  CONTENTS, ALLOC, LOAD, READONLY, DATA
  8 .debug_info   000e91f5  00000000  00000000  000211cc  2**0
                  CONTENTS, READONLY, DEBUGGING
  9 .debug_abbrev 000116e9  00000000  00000000  0010a3c1  2**0
                  CONTENTS, READONLY, DEBUGGING
 10 .debug_loc    00012c33  00000000  00000000  0011baaa  2**0
                  CONTENTS, READONLY, DEBUGGING
 11 .debug_aranges 00001b98  00000000  00000000  0012e6dd  2**0
                  CONTENTS, READONLY, DEBUGGING
 12 .debug_ranges 00004068  00000000  00000000  00130275  2**0
                  CONTENTS, READONLY, DEBUGGING
 13 .debug_macro  00024cf5  00000000  00000000  001342dd  2**0
                  CONTENTS, READONLY, DEBUGGING
 14 .debug_line   00025e18  00000000  00000000  00158fd2  2**0
                  CONTENTS, READONLY, DEBUGGING
 15 .debug_str    000ab178  00000000  00000000  0017edea  2**0
                  CONTENTS, READONLY, DEBUGGING
 16 .debug_frame  000043cc  00000000  00000000  00229f64  2**2
                  CONTENTS, READONLY, DEBUGGING

Disassembly of section .text:

080a001c <module_user_pre_init>:
/**
 * Initializes this user module. Returns the start of the heap.
 */
void* module_user_pre_init() {

    if ( (&link_global_data_start!=&link_global_data_initial_values) && (link_global_data_size != 0))
 80a001c:	4809      	ldr	r0, [pc, #36]	; (80a0044 <link_dynalib_end+0x28>)
 80a001e:	490a      	ldr	r1, [pc, #40]	; (80a0048 <link_dynalib_end+0x2c>)
void* module_user_pre_init() {
 80a0020:	b508      	push	{r3, lr}
    if ( (&link_global_data_start!=&link_global_data_initial_values) && (link_global_data_size != 0))
 80a0022:	4288      	cmp	r0, r1
 80a0024:	d005      	beq.n	80a0032 <module_user_pre_init+0x16>
 80a0026:	4a09      	ldr	r2, [pc, #36]	; (80a004c <link_dynalib_end+0x30>)
 80a0028:	4282      	cmp	r2, r0
 80a002a:	d002      	beq.n	80a0032 <module_user_pre_init+0x16>
    {
        memcpy(&link_global_data_start, &link_global_data_initial_values, link_global_data_size);
 80a002c:	1a12      	subs	r2, r2, r0
 80a002e:	f000 ff17 	bl	80a0e60 <memcpy>
    }

    memset(&link_bss_location, 0, link_bss_size );
 80a0032:	4807      	ldr	r0, [pc, #28]	; (80a0050 <link_dynalib_end+0x34>)
 80a0034:	4a07      	ldr	r2, [pc, #28]	; (80a0054 <link_dynalib_end+0x38>)
 80a0036:	2100      	movs	r1, #0
 80a0038:	1a12      	subs	r2, r2, r0
 80a003a:	f000 ff1f 	bl	80a0e7c <memset>
    return &link_heap_start;
}
 80a003e:	4806      	ldr	r0, [pc, #24]	; (80a0058 <link_dynalib_end+0x3c>)
 80a0040:	bd08      	pop	{r3, pc}
 80a0042:	bf00      	nop
 80a0044:	20000000 	.word	0x20000000
 80a0048:	080a1134 	.word	0x080a1134
 80a004c:	2000006c 	.word	0x2000006c
 80a0050:	2000006c 	.word	0x2000006c
 80a0054:	200005e1 	.word	0x200005e1
 80a0058:	200005e1 	.word	0x200005e1

080a005c <module_user_init>:
extern constructor_ptr_t link_constructors_location[];
extern constructor_ptr_t link_constructors_end;
#define link_constructors_size   ((unsigned long)&link_constructors_end  -  (unsigned long)&link_constructors_location )

void module_user_init()
{
 80a005c:	b570      	push	{r4, r5, r6, lr}
    module_user_init_hook();
 80a005e:	f000 fb41 	bl	80a06e4 <module_user_init_hook>

    // invoke constructors
    int ctor_num;
    for (ctor_num=0; ctor_num < link_constructors_size/sizeof(constructor_ptr_t); ctor_num++ )
 80a0062:	2500      	movs	r5, #0
 80a0064:	4e05      	ldr	r6, [pc, #20]	; (80a007c <module_user_init+0x20>)
 80a0066:	4c06      	ldr	r4, [pc, #24]	; (80a0080 <module_user_init+0x24>)
 80a0068:	1ba4      	subs	r4, r4, r6
 80a006a:	08a4      	lsrs	r4, r4, #2
 80a006c:	42a5      	cmp	r5, r4
 80a006e:	d100      	bne.n	80a0072 <module_user_init+0x16>
    {
        link_constructors_location[ctor_num]();
    }
}
 80a0070:	bd70      	pop	{r4, r5, r6, pc}
        link_constructors_location[ctor_num]();
 80a0072:	f856 3b04 	ldr.w	r3, [r6], #4
 80a0076:	4798      	blx	r3
    for (ctor_num=0; ctor_num < link_constructors_size/sizeof(constructor_ptr_t); ctor_num++ )
 80a0078:	3501      	adds	r5, #1
 80a007a:	e7f7      	b.n	80a006c <module_user_init+0x10>
 80a007c:	080a1110 	.word	0x080a1110
 80a0080:	080a112c 	.word	0x080a112c

080a0084 <module_user_setup>:

/**
 * Export these functions with a fuller name so they don't clash with the setup/loop wrappers in the system module.
 */
void module_user_setup() {
    setup();
 80a0084:	f000 b813 	b.w	80a00ae <setup>

080a0088 <module_user_loop>:
}

void module_user_loop() {
 80a0088:	b508      	push	{r3, lr}
    loop();
 80a008a:	f000 f81d 	bl	80a00c8 <loop>
    _post_loop();
}
 80a008e:	e8bd 4008 	ldmia.w	sp!, {r3, lr}
    _post_loop();
 80a0092:	f000 badf 	b.w	80a0654 <_post_loop>

080a0096 <_Znaj>:
 80a0096:	f000 b9eb 	b.w	80a0470 <malloc>

080a009a <_ZdlPv>:
	return malloc(size);
}

void operator delete(void *p)
{
	free(p);
 80a009a:	f000 b9f1 	b.w	80a0480 <free>

080a009e <__cxa_guard_acquire>:

/* Provide default implemenation for __cxa_guard_acquire() and
 * __cxa_guard_release(). Note: these must be revisited if a multitasking
 * OS is ported to this platform. */
__extension__ typedef int __guard __attribute__((mode (__DI__)));
int __cxa_guard_acquire(__guard *g) {return !*(char *)(g);};
 80a009e:	7800      	ldrb	r0, [r0, #0]
 80a00a0:	fab0 f080 	clz	r0, r0
 80a00a4:	0940      	lsrs	r0, r0, #5
 80a00a6:	4770      	bx	lr

080a00a8 <__cxa_guard_release>:
void __cxa_guard_release (__guard *g) {*(char *)g = 1;};
 80a00a8:	2301      	movs	r3, #1
 80a00aa:	7003      	strb	r3, [r0, #0]
 80a00ac:	4770      	bx	lr

080a00ae <setup>:
// Grant Hymes
// EE1301

int data0;

void setup() {
 80a00ae:	b508      	push	{r3, lr}
  // Put initialization like pinMode and begin functions here.

  // Open the serial port for communication with the computer
  Serial.begin(9600);
 80a00b0:	f000 fc1a 	bl	80a08e8 <_Z16_fetch_usbserialv>
 80a00b4:	f44f 5116 	mov.w	r1, #9600	; 0x2580
 80a00b8:	f000 fbfc 	bl	80a08b4 <_ZN9USBSerial5beginEl>
    // Setup D7 pin to output a heartbeat
 pinMode(D7, OUTPUT);



}
 80a00bc:	e8bd 4008 	ldmia.w	sp!, {r3, lr}
 pinMode(D7, OUTPUT);
 80a00c0:	2101      	movs	r1, #1
 80a00c2:	2007      	movs	r0, #7
 80a00c4:	f000 be34 	b.w	80a0d30 <pinMode>

080a00c8 <loop>:

// loop() runs over and over again, as quickly as it can execute.
void loop() {
 80a00c8:	b538      	push	{r3, r4, r5, lr}
  // The core of your code will likely live here.

  // Heartbeat, show we're alive
  digitalWrite(D7, HIGH);
 80a00ca:	2101      	movs	r1, #1
 80a00cc:	2007      	movs	r0, #7
 80a00ce:	f000 fe40 	bl	80a0d52 <digitalWrite>
  delay(250);
 80a00d2:	20fa      	movs	r0, #250	; 0xfa
 80a00d4:	f000 fa7e 	bl	80a05d4 <delay>

    // Read data from analog pins (returns a number from 0 to 4095)
  data0 = analogRead(A1);
 80a00d8:	200b      	movs	r0, #11
 80a00da:	f000 fe53 	bl	80a0d84 <analogRead>
 80a00de:	4c12      	ldr	r4, [pc, #72]	; (80a0128 <loop+0x60>)
 80a00e0:	6020      	str	r0, [r4, #0]

    // Print the data to the serial port
  Serial.print("My Data is: ");
 80a00e2:	f000 fc01 	bl	80a08e8 <_Z16_fetch_usbserialv>
 80a00e6:	4911      	ldr	r1, [pc, #68]	; (80a012c <loop+0x64>)
 80a00e8:	f000 fa22 	bl	80a0530 <_ZN5Print5printEPKc>
  Serial.print(data0);
 80a00ec:	f000 fbfc 	bl	80a08e8 <_Z16_fetch_usbserialv>
 80a00f0:	6824      	ldr	r4, [r4, #0]
 80a00f2:	4605      	mov	r5, r0
// FIXME: avoids 'comparison of constant '0' with boolean expression is always false'
#if __GNUC__ >= 9
#pragma GCC diagnostic push
#pragma GCC diagnostic ignored "-Wbool-compare"
#endif // __GNUC__ >= 9
        if (n < 0 && base == 10) {
 80a00f4:	2c00      	cmp	r4, #0
 80a00f6:	da15      	bge.n	80a0124 <loop+0x5c>
            t = print('-');
 80a00f8:	212d      	movs	r1, #45	; 0x2d
 80a00fa:	f000 fa1d 	bl	80a0538 <_ZN5Print5printEc>
            val = -n;
 80a00fe:	4261      	negs	r1, r4
            val = n;
        }
#if __GNUC__ >= 9
#pragma GCC diagnostic pop
#endif // __GNUC__ >= 9
        return printNumber(val, base) + t;
 80a0100:	220a      	movs	r2, #10
 80a0102:	4628      	mov	r0, r5
 80a0104:	f000 fa31 	bl	80a056a <_ZN5Print11printNumberEmh>
  Serial.println(";");
 80a0108:	f000 fbee 	bl	80a08e8 <_Z16_fetch_usbserialv>
 80a010c:	4908      	ldr	r1, [pc, #32]	; (80a0130 <loop+0x68>)
 80a010e:	f000 fa22 	bl	80a0556 <_ZN5Print7printlnEPKc>

  // Heartbeat, show we're alive
  digitalWrite(D7, LOW);
 80a0112:	2007      	movs	r0, #7
 80a0114:	2100      	movs	r1, #0
 80a0116:	f000 fe1c 	bl	80a0d52 <digitalWrite>
  delay(250);

 80a011a:	e8bd 4038 	ldmia.w	sp!, {r3, r4, r5, lr}
  delay(250);
 80a011e:	20fa      	movs	r0, #250	; 0xfa
 80a0120:	f000 ba58 	b.w	80a05d4 <delay>
            val = n;
 80a0124:	4621      	mov	r1, r4
 80a0126:	e7eb      	b.n	80a0100 <loop+0x38>
 80a0128:	2000006c 	.word	0x2000006c
 80a012c:	080a0fc8 	.word	0x080a0fc8
 80a0130:	080a0fd5 	.word	0x080a0fd5

080a0134 <HAL_Validate_Pin_Function>:
// GNINRAW

DYNALIB_BEGIN(hal_gpio)

DYNALIB_FN(0, hal_gpio, HAL_Pin_Map, Hal_Pin_Info*(void))
DYNALIB_FN(1, hal_gpio, HAL_Validate_Pin_Function, PinFunction(pin_t, PinFunction))
 80a0134:	b508      	push	{r3, lr}
 80a0136:	4b02      	ldr	r3, [pc, #8]	; (80a0140 <HAL_Validate_Pin_Function+0xc>)
 80a0138:	681b      	ldr	r3, [r3, #0]
 80a013a:	685b      	ldr	r3, [r3, #4]
 80a013c:	9301      	str	r3, [sp, #4]
 80a013e:	bd08      	pop	{r3, pc}
 80a0140:	080601b0 	.word	0x080601b0

080a0144 <HAL_Pin_Mode>:
DYNALIB_FN(2, hal_gpio, HAL_Pin_Mode, void(pin_t, PinMode))
 80a0144:	b508      	push	{r3, lr}
 80a0146:	4b02      	ldr	r3, [pc, #8]	; (80a0150 <HAL_Pin_Mode+0xc>)
 80a0148:	681b      	ldr	r3, [r3, #0]
 80a014a:	689b      	ldr	r3, [r3, #8]
 80a014c:	9301      	str	r3, [sp, #4]
 80a014e:	bd08      	pop	{r3, pc}
 80a0150:	080601b0 	.word	0x080601b0

080a0154 <HAL_Get_Pin_Mode>:
DYNALIB_FN(3, hal_gpio, HAL_Get_Pin_Mode, PinMode(pin_t))
 80a0154:	b508      	push	{r3, lr}
 80a0156:	4b02      	ldr	r3, [pc, #8]	; (80a0160 <HAL_Get_Pin_Mode+0xc>)
 80a0158:	681b      	ldr	r3, [r3, #0]
 80a015a:	68db      	ldr	r3, [r3, #12]
 80a015c:	9301      	str	r3, [sp, #4]
 80a015e:	bd08      	pop	{r3, pc}
 80a0160:	080601b0 	.word	0x080601b0

080a0164 <HAL_GPIO_Write>:
DYNALIB_FN(4, hal_gpio, HAL_GPIO_Write, void(pin_t, uint8_t))
 80a0164:	b508      	push	{r3, lr}
 80a0166:	4b02      	ldr	r3, [pc, #8]	; (80a0170 <HAL_GPIO_Write+0xc>)
 80a0168:	681b      	ldr	r3, [r3, #0]
 80a016a:	691b      	ldr	r3, [r3, #16]
 80a016c:	9301      	str	r3, [sp, #4]
 80a016e:	bd08      	pop	{r3, pc}
 80a0170:	080601b0 	.word	0x080601b0

080a0174 <hal_adc_read>:
DYNALIB_FN(8, hal_gpio, HAL_Interrupts_Enable_All, void(void))
DYNALIB_FN(9, hal_gpio, HAL_Interrupts_Disable_All, void(void))

DYNALIB_FN(10, hal_gpio, HAL_DAC_Write, void(pin_t, uint16_t))
DYNALIB_FN(11, hal_gpio, hal_adc_set_sample_time, void(uint8_t))
DYNALIB_FN(12, hal_gpio, hal_adc_read, int32_t(uint16_t))
 80a0174:	b508      	push	{r3, lr}
 80a0176:	4b02      	ldr	r3, [pc, #8]	; (80a0180 <hal_adc_read+0xc>)
 80a0178:	681b      	ldr	r3, [r3, #0]
 80a017a:	6b1b      	ldr	r3, [r3, #48]	; 0x30
 80a017c:	9301      	str	r3, [sp, #4]
 80a017e:	bd08      	pop	{r3, pc}
 80a0180:	080601b0 	.word	0x080601b0

080a0184 <HAL_RNG_GetRandomNumber>:

DYNALIB_BEGIN(hal)

#if PLATFORM_ID > 3
DYNALIB_FN(0, hal, HAL_RNG_Configuration, void(void))
DYNALIB_FN(1, hal, HAL_RNG_GetRandomNumber, uint32_t(void))
 80a0184:	b508      	push	{r3, lr}
 80a0186:	4b02      	ldr	r3, [pc, #8]	; (80a0190 <HAL_RNG_GetRandomNumber+0xc>)
 80a0188:	681b      	ldr	r3, [r3, #0]
 80a018a:	685b      	ldr	r3, [r3, #4]
 80a018c:	9301      	str	r3, [sp, #4]
 80a018e:	bd08      	pop	{r3, pc}
 80a0190:	0806019c 	.word	0x0806019c

080a0194 <HAL_Timer_Get_Milli_Seconds>:
#endif

DYNALIB_FN(BASE_IDX + 0, hal, HAL_Delay_Milliseconds, void(uint32_t))
DYNALIB_FN(BASE_IDX + 1, hal, HAL_Delay_Microseconds, void(uint32_t))
DYNALIB_FN(BASE_IDX + 2, hal, HAL_Timer_Get_Micro_Seconds, system_tick_t(void))
DYNALIB_FN(BASE_IDX + 3, hal, HAL_Timer_Get_Milli_Seconds, system_tick_t(void))
 80a0194:	b508      	push	{r3, lr}
 80a0196:	4b02      	ldr	r3, [pc, #8]	; (80a01a0 <HAL_Timer_Get_Milli_Seconds+0xc>)
 80a0198:	681b      	ldr	r3, [r3, #0]
 80a019a:	695b      	ldr	r3, [r3, #20]
 80a019c:	9301      	str	r3, [sp, #4]
 80a019e:	bd08      	pop	{r3, pc}
 80a01a0:	0806019c 	.word	0x0806019c

080a01a4 <os_mutex_recursive_create>:
DYNALIB_FN(13, hal_concurrent, os_mutex_destroy, int(os_mutex_t))
DYNALIB_FN(14, hal_concurrent, os_mutex_lock, int(os_mutex_t))
DYNALIB_FN(15, hal_concurrent, os_mutex_trylock, int(os_mutex_t))
DYNALIB_FN(16, hal_concurrent, os_mutex_unlock, int(os_mutex_t))

DYNALIB_FN(17, hal_concurrent, os_mutex_recursive_create, int(os_mutex_recursive_t*))
 80a01a4:	b508      	push	{r3, lr}
 80a01a6:	4b02      	ldr	r3, [pc, #8]	; (80a01b0 <os_mutex_recursive_create+0xc>)
 80a01a8:	681b      	ldr	r3, [r3, #0]
 80a01aa:	6c5b      	ldr	r3, [r3, #68]	; 0x44
 80a01ac:	9301      	str	r3, [sp, #4]
 80a01ae:	bd08      	pop	{r3, pc}
 80a01b0:	080601d0 	.word	0x080601d0

080a01b4 <os_mutex_recursive_destroy>:
DYNALIB_FN(18, hal_concurrent, os_mutex_recursive_destroy, int(os_mutex_recursive_t))
 80a01b4:	b508      	push	{r3, lr}
 80a01b6:	4b02      	ldr	r3, [pc, #8]	; (80a01c0 <os_mutex_recursive_destroy+0xc>)
 80a01b8:	681b      	ldr	r3, [r3, #0]
 80a01ba:	6c9b      	ldr	r3, [r3, #72]	; 0x48
 80a01bc:	9301      	str	r3, [sp, #4]
 80a01be:	bd08      	pop	{r3, pc}
 80a01c0:	080601d0 	.word	0x080601d0

080a01c4 <hal_usart_init>:
#define BASE_IDX 6 // Base index for all subsequent functions
#else
#define BASE_IDX 0
#endif

DYNALIB_FN(BASE_IDX + 0, hal_usart, hal_usart_init, void(hal_usart_interface_t, hal_usart_ring_buffer_t*, hal_usart_ring_buffer_t*))
 80a01c4:	b508      	push	{r3, lr}
 80a01c6:	4b02      	ldr	r3, [pc, #8]	; (80a01d0 <hal_usart_init+0xc>)
 80a01c8:	681b      	ldr	r3, [r3, #0]
 80a01ca:	699b      	ldr	r3, [r3, #24]
 80a01cc:	9301      	str	r3, [sp, #4]
 80a01ce:	bd08      	pop	{r3, pc}
 80a01d0:	080601c4 	.word	0x080601c4

080a01d4 <hal_usart_write>:
DYNALIB_FN(BASE_IDX + 1, hal_usart, hal_usart_begin, void(hal_usart_interface_t, uint32_t))
DYNALIB_FN(BASE_IDX + 2, hal_usart, hal_usart_end, void(hal_usart_interface_t))
DYNALIB_FN(BASE_IDX + 3, hal_usart, hal_usart_write, uint32_t(hal_usart_interface_t, uint8_t))
 80a01d4:	b508      	push	{r3, lr}
 80a01d6:	4b02      	ldr	r3, [pc, #8]	; (80a01e0 <hal_usart_write+0xc>)
 80a01d8:	681b      	ldr	r3, [r3, #0]
 80a01da:	6a5b      	ldr	r3, [r3, #36]	; 0x24
 80a01dc:	9301      	str	r3, [sp, #4]
 80a01de:	bd08      	pop	{r3, pc}
 80a01e0:	080601c4 	.word	0x080601c4

080a01e4 <hal_usart_available>:
DYNALIB_FN(BASE_IDX + 4, hal_usart, hal_usart_available, int32_t(hal_usart_interface_t))
 80a01e4:	b508      	push	{r3, lr}
 80a01e6:	4b02      	ldr	r3, [pc, #8]	; (80a01f0 <hal_usart_available+0xc>)
 80a01e8:	681b      	ldr	r3, [r3, #0]
 80a01ea:	6a9b      	ldr	r3, [r3, #40]	; 0x28
 80a01ec:	9301      	str	r3, [sp, #4]
 80a01ee:	bd08      	pop	{r3, pc}
 80a01f0:	080601c4 	.word	0x080601c4

080a01f4 <hal_usart_read>:
DYNALIB_FN(BASE_IDX + 5, hal_usart, hal_usart_read, int32_t(hal_usart_interface_t))
 80a01f4:	b508      	push	{r3, lr}
 80a01f6:	4b02      	ldr	r3, [pc, #8]	; (80a0200 <hal_usart_read+0xc>)
 80a01f8:	681b      	ldr	r3, [r3, #0]
 80a01fa:	6adb      	ldr	r3, [r3, #44]	; 0x2c
 80a01fc:	9301      	str	r3, [sp, #4]
 80a01fe:	bd08      	pop	{r3, pc}
 80a0200:	080601c4 	.word	0x080601c4

080a0204 <hal_usart_peek>:
DYNALIB_FN(BASE_IDX + 6, hal_usart, hal_usart_peek, int32_t(hal_usart_interface_t))
 80a0204:	b508      	push	{r3, lr}
 80a0206:	4b02      	ldr	r3, [pc, #8]	; (80a0210 <hal_usart_peek+0xc>)
 80a0208:	681b      	ldr	r3, [r3, #0]
 80a020a:	6b1b      	ldr	r3, [r3, #48]	; 0x30
 80a020c:	9301      	str	r3, [sp, #4]
 80a020e:	bd08      	pop	{r3, pc}
 80a0210:	080601c4 	.word	0x080601c4

080a0214 <hal_usart_flush>:
DYNALIB_FN(BASE_IDX + 7, hal_usart, hal_usart_flush, void(hal_usart_interface_t))
 80a0214:	b508      	push	{r3, lr}
 80a0216:	4b02      	ldr	r3, [pc, #8]	; (80a0220 <hal_usart_flush+0xc>)
 80a0218:	681b      	ldr	r3, [r3, #0]
 80a021a:	6b5b      	ldr	r3, [r3, #52]	; 0x34
 80a021c:	9301      	str	r3, [sp, #4]
 80a021e:	bd08      	pop	{r3, pc}
 80a0220:	080601c4 	.word	0x080601c4

080a0224 <hal_usart_is_enabled>:
DYNALIB_FN(BASE_IDX + 8, hal_usart, hal_usart_is_enabled, bool(hal_usart_interface_t))
 80a0224:	b508      	push	{r3, lr}
 80a0226:	4b02      	ldr	r3, [pc, #8]	; (80a0230 <hal_usart_is_enabled+0xc>)
 80a0228:	681b      	ldr	r3, [r3, #0]
 80a022a:	6b9b      	ldr	r3, [r3, #56]	; 0x38
 80a022c:	9301      	str	r3, [sp, #4]
 80a022e:	bd08      	pop	{r3, pc}
 80a0230:	080601c4 	.word	0x080601c4

080a0234 <hal_usart_available_data_for_write>:
DYNALIB_FN(BASE_IDX + 9, hal_usart, hal_usart_half_duplex, void(hal_usart_interface_t, bool))
DYNALIB_FN(BASE_IDX + 10, hal_usart, hal_usart_available_data_for_write, int32_t(hal_usart_interface_t))
 80a0234:	b508      	push	{r3, lr}
 80a0236:	4b02      	ldr	r3, [pc, #8]	; (80a0240 <hal_usart_available_data_for_write+0xc>)
 80a0238:	681b      	ldr	r3, [r3, #0]
 80a023a:	6c1b      	ldr	r3, [r3, #64]	; 0x40
 80a023c:	9301      	str	r3, [sp, #4]
 80a023e:	bd08      	pop	{r3, pc}
 80a0240:	080601c4 	.word	0x080601c4

080a0244 <hal_i2c_write>:
DYNALIB_FN(BASE_IDX + 3, hal_i2c, hal_i2c_begin, void(hal_i2c_interface_t, hal_i2c_mode_t, uint8_t, void*))
DYNALIB_FN(BASE_IDX + 4, hal_i2c, hal_i2c_end, void(hal_i2c_interface_t, void*))
DYNALIB_FN(BASE_IDX + 5, hal_i2c, hal_i2c_request, uint32_t(hal_i2c_interface_t, uint8_t, uint8_t, uint8_t, void*))
DYNALIB_FN(BASE_IDX + 6, hal_i2c, hal_i2c_begin_transmission, void(hal_i2c_interface_t, uint8_t, const hal_i2c_transmission_config_t*))
DYNALIB_FN(BASE_IDX + 7, hal_i2c, hal_i2c_end_transmission, uint8_t(hal_i2c_interface_t, uint8_t, void*))
DYNALIB_FN(BASE_IDX + 8, hal_i2c, hal_i2c_write, uint32_t(hal_i2c_interface_t, uint8_t, void*))
 80a0244:	b508      	push	{r3, lr}
 80a0246:	4b02      	ldr	r3, [pc, #8]	; (80a0250 <hal_i2c_write+0xc>)
 80a0248:	681b      	ldr	r3, [r3, #0]
 80a024a:	6e1b      	ldr	r3, [r3, #96]	; 0x60
 80a024c:	9301      	str	r3, [sp, #4]
 80a024e:	bd08      	pop	{r3, pc}
 80a0250:	080601ac 	.word	0x080601ac

080a0254 <hal_i2c_available>:
DYNALIB_FN(BASE_IDX + 9, hal_i2c, hal_i2c_available, int32_t(hal_i2c_interface_t, void*))
 80a0254:	b508      	push	{r3, lr}
 80a0256:	4b02      	ldr	r3, [pc, #8]	; (80a0260 <hal_i2c_available+0xc>)
 80a0258:	681b      	ldr	r3, [r3, #0]
 80a025a:	6e5b      	ldr	r3, [r3, #100]	; 0x64
 80a025c:	9301      	str	r3, [sp, #4]
 80a025e:	bd08      	pop	{r3, pc}
 80a0260:	080601ac 	.word	0x080601ac

080a0264 <hal_i2c_read>:
DYNALIB_FN(BASE_IDX + 10, hal_i2c, hal_i2c_read, int32_t(hal_i2c_interface_t, void*))
 80a0264:	b508      	push	{r3, lr}
 80a0266:	4b02      	ldr	r3, [pc, #8]	; (80a0270 <hal_i2c_read+0xc>)
 80a0268:	681b      	ldr	r3, [r3, #0]
 80a026a:	6e9b      	ldr	r3, [r3, #104]	; 0x68
 80a026c:	9301      	str	r3, [sp, #4]
 80a026e:	bd08      	pop	{r3, pc}
 80a0270:	080601ac 	.word	0x080601ac

080a0274 <hal_i2c_peek>:
DYNALIB_FN(BASE_IDX + 11, hal_i2c, hal_i2c_peek, int32_t(hal_i2c_interface_t, void*))
 80a0274:	b508      	push	{r3, lr}
 80a0276:	4b02      	ldr	r3, [pc, #8]	; (80a0280 <hal_i2c_peek+0xc>)
 80a0278:	681b      	ldr	r3, [r3, #0]
 80a027a:	6edb      	ldr	r3, [r3, #108]	; 0x6c
 80a027c:	9301      	str	r3, [sp, #4]
 80a027e:	bd08      	pop	{r3, pc}
 80a0280:	080601ac 	.word	0x080601ac

080a0284 <hal_i2c_flush>:
DYNALIB_FN(BASE_IDX + 12, hal_i2c, hal_i2c_flush, void(hal_i2c_interface_t, void*))
 80a0284:	b508      	push	{r3, lr}
 80a0286:	4b02      	ldr	r3, [pc, #8]	; (80a0290 <hal_i2c_flush+0xc>)
 80a0288:	681b      	ldr	r3, [r3, #0]
 80a028a:	6f1b      	ldr	r3, [r3, #112]	; 0x70
 80a028c:	9301      	str	r3, [sp, #4]
 80a028e:	bd08      	pop	{r3, pc}
 80a0290:	080601ac 	.word	0x080601ac

080a0294 <hal_i2c_is_enabled>:
DYNALIB_FN(BASE_IDX + 13, hal_i2c, hal_i2c_is_enabled, bool(hal_i2c_interface_t, void*))
 80a0294:	b508      	push	{r3, lr}
 80a0296:	4b02      	ldr	r3, [pc, #8]	; (80a02a0 <hal_i2c_is_enabled+0xc>)
 80a0298:	681b      	ldr	r3, [r3, #0]
 80a029a:	6f5b      	ldr	r3, [r3, #116]	; 0x74
 80a029c:	9301      	str	r3, [sp, #4]
 80a029e:	bd08      	pop	{r3, pc}
 80a02a0:	080601ac 	.word	0x080601ac

080a02a4 <hal_i2c_init>:
DYNALIB_FN(BASE_IDX + 14, hal_i2c, hal_i2c_set_callback_on_received, void(hal_i2c_interface_t, void(*)(int), void*))
DYNALIB_FN(BASE_IDX + 15, hal_i2c, hal_i2c_set_callback_on_requested, void(hal_i2c_interface_t, void(*)(void), void*))
DYNALIB_FN(BASE_IDX + 16, hal_i2c, hal_i2c_init, int(hal_i2c_interface_t, const hal_i2c_config_t*))
 80a02a4:	b508      	push	{r3, lr}
 80a02a6:	4b03      	ldr	r3, [pc, #12]	; (80a02b4 <hal_i2c_init+0x10>)
 80a02a8:	681b      	ldr	r3, [r3, #0]
 80a02aa:	f8d3 3080 	ldr.w	r3, [r3, #128]	; 0x80
 80a02ae:	9301      	str	r3, [sp, #4]
 80a02b0:	bd08      	pop	{r3, pc}
 80a02b2:	0000      	.short	0x0000
 80a02b4:	080601ac 	.word	0x080601ac

080a02b8 <hal_spi_init>:
DYNALIB_FN(2, hal_spi, hal_spi_set_bit_order, void(hal_spi_interface_t, uint8_t))
DYNALIB_FN(3, hal_spi, hal_spi_set_data_mode, void(hal_spi_interface_t, uint8_t))
DYNALIB_FN(4, hal_spi, hal_spi_set_clock_divider, void(hal_spi_interface_t, uint8_t))
DYNALIB_FN(5, hal_spi, hal_spi_transfer, uint16_t(hal_spi_interface_t, uint16_t))
DYNALIB_FN(6, hal_spi, hal_spi_is_enabled_deprecated, bool(void))
DYNALIB_FN(7, hal_spi, hal_spi_init, void(hal_spi_interface_t))
 80a02b8:	b508      	push	{r3, lr}
 80a02ba:	4b02      	ldr	r3, [pc, #8]	; (80a02c4 <hal_spi_init+0xc>)
 80a02bc:	681b      	ldr	r3, [r3, #0]
 80a02be:	69db      	ldr	r3, [r3, #28]
 80a02c0:	9301      	str	r3, [sp, #4]
 80a02c2:	bd08      	pop	{r3, pc}
 80a02c4:	080601b4 	.word	0x080601b4

080a02c8 <hal_spi_is_enabled>:
DYNALIB_FN(8, hal_spi, hal_spi_is_enabled, bool(hal_spi_interface_t))
 80a02c8:	b508      	push	{r3, lr}
 80a02ca:	4b02      	ldr	r3, [pc, #8]	; (80a02d4 <hal_spi_is_enabled+0xc>)
 80a02cc:	681b      	ldr	r3, [r3, #0]
 80a02ce:	6a1b      	ldr	r3, [r3, #32]
 80a02d0:	9301      	str	r3, [sp, #4]
 80a02d2:	bd08      	pop	{r3, pc}
 80a02d4:	080601b4 	.word	0x080601b4

080a02d8 <HAL_USB_USART_Init>:
#endif

DYNALIB_BEGIN(hal_usb)

#ifdef USB_CDC_ENABLE
DYNALIB_FN(0, hal_usb, HAL_USB_USART_Init, void(HAL_USB_USART_Serial, const HAL_USB_USART_Config*))
 80a02d8:	b508      	push	{r3, lr}
 80a02da:	4b02      	ldr	r3, [pc, #8]	; (80a02e4 <HAL_USB_USART_Init+0xc>)
 80a02dc:	681b      	ldr	r3, [r3, #0]
 80a02de:	681b      	ldr	r3, [r3, #0]
 80a02e0:	9301      	str	r3, [sp, #4]
 80a02e2:	bd08      	pop	{r3, pc}
 80a02e4:	080601d8 	.word	0x080601d8

080a02e8 <HAL_USB_USART_Begin>:
DYNALIB_FN(1, hal_usb, HAL_USB_USART_Begin, void(HAL_USB_USART_Serial, uint32_t, void *))
 80a02e8:	b508      	push	{r3, lr}
 80a02ea:	4b02      	ldr	r3, [pc, #8]	; (80a02f4 <HAL_USB_USART_Begin+0xc>)
 80a02ec:	681b      	ldr	r3, [r3, #0]
 80a02ee:	685b      	ldr	r3, [r3, #4]
 80a02f0:	9301      	str	r3, [sp, #4]
 80a02f2:	bd08      	pop	{r3, pc}
 80a02f4:	080601d8 	.word	0x080601d8

080a02f8 <HAL_USB_USART_Available_Data>:
DYNALIB_FN(2, hal_usb, HAL_USB_USART_End, void(HAL_USB_USART_Serial))
DYNALIB_FN(3, hal_usb, HAL_USB_USART_Baud_Rate, unsigned int(HAL_USB_USART_Serial))
DYNALIB_FN(4, hal_usb, HAL_USB_USART_Available_Data, int32_t(HAL_USB_USART_Serial))
 80a02f8:	b508      	push	{r3, lr}
 80a02fa:	4b02      	ldr	r3, [pc, #8]	; (80a0304 <HAL_USB_USART_Available_Data+0xc>)
 80a02fc:	681b      	ldr	r3, [r3, #0]
 80a02fe:	691b      	ldr	r3, [r3, #16]
 80a0300:	9301      	str	r3, [sp, #4]
 80a0302:	bd08      	pop	{r3, pc}
 80a0304:	080601d8 	.word	0x080601d8

080a0308 <HAL_USB_USART_Available_Data_For_Write>:
DYNALIB_FN(5, hal_usb, HAL_USB_USART_Available_Data_For_Write, int32_t(HAL_USB_USART_Serial))
 80a0308:	b508      	push	{r3, lr}
 80a030a:	4b02      	ldr	r3, [pc, #8]	; (80a0314 <HAL_USB_USART_Available_Data_For_Write+0xc>)
 80a030c:	681b      	ldr	r3, [r3, #0]
 80a030e:	695b      	ldr	r3, [r3, #20]
 80a0310:	9301      	str	r3, [sp, #4]
 80a0312:	bd08      	pop	{r3, pc}
 80a0314:	080601d8 	.word	0x080601d8

080a0318 <HAL_USB_USART_Receive_Data>:
DYNALIB_FN(6, hal_usb, HAL_USB_USART_Receive_Data, int32_t(HAL_USB_USART_Serial, uint8_t))
 80a0318:	b508      	push	{r3, lr}
 80a031a:	4b02      	ldr	r3, [pc, #8]	; (80a0324 <HAL_USB_USART_Receive_Data+0xc>)
 80a031c:	681b      	ldr	r3, [r3, #0]
 80a031e:	699b      	ldr	r3, [r3, #24]
 80a0320:	9301      	str	r3, [sp, #4]
 80a0322:	bd08      	pop	{r3, pc}
 80a0324:	080601d8 	.word	0x080601d8

080a0328 <HAL_USB_USART_Send_Data>:
DYNALIB_FN(7, hal_usb, HAL_USB_USART_Send_Data, int32_t(HAL_USB_USART_Serial, uint8_t))
 80a0328:	b508      	push	{r3, lr}
 80a032a:	4b02      	ldr	r3, [pc, #8]	; (80a0334 <HAL_USB_USART_Send_Data+0xc>)
 80a032c:	681b      	ldr	r3, [r3, #0]
 80a032e:	69db      	ldr	r3, [r3, #28]
 80a0330:	9301      	str	r3, [sp, #4]
 80a0332:	bd08      	pop	{r3, pc}
 80a0334:	080601d8 	.word	0x080601d8

080a0338 <HAL_USB_USART_Flush_Data>:
DYNALIB_FN(8, hal_usb, HAL_USB_USART_Flush_Data, void(HAL_USB_USART_Serial))
 80a0338:	b508      	push	{r3, lr}
 80a033a:	4b02      	ldr	r3, [pc, #8]	; (80a0344 <HAL_USB_USART_Flush_Data+0xc>)
 80a033c:	681b      	ldr	r3, [r3, #0]
 80a033e:	6a1b      	ldr	r3, [r3, #32]
 80a0340:	9301      	str	r3, [sp, #4]
 80a0342:	bd08      	pop	{r3, pc}
 80a0344:	080601d8 	.word	0x080601d8

080a0348 <inet_gethostbyname>:
DYNALIB_FN(14, hal_wlan, wlan_set_error_count, void(uint32_t))
DYNALIB_FN(15, hal_wlan, wlan_fetch_ipconfig, int(WLanConfig*))
DYNALIB_FN(16, hal_wlan, wlan_setup, void(void))

DYNALIB_FN(17, hal_wlan, HAL_NET_SetNetWatchDog, uint32_t(uint32_t))
DYNALIB_FN(18, hal_wlan, inet_gethostbyname, int(const char*, uint16_t, HAL_IPAddress*, network_interface_t, void*))
 80a0348:	b508      	push	{r3, lr}
 80a034a:	4b02      	ldr	r3, [pc, #8]	; (80a0354 <inet_gethostbyname+0xc>)
 80a034c:	681b      	ldr	r3, [r3, #0]
 80a034e:	6c9b      	ldr	r3, [r3, #72]	; 0x48
 80a0350:	9301      	str	r3, [sp, #4]
 80a0352:	bd08      	pop	{r3, pc}
 80a0354:	080601c0 	.word	0x080601c0

080a0358 <set_system_mode>:
#endif

DYNALIB_BEGIN(system)

DYNALIB_FN(0, system, system_mode, System_Mode_TypeDef(void))
DYNALIB_FN(1, system, set_system_mode, void(System_Mode_TypeDef))
 80a0358:	b508      	push	{r3, lr}
 80a035a:	4b02      	ldr	r3, [pc, #8]	; (80a0364 <set_system_mode+0xc>)
 80a035c:	681b      	ldr	r3, [r3, #0]
 80a035e:	685b      	ldr	r3, [r3, #4]
 80a0360:	9301      	str	r3, [sp, #4]
 80a0362:	bd08      	pop	{r3, pc}
 80a0364:	080601a4 	.word	0x080601a4

080a0368 <system_delay_ms>:

DYNALIB_FN(2, system, set_ymodem_serial_flash_update_handler, void(ymodem_serial_flash_update_handler))
DYNALIB_FN(3, system, system_firmwareUpdate, bool(Stream*, void*))
DYNALIB_FN(4, system, system_fileTransfer, bool(system_file_transfer_t*, void*))

DYNALIB_FN(5, system, system_delay_ms, void(unsigned long, bool))
 80a0368:	b508      	push	{r3, lr}
 80a036a:	4b02      	ldr	r3, [pc, #8]	; (80a0374 <system_delay_ms+0xc>)
 80a036c:	681b      	ldr	r3, [r3, #0]
 80a036e:	695b      	ldr	r3, [r3, #20]
 80a0370:	9301      	str	r3, [sp, #4]
 80a0372:	bd08      	pop	{r3, pc}
 80a0374:	080601a4 	.word	0x080601a4

080a0378 <system_ctrl_set_app_request_handler>:
DYNALIB_FN(BASE_IDX + 6, system, led_pattern_period, uint16_t(int, int, void*))
DYNALIB_FN(BASE_IDX + 7, system, system_set_tester_handlers, int(system_tester_handlers_t*, void*))
DYNALIB_FN(BASE_IDX + 8, system, system_format_diag_data, int(const uint16_t*, size_t, unsigned, appender_fn, void*, void*))

// Control requests
DYNALIB_FN(BASE_IDX + 9, system, system_ctrl_set_app_request_handler, int(ctrl_request_handler_fn, void*))
 80a0378:	b508      	push	{r3, lr}
 80a037a:	4b03      	ldr	r3, [pc, #12]	; (80a0388 <system_ctrl_set_app_request_handler+0x10>)
 80a037c:	681b      	ldr	r3, [r3, #0]
 80a037e:	f8d3 3090 	ldr.w	r3, [r3, #144]	; 0x90
 80a0382:	9301      	str	r3, [sp, #4]
 80a0384:	bd08      	pop	{r3, pc}
 80a0386:	0000      	.short	0x0000
 80a0388:	080601a4 	.word	0x080601a4

080a038c <system_ctrl_set_result>:
DYNALIB_FN(BASE_IDX + 10, system, system_ctrl_alloc_reply_data, int(ctrl_request*, size_t, void*))
DYNALIB_FN(BASE_IDX + 11, system, system_ctrl_free_request_data, void(ctrl_request*, void*))
DYNALIB_FN(BASE_IDX + 12, system, system_ctrl_set_result, void(ctrl_request*, int, ctrl_completion_handler_fn, void*, void*))
 80a038c:	b508      	push	{r3, lr}
 80a038e:	4b03      	ldr	r3, [pc, #12]	; (80a039c <system_ctrl_set_result+0x10>)
 80a0390:	681b      	ldr	r3, [r3, #0]
 80a0392:	f8d3 309c 	ldr.w	r3, [r3, #156]	; 0x9c
 80a0396:	9301      	str	r3, [sp, #4]
 80a0398:	bd08      	pop	{r3, pc}
 80a039a:	0000      	.short	0x0000
 80a039c:	080601a4 	.word	0x080601a4

080a03a0 <network_connect>:
#endif

DYNALIB_BEGIN(system_net)

DYNALIB_FN(0, system_net, network_config, const void*(network_handle_t, uint32_t, void*))
DYNALIB_FN(1, system_net, network_connect, void(network_handle_t, uint32_t, uint32_t, void*))
 80a03a0:	b508      	push	{r3, lr}
 80a03a2:	4b02      	ldr	r3, [pc, #8]	; (80a03ac <network_connect+0xc>)
 80a03a4:	681b      	ldr	r3, [r3, #0]
 80a03a6:	685b      	ldr	r3, [r3, #4]
 80a03a8:	9301      	str	r3, [sp, #4]
 80a03aa:	bd08      	pop	{r3, pc}
 80a03ac:	080601c8 	.word	0x080601c8

080a03b0 <network_connecting>:
DYNALIB_FN(2, system_net, network_connecting, bool(network_handle_t, uint32_t, void*))
 80a03b0:	b508      	push	{r3, lr}
 80a03b2:	4b02      	ldr	r3, [pc, #8]	; (80a03bc <network_connecting+0xc>)
 80a03b4:	681b      	ldr	r3, [r3, #0]
 80a03b6:	689b      	ldr	r3, [r3, #8]
 80a03b8:	9301      	str	r3, [sp, #4]
 80a03ba:	bd08      	pop	{r3, pc}
 80a03bc:	080601c8 	.word	0x080601c8

080a03c0 <network_disconnect>:
DYNALIB_FN(3, system_net, network_disconnect, void(network_handle_t, uint32_t, void*))
 80a03c0:	b508      	push	{r3, lr}
 80a03c2:	4b02      	ldr	r3, [pc, #8]	; (80a03cc <network_disconnect+0xc>)
 80a03c4:	681b      	ldr	r3, [r3, #0]
 80a03c6:	68db      	ldr	r3, [r3, #12]
 80a03c8:	9301      	str	r3, [sp, #4]
 80a03ca:	bd08      	pop	{r3, pc}
 80a03cc:	080601c8 	.word	0x080601c8

080a03d0 <network_ready>:
DYNALIB_FN(4, system_net, network_ready, bool(network_handle_t, uint32_t, void*))
 80a03d0:	b508      	push	{r3, lr}
 80a03d2:	4b02      	ldr	r3, [pc, #8]	; (80a03dc <network_ready+0xc>)
 80a03d4:	681b      	ldr	r3, [r3, #0]
 80a03d6:	691b      	ldr	r3, [r3, #16]
 80a03d8:	9301      	str	r3, [sp, #4]
 80a03da:	bd08      	pop	{r3, pc}
 80a03dc:	080601c8 	.word	0x080601c8

080a03e0 <network_on>:
DYNALIB_FN(5, system_net, network_on, void(network_handle_t, uint32_t, uint32_t, void*))
 80a03e0:	b508      	push	{r3, lr}
 80a03e2:	4b02      	ldr	r3, [pc, #8]	; (80a03ec <network_on+0xc>)
 80a03e4:	681b      	ldr	r3, [r3, #0]
 80a03e6:	695b      	ldr	r3, [r3, #20]
 80a03e8:	9301      	str	r3, [sp, #4]
 80a03ea:	bd08      	pop	{r3, pc}
 80a03ec:	080601c8 	.word	0x080601c8

080a03f0 <network_off>:
DYNALIB_FN(6, system_net, network_off, void(network_handle_t, uint32_t, uint32_t, void*))
 80a03f0:	b508      	push	{r3, lr}
 80a03f2:	4b02      	ldr	r3, [pc, #8]	; (80a03fc <network_off+0xc>)
 80a03f4:	681b      	ldr	r3, [r3, #0]
 80a03f6:	699b      	ldr	r3, [r3, #24]
 80a03f8:	9301      	str	r3, [sp, #4]
 80a03fa:	bd08      	pop	{r3, pc}
 80a03fc:	080601c8 	.word	0x080601c8

080a0400 <network_listen>:
DYNALIB_FN(7, system_net, network_listen, void(network_handle_t, uint32_t, void*))
 80a0400:	b508      	push	{r3, lr}
 80a0402:	4b02      	ldr	r3, [pc, #8]	; (80a040c <network_listen+0xc>)
 80a0404:	681b      	ldr	r3, [r3, #0]
 80a0406:	69db      	ldr	r3, [r3, #28]
 80a0408:	9301      	str	r3, [sp, #4]
 80a040a:	bd08      	pop	{r3, pc}
 80a040c:	080601c8 	.word	0x080601c8

080a0410 <network_listening>:
DYNALIB_FN(8, system_net, network_listening, bool(network_handle_t, uint32_t, void*))
 80a0410:	b508      	push	{r3, lr}
 80a0412:	4b02      	ldr	r3, [pc, #8]	; (80a041c <network_listening+0xc>)
 80a0414:	681b      	ldr	r3, [r3, #0]
 80a0416:	6a1b      	ldr	r3, [r3, #32]
 80a0418:	9301      	str	r3, [sp, #4]
 80a041a:	bd08      	pop	{r3, pc}
 80a041c:	080601c8 	.word	0x080601c8

080a0420 <network_set_listen_timeout>:
DYNALIB_FN(9, system_net, network_has_credentials, bool(network_handle_t, uint32_t, void*))
DYNALIB_FN(10, system_net, network_set_credentials, int(network_handle_t, uint32_t, NetworkCredentials*, void*))
DYNALIB_FN(11, system_net, network_clear_credentials, bool(network_handle_t, uint32_t, NetworkCredentials*, void*))
DYNALIB_FN(12, system_net, network_set_listen_timeout, void(network_handle_t, uint16_t, void*))
 80a0420:	b508      	push	{r3, lr}
 80a0422:	4b02      	ldr	r3, [pc, #8]	; (80a042c <network_set_listen_timeout+0xc>)
 80a0424:	681b      	ldr	r3, [r3, #0]
 80a0426:	6b1b      	ldr	r3, [r3, #48]	; 0x30
 80a0428:	9301      	str	r3, [sp, #4]
 80a042a:	bd08      	pop	{r3, pc}
 80a042c:	080601c8 	.word	0x080601c8

080a0430 <network_get_listen_timeout>:
DYNALIB_FN(13, system_net, network_get_listen_timeout, uint16_t(network_handle_t, uint32_t, void*))
 80a0430:	b508      	push	{r3, lr}
 80a0432:	4b02      	ldr	r3, [pc, #8]	; (80a043c <network_get_listen_timeout+0xc>)
 80a0434:	681b      	ldr	r3, [r3, #0]
 80a0436:	6b5b      	ldr	r3, [r3, #52]	; 0x34
 80a0438:	9301      	str	r3, [sp, #4]
 80a043a:	bd08      	pop	{r3, pc}
 80a043c:	080601c8 	.word	0x080601c8

080a0440 <network_is_on>:
DYNALIB_FN(14, system_net, network_set_hostname, int(network_handle_t, uint32_t, const char*, void*))
DYNALIB_FN(15, system_net, network_get_hostname, int(network_handle_t, uint32_t, char*, size_t, void*))
DYNALIB_FN(16, system_net, network_is_on, bool(network_handle_t, void*))
 80a0440:	b508      	push	{r3, lr}
 80a0442:	4b02      	ldr	r3, [pc, #8]	; (80a044c <network_is_on+0xc>)
 80a0444:	681b      	ldr	r3, [r3, #0]
 80a0446:	6c1b      	ldr	r3, [r3, #64]	; 0x40
 80a0448:	9301      	str	r3, [sp, #4]
 80a044a:	bd08      	pop	{r3, pc}
 80a044c:	080601c8 	.word	0x080601c8

080a0450 <network_is_off>:
DYNALIB_FN(17, system_net, network_is_off, bool(network_handle_t, void*))
 80a0450:	b508      	push	{r3, lr}
 80a0452:	4b02      	ldr	r3, [pc, #8]	; (80a045c <network_is_off+0xc>)
 80a0454:	681b      	ldr	r3, [r3, #0]
 80a0456:	6c5b      	ldr	r3, [r3, #68]	; 0x44
 80a0458:	9301      	str	r3, [sp, #4]
 80a045a:	bd08      	pop	{r3, pc}
 80a045c:	080601c8 	.word	0x080601c8

080a0460 <spark_set_random_seed_from_cloud_handler>:
DYNALIB_FN(10, system_cloud, spark_unsubscribe, void(void*))
DYNALIB_FN(11, system_cloud, spark_sync_time, bool(void*))
DYNALIB_FN(12, system_cloud, spark_sync_time_pending, bool(void*))
DYNALIB_FN(13, system_cloud, spark_sync_time_last, system_tick_t(time32_t*, time_t*))
DYNALIB_FN(14, system_cloud, spark_set_connection_property, int(unsigned, unsigned, const void*, void*))
DYNALIB_FN(15, system_cloud, spark_set_random_seed_from_cloud_handler, int(void (*handler)(unsigned int), void*))
 80a0460:	b508      	push	{r3, lr}
 80a0462:	4b02      	ldr	r3, [pc, #8]	; (80a046c <spark_set_random_seed_from_cloud_handler+0xc>)
 80a0464:	681b      	ldr	r3, [r3, #0]
 80a0466:	6bdb      	ldr	r3, [r3, #60]	; 0x3c
 80a0468:	9301      	str	r3, [sp, #4]
 80a046a:	bd08      	pop	{r3, pc}
 80a046c:	080601cc 	.word	0x080601cc

080a0470 <malloc>:
#include "hal_platform.h"
#endif // defined(DYNALIB_EXPORT) || (defined(DYNALIB_IMPORT) && !defined(RT_DYNALIB_NO_DEPENDENCY_BREAKING_IMPORTS))

DYNALIB_BEGIN(rt)

DYNALIB_FN(0, rt, malloc, void*(size_t))
 80a0470:	b508      	push	{r3, lr}
 80a0472:	4b02      	ldr	r3, [pc, #8]	; (80a047c <malloc+0xc>)
 80a0474:	681b      	ldr	r3, [r3, #0]
 80a0476:	681b      	ldr	r3, [r3, #0]
 80a0478:	9301      	str	r3, [sp, #4]
 80a047a:	bd08      	pop	{r3, pc}
 80a047c:	080601a0 	.word	0x080601a0

080a0480 <free>:
DYNALIB_FN(1, rt, free, void(void*))
 80a0480:	b508      	push	{r3, lr}
 80a0482:	4b02      	ldr	r3, [pc, #8]	; (80a048c <free+0xc>)
 80a0484:	681b      	ldr	r3, [r3, #0]
 80a0486:	685b      	ldr	r3, [r3, #4]
 80a0488:	9301      	str	r3, [sp, #4]
 80a048a:	bd08      	pop	{r3, pc}
 80a048c:	080601a0 	.word	0x080601a0

080a0490 <newlib_impure_ptr_callback>:
// RT is currently being imported into system-part1 from system-part2,
// which is the reverse direction.

#if defined(DYNALIB_EXPORT) || (defined(DYNALIB_IMPORT) && !defined(RT_DYNALIB_NO_DEPENDENCY_BREAKING_IMPORTS))
DYNALIB_FN(16, rt, __assert_func, void(const char*, int, const char*, const char*))
DYNALIB_FN(17, rt, newlib_impure_ptr_callback, void(void (*)(struct _reent*, size_t, uint32_t, void*), void*))
 80a0490:	b508      	push	{r3, lr}
 80a0492:	4b02      	ldr	r3, [pc, #8]	; (80a049c <newlib_impure_ptr_callback+0xc>)
 80a0494:	681b      	ldr	r3, [r3, #0]
 80a0496:	6c5b      	ldr	r3, [r3, #68]	; 0x44
 80a0498:	9301      	str	r3, [sp, #4]
 80a049a:	bd08      	pop	{r3, pc}
 80a049c:	080601a0 	.word	0x080601a0

080a04a0 <_ZN8SPIClassC1E19hal_spi_interface_t>:
    }
    return particle::SPISettings(info->clock, info->bit_order, info->data_mode);
}
} // namespace

SPIClass::SPIClass(hal_spi_interface_t spi)
 80a04a0:	b570      	push	{r4, r5, r6, lr}
    /**
     * Creates a shared mutex.
     */
    RecursiveMutex(os_mutex_recursive_t handle) : handle_(handle) {}

    RecursiveMutex() : handle_(nullptr)
 80a04a2:	2600      	movs	r6, #0
 80a04a4:	4604      	mov	r4, r0
 80a04a6:	460d      	mov	r5, r1
 80a04a8:	f840 6f08 	str.w	r6, [r0, #8]!
    {
        os_mutex_recursive_create(&handle_);
 80a04ac:	f7ff fe7a 	bl	80a01a4 <os_mutex_recursive_create>
{
    _spi = spi;
    hal_spi_init(_spi);
 80a04b0:	4628      	mov	r0, r5
    _spi = spi;
 80a04b2:	7025      	strb	r5, [r4, #0]
    hal_spi_init(_spi);
 80a04b4:	f7ff ff00 	bl	80a02b8 <hal_spi_init>
    _dividerReference = SPI_CLK_SYSTEM; // 0 indicates the system clock
}
 80a04b8:	4620      	mov	r0, r4
    _dividerReference = SPI_CLK_SYSTEM; // 0 indicates the system clock
 80a04ba:	6066      	str	r6, [r4, #4]
}
 80a04bc:	bd70      	pop	{r4, r5, r6, pc}
	...

080a04c0 <_GLOBAL__sub_I_System>:
} // namespace particle

// particle::Flag<TagT, ValueT>
template<typename TagT, typename ValueT>
inline particle::Flag<TagT, ValueT>::Flag(ValueT val) :
        val_(val) {
 80a04c0:	2202      	movs	r2, #2

class SystemSleepResult {
public:
    SystemSleepResult()
            : wakeupSource_(nullptr),
              error_(SYSTEM_ERROR_NONE) {
 80a04c2:	2000      	movs	r0, #0
 80a04c4:	4b04      	ldr	r3, [pc, #16]	; (80a04d8 <_GLOBAL__sub_I_System+0x18>)
 80a04c6:	601a      	str	r2, [r3, #0]
 80a04c8:	4b04      	ldr	r3, [pc, #16]	; (80a04dc <_GLOBAL__sub_I_System+0x1c>)
    SleepResult() {}
 80a04ca:	4a05      	ldr	r2, [pc, #20]	; (80a04e0 <_GLOBAL__sub_I_System+0x20>)
              error_(SYSTEM_ERROR_NONE) {
 80a04cc:	6018      	str	r0, [r3, #0]
 80a04ce:	8098      	strh	r0, [r3, #4]
    SleepResult() {}
 80a04d0:	7198      	strb	r0, [r3, #6]
 80a04d2:	609a      	str	r2, [r3, #8]

class SystemClass {
public:

    SystemClass(System_Mode_TypeDef mode = DEFAULT) {
        set_system_mode(mode);
 80a04d4:	f7ff bf40 	b.w	80a0358 <set_system_mode>
 80a04d8:	2000007c 	.word	0x2000007c
 80a04dc:	20000070 	.word	0x20000070
 80a04e0:	ffff0000 	.word	0xffff0000

080a04e4 <_ZN5Print5writeEPKhj>:

// Public Methods //////////////////////////////////////////////////////////////

/* default implementation: may be overridden */
size_t Print::write(const uint8_t *buffer, size_t size)
{
 80a04e4:	b5f8      	push	{r3, r4, r5, r6, r7, lr}
 80a04e6:	4606      	mov	r6, r0
 80a04e8:	460d      	mov	r5, r1
  size_t n = 0;
 80a04ea:	2400      	movs	r4, #0
 80a04ec:	188f      	adds	r7, r1, r2
  while (size--) {
 80a04ee:	42bd      	cmp	r5, r7
 80a04f0:	d00c      	beq.n	80a050c <_ZN5Print5writeEPKhj+0x28>
     int chunk = write(*buffer++);
 80a04f2:	6833      	ldr	r3, [r6, #0]
 80a04f4:	4630      	mov	r0, r6
 80a04f6:	689b      	ldr	r3, [r3, #8]
 80a04f8:	f815 1b01 	ldrb.w	r1, [r5], #1
 80a04fc:	4798      	blx	r3
     if (chunk>=0)
 80a04fe:	1e03      	subs	r3, r0, #0
 80a0500:	db01      	blt.n	80a0506 <_ZN5Print5writeEPKhj+0x22>
         n += chunk;
 80a0502:	441c      	add	r4, r3
  while (size--) {
 80a0504:	e7f3      	b.n	80a04ee <_ZN5Print5writeEPKhj+0xa>
     int chunk = write(*buffer++);
 80a0506:	2c00      	cmp	r4, #0
 80a0508:	bf08      	it	eq
 80a050a:	461c      	moveq	r4, r3
             n = chunk;
         break;
     }
  }
  return n;
}
 80a050c:	4620      	mov	r0, r4
 80a050e:	bdf8      	pop	{r3, r4, r5, r6, r7, pc}

080a0510 <_ZN5Print5writeEPKc>:

    int getWriteError() { return write_error; }
    void clearWriteError() { setWriteError(0); }

    virtual size_t write(uint8_t) = 0;
    size_t write(const char *str) {
 80a0510:	b570      	push	{r4, r5, r6, lr}
 80a0512:	4605      	mov	r5, r0
      if (str == NULL) return 0;
 80a0514:	460c      	mov	r4, r1
      return write((const uint8_t *)str, strlen(str));
    }
 80a0516:	4608      	mov	r0, r1
      if (str == NULL) return 0;
 80a0518:	b149      	cbz	r1, 80a052e <_ZN5Print5writeEPKc+0x1e>
      return write((const uint8_t *)str, strlen(str));
 80a051a:	f000 fcdb 	bl	80a0ed4 <strlen>
 80a051e:	682b      	ldr	r3, [r5, #0]
 80a0520:	4602      	mov	r2, r0
 80a0522:	4621      	mov	r1, r4
 80a0524:	4628      	mov	r0, r5
    }
 80a0526:	e8bd 4070 	ldmia.w	sp!, {r4, r5, r6, lr}
      return write((const uint8_t *)str, strlen(str));
 80a052a:	68db      	ldr	r3, [r3, #12]
 80a052c:	4718      	bx	r3
    }
 80a052e:	bd70      	pop	{r4, r5, r6, pc}

080a0530 <_ZN5Print5printEPKc>:

size_t Print::print(const char str[])
{
 80a0530:	b508      	push	{r3, lr}
  return write(str);
 80a0532:	f7ff ffed 	bl	80a0510 <_ZN5Print5writeEPKc>
}
 80a0536:	bd08      	pop	{r3, pc}

080a0538 <_ZN5Print5printEc>:

size_t Print::print(char c)
{
  return write(c);
 80a0538:	6803      	ldr	r3, [r0, #0]
 80a053a:	689b      	ldr	r3, [r3, #8]
 80a053c:	4718      	bx	r3

080a053e <_ZN5Print7printlnEv>:
{
  return print(reinterpret_cast<const char*>(str));
}

size_t Print::println(void)
{
 80a053e:	b538      	push	{r3, r4, r5, lr}
  size_t n = print('\r');
 80a0540:	210d      	movs	r1, #13
{
 80a0542:	4605      	mov	r5, r0
  size_t n = print('\r');
 80a0544:	f7ff fff8 	bl	80a0538 <_ZN5Print5printEc>
  n += print('\n');
 80a0548:	210a      	movs	r1, #10
  size_t n = print('\r');
 80a054a:	4604      	mov	r4, r0
  n += print('\n');
 80a054c:	4628      	mov	r0, r5
 80a054e:	f7ff fff3 	bl	80a0538 <_ZN5Print5printEc>
  return n;
}
 80a0552:	4420      	add	r0, r4
 80a0554:	bd38      	pop	{r3, r4, r5, pc}

080a0556 <_ZN5Print7printlnEPKc>:

size_t Print::println(const char c[])
{
 80a0556:	b538      	push	{r3, r4, r5, lr}
 80a0558:	4605      	mov	r5, r0
  return write(str);
 80a055a:	f7ff ffd9 	bl	80a0510 <_ZN5Print5writeEPKc>
 80a055e:	4604      	mov	r4, r0
  size_t n = print(c);
  n += println();
 80a0560:	4628      	mov	r0, r5
 80a0562:	f7ff ffec 	bl	80a053e <_ZN5Print7printlnEv>
  return n;
}
 80a0566:	4420      	add	r0, r4
 80a0568:	bd38      	pop	{r3, r4, r5, pc}

080a056a <_ZN5Print11printNumberEmh>:

size_t Print::printNumber(unsigned long n, uint8_t base) {
  char buf[8 * sizeof(n) + 1]; // Assumes 8-bit chars plus zero byte.
  char *str = &buf[sizeof(buf) - 1];

  *str = '\0';
 80a056a:	2300      	movs	r3, #0

  // prevent crash if called with base == 1
  if (base < 2) base = 10;
 80a056c:	2a01      	cmp	r2, #1
 80a056e:	bf98      	it	ls
 80a0570:	220a      	movls	r2, #10
size_t Print::printNumber(unsigned long n, uint8_t base) {
 80a0572:	b530      	push	{r4, r5, lr}
 80a0574:	b08b      	sub	sp, #44	; 0x2c
 80a0576:	460c      	mov	r4, r1
  *str = '\0';
 80a0578:	f88d 3024 	strb.w	r3, [sp, #36]	; 0x24
  if (base < 2) base = 10;
 80a057c:	a909      	add	r1, sp, #36	; 0x24

  do {
   decltype(n) m = n;
   n /= base;
 80a057e:	4625      	mov	r5, r4
 80a0580:	fbb4 f4f2 	udiv	r4, r4, r2
   char c = m - base * n;
 80a0584:	fb04 5312 	mls	r3, r4, r2, r5
 80a0588:	b2db      	uxtb	r3, r3
   *--str = c < 10 ? c + '0' : c + 'A' - 10;
 80a058a:	2b09      	cmp	r3, #9
 80a058c:	bf94      	ite	ls
 80a058e:	3330      	addls	r3, #48	; 0x30
 80a0590:	3337      	addhi	r3, #55	; 0x37
 80a0592:	b2db      	uxtb	r3, r3
  } while(n);
 80a0594:	42aa      	cmp	r2, r5
   *--str = c < 10 ? c + '0' : c + 'A' - 10;
 80a0596:	f801 3d01 	strb.w	r3, [r1, #-1]!
  } while(n);
 80a059a:	d9f0      	bls.n	80a057e <_ZN5Print11printNumberEmh+0x14>

  return write(str);
 80a059c:	f7ff ffb8 	bl	80a0510 <_ZN5Print5writeEPKc>
}
 80a05a0:	b00b      	add	sp, #44	; 0x2c
 80a05a2:	bd30      	pop	{r4, r5, pc}

080a05a4 <_ZN5spark9WiFiClass2onEv>:
    bool ready(void) {
        return network_ready(*this, 0, NULL);
    }

    void on(void) {
        network_on(*this, 0, 0, NULL);
 80a05a4:	2300      	movs	r3, #0
 80a05a6:	6840      	ldr	r0, [r0, #4]
 80a05a8:	461a      	mov	r2, r3
 80a05aa:	4619      	mov	r1, r3
 80a05ac:	f7ff bf18 	b.w	80a03e0 <network_on>

080a05b0 <_GLOBAL__sub_I__ZN5spark3LogE>:
    // This handler doesn't support direct logging
}

// spark::Logger
inline spark::Logger::Logger(const char *name) :
        name_(name) {
 80a05b0:	4b01      	ldr	r3, [pc, #4]	; (80a05b8 <_GLOBAL__sub_I__ZN5spark3LogE+0x8>)
 80a05b2:	4a02      	ldr	r2, [pc, #8]	; (80a05bc <_GLOBAL__sub_I__ZN5spark3LogE+0xc>)
 80a05b4:	601a      	str	r2, [r3, #0]
#if Wiring_LogConfig

// spark::
void spark::logProcessControlRequest(ctrl_request* req) {
    JSONRequestHandler::process(req);
}
 80a05b6:	4770      	bx	lr
 80a05b8:	20000080 	.word	0x20000080
 80a05bc:	080a0fd7 	.word	0x080a0fd7

080a05c0 <_GLOBAL__sub_I_TIME_FORMAT_DEFAULT>:
            calendar_time_cache = Convert_UnixTime_To_CalendarTime(unix_time);
            unix_time_cache = unix_time;
    }
}

const char* TimeClass::format_spec = TIME_FORMAT_DEFAULT;
 80a05c0:	4b02      	ldr	r3, [pc, #8]	; (80a05cc <_GLOBAL__sub_I_TIME_FORMAT_DEFAULT+0xc>)
 80a05c2:	681a      	ldr	r2, [r3, #0]
 80a05c4:	4b02      	ldr	r3, [pc, #8]	; (80a05d0 <_GLOBAL__sub_I_TIME_FORMAT_DEFAULT+0x10>)
 80a05c6:	601a      	str	r2, [r3, #0]
{
  return isValid();
}


TimeClass Time;
 80a05c8:	4770      	bx	lr
 80a05ca:	bf00      	nop
 80a05cc:	20000000 	.word	0x20000000
 80a05d0:	20000084 	.word	0x20000084

080a05d4 <delay>:
    return (value - fromStart) * (toEnd - toStart) / (fromEnd - fromStart) + toStart;
}

void delay(unsigned long ms)
{
    system_delay_ms(ms, false);
 80a05d4:	2100      	movs	r1, #0
 80a05d6:	f7ff bec7 	b.w	80a0368 <system_delay_ms>
	...

080a05dc <_GLOBAL__sub_I_RGB>:
	static void
	_M_init_functor(_Any_data& __functor, _Functor&& __f, false_type)
	{ __functor._M_access<_Functor*>() = new _Functor(std::move(__f)); }
      };

    _Function_base() : _M_manager(nullptr) { }
 80a05dc:	2200      	movs	r2, #0
 80a05de:	4b01      	ldr	r3, [pc, #4]	; (80a05e4 <_GLOBAL__sub_I_RGB+0x8>)
 80a05e0:	609a      	str	r2, [r3, #8]
{
    RGBClass* const d = static_cast<RGBClass*>(data);
    if (d->changeHandler_) {
        d->changeHandler_(r, g, b);
    }
}
 80a05e2:	4770      	bx	lr
 80a05e4:	20000088 	.word	0x20000088

080a05e8 <_ZZ21module_user_init_hookENUlP6_reentjmPvE_4_FUNES0_jmS1_>:

void module_user_init_hook()
{
#if HAL_PLATFORM_NEWLIB
    newlib_impure_ptr_callback([](struct _reent* r, size_t size, uint32_t version, void* ctx) -> void {
        _impure_ptr = r;
 80a05e8:	4b01      	ldr	r3, [pc, #4]	; (80a05f0 <_ZZ21module_user_init_hookENUlP6_reentjmPvE_4_FUNES0_jmS1_+0x8>)
 80a05ea:	6018      	str	r0, [r3, #0]
    }, nullptr);
 80a05ec:	4770      	bx	lr
 80a05ee:	bf00      	nop
 80a05f0:	20000004 	.word	0x20000004

080a05f4 <serialEventRun>:
{
 80a05f4:	b508      	push	{r3, lr}
    if (serialEvent && Serial.available()>0)
 80a05f6:	4b13      	ldr	r3, [pc, #76]	; (80a0644 <serialEventRun+0x50>)
 80a05f8:	b143      	cbz	r3, 80a060c <serialEventRun+0x18>
 80a05fa:	f000 f975 	bl	80a08e8 <_Z16_fetch_usbserialv>
 80a05fe:	6803      	ldr	r3, [r0, #0]
 80a0600:	691b      	ldr	r3, [r3, #16]
 80a0602:	4798      	blx	r3
 80a0604:	2800      	cmp	r0, #0
 80a0606:	dd01      	ble.n	80a060c <serialEventRun+0x18>
        serialEvent();
 80a0608:	f3af 8000 	nop.w
    if (serialEvent1 && Serial1.available()>0)
 80a060c:	4b0e      	ldr	r3, [pc, #56]	; (80a0648 <serialEventRun+0x54>)
 80a060e:	b143      	cbz	r3, 80a0622 <serialEventRun+0x2e>
 80a0610:	f000 fa1a 	bl	80a0a48 <_Z22__fetch_global_Serial1v>
 80a0614:	6803      	ldr	r3, [r0, #0]
 80a0616:	691b      	ldr	r3, [r3, #16]
 80a0618:	4798      	blx	r3
 80a061a:	2800      	cmp	r0, #0
 80a061c:	dd01      	ble.n	80a0622 <serialEventRun+0x2e>
        serialEvent1();
 80a061e:	f3af 8000 	nop.w
    if (serialEventRun2) serialEventRun2();
 80a0622:	4b0a      	ldr	r3, [pc, #40]	; (80a064c <serialEventRun+0x58>)
 80a0624:	b10b      	cbz	r3, 80a062a <serialEventRun+0x36>
 80a0626:	f3af 8000 	nop.w
    if (usbSerialEvent1 && USBSerial1.available()>0)
 80a062a:	4b09      	ldr	r3, [pc, #36]	; (80a0650 <serialEventRun+0x5c>)
 80a062c:	b143      	cbz	r3, 80a0640 <serialEventRun+0x4c>
 80a062e:	f000 f995 	bl	80a095c <_Z17_fetch_usbserial1v>
 80a0632:	6803      	ldr	r3, [r0, #0]
 80a0634:	691b      	ldr	r3, [r3, #16]
 80a0636:	4798      	blx	r3
 80a0638:	2800      	cmp	r0, #0
 80a063a:	dd01      	ble.n	80a0640 <serialEventRun+0x4c>
        usbSerialEvent1();
 80a063c:	f3af 8000 	nop.w
}
 80a0640:	bd08      	pop	{r3, pc}
 80a0642:	bf00      	nop
	...

080a0654 <_post_loop>:
{
 80a0654:	b508      	push	{r3, lr}
	serialEventRun();
 80a0656:	f7ff ffcd 	bl	80a05f4 <serialEventRun>
		return !timeout_fn;
	}

	static inline system_tick_t current_time()
	{
		return HAL_Timer_Get_Milli_Seconds();
 80a065a:	f7ff fd9b 	bl	80a0194 <HAL_Timer_Get_Milli_Seconds>
	/**
	 * Lifesign that the application is still working normally.
	 */
	static void checkin()
	{
		last_checkin = current_time();
 80a065e:	4b01      	ldr	r3, [pc, #4]	; (80a0664 <_post_loop+0x10>)
 80a0660:	6018      	str	r0, [r3, #0]
}
 80a0662:	bd08      	pop	{r3, pc}
 80a0664:	20000514 	.word	0x20000514

080a0668 <_Z33system_initialize_user_backup_ramv>:
    memcpy(&link_global_retained_start, &link_global_retained_initial_values, len);
 80a0668:	4805      	ldr	r0, [pc, #20]	; (80a0680 <_Z33system_initialize_user_backup_ramv+0x18>)
 80a066a:	4a06      	ldr	r2, [pc, #24]	; (80a0684 <_Z33system_initialize_user_backup_ramv+0x1c>)
{
 80a066c:	b508      	push	{r3, lr}
    memcpy(&link_global_retained_start, &link_global_retained_initial_values, len);
 80a066e:	1a12      	subs	r2, r2, r0
 80a0670:	4905      	ldr	r1, [pc, #20]	; (80a0688 <_Z33system_initialize_user_backup_ramv+0x20>)
 80a0672:	f000 fbf5 	bl	80a0e60 <memcpy>
    __backup_sram_signature = signature;
 80a0676:	4b05      	ldr	r3, [pc, #20]	; (80a068c <_Z33system_initialize_user_backup_ramv+0x24>)
 80a0678:	4a05      	ldr	r2, [pc, #20]	; (80a0690 <_Z33system_initialize_user_backup_ramv+0x28>)
 80a067a:	601a      	str	r2, [r3, #0]
}
 80a067c:	bd08      	pop	{r3, pc}
 80a067e:	bf00      	nop
 80a0680:	40024000 	.word	0x40024000
 80a0684:	40024004 	.word	0x40024004
 80a0688:	080a1130 	.word	0x080a1130
 80a068c:	40024000 	.word	0x40024000
 80a0690:	9a271c1e 	.word	0x9a271c1e

080a0694 <_Z27ctrl_request_custom_handlerP12ctrl_request>:
    system_ctrl_set_result(req, SYSTEM_ERROR_NOT_SUPPORTED, nullptr, nullptr, nullptr);
 80a0694:	2300      	movs	r3, #0
void __attribute((weak)) ctrl_request_custom_handler(ctrl_request* req) {
 80a0696:	b507      	push	{r0, r1, r2, lr}
    system_ctrl_set_result(req, SYSTEM_ERROR_NOT_SUPPORTED, nullptr, nullptr, nullptr);
 80a0698:	461a      	mov	r2, r3
 80a069a:	f06f 0177 	mvn.w	r1, #119	; 0x77
 80a069e:	9300      	str	r3, [sp, #0]
 80a06a0:	f7ff fe74 	bl	80a038c <system_ctrl_set_result>
}
 80a06a4:	b003      	add	sp, #12
 80a06a6:	f85d fb04 	ldr.w	pc, [sp], #4
	...

080a06ac <_ZL20ctrl_request_handlerP12ctrl_request>:
static void ctrl_request_handler(ctrl_request* req) {
 80a06ac:	b507      	push	{r0, r1, r2, lr}
    switch (req->type) {
 80a06ae:	8843      	ldrh	r3, [r0, #2]
 80a06b0:	2b0a      	cmp	r3, #10
 80a06b2:	d008      	beq.n	80a06c6 <_ZL20ctrl_request_handlerP12ctrl_request+0x1a>
 80a06b4:	2b50      	cmp	r3, #80	; 0x50
 80a06b6:	d10b      	bne.n	80a06d0 <_ZL20ctrl_request_handlerP12ctrl_request+0x24>
        if (log_process_ctrl_request_callback) {
 80a06b8:	4b09      	ldr	r3, [pc, #36]	; (80a06e0 <_ZL20ctrl_request_handlerP12ctrl_request+0x34>)
 80a06ba:	681b      	ldr	r3, [r3, #0]
 80a06bc:	b14b      	cbz	r3, 80a06d2 <_ZL20ctrl_request_handlerP12ctrl_request+0x26>
}
 80a06be:	b003      	add	sp, #12
 80a06c0:	f85d eb04 	ldr.w	lr, [sp], #4
            log_process_ctrl_request_callback(req);
 80a06c4:	4718      	bx	r3
        ctrl_request_custom_handler(req);
 80a06c6:	f7ff ffe5 	bl	80a0694 <_Z27ctrl_request_custom_handlerP12ctrl_request>
}
 80a06ca:	b003      	add	sp, #12
 80a06cc:	f85d fb04 	ldr.w	pc, [sp], #4
        system_ctrl_set_result(req, SYSTEM_ERROR_NOT_SUPPORTED, nullptr, nullptr, nullptr);
 80a06d0:	2300      	movs	r3, #0
 80a06d2:	461a      	mov	r2, r3
 80a06d4:	f06f 0177 	mvn.w	r1, #119	; 0x77
 80a06d8:	9300      	str	r3, [sp, #0]
 80a06da:	f7ff fe57 	bl	80a038c <system_ctrl_set_result>
}
 80a06de:	e7f4      	b.n	80a06ca <_ZL20ctrl_request_handlerP12ctrl_request+0x1e>
 80a06e0:	2000009c 	.word	0x2000009c

080a06e4 <module_user_init_hook>:
    newlib_impure_ptr_callback([](struct _reent* r, size_t size, uint32_t version, void* ctx) -> void {
 80a06e4:	2100      	movs	r1, #0
{
 80a06e6:	b510      	push	{r4, lr}
    newlib_impure_ptr_callback([](struct _reent* r, size_t size, uint32_t version, void* ctx) -> void {
 80a06e8:	4811      	ldr	r0, [pc, #68]	; (80a0730 <module_user_init_hook+0x4c>)
 80a06ea:	f7ff fed1 	bl	80a0490 <newlib_impure_ptr_callback>
#endif // HAL_PLATFORM_NEWLIB

#if HAL_PLATFORM_BACKUP_RAM
    backup_ram_was_valid_ = __backup_sram_signature == signature;
 80a06ee:	4b11      	ldr	r3, [pc, #68]	; (80a0734 <module_user_init_hook+0x50>)
 80a06f0:	681a      	ldr	r2, [r3, #0]
 80a06f2:	4b11      	ldr	r3, [pc, #68]	; (80a0738 <module_user_init_hook+0x54>)
 80a06f4:	429a      	cmp	r2, r3
 80a06f6:	bf0c      	ite	eq
 80a06f8:	2201      	moveq	r2, #1
 80a06fa:	2200      	movne	r2, #0
 80a06fc:	4b0f      	ldr	r3, [pc, #60]	; (80a073c <module_user_init_hook+0x58>)
 80a06fe:	701a      	strb	r2, [r3, #0]
    if (!backup_ram_was_valid_) {
 80a0700:	d001      	beq.n	80a0706 <module_user_init_hook+0x22>
        system_initialize_user_backup_ram();
 80a0702:	f7ff ffb1 	bl	80a0668 <_Z33system_initialize_user_backup_ramv>
    }
#endif

#if HAL_PLATFORM_RNG
    // Initialize the default stdlib PRNG using hardware RNG as a seed
    const uint32_t seed = HAL_RNG_GetRandomNumber();
 80a0706:	f7ff fd3d 	bl	80a0184 <HAL_RNG_GetRandomNumber>
 80a070a:	4604      	mov	r4, r0
    srand(seed);
 80a070c:	f000 fbbe 	bl	80a0e8c <srand>

    // If the user defines random_seed_from_cloud, call it with a seed value
    // generated by a hardware RNG as well.
    if (random_seed_from_cloud) {
 80a0710:	4b0b      	ldr	r3, [pc, #44]	; (80a0740 <module_user_init_hook+0x5c>)
 80a0712:	b113      	cbz	r3, 80a071a <module_user_init_hook+0x36>
        random_seed_from_cloud(seed);
 80a0714:	4620      	mov	r0, r4
 80a0716:	f3af 8000 	nop.w
    }
#endif
    // Register the random_seed_from_cloud handler
    spark_set_random_seed_from_cloud_handler(&random_seed_from_cloud, nullptr);
 80a071a:	2100      	movs	r1, #0
 80a071c:	4808      	ldr	r0, [pc, #32]	; (80a0740 <module_user_init_hook+0x5c>)
 80a071e:	f7ff fe9f 	bl	80a0460 <spark_set_random_seed_from_cloud_handler>

    // Register application handler for the control requests
    system_ctrl_set_app_request_handler(ctrl_request_handler, nullptr);
}
 80a0722:	e8bd 4010 	ldmia.w	sp!, {r4, lr}
    system_ctrl_set_app_request_handler(ctrl_request_handler, nullptr);
 80a0726:	2100      	movs	r1, #0
 80a0728:	4806      	ldr	r0, [pc, #24]	; (80a0744 <module_user_init_hook+0x60>)
 80a072a:	f7ff be25 	b.w	80a0378 <system_ctrl_set_app_request_handler>
 80a072e:	bf00      	nop
 80a0730:	080a05e9 	.word	0x080a05e9
 80a0734:	40024000 	.word	0x40024000
 80a0738:	9a271c1e 	.word	0x9a271c1e
 80a073c:	20000098 	.word	0x20000098
 80a0740:	00000000 	.word	0x00000000
 80a0744:	080a06ad 	.word	0x080a06ad

080a0748 <_ZN9IPAddressD1Ev>:
    IPAddress(uint8_t first_octet, uint8_t second_octet, uint8_t third_octet, uint8_t fourth_octet);
    IPAddress(uint32_t address);
    IPAddress(const uint8_t* address);
    IPAddress(const HAL_IPAddress& address);

    virtual ~IPAddress() {}
 80a0748:	4770      	bx	lr

080a074a <_ZN9IPAddressD0Ev>:
 80a074a:	b510      	push	{r4, lr}
 80a074c:	4604      	mov	r4, r0
 80a074e:	2118      	movs	r1, #24
 80a0750:	f000 fb7c 	bl	80a0e4c <_ZdlPvj>
 80a0754:	4620      	mov	r0, r4
 80a0756:	bd10      	pop	{r4, pc}

080a0758 <_ZNK9IPAddress7printToER5Print>:
#endif // Wiring_IPv6
	return address.ipv4==that.address.ipv4;
}

size_t IPAddress::printTo(Print& p) const
{
 80a0758:	b5f8      	push	{r3, r4, r5, r6, r7, lr}
 80a075a:	460e      	mov	r6, r1
 80a075c:	2400      	movs	r4, #0
 80a075e:	f100 0708 	add.w	r7, r0, #8
 80a0762:	1d05      	adds	r5, r0, #4
            val = n;
        }
#if __GNUC__ >= 9
#pragma GCC diagnostic pop
#endif // __GNUC__ >= 9
        return printNumber(val, base) + t;
 80a0764:	f817 1d01 	ldrb.w	r1, [r7, #-1]!
 80a0768:	220a      	movs	r2, #10
 80a076a:	4630      	mov	r0, r6
 80a076c:	f7ff fefd 	bl	80a056a <_ZN5Print11printNumberEmh>
#else
#pragma message "HAL_USE_INET_HAL_POSIX is required for IPv6 support in IPAddress::printTo()"
#endif // HAL_USE_INET_HAL_POSIX
#endif // Wiring_IPv6
    size_t n = 0;
    for (int i = 0; i < 4; i++)
 80a0770:	42af      	cmp	r7, r5
    {
        if (n)
            n += p.print('.');
        n += p.print((*this)[i], DEC);
 80a0772:	4404      	add	r4, r0
    for (int i = 0; i < 4; i++)
 80a0774:	d101      	bne.n	80a077a <_ZNK9IPAddress7printToER5Print+0x22>
    }
    return n;
}
 80a0776:	4620      	mov	r0, r4
 80a0778:	bdf8      	pop	{r3, r4, r5, r6, r7, pc}
        if (n)
 80a077a:	2c00      	cmp	r4, #0
 80a077c:	d0f2      	beq.n	80a0764 <_ZNK9IPAddress7printToER5Print+0xc>
            n += p.print('.');
 80a077e:	212e      	movs	r1, #46	; 0x2e
 80a0780:	4630      	mov	r0, r6
 80a0782:	f7ff fed9 	bl	80a0538 <_ZN5Print5printEc>
 80a0786:	4404      	add	r4, r0
 80a0788:	e7ec      	b.n	80a0764 <_ZNK9IPAddress7printToER5Print+0xc>
	...

080a078c <_ZN9IPAddressC1Ev>:
IPAddress::IPAddress()
 80a078c:	b510      	push	{r4, lr}
 80a078e:	4604      	mov	r4, r0
 80a0790:	4b04      	ldr	r3, [pc, #16]	; (80a07a4 <_ZN9IPAddressC1Ev+0x18>)
        return address;
    }

    virtual size_t printTo(Print& p) const;

    void clear() { memset(&address, 0, sizeof (address)); }
 80a0792:	2211      	movs	r2, #17
 80a0794:	2100      	movs	r1, #0
 80a0796:	f840 3b04 	str.w	r3, [r0], #4
 80a079a:	f000 fb6f 	bl	80a0e7c <memset>
}
 80a079e:	4620      	mov	r0, r4
 80a07a0:	bd10      	pop	{r4, pc}
 80a07a2:	bf00      	nop
 80a07a4:	080a1000 	.word	0x080a1000

080a07a8 <_ZN9IPAddressC1ERK16_HAL_IPAddress_t>:
IPAddress::IPAddress(const HAL_IPAddress& address)
 80a07a8:	4603      	mov	r3, r0
 80a07aa:	4a07      	ldr	r2, [pc, #28]	; (80a07c8 <_ZN9IPAddressC1ERK16_HAL_IPAddress_t+0x20>)
 80a07ac:	b510      	push	{r4, lr}
 80a07ae:	f843 2b04 	str.w	r2, [r3], #4
    memcpy(&this->address, &address, sizeof(address));
 80a07b2:	f101 0210 	add.w	r2, r1, #16
 80a07b6:	f851 4b04 	ldr.w	r4, [r1], #4
 80a07ba:	4291      	cmp	r1, r2
 80a07bc:	f843 4b04 	str.w	r4, [r3], #4
 80a07c0:	d1f9      	bne.n	80a07b6 <_ZN9IPAddressC1ERK16_HAL_IPAddress_t+0xe>
 80a07c2:	780a      	ldrb	r2, [r1, #0]
 80a07c4:	701a      	strb	r2, [r3, #0]
}
 80a07c6:	bd10      	pop	{r4, pc}
 80a07c8:	080a1000 	.word	0x080a1000

080a07cc <_ZN9IPAddressC1Em>:
IPAddress::IPAddress(uint32_t address)
 80a07cc:	4a02      	ldr	r2, [pc, #8]	; (80a07d8 <_ZN9IPAddressC1Em+0xc>)
    address.ipv4 = ipv4;
 80a07ce:	e9c0 2100 	strd	r2, r1, [r0]
        address.v = version;
 80a07d2:	2204      	movs	r2, #4
 80a07d4:	7502      	strb	r2, [r0, #20]
}
 80a07d6:	4770      	bx	lr
 80a07d8:	080a1000 	.word	0x080a1000

080a07dc <_ZN9IPAddress8set_ipv4Ehhhh>:
{
 80a07dc:	b510      	push	{r4, lr}
    address.ipv4 = b0<<24 | b1 << 16 | b2 << 8 | b3;
 80a07de:	f89d 4008 	ldrb.w	r4, [sp, #8]
 80a07e2:	ea44 2403 	orr.w	r4, r4, r3, lsl #8
 80a07e6:	2304      	movs	r3, #4
 80a07e8:	ea44 4402 	orr.w	r4, r4, r2, lsl #16
 80a07ec:	ea44 6401 	orr.w	r4, r4, r1, lsl #24
 80a07f0:	6044      	str	r4, [r0, #4]
 80a07f2:	7503      	strb	r3, [r0, #20]
}
 80a07f4:	bd10      	pop	{r4, pc}
	...

080a07f8 <_ZN9IPAddressC1Ehhhh>:
IPAddress::IPAddress(uint8_t first_octet, uint8_t second_octet, uint8_t third_octet, uint8_t fourth_octet)
 80a07f8:	b537      	push	{r0, r1, r2, r4, r5, lr}
 80a07fa:	4d04      	ldr	r5, [pc, #16]	; (80a080c <_ZN9IPAddressC1Ehhhh+0x14>)
 80a07fc:	6005      	str	r5, [r0, #0]
    set_ipv4(first_octet, second_octet, third_octet, fourth_octet);
 80a07fe:	f89d 5018 	ldrb.w	r5, [sp, #24]
 80a0802:	9500      	str	r5, [sp, #0]
 80a0804:	f7ff ffea 	bl	80a07dc <_ZN9IPAddress8set_ipv4Ehhhh>
}
 80a0808:	b003      	add	sp, #12
 80a080a:	bd30      	pop	{r4, r5, pc}
 80a080c:	080a1000 	.word	0x080a1000

080a0810 <_ZN9USBSerial14blockOnOverrunEb>:
  HAL_USB_USART_Flush_Data(_serial);
}

void USBSerial::blockOnOverrun(bool block)
{
  _blocking = block;
 80a0810:	7441      	strb	r1, [r0, #17]
}
 80a0812:	4770      	bx	lr

080a0814 <__tcf_0>:
}

USBSerial& _fetch_usbserial()
{
  HAL_USB_USART_Config conf = acquireSerialBuffer();
	static USBSerial _usbserial(HAL_USB_USART_SERIAL, conf);
 80a0814:	4770      	bx	lr

080a0816 <_ZN9USBSerialD1Ev>:
#include "usb_hal.h"
#include "system_task.h"
#include "spark_wiring_startup.h"
#include "concurrent_hal.h"

class USBSerial : public Stream
 80a0816:	4770      	bx	lr

080a0818 <_ZN9USBSerial4readEv>:
{
 80a0818:	b508      	push	{r3, lr}
	return std::max(-1, (int)HAL_USB_USART_Receive_Data(_serial, false));
 80a081a:	2100      	movs	r1, #0
 80a081c:	7c00      	ldrb	r0, [r0, #16]
 80a081e:	f7ff fd7b 	bl	80a0318 <HAL_USB_USART_Receive_Data>
}
 80a0822:	ea40 70e0 	orr.w	r0, r0, r0, asr #31
 80a0826:	bd08      	pop	{r3, pc}

080a0828 <_ZN9USBSerial4peekEv>:
{
 80a0828:	b508      	push	{r3, lr}
	return std::max(-1, (int)HAL_USB_USART_Receive_Data(_serial, true));
 80a082a:	2101      	movs	r1, #1
 80a082c:	7c00      	ldrb	r0, [r0, #16]
 80a082e:	f7ff fd73 	bl	80a0318 <HAL_USB_USART_Receive_Data>
}
 80a0832:	ea40 70e0 	orr.w	r0, r0, r0, asr #31
 80a0836:	bd08      	pop	{r3, pc}

080a0838 <_ZN9USBSerial17availableForWriteEv>:
{
 80a0838:	b508      	push	{r3, lr}
  return std::max(0, (int)HAL_USB_USART_Available_Data_For_Write(_serial));
 80a083a:	7c00      	ldrb	r0, [r0, #16]
 80a083c:	f7ff fd64 	bl	80a0308 <HAL_USB_USART_Available_Data_For_Write>
}
 80a0840:	ea20 70e0 	bic.w	r0, r0, r0, asr #31
 80a0844:	bd08      	pop	{r3, pc}

080a0846 <_ZN9USBSerial9availableEv>:
{
 80a0846:	b508      	push	{r3, lr}
	return std::max(0, (int)HAL_USB_USART_Available_Data(_serial));
 80a0848:	7c00      	ldrb	r0, [r0, #16]
 80a084a:	f7ff fd55 	bl	80a02f8 <HAL_USB_USART_Available_Data>
}
 80a084e:	ea20 70e0 	bic.w	r0, r0, r0, asr #31
 80a0852:	bd08      	pop	{r3, pc}

080a0854 <_ZN9USBSerial5writeEh>:
{
 80a0854:	b538      	push	{r3, r4, r5, lr}
 80a0856:	4604      	mov	r4, r0
  if (HAL_USB_USART_Available_Data_For_Write(_serial) > 0 || _blocking) {
 80a0858:	7c00      	ldrb	r0, [r0, #16]
{
 80a085a:	460d      	mov	r5, r1
  if (HAL_USB_USART_Available_Data_For_Write(_serial) > 0 || _blocking) {
 80a085c:	f7ff fd54 	bl	80a0308 <HAL_USB_USART_Available_Data_For_Write>
 80a0860:	2800      	cmp	r0, #0
 80a0862:	dc01      	bgt.n	80a0868 <_ZN9USBSerial5writeEh+0x14>
 80a0864:	7c60      	ldrb	r0, [r4, #17]
 80a0866:	b128      	cbz	r0, 80a0874 <_ZN9USBSerial5writeEh+0x20>
    return std::max(0, (int)HAL_USB_USART_Send_Data(_serial, byte));
 80a0868:	4629      	mov	r1, r5
 80a086a:	7c20      	ldrb	r0, [r4, #16]
 80a086c:	f7ff fd5c 	bl	80a0328 <HAL_USB_USART_Send_Data>
 80a0870:	ea20 70e0 	bic.w	r0, r0, r0, asr #31
}
 80a0874:	bd38      	pop	{r3, r4, r5, pc}

080a0876 <_ZN9USBSerial5flushEv>:
  HAL_USB_USART_Flush_Data(_serial);
 80a0876:	7c00      	ldrb	r0, [r0, #16]
 80a0878:	f7ff bd5e 	b.w	80a0338 <HAL_USB_USART_Flush_Data>

080a087c <_ZN9USBSerialD0Ev>:
 80a087c:	b510      	push	{r4, lr}
 80a087e:	4604      	mov	r4, r0
 80a0880:	2114      	movs	r1, #20
 80a0882:	f000 fae3 	bl	80a0e4c <_ZdlPvj>
 80a0886:	4620      	mov	r0, r4
 80a0888:	bd10      	pop	{r4, pc}

080a088a <__tcf_1>:
 80a088a:	4770      	bx	lr

080a088c <_ZN9USBSerialC1E20HAL_USB_USART_SerialRK20HAL_USB_USART_Config>:
USBSerial::USBSerial(HAL_USB_USART_Serial serial, const HAL_USB_USART_Config& conf)
 80a088c:	b510      	push	{r4, lr}
    virtual int available() = 0;
    virtual int read() = 0;
    virtual int peek() = 0;
    virtual void flush() = 0;

    Stream() {_timeout=1000;}
 80a088e:	f44f 737a 	mov.w	r3, #1000	; 0x3e8
 80a0892:	4604      	mov	r4, r0
 80a0894:	4608      	mov	r0, r1
 80a0896:	2100      	movs	r1, #0
 80a0898:	e9c4 1301 	strd	r1, r3, [r4, #4]
 80a089c:	4b04      	ldr	r3, [pc, #16]	; (80a08b0 <_ZN9USBSerialC1E20HAL_USB_USART_SerialRK20HAL_USB_USART_Config+0x24>)
  _serial = serial;
 80a089e:	7420      	strb	r0, [r4, #16]
USBSerial::USBSerial(HAL_USB_USART_Serial serial, const HAL_USB_USART_Config& conf)
 80a08a0:	6023      	str	r3, [r4, #0]
  _blocking = true;
 80a08a2:	2301      	movs	r3, #1
  HAL_USB_USART_Init(_serial, &conf);
 80a08a4:	4611      	mov	r1, r2
  _blocking = true;
 80a08a6:	7463      	strb	r3, [r4, #17]
  HAL_USB_USART_Init(_serial, &conf);
 80a08a8:	f7ff fd16 	bl	80a02d8 <HAL_USB_USART_Init>
}
 80a08ac:	4620      	mov	r0, r4
 80a08ae:	bd10      	pop	{r4, pc}
 80a08b0:	080a1014 	.word	0x080a1014

080a08b4 <_ZN9USBSerial5beginEl>:
    HAL_USB_USART_Begin(_serial, speed, NULL);
 80a08b4:	2200      	movs	r2, #0
 80a08b6:	7c00      	ldrb	r0, [r0, #16]
 80a08b8:	f7ff bd16 	b.w	80a02e8 <HAL_USB_USART_Begin>

080a08bc <_Z19acquireSerialBufferv>:
{
 80a08bc:	b510      	push	{r4, lr}
 80a08be:	4604      	mov	r4, r0
  HAL_USB_USART_Config conf = {0};
 80a08c0:	2214      	movs	r2, #20
 80a08c2:	2100      	movs	r1, #0
 80a08c4:	f000 fada 	bl	80a0e7c <memset>
  conf.rx_buffer = serial_rx_buffer;
 80a08c8:	4b05      	ldr	r3, [pc, #20]	; (80a08e0 <_Z19acquireSerialBufferv+0x24>)
}
 80a08ca:	4620      	mov	r0, r4
  conf.rx_buffer = serial_rx_buffer;
 80a08cc:	6063      	str	r3, [r4, #4]
  conf.tx_buffer = serial_tx_buffer;
 80a08ce:	4b05      	ldr	r3, [pc, #20]	; (80a08e4 <_Z19acquireSerialBufferv+0x28>)
 80a08d0:	60e3      	str	r3, [r4, #12]
  conf.rx_buffer_size = USB_RX_BUFFER_SIZE;
 80a08d2:	f240 1301 	movw	r3, #257	; 0x101
 80a08d6:	8123      	strh	r3, [r4, #8]
  conf.tx_buffer_size = USB_TX_BUFFER_SIZE;
 80a08d8:	2381      	movs	r3, #129	; 0x81
 80a08da:	8223      	strh	r3, [r4, #16]
}
 80a08dc:	bd10      	pop	{r4, pc}
 80a08de:	bf00      	nop
 80a08e0:	200000d0 	.word	0x200000d0
 80a08e4:	200001d1 	.word	0x200001d1

080a08e8 <_Z16_fetch_usbserialv>:
{
 80a08e8:	b530      	push	{r4, r5, lr}
	static USBSerial _usbserial(HAL_USB_USART_SERIAL, conf);
 80a08ea:	4d0e      	ldr	r5, [pc, #56]	; (80a0924 <_Z16_fetch_usbserialv+0x3c>)
{
 80a08ec:	b087      	sub	sp, #28
  HAL_USB_USART_Config conf = acquireSerialBuffer();
 80a08ee:	a801      	add	r0, sp, #4
 80a08f0:	f7ff ffe4 	bl	80a08bc <_Z19acquireSerialBufferv>
	static USBSerial _usbserial(HAL_USB_USART_SERIAL, conf);
 80a08f4:	7829      	ldrb	r1, [r5, #0]
 80a08f6:	f3bf 8f5b 	dmb	ish
 80a08fa:	f011 0401 	ands.w	r4, r1, #1
 80a08fe:	d10e      	bne.n	80a091e <_Z16_fetch_usbserialv+0x36>
 80a0900:	4628      	mov	r0, r5
 80a0902:	f7ff fbcc 	bl	80a009e <__cxa_guard_acquire>
 80a0906:	b150      	cbz	r0, 80a091e <_Z16_fetch_usbserialv+0x36>
 80a0908:	4621      	mov	r1, r4
 80a090a:	aa01      	add	r2, sp, #4
 80a090c:	4806      	ldr	r0, [pc, #24]	; (80a0928 <_Z16_fetch_usbserialv+0x40>)
 80a090e:	f7ff ffbd 	bl	80a088c <_ZN9USBSerialC1E20HAL_USB_USART_SerialRK20HAL_USB_USART_Config>
 80a0912:	4628      	mov	r0, r5
 80a0914:	f7ff fbc8 	bl	80a00a8 <__cxa_guard_release>
 80a0918:	4804      	ldr	r0, [pc, #16]	; (80a092c <_Z16_fetch_usbserialv+0x44>)
 80a091a:	f000 fa9b 	bl	80a0e54 <atexit>
	return _usbserial;
}
 80a091e:	4802      	ldr	r0, [pc, #8]	; (80a0928 <_Z16_fetch_usbserialv+0x40>)
 80a0920:	b007      	add	sp, #28
 80a0922:	bd30      	pop	{r4, r5, pc}
 80a0924:	200000a0 	.word	0x200000a0
 80a0928:	200000a8 	.word	0x200000a8
 80a092c:	080a0815 	.word	0x080a0815

080a0930 <_Z23acquireUSBSerial1Bufferv>:

#if Wiring_USBSerial1

HAL_USB_USART_Config __attribute__((weak)) acquireUSBSerial1Buffer()
{
 80a0930:	b510      	push	{r4, lr}
 80a0932:	4604      	mov	r4, r0
  HAL_USB_USART_Config conf = {0};
 80a0934:	2214      	movs	r2, #20
 80a0936:	2100      	movs	r1, #0
 80a0938:	f000 faa0 	bl	80a0e7c <memset>

#if defined(USB_SERIAL_USERSPACE_BUFFERS) && ((MODULE_FUNCTION == MOD_FUNC_USER_PART) || (MODULE_FUNCTION == MOD_FUNC_MONO_FIRMWARE))
  static uint8_t usbserial1_rx_buffer[USB_RX_BUFFER_SIZE];
  static uint8_t usbserial1_tx_buffer[USB_TX_BUFFER_SIZE];

  conf.rx_buffer = usbserial1_rx_buffer;
 80a093c:	4b05      	ldr	r3, [pc, #20]	; (80a0954 <_Z23acquireUSBSerial1Bufferv+0x24>)
  conf.rx_buffer_size = USB_RX_BUFFER_SIZE;
  conf.tx_buffer_size = USB_TX_BUFFER_SIZE;
#endif

  return conf;
}
 80a093e:	4620      	mov	r0, r4
  conf.rx_buffer = usbserial1_rx_buffer;
 80a0940:	6063      	str	r3, [r4, #4]
  conf.tx_buffer = usbserial1_tx_buffer;
 80a0942:	4b05      	ldr	r3, [pc, #20]	; (80a0958 <_Z23acquireUSBSerial1Bufferv+0x28>)
 80a0944:	60e3      	str	r3, [r4, #12]
  conf.rx_buffer_size = USB_RX_BUFFER_SIZE;
 80a0946:	f240 1301 	movw	r3, #257	; 0x101
 80a094a:	8123      	strh	r3, [r4, #8]
  conf.tx_buffer_size = USB_TX_BUFFER_SIZE;
 80a094c:	2381      	movs	r3, #129	; 0x81
 80a094e:	8223      	strh	r3, [r4, #16]
}
 80a0950:	bd10      	pop	{r4, pc}
 80a0952:	bf00      	nop
 80a0954:	20000252 	.word	0x20000252
 80a0958:	20000353 	.word	0x20000353

080a095c <_Z17_fetch_usbserial1v>:

USBSerial& _fetch_usbserial1()
{
 80a095c:	b510      	push	{r4, lr}
  HAL_USB_USART_Config conf = acquireUSBSerial1Buffer();
  static USBSerial _usbserial1(HAL_USB_USART_SERIAL1, conf);
 80a095e:	4c0e      	ldr	r4, [pc, #56]	; (80a0998 <_Z17_fetch_usbserial1v+0x3c>)
{
 80a0960:	b086      	sub	sp, #24
  HAL_USB_USART_Config conf = acquireUSBSerial1Buffer();
 80a0962:	a801      	add	r0, sp, #4
 80a0964:	f7ff ffe4 	bl	80a0930 <_Z23acquireUSBSerial1Bufferv>
  static USBSerial _usbserial1(HAL_USB_USART_SERIAL1, conf);
 80a0968:	7823      	ldrb	r3, [r4, #0]
 80a096a:	f3bf 8f5b 	dmb	ish
 80a096e:	07db      	lsls	r3, r3, #31
 80a0970:	d40e      	bmi.n	80a0990 <_Z17_fetch_usbserial1v+0x34>
 80a0972:	4620      	mov	r0, r4
 80a0974:	f7ff fb93 	bl	80a009e <__cxa_guard_acquire>
 80a0978:	b150      	cbz	r0, 80a0990 <_Z17_fetch_usbserial1v+0x34>
 80a097a:	2101      	movs	r1, #1
 80a097c:	aa01      	add	r2, sp, #4
 80a097e:	4807      	ldr	r0, [pc, #28]	; (80a099c <_Z17_fetch_usbserial1v+0x40>)
 80a0980:	f7ff ff84 	bl	80a088c <_ZN9USBSerialC1E20HAL_USB_USART_SerialRK20HAL_USB_USART_Config>
 80a0984:	4620      	mov	r0, r4
 80a0986:	f7ff fb8f 	bl	80a00a8 <__cxa_guard_release>
 80a098a:	4805      	ldr	r0, [pc, #20]	; (80a09a0 <_Z17_fetch_usbserial1v+0x44>)
 80a098c:	f000 fa62 	bl	80a0e54 <atexit>
  return _usbserial1;
}
 80a0990:	4802      	ldr	r0, [pc, #8]	; (80a099c <_Z17_fetch_usbserial1v+0x40>)
 80a0992:	b006      	add	sp, #24
 80a0994:	bd10      	pop	{r4, pc}
 80a0996:	bf00      	nop
 80a0998:	200000a4 	.word	0x200000a4
 80a099c:	200000bc 	.word	0x200000bc
 80a09a0:	080a088b 	.word	0x080a088b

080a09a4 <_ZN11USARTSerialD1Ev>:
private:
  hal_usart_interface_t _serial;
  bool _blocking;
public:
  USARTSerial(hal_usart_interface_t serial, hal_usart_ring_buffer_t *rx_buffer, hal_usart_ring_buffer_t *tx_buffer);
  virtual ~USARTSerial() {};
 80a09a4:	4770      	bx	lr

080a09a6 <_ZN11USARTSerial14blockOnOverrunEb>:
    hal_usart_half_duplex(_serial, Enable);
}

void USARTSerial::blockOnOverrun(bool block)
{
  _blocking = block;
 80a09a6:	7441      	strb	r1, [r0, #17]
}
 80a09a8:	4770      	bx	lr

080a09aa <__tcf_0>:
#endif

USARTSerial& __fetch_global_Serial1()
{
#if ((MODULE_FUNCTION == MOD_FUNC_USER_PART) || (MODULE_FUNCTION == MOD_FUNC_MONO_FIRMWARE))
	static USARTSerial serial1(HAL_USART_SERIAL1, &serial1_rx_buffer, &serial1_tx_buffer);
 80a09aa:	4770      	bx	lr

080a09ac <_ZN11USARTSerial17availableForWriteEv>:
{
 80a09ac:	b508      	push	{r3, lr}
  return std::max(0, (int)hal_usart_available_data_for_write(_serial));
 80a09ae:	7c00      	ldrb	r0, [r0, #16]
 80a09b0:	f7ff fc40 	bl	80a0234 <hal_usart_available_data_for_write>
}
 80a09b4:	ea20 70e0 	bic.w	r0, r0, r0, asr #31
 80a09b8:	bd08      	pop	{r3, pc}

080a09ba <_ZN11USARTSerial9availableEv>:
{
 80a09ba:	b508      	push	{r3, lr}
  return std::max(0, (int)hal_usart_available(_serial));
 80a09bc:	7c00      	ldrb	r0, [r0, #16]
 80a09be:	f7ff fc11 	bl	80a01e4 <hal_usart_available>
}
 80a09c2:	ea20 70e0 	bic.w	r0, r0, r0, asr #31
 80a09c6:	bd08      	pop	{r3, pc}

080a09c8 <_ZN11USARTSerial4peekEv>:
{
 80a09c8:	b508      	push	{r3, lr}
  return std::max(-1, (int)hal_usart_peek(_serial));
 80a09ca:	7c00      	ldrb	r0, [r0, #16]
 80a09cc:	f7ff fc1a 	bl	80a0204 <hal_usart_peek>
}
 80a09d0:	ea40 70e0 	orr.w	r0, r0, r0, asr #31
 80a09d4:	bd08      	pop	{r3, pc}

080a09d6 <_ZN11USARTSerial4readEv>:
{
 80a09d6:	b508      	push	{r3, lr}
  return std::max(-1, (int)hal_usart_read(_serial));
 80a09d8:	7c00      	ldrb	r0, [r0, #16]
 80a09da:	f7ff fc0b 	bl	80a01f4 <hal_usart_read>
}
 80a09de:	ea40 70e0 	orr.w	r0, r0, r0, asr #31
 80a09e2:	bd08      	pop	{r3, pc}

080a09e4 <_ZN11USARTSerial5flushEv>:
  hal_usart_flush(_serial);
 80a09e4:	7c00      	ldrb	r0, [r0, #16]
 80a09e6:	f7ff bc15 	b.w	80a0214 <hal_usart_flush>

080a09ea <_ZN11USARTSerial5writeEh>:
{
 80a09ea:	b570      	push	{r4, r5, r6, lr}
  if (_blocking || hal_usart_available_data_for_write(_serial) > 0) {
 80a09ec:	7c46      	ldrb	r6, [r0, #17]
{
 80a09ee:	4604      	mov	r4, r0
 80a09f0:	460d      	mov	r5, r1
  if (_blocking || hal_usart_available_data_for_write(_serial) > 0) {
 80a09f2:	b12e      	cbz	r6, 80a0a00 <_ZN11USARTSerial5writeEh+0x16>
	  return hal_usart_write(_serial, c);
 80a09f4:	4629      	mov	r1, r5
 80a09f6:	7c20      	ldrb	r0, [r4, #16]
}
 80a09f8:	e8bd 4070 	ldmia.w	sp!, {r4, r5, r6, lr}
	  return hal_usart_write(_serial, c);
 80a09fc:	f7ff bbea 	b.w	80a01d4 <hal_usart_write>
  if (_blocking || hal_usart_available_data_for_write(_serial) > 0) {
 80a0a00:	7c00      	ldrb	r0, [r0, #16]
 80a0a02:	f7ff fc17 	bl	80a0234 <hal_usart_available_data_for_write>
 80a0a06:	2800      	cmp	r0, #0
 80a0a08:	dcf4      	bgt.n	80a09f4 <_ZN11USARTSerial5writeEh+0xa>
}
 80a0a0a:	4630      	mov	r0, r6
 80a0a0c:	bd70      	pop	{r4, r5, r6, pc}

080a0a0e <_ZN11USARTSerialD0Ev>:
 80a0a0e:	b510      	push	{r4, lr}
 80a0a10:	4604      	mov	r4, r0
 80a0a12:	2114      	movs	r1, #20
 80a0a14:	f000 fa1a 	bl	80a0e4c <_ZdlPvj>
 80a0a18:	4620      	mov	r0, r4
 80a0a1a:	bd10      	pop	{r4, pc}

080a0a1c <_ZN11USARTSerialC1E21hal_usart_interface_tP23hal_usart_ring_buffer_tS2_>:
 80a0a1c:	f04f 0c00 	mov.w	ip, #0
USARTSerial::USARTSerial(hal_usart_interface_t serial, hal_usart_ring_buffer_t *rx_buffer, hal_usart_ring_buffer_t *tx_buffer)
 80a0a20:	b510      	push	{r4, lr}
 80a0a22:	4604      	mov	r4, r0
 80a0a24:	4608      	mov	r0, r1
 80a0a26:	4611      	mov	r1, r2
 80a0a28:	f44f 727a 	mov.w	r2, #1000	; 0x3e8
 80a0a2c:	e9c4 c201 	strd	ip, r2, [r4, #4]
 80a0a30:	4a04      	ldr	r2, [pc, #16]	; (80a0a44 <_ZN11USARTSerialC1E21hal_usart_interface_tP23hal_usart_ring_buffer_tS2_+0x28>)
  _serial = serial;
 80a0a32:	7420      	strb	r0, [r4, #16]
USARTSerial::USARTSerial(hal_usart_interface_t serial, hal_usart_ring_buffer_t *rx_buffer, hal_usart_ring_buffer_t *tx_buffer)
 80a0a34:	6022      	str	r2, [r4, #0]
  _blocking = true;
 80a0a36:	2201      	movs	r2, #1
 80a0a38:	7462      	strb	r2, [r4, #17]
  hal_usart_init(serial, rx_buffer, tx_buffer);
 80a0a3a:	461a      	mov	r2, r3
 80a0a3c:	f7ff fbc2 	bl	80a01c4 <hal_usart_init>
}
 80a0a40:	4620      	mov	r0, r4
 80a0a42:	bd10      	pop	{r4, pc}
 80a0a44:	080a1044 	.word	0x080a1044

080a0a48 <_Z22__fetch_global_Serial1v>:
{
 80a0a48:	b538      	push	{r3, r4, r5, lr}
	static USARTSerial serial1(HAL_USART_SERIAL1, &serial1_rx_buffer, &serial1_tx_buffer);
 80a0a4a:	4d0c      	ldr	r5, [pc, #48]	; (80a0a7c <_Z22__fetch_global_Serial1v+0x34>)
 80a0a4c:	7829      	ldrb	r1, [r5, #0]
 80a0a4e:	f3bf 8f5b 	dmb	ish
 80a0a52:	f011 0401 	ands.w	r4, r1, #1
 80a0a56:	d10f      	bne.n	80a0a78 <_Z22__fetch_global_Serial1v+0x30>
 80a0a58:	4628      	mov	r0, r5
 80a0a5a:	f7ff fb20 	bl	80a009e <__cxa_guard_acquire>
 80a0a5e:	b158      	cbz	r0, 80a0a78 <_Z22__fetch_global_Serial1v+0x30>
 80a0a60:	4621      	mov	r1, r4
 80a0a62:	4b07      	ldr	r3, [pc, #28]	; (80a0a80 <_Z22__fetch_global_Serial1v+0x38>)
 80a0a64:	4a07      	ldr	r2, [pc, #28]	; (80a0a84 <_Z22__fetch_global_Serial1v+0x3c>)
 80a0a66:	4808      	ldr	r0, [pc, #32]	; (80a0a88 <_Z22__fetch_global_Serial1v+0x40>)
 80a0a68:	f7ff ffd8 	bl	80a0a1c <_ZN11USARTSerialC1E21hal_usart_interface_tP23hal_usart_ring_buffer_tS2_>
 80a0a6c:	4628      	mov	r0, r5
 80a0a6e:	f7ff fb1b 	bl	80a00a8 <__cxa_guard_release>
 80a0a72:	4806      	ldr	r0, [pc, #24]	; (80a0a8c <_Z22__fetch_global_Serial1v+0x44>)
 80a0a74:	f000 f9ee 	bl	80a0e54 <atexit>
    serial1_tx_buffer = new hal_usart_ring_buffer_t();
  }
  static USARTSerial serial1(HAL_USART_SERIAL1, serial1_rx_buffer, serial1_tx_buffer);
#endif
	return serial1;
}
 80a0a78:	4803      	ldr	r0, [pc, #12]	; (80a0a88 <_Z22__fetch_global_Serial1v+0x40>)
 80a0a7a:	bd38      	pop	{r3, r4, r5, pc}
 80a0a7c:	200003d4 	.word	0x200003d4
 80a0a80:	2000045c 	.word	0x2000045c
 80a0a84:	200003d8 	.word	0x200003d8
 80a0a88:	200004e0 	.word	0x200004e0
 80a0a8c:	080a09ab 	.word	0x080a09ab

080a0a90 <_ZN7TwoWireD1Ev>:
private:
  hal_i2c_interface_t _i2c;

public:
  TwoWire(hal_i2c_interface_t i2c, const hal_i2c_config_t& config);
  virtual ~TwoWire() {};
 80a0a90:	4770      	bx	lr

080a0a92 <_ZN7TwoWire5writeEPKhj>:

// must be called in:
// slave tx event callback
// or after beginTransmission(address)
size_t TwoWire::write(const uint8_t *data, size_t quantity)
{
 80a0a92:	b5f8      	push	{r3, r4, r5, r6, r7, lr}
 80a0a94:	4606      	mov	r6, r0
 80a0a96:	4615      	mov	r5, r2
 80a0a98:	460c      	mov	r4, r1
 80a0a9a:	188f      	adds	r7, r1, r2
  // in master/slave transmitter mode
  for(size_t i = 0; i < quantity; ++i)
 80a0a9c:	42bc      	cmp	r4, r7
 80a0a9e:	d006      	beq.n	80a0aae <_ZN7TwoWire5writeEPKhj+0x1c>
  {
    write(data[i]);
 80a0aa0:	6833      	ldr	r3, [r6, #0]
 80a0aa2:	4630      	mov	r0, r6
 80a0aa4:	689b      	ldr	r3, [r3, #8]
 80a0aa6:	f814 1b01 	ldrb.w	r1, [r4], #1
 80a0aaa:	4798      	blx	r3
  for(size_t i = 0; i < quantity; ++i)
 80a0aac:	e7f6      	b.n	80a0a9c <_ZN7TwoWire5writeEPKhj+0xa>
  }

  return quantity;
}
 80a0aae:	4628      	mov	r0, r5
 80a0ab0:	bdf8      	pop	{r3, r4, r5, r6, r7, pc}

080a0ab2 <_ZN7TwoWire5writeEh>:
  return hal_i2c_write(_i2c, data, NULL);
 80a0ab2:	2200      	movs	r2, #0
 80a0ab4:	7c00      	ldrb	r0, [r0, #16]
 80a0ab6:	f7ff bbc5 	b.w	80a0244 <hal_i2c_write>

080a0aba <_ZN7TwoWire9availableEv>:
// must be called in:
// slave rx event callback
// or after requestFrom(address, numBytes)
int TwoWire::available(void)
{
  return hal_i2c_available(_i2c, NULL);
 80a0aba:	2100      	movs	r1, #0
 80a0abc:	7c00      	ldrb	r0, [r0, #16]
 80a0abe:	f7ff bbc9 	b.w	80a0254 <hal_i2c_available>

080a0ac2 <_ZN7TwoWire4readEv>:
// must be called in:
// slave rx event callback
// or after requestFrom(address, numBytes)
int TwoWire::read(void)
{
  return hal_i2c_read(_i2c, NULL);
 80a0ac2:	2100      	movs	r1, #0
 80a0ac4:	7c00      	ldrb	r0, [r0, #16]
 80a0ac6:	f7ff bbcd 	b.w	80a0264 <hal_i2c_read>

080a0aca <_ZN7TwoWire4peekEv>:
// must be called in:
// slave rx event callback
// or after requestFrom(address, numBytes)
int TwoWire::peek(void)
{
  return hal_i2c_peek(_i2c, NULL);
 80a0aca:	2100      	movs	r1, #0
 80a0acc:	7c00      	ldrb	r0, [r0, #16]
 80a0ace:	f7ff bbd1 	b.w	80a0274 <hal_i2c_peek>

080a0ad2 <_ZN7TwoWire5flushEv>:
}

void TwoWire::flush(void)
{
  hal_i2c_flush(_i2c, NULL);
 80a0ad2:	2100      	movs	r1, #0
 80a0ad4:	7c00      	ldrb	r0, [r0, #16]
 80a0ad6:	f7ff bbd5 	b.w	80a0284 <hal_i2c_flush>

080a0ada <_ZN7TwoWireD0Ev>:
 80a0ada:	b510      	push	{r4, lr}
 80a0adc:	4604      	mov	r4, r0
 80a0ade:	2114      	movs	r1, #20
 80a0ae0:	f000 f9b4 	bl	80a0e4c <_ZdlPvj>
 80a0ae4:	4620      	mov	r0, r4
 80a0ae6:	bd10      	pop	{r4, pc}

080a0ae8 <_ZN7TwoWireC1E19hal_i2c_interface_tRK16hal_i2c_config_t>:
TwoWire::TwoWire(hal_i2c_interface_t i2c, const hal_i2c_config_t& conf)
 80a0ae8:	b510      	push	{r4, lr}
 80a0aea:	f44f 737a 	mov.w	r3, #1000	; 0x3e8
 80a0aee:	4604      	mov	r4, r0
 80a0af0:	4608      	mov	r0, r1
 80a0af2:	2100      	movs	r1, #0
 80a0af4:	e9c4 1301 	strd	r1, r3, [r4, #4]
 80a0af8:	4b03      	ldr	r3, [pc, #12]	; (80a0b08 <_ZN7TwoWireC1E19hal_i2c_interface_tRK16hal_i2c_config_t+0x20>)
  hal_i2c_init(_i2c, &conf);
 80a0afa:	4611      	mov	r1, r2
TwoWire::TwoWire(hal_i2c_interface_t i2c, const hal_i2c_config_t& conf)
 80a0afc:	6023      	str	r3, [r4, #0]
  _i2c = i2c;
 80a0afe:	7420      	strb	r0, [r4, #16]
  hal_i2c_init(_i2c, &conf);
 80a0b00:	f7ff fbd0 	bl	80a02a4 <hal_i2c_init>
}
 80a0b04:	4620      	mov	r0, r4
 80a0b06:	bd10      	pop	{r4, pc}
 80a0b08:	080a1074 	.word	0x080a1074

080a0b0c <_ZN5spark9WiFiClass5readyEv>:
        return network_ready(*this, 0, NULL);
 80a0b0c:	2200      	movs	r2, #0
 80a0b0e:	6840      	ldr	r0, [r0, #4]
 80a0b10:	4611      	mov	r1, r2
 80a0b12:	f7ff bc5d 	b.w	80a03d0 <network_ready>

080a0b16 <_ZN5spark9WiFiClass7resolveEPKc>:
    WLanSelectAntenna_TypeDef getAntenna() {
        return wlan_get_antenna(nullptr);
    }

#if !HAL_USE_INET_HAL_POSIX
    IPAddress resolve(const char* name)
 80a0b16:	b5f0      	push	{r4, r5, r6, r7, lr}
 80a0b18:	4615      	mov	r5, r2
 80a0b1a:	b089      	sub	sp, #36	; 0x24
    {
        HAL_IPAddress ip = {};
 80a0b1c:	2211      	movs	r2, #17
    IPAddress resolve(const char* name)
 80a0b1e:	460e      	mov	r6, r1
 80a0b20:	4604      	mov	r4, r0
        HAL_IPAddress ip = {};
 80a0b22:	2100      	movs	r1, #0
 80a0b24:	a803      	add	r0, sp, #12
 80a0b26:	f000 f9a9 	bl	80a0e7c <memset>
        return (inet_gethostbyname(name, strlen(name), &ip, *this, NULL) != 0) ?
 80a0b2a:	4628      	mov	r0, r5
 80a0b2c:	f000 f9d2 	bl	80a0ed4 <strlen>
 80a0b30:	2700      	movs	r7, #0
 80a0b32:	b281      	uxth	r1, r0
 80a0b34:	6873      	ldr	r3, [r6, #4]
 80a0b36:	4628      	mov	r0, r5
 80a0b38:	9700      	str	r7, [sp, #0]
 80a0b3a:	aa03      	add	r2, sp, #12
 80a0b3c:	f7ff fc04 	bl	80a0348 <inet_gethostbyname>
                IPAddress(uint32_t(0)) : IPAddress(ip);
 80a0b40:	b130      	cbz	r0, 80a0b50 <_ZN5spark9WiFiClass7resolveEPKc+0x3a>
 80a0b42:	4639      	mov	r1, r7
 80a0b44:	4620      	mov	r0, r4
 80a0b46:	f7ff fe41 	bl	80a07cc <_ZN9IPAddressC1Em>
    }
 80a0b4a:	4620      	mov	r0, r4
 80a0b4c:	b009      	add	sp, #36	; 0x24
 80a0b4e:	bdf0      	pop	{r4, r5, r6, r7, pc}
                IPAddress(uint32_t(0)) : IPAddress(ip);
 80a0b50:	4620      	mov	r0, r4
 80a0b52:	a903      	add	r1, sp, #12
 80a0b54:	f7ff fe28 	bl	80a07a8 <_ZN9IPAddressC1ERK16_HAL_IPAddress_t>
 80a0b58:	e7f7      	b.n	80a0b4a <_ZN5spark9WiFiClass7resolveEPKc+0x34>

080a0b5a <_ZN5spark9WiFiClass9listeningEv>:
        return network_listening(*this, 0, NULL);
 80a0b5a:	2200      	movs	r2, #0
 80a0b5c:	6840      	ldr	r0, [r0, #4]
 80a0b5e:	4611      	mov	r1, r2
 80a0b60:	f7ff bc56 	b.w	80a0410 <network_listening>

080a0b64 <_ZN5spark9WiFiClass16getListenTimeoutEv>:
        return network_get_listen_timeout(*this, 0, NULL);
 80a0b64:	2200      	movs	r2, #0
 80a0b66:	6840      	ldr	r0, [r0, #4]
 80a0b68:	4611      	mov	r1, r2
 80a0b6a:	f7ff bc61 	b.w	80a0430 <network_get_listen_timeout>

080a0b6e <_ZN5spark9WiFiClass16setListenTimeoutEt>:
        network_set_listen_timeout(*this, timeout, NULL);
 80a0b6e:	2200      	movs	r2, #0
 80a0b70:	6840      	ldr	r0, [r0, #4]
 80a0b72:	f7ff bc55 	b.w	80a0420 <network_set_listen_timeout>

080a0b76 <_ZN5spark9WiFiClass6listenEb>:
        network_listen(*this, begin ? 0 : 1, NULL);
 80a0b76:	2200      	movs	r2, #0
 80a0b78:	6840      	ldr	r0, [r0, #4]
 80a0b7a:	f081 0101 	eor.w	r1, r1, #1
 80a0b7e:	f7ff bc3f 	b.w	80a0400 <network_listen>

080a0b82 <_ZN5spark9WiFiClass3offEv>:
        network_off(*this, 0, 0, NULL);
 80a0b82:	2300      	movs	r3, #0
 80a0b84:	6840      	ldr	r0, [r0, #4]
 80a0b86:	461a      	mov	r2, r3
 80a0b88:	4619      	mov	r1, r3
 80a0b8a:	f7ff bc31 	b.w	80a03f0 <network_off>

080a0b8e <_ZN5spark9WiFiClass10connectingEv>:
        return network_connecting(*this, 0, NULL);
 80a0b8e:	2200      	movs	r2, #0
 80a0b90:	6840      	ldr	r0, [r0, #4]
 80a0b92:	4611      	mov	r1, r2
 80a0b94:	f7ff bc0c 	b.w	80a03b0 <network_connecting>

080a0b98 <_ZN5spark9WiFiClass10disconnectEv>:
        network_disconnect(*this, NETWORK_DISCONNECT_REASON_USER, NULL);
 80a0b98:	2200      	movs	r2, #0
 80a0b9a:	2102      	movs	r1, #2
 80a0b9c:	6840      	ldr	r0, [r0, #4]
 80a0b9e:	f7ff bc0f 	b.w	80a03c0 <network_disconnect>

080a0ba2 <_ZN5spark9WiFiClass7connectEj>:
        network_connect(*this, flags, 0, NULL);
 80a0ba2:	2300      	movs	r3, #0
 80a0ba4:	6840      	ldr	r0, [r0, #4]
 80a0ba6:	461a      	mov	r2, r3
 80a0ba8:	f7ff bbfa 	b.w	80a03a0 <network_connect>

080a0bac <_GLOBAL__sub_I__ZN10WiFiSignalC2ERK21wlan_connected_info_t>:
    static NetworkClass& from(network_interface_t nif);

    virtual IPAddress resolve(const char* name);

    explicit NetworkClass(network_interface_t iface)
            : iface_(iface) {
 80a0bac:	2204      	movs	r2, #4
 80a0bae:	4b02      	ldr	r3, [pc, #8]	; (80a0bb8 <_GLOBAL__sub_I__ZN10WiFiSignalC2ERK21wlan_connected_info_t+0xc>)
 80a0bb0:	605a      	str	r2, [r3, #4]
            NetworkClass(NETWORK_INTERFACE_WIFI_STA) {
 80a0bb2:	4a02      	ldr	r2, [pc, #8]	; (80a0bbc <_GLOBAL__sub_I__ZN10WiFiSignalC2ERK21wlan_connected_info_t+0x10>)
 80a0bb4:	601a      	str	r2, [r3, #0]
the same way.
*****************************************************************************/

    WiFiClass WiFi;
    // NetworkClass& Network = WiFi;
}
 80a0bb6:	4770      	bx	lr
 80a0bb8:	200004f4 	.word	0x200004f4
 80a0bbc:	080a109c 	.word	0x080a109c

080a0bc0 <_ZN5spark12NetworkClass7connectEj>:
        return Network;
    }
}

void NetworkClass::connect(unsigned flags) {
    network_connect(*this, flags, 0, nullptr);
 80a0bc0:	2300      	movs	r3, #0
 80a0bc2:	6840      	ldr	r0, [r0, #4]
 80a0bc4:	461a      	mov	r2, r3
 80a0bc6:	f7ff bbeb 	b.w	80a03a0 <network_connect>

080a0bca <_ZN5spark12NetworkClass10disconnectEv>:
}

void NetworkClass::disconnect() {
    network_disconnect(*this, NETWORK_DISCONNECT_REASON_USER, nullptr);
 80a0bca:	2200      	movs	r2, #0
 80a0bcc:	2102      	movs	r1, #2
 80a0bce:	6840      	ldr	r0, [r0, #4]
 80a0bd0:	f7ff bbf6 	b.w	80a03c0 <network_disconnect>

080a0bd4 <_ZN5spark12NetworkClass10connectingEv>:
}

bool NetworkClass::connecting() {
    return network_connecting(*this, 0, nullptr);
 80a0bd4:	2200      	movs	r2, #0
 80a0bd6:	6840      	ldr	r0, [r0, #4]
 80a0bd8:	4611      	mov	r1, r2
 80a0bda:	f7ff bbe9 	b.w	80a03b0 <network_connecting>

080a0bde <_ZN5spark12NetworkClass5readyEv>:
}

bool NetworkClass::ready() {
    return network_ready(*this, 0, nullptr);
 80a0bde:	2200      	movs	r2, #0
 80a0be0:	6840      	ldr	r0, [r0, #4]
 80a0be2:	4611      	mov	r1, r2
 80a0be4:	f7ff bbf4 	b.w	80a03d0 <network_ready>

080a0be8 <_ZN5spark12NetworkClass2onEv>:
}

void NetworkClass::on() {
    network_on(*this, 0, 0, nullptr);
 80a0be8:	2300      	movs	r3, #0
 80a0bea:	6840      	ldr	r0, [r0, #4]
 80a0bec:	461a      	mov	r2, r3
 80a0bee:	4619      	mov	r1, r3
 80a0bf0:	f7ff bbf6 	b.w	80a03e0 <network_on>

080a0bf4 <_ZN5spark12NetworkClass3offEv>:
}

void NetworkClass::off() {
    network_off(*this, 0, 0, nullptr);
 80a0bf4:	2300      	movs	r3, #0
 80a0bf6:	6840      	ldr	r0, [r0, #4]
 80a0bf8:	461a      	mov	r2, r3
 80a0bfa:	4619      	mov	r1, r3
 80a0bfc:	f7ff bbf8 	b.w	80a03f0 <network_off>

080a0c00 <_ZN5spark12NetworkClass4isOnEv>:
}

bool NetworkClass::isOn() {
    return network_is_on(*this, nullptr);
 80a0c00:	2100      	movs	r1, #0
 80a0c02:	6840      	ldr	r0, [r0, #4]
 80a0c04:	f7ff bc1c 	b.w	80a0440 <network_is_on>

080a0c08 <_ZN5spark12NetworkClass5isOffEv>:
}

bool NetworkClass::isOff() {
    return network_is_off(*this, nullptr);
 80a0c08:	2100      	movs	r1, #0
 80a0c0a:	6840      	ldr	r0, [r0, #4]
 80a0c0c:	f7ff bc20 	b.w	80a0450 <network_is_off>

080a0c10 <_ZN5spark12NetworkClass6listenEb>:
}

void NetworkClass::listen(bool begin) {
    network_listen(*this, begin ? 0 : 1, nullptr);
 80a0c10:	2200      	movs	r2, #0
 80a0c12:	6840      	ldr	r0, [r0, #4]
 80a0c14:	f081 0101 	eor.w	r1, r1, #1
 80a0c18:	f7ff bbf2 	b.w	80a0400 <network_listen>

080a0c1c <_ZN5spark12NetworkClass16setListenTimeoutEt>:
}

void NetworkClass::setListenTimeout(uint16_t timeout) {
    network_set_listen_timeout(*this, timeout, nullptr);
 80a0c1c:	2200      	movs	r2, #0
 80a0c1e:	6840      	ldr	r0, [r0, #4]
 80a0c20:	f7ff bbfe 	b.w	80a0420 <network_set_listen_timeout>

080a0c24 <_ZN5spark12NetworkClass16getListenTimeoutEv>:
}

uint16_t NetworkClass::getListenTimeout() {
    return network_get_listen_timeout(*this, 0, nullptr);
 80a0c24:	2200      	movs	r2, #0
 80a0c26:	6840      	ldr	r0, [r0, #4]
 80a0c28:	4611      	mov	r1, r2
 80a0c2a:	f7ff bc01 	b.w	80a0430 <network_get_listen_timeout>

080a0c2e <_ZN5spark12NetworkClass9listeningEv>:
}

bool NetworkClass::listening() {
    return network_listening(*this, 0, nullptr);
 80a0c2e:	2200      	movs	r2, #0
 80a0c30:	6840      	ldr	r0, [r0, #4]
 80a0c32:	4611      	mov	r1, r2
 80a0c34:	f7ff bbec 	b.w	80a0410 <network_listening>

080a0c38 <_ZN5spark12NetworkClass7resolveEPKc>:
}

IPAddress NetworkClass::resolve(const char* name) {
 80a0c38:	b570      	push	{r4, r5, r6, lr}
 80a0c3a:	4615      	mov	r5, r2
 80a0c3c:	b08e      	sub	sp, #56	; 0x38
 80a0c3e:	4604      	mov	r4, r0
    IPAddress addr;
 80a0c40:	a808      	add	r0, sp, #32
 80a0c42:	f7ff fda3 	bl	80a078c <_ZN9IPAddressC1Ev>
        HAL_IPAddress ip = {};
 80a0c46:	2211      	movs	r2, #17
 80a0c48:	2100      	movs	r1, #0
 80a0c4a:	a803      	add	r0, sp, #12
 80a0c4c:	f000 f916 	bl	80a0e7c <memset>
        return (inet_gethostbyname(name, strlen(name), &ip, *this, NULL) != 0) ?
 80a0c50:	2600      	movs	r6, #0
 80a0c52:	4628      	mov	r0, r5
 80a0c54:	f000 f93e 	bl	80a0ed4 <strlen>
 80a0c58:	4b0a      	ldr	r3, [pc, #40]	; (80a0c84 <_ZN5spark12NetworkClass7resolveEPKc+0x4c>)
 80a0c5a:	9600      	str	r6, [sp, #0]
 80a0c5c:	b281      	uxth	r1, r0
 80a0c5e:	685b      	ldr	r3, [r3, #4]
 80a0c60:	4628      	mov	r0, r5
 80a0c62:	aa03      	add	r2, sp, #12
 80a0c64:	f7ff fb70 	bl	80a0348 <inet_gethostbyname>
                IPAddress(uint32_t(0)) : IPAddress(ip);
 80a0c68:	b130      	cbz	r0, 80a0c78 <_ZN5spark12NetworkClass7resolveEPKc+0x40>
 80a0c6a:	4631      	mov	r1, r6
 80a0c6c:	4620      	mov	r0, r4
 80a0c6e:	f7ff fdad 	bl	80a07cc <_ZN9IPAddressC1Em>
    return Cellular.resolve(name);
#endif // Wiring_Cellular

#endif // HAL_USE_INET_HAL_POSIX
    return addr;
}
 80a0c72:	4620      	mov	r0, r4
 80a0c74:	b00e      	add	sp, #56	; 0x38
 80a0c76:	bd70      	pop	{r4, r5, r6, pc}
 80a0c78:	4620      	mov	r0, r4
 80a0c7a:	a903      	add	r1, sp, #12
 80a0c7c:	f7ff fd94 	bl	80a07a8 <_ZN9IPAddressC1ERK16_HAL_IPAddress_t>
    virtual ~IPAddress() {}
 80a0c80:	e7f7      	b.n	80a0c72 <_ZN5spark12NetworkClass7resolveEPKc+0x3a>
 80a0c82:	bf00      	nop
 80a0c84:	200004f4 	.word	0x200004f4

080a0c88 <_GLOBAL__sub_I__ZN5spark7NetworkE>:
 80a0c88:	4b02      	ldr	r3, [pc, #8]	; (80a0c94 <_GLOBAL__sub_I__ZN5spark7NetworkE+0xc>)
 80a0c8a:	4a03      	ldr	r2, [pc, #12]	; (80a0c98 <_GLOBAL__sub_I__ZN5spark7NetworkE+0x10>)
 80a0c8c:	601a      	str	r2, [r3, #0]
 80a0c8e:	2200      	movs	r2, #0
 80a0c90:	605a      	str	r2, [r3, #4]

} // spark
 80a0c92:	4770      	bx	lr
 80a0c94:	200004fc 	.word	0x200004fc
 80a0c98:	080a10d8 	.word	0x080a10d8

080a0c9c <__tcf_0>:
        dispose();
    }

    void dispose()
    {
        if (handle_) {
 80a0c9c:	4b02      	ldr	r3, [pc, #8]	; (80a0ca8 <__tcf_0+0xc>)
 80a0c9e:	6898      	ldr	r0, [r3, #8]
 80a0ca0:	b108      	cbz	r0, 80a0ca6 <__tcf_0+0xa>
            os_mutex_recursive_destroy(handle_);
 80a0ca2:	f7ff ba87 	b.w	80a01b4 <os_mutex_recursive_destroy>

template <hal_spi_interface_t Interface>
class SpiProxy {
public:
    static SPIClass& instance() {
        static SPIClass instance(Interface);
 80a0ca6:	4770      	bx	lr
 80a0ca8:	20000508 	.word	0x20000508

080a0cac <pinAvailable>:
/*
 * @brief Perform safety check on desired pin to see if it's already
 * being used.  Return 0 if used, otherwise return 1 if available.
 */
bool pinAvailable(uint16_t pin) {
  if (pin >= TOTAL_PINS) {
 80a0cac:	2817      	cmp	r0, #23
bool pinAvailable(uint16_t pin) {
 80a0cae:	b570      	push	{r4, r5, r6, lr}
 80a0cb0:	4604      	mov	r4, r0
  if (pin >= TOTAL_PINS) {
 80a0cb2:	d901      	bls.n	80a0cb8 <pinAvailable+0xc>
    return false;
 80a0cb4:	2000      	movs	r0, #0
    return false; // 'pin' is used
  }
#endif

  return true; // 'pin' is available
}
 80a0cb6:	bd70      	pop	{r4, r5, r6, pc}
  if((pin == SCK || pin == MOSI || pin == MISO) && hal_spi_is_enabled(SPI.interface()) == true)
 80a0cb8:	f1a0 030d 	sub.w	r3, r0, #13
 80a0cbc:	2b02      	cmp	r3, #2
 80a0cbe:	d90b      	bls.n	80a0cd8 <pinAvailable+0x2c>
  if((pin == SCL || pin == SDA) && hal_i2c_is_enabled(Wire.interface(), nullptr) == true)
 80a0cc0:	2801      	cmp	r0, #1
 80a0cc2:	d824      	bhi.n	80a0d0e <pinAvailable+0x62>
 80a0cc4:	f000 f89e 	bl	80a0e04 <_Z19__fetch_global_Wirev>
 80a0cc8:	2100      	movs	r1, #0
 80a0cca:	7c00      	ldrb	r0, [r0, #16]
 80a0ccc:	f7ff fae2 	bl	80a0294 <hal_i2c_is_enabled>
  if((pin == RX || pin == TX) && hal_usart_is_enabled(Serial1.interface()) == true)
 80a0cd0:	f080 0001 	eor.w	r0, r0, #1
 80a0cd4:	b2c0      	uxtb	r0, r0
 80a0cd6:	e7ee      	b.n	80a0cb6 <pinAvailable+0xa>
 80a0cd8:	4e12      	ldr	r6, [pc, #72]	; (80a0d24 <pinAvailable+0x78>)
 80a0cda:	7831      	ldrb	r1, [r6, #0]
 80a0cdc:	f3bf 8f5b 	dmb	ish
 80a0ce0:	f011 0501 	ands.w	r5, r1, #1
 80a0ce4:	d10d      	bne.n	80a0d02 <pinAvailable+0x56>
 80a0ce6:	4630      	mov	r0, r6
 80a0ce8:	f7ff f9d9 	bl	80a009e <__cxa_guard_acquire>
 80a0cec:	b148      	cbz	r0, 80a0d02 <pinAvailable+0x56>
 80a0cee:	4629      	mov	r1, r5
 80a0cf0:	480d      	ldr	r0, [pc, #52]	; (80a0d28 <pinAvailable+0x7c>)
 80a0cf2:	f7ff fbd5 	bl	80a04a0 <_ZN8SPIClassC1E19hal_spi_interface_t>
 80a0cf6:	4630      	mov	r0, r6
 80a0cf8:	f7ff f9d6 	bl	80a00a8 <__cxa_guard_release>
 80a0cfc:	480b      	ldr	r0, [pc, #44]	; (80a0d2c <pinAvailable+0x80>)
 80a0cfe:	f000 f8a9 	bl	80a0e54 <atexit>
  if((pin == SCK || pin == MOSI || pin == MISO) && hal_spi_is_enabled(SPI.interface()) == true)
 80a0d02:	4b09      	ldr	r3, [pc, #36]	; (80a0d28 <pinAvailable+0x7c>)
 80a0d04:	7818      	ldrb	r0, [r3, #0]
 80a0d06:	f7ff fadf 	bl	80a02c8 <hal_spi_is_enabled>
 80a0d0a:	2800      	cmp	r0, #0
 80a0d0c:	d1d2      	bne.n	80a0cb4 <pinAvailable+0x8>
  if((pin == RX || pin == TX) && hal_usart_is_enabled(Serial1.interface()) == true)
 80a0d0e:	3c12      	subs	r4, #18
 80a0d10:	2c01      	cmp	r4, #1
 80a0d12:	d805      	bhi.n	80a0d20 <pinAvailable+0x74>
 80a0d14:	f7ff fe98 	bl	80a0a48 <_Z22__fetch_global_Serial1v>
 80a0d18:	7c00      	ldrb	r0, [r0, #16]
 80a0d1a:	f7ff fa83 	bl	80a0224 <hal_usart_is_enabled>
 80a0d1e:	e7d7      	b.n	80a0cd0 <pinAvailable+0x24>
  return true; // 'pin' is available
 80a0d20:	2001      	movs	r0, #1
 80a0d22:	e7c8      	b.n	80a0cb6 <pinAvailable+0xa>
 80a0d24:	20000504 	.word	0x20000504
 80a0d28:	20000508 	.word	0x20000508
 80a0d2c:	080a0c9d 	.word	0x080a0c9d

080a0d30 <pinMode>:
  if(pin >= TOTAL_PINS || setMode == PIN_MODE_NONE )
 80a0d30:	2817      	cmp	r0, #23
{
 80a0d32:	b538      	push	{r3, r4, r5, lr}
 80a0d34:	4604      	mov	r4, r0
 80a0d36:	460d      	mov	r5, r1
  if(pin >= TOTAL_PINS || setMode == PIN_MODE_NONE )
 80a0d38:	d80a      	bhi.n	80a0d50 <pinMode+0x20>
 80a0d3a:	29ff      	cmp	r1, #255	; 0xff
 80a0d3c:	d008      	beq.n	80a0d50 <pinMode+0x20>
  if( !pinAvailable(pin) ) {
 80a0d3e:	f7ff ffb5 	bl	80a0cac <pinAvailable>
 80a0d42:	b128      	cbz	r0, 80a0d50 <pinMode+0x20>
  HAL_Pin_Mode(pin, setMode);
 80a0d44:	4629      	mov	r1, r5
 80a0d46:	4620      	mov	r0, r4
}
 80a0d48:	e8bd 4038 	ldmia.w	sp!, {r3, r4, r5, lr}
  HAL_Pin_Mode(pin, setMode);
 80a0d4c:	f7ff b9fa 	b.w	80a0144 <HAL_Pin_Mode>
}
 80a0d50:	bd38      	pop	{r3, r4, r5, pc}

080a0d52 <digitalWrite>:

/*
 * @brief Sets a GPIO pin to HIGH or LOW.
 */
void digitalWrite(pin_t pin, uint8_t value)
{
 80a0d52:	b538      	push	{r3, r4, r5, lr}
 80a0d54:	4604      	mov	r4, r0
 80a0d56:	460d      	mov	r5, r1
    PinMode mode = HAL_Get_Pin_Mode(pin);
 80a0d58:	f7ff f9fc 	bl	80a0154 <HAL_Get_Pin_Mode>
    if (mode==PIN_MODE_NONE || is_input_mode(mode))
 80a0d5c:	28ff      	cmp	r0, #255	; 0xff
 80a0d5e:	d010      	beq.n	80a0d82 <digitalWrite+0x30>
            mode == INPUT_PULLDOWN ||
 80a0d60:	2806      	cmp	r0, #6
 80a0d62:	d804      	bhi.n	80a0d6e <digitalWrite+0x1c>
 80a0d64:	234d      	movs	r3, #77	; 0x4d
 80a0d66:	fa23 f000 	lsr.w	r0, r3, r0
 80a0d6a:	07c3      	lsls	r3, r0, #31
 80a0d6c:	d409      	bmi.n	80a0d82 <digitalWrite+0x30>
        return;
  // Safety check
  if( !pinAvailable(pin) ) {
 80a0d6e:	4620      	mov	r0, r4
 80a0d70:	f7ff ff9c 	bl	80a0cac <pinAvailable>
 80a0d74:	b128      	cbz	r0, 80a0d82 <digitalWrite+0x30>
    return;
  }

  HAL_GPIO_Write(pin, value);
 80a0d76:	4629      	mov	r1, r5
 80a0d78:	4620      	mov	r0, r4
}
 80a0d7a:	e8bd 4038 	ldmia.w	sp!, {r3, r4, r5, lr}
  HAL_GPIO_Write(pin, value);
 80a0d7e:	f7ff b9f1 	b.w	80a0164 <HAL_GPIO_Write>
}
 80a0d82:	bd38      	pop	{r3, r4, r5, pc}

080a0d84 <analogRead>:
 * @brief Read the analog value of a pin.
 * Should return a 16-bit value, 0-65536 (0 = LOW, 65536 = HIGH)
 * Note: ADC is 12-bit. Currently it returns 0-4095
 */
int32_t analogRead(pin_t pin)
{
 80a0d84:	b510      	push	{r4, lr}
 80a0d86:	4604      	mov	r4, r0
  // Allow people to use 0-7 to define analog pins by checking to see if the values are too low.
  if(pin < FIRST_ANALOG_PIN)
 80a0d88:	2809      	cmp	r0, #9
  {
    pin = pin + FIRST_ANALOG_PIN;
 80a0d8a:	bf9c      	itt	ls
 80a0d8c:	340a      	addls	r4, #10
 80a0d8e:	b2a4      	uxthls	r4, r4
  }

  // Safety check
  if( !pinAvailable(pin) ) {
 80a0d90:	4620      	mov	r0, r4
 80a0d92:	f7ff ff8b 	bl	80a0cac <pinAvailable>
 80a0d96:	b150      	cbz	r0, 80a0dae <analogRead+0x2a>
    return LOW;
  }

  if(HAL_Validate_Pin_Function(pin, PF_ADC)!=PF_ADC)
 80a0d98:	2103      	movs	r1, #3
 80a0d9a:	4620      	mov	r0, r4
 80a0d9c:	f7ff f9ca 	bl	80a0134 <HAL_Validate_Pin_Function>
 80a0da0:	2803      	cmp	r0, #3
 80a0da2:	d104      	bne.n	80a0dae <analogRead+0x2a>
  {
    return LOW;
  }

  return hal_adc_read(pin);
 80a0da4:	4620      	mov	r0, r4
}
 80a0da6:	e8bd 4010 	ldmia.w	sp!, {r4, lr}
  return hal_adc_read(pin);
 80a0daa:	f7ff b9e3 	b.w	80a0174 <hal_adc_read>
}
 80a0dae:	2000      	movs	r0, #0
 80a0db0:	bd10      	pop	{r4, pc}
	...

080a0db4 <_GLOBAL__sub_I_INADDR_NONE>:
#include "spark_wiring_ipaddress.h"

#if !HAL_USE_SOCKET_HAL_POSIX
const IPAddress INADDR_NONE(0, 0, 0, 0);
 80a0db4:	2300      	movs	r3, #0
 80a0db6:	b507      	push	{r0, r1, r2, lr}
 80a0db8:	461a      	mov	r2, r3
 80a0dba:	4619      	mov	r1, r3
 80a0dbc:	9300      	str	r3, [sp, #0]
 80a0dbe:	4803      	ldr	r0, [pc, #12]	; (80a0dcc <_GLOBAL__sub_I_INADDR_NONE+0x18>)
 80a0dc0:	f7ff fd1a 	bl	80a07f8 <_ZN9IPAddressC1Ehhhh>
 80a0dc4:	b003      	add	sp, #12
 80a0dc6:	f85d fb04 	ldr.w	pc, [sp], #4
 80a0dca:	bf00      	nop
 80a0dcc:	20000518 	.word	0x20000518

080a0dd0 <__tcf_0>:
}
#endif

TwoWire& __fetch_global_Wire()
{
	static TwoWire wire(HAL_I2C_INTERFACE1, acquireWireBuffer());
 80a0dd0:	4770      	bx	lr
	...

080a0dd4 <_Z17acquireWireBufferv>:
	hal_i2c_config_t config = {
 80a0dd4:	2300      	movs	r3, #0
{
 80a0dd6:	b570      	push	{r4, r5, r6, lr}
	hal_i2c_config_t config = {
 80a0dd8:	2520      	movs	r5, #32
 80a0dda:	8043      	strh	r3, [r0, #2]
 80a0ddc:	2314      	movs	r3, #20
		.rx_buffer = new (std::nothrow) uint8_t[I2C_BUFFER_LENGTH],
 80a0dde:	4e08      	ldr	r6, [pc, #32]	; (80a0e00 <_Z17acquireWireBufferv+0x2c>)
{
 80a0de0:	4604      	mov	r4, r0
	hal_i2c_config_t config = {
 80a0de2:	8003      	strh	r3, [r0, #0]
		.rx_buffer = new (std::nothrow) uint8_t[I2C_BUFFER_LENGTH],
 80a0de4:	4631      	mov	r1, r6
	hal_i2c_config_t config = {
 80a0de6:	6085      	str	r5, [r0, #8]
 80a0de8:	6105      	str	r5, [r0, #16]
		.rx_buffer = new (std::nothrow) uint8_t[I2C_BUFFER_LENGTH],
 80a0dea:	4628      	mov	r0, r5
 80a0dec:	f000 f830 	bl	80a0e50 <_ZnajRKSt9nothrow_t>
		.tx_buffer = new (std::nothrow) uint8_t[I2C_BUFFER_LENGTH],
 80a0df0:	4631      	mov	r1, r6
	};
 80a0df2:	6060      	str	r0, [r4, #4]
		.tx_buffer = new (std::nothrow) uint8_t[I2C_BUFFER_LENGTH],
 80a0df4:	4628      	mov	r0, r5
 80a0df6:	f000 f82b 	bl	80a0e50 <_ZnajRKSt9nothrow_t>
	};
 80a0dfa:	60e0      	str	r0, [r4, #12]
}
 80a0dfc:	4620      	mov	r0, r4
 80a0dfe:	bd70      	pop	{r4, r5, r6, pc}
 80a0e00:	080a110c 	.word	0x080a110c

080a0e04 <_Z19__fetch_global_Wirev>:
{
 80a0e04:	b530      	push	{r4, r5, lr}
	static TwoWire wire(HAL_I2C_INTERFACE1, acquireWireBuffer());
 80a0e06:	4d0e      	ldr	r5, [pc, #56]	; (80a0e40 <_Z19__fetch_global_Wirev+0x3c>)
{
 80a0e08:	b087      	sub	sp, #28
	static TwoWire wire(HAL_I2C_INTERFACE1, acquireWireBuffer());
 80a0e0a:	7829      	ldrb	r1, [r5, #0]
 80a0e0c:	f3bf 8f5b 	dmb	ish
 80a0e10:	f011 0401 	ands.w	r4, r1, #1
 80a0e14:	d111      	bne.n	80a0e3a <_Z19__fetch_global_Wirev+0x36>
 80a0e16:	4628      	mov	r0, r5
 80a0e18:	f7ff f941 	bl	80a009e <__cxa_guard_acquire>
 80a0e1c:	b168      	cbz	r0, 80a0e3a <_Z19__fetch_global_Wirev+0x36>
 80a0e1e:	a801      	add	r0, sp, #4
 80a0e20:	f7ff ffd8 	bl	80a0dd4 <_Z17acquireWireBufferv>
 80a0e24:	4621      	mov	r1, r4
 80a0e26:	aa01      	add	r2, sp, #4
 80a0e28:	4806      	ldr	r0, [pc, #24]	; (80a0e44 <_Z19__fetch_global_Wirev+0x40>)
 80a0e2a:	f7ff fe5d 	bl	80a0ae8 <_ZN7TwoWireC1E19hal_i2c_interface_tRK16hal_i2c_config_t>
 80a0e2e:	4628      	mov	r0, r5
 80a0e30:	f7ff f93a 	bl	80a00a8 <__cxa_guard_release>
 80a0e34:	4804      	ldr	r0, [pc, #16]	; (80a0e48 <_Z19__fetch_global_Wirev+0x44>)
 80a0e36:	f000 f80d 	bl	80a0e54 <atexit>
	return wire;
}
 80a0e3a:	4802      	ldr	r0, [pc, #8]	; (80a0e44 <_Z19__fetch_global_Wirev+0x40>)
 80a0e3c:	b007      	add	sp, #28
 80a0e3e:	bd30      	pop	{r4, r5, pc}
 80a0e40:	20000530 	.word	0x20000530
 80a0e44:	20000534 	.word	0x20000534
 80a0e48:	080a0dd1 	.word	0x080a0dd1

080a0e4c <_ZdlPvj>:
 80a0e4c:	f7ff b925 	b.w	80a009a <_ZdlPv>

080a0e50 <_ZnajRKSt9nothrow_t>:
 80a0e50:	f7ff b921 	b.w	80a0096 <_Znaj>

080a0e54 <atexit>:
 80a0e54:	2300      	movs	r3, #0
 80a0e56:	4601      	mov	r1, r0
 80a0e58:	461a      	mov	r2, r3
 80a0e5a:	4618      	mov	r0, r3
 80a0e5c:	f000 b842 	b.w	80a0ee4 <__register_exitproc>

080a0e60 <memcpy>:
 80a0e60:	440a      	add	r2, r1
 80a0e62:	4291      	cmp	r1, r2
 80a0e64:	f100 33ff 	add.w	r3, r0, #4294967295
 80a0e68:	d100      	bne.n	80a0e6c <memcpy+0xc>
 80a0e6a:	4770      	bx	lr
 80a0e6c:	b510      	push	{r4, lr}
 80a0e6e:	f811 4b01 	ldrb.w	r4, [r1], #1
 80a0e72:	4291      	cmp	r1, r2
 80a0e74:	f803 4f01 	strb.w	r4, [r3, #1]!
 80a0e78:	d1f9      	bne.n	80a0e6e <memcpy+0xe>
 80a0e7a:	bd10      	pop	{r4, pc}

080a0e7c <memset>:
 80a0e7c:	4603      	mov	r3, r0
 80a0e7e:	4402      	add	r2, r0
 80a0e80:	4293      	cmp	r3, r2
 80a0e82:	d100      	bne.n	80a0e86 <memset+0xa>
 80a0e84:	4770      	bx	lr
 80a0e86:	f803 1b01 	strb.w	r1, [r3], #1
 80a0e8a:	e7f9      	b.n	80a0e80 <memset+0x4>

080a0e8c <srand>:
 80a0e8c:	b538      	push	{r3, r4, r5, lr}
 80a0e8e:	4b0d      	ldr	r3, [pc, #52]	; (80a0ec4 <srand+0x38>)
 80a0e90:	4604      	mov	r4, r0
 80a0e92:	681d      	ldr	r5, [r3, #0]
 80a0e94:	6bab      	ldr	r3, [r5, #56]	; 0x38
 80a0e96:	b97b      	cbnz	r3, 80a0eb8 <srand+0x2c>
 80a0e98:	2018      	movs	r0, #24
 80a0e9a:	f7ff fae9 	bl	80a0470 <malloc>
 80a0e9e:	4a0a      	ldr	r2, [pc, #40]	; (80a0ec8 <srand+0x3c>)
 80a0ea0:	4b0a      	ldr	r3, [pc, #40]	; (80a0ecc <srand+0x40>)
 80a0ea2:	63a8      	str	r0, [r5, #56]	; 0x38
 80a0ea4:	e9c0 2300 	strd	r2, r3, [r0]
 80a0ea8:	4b09      	ldr	r3, [pc, #36]	; (80a0ed0 <srand+0x44>)
 80a0eaa:	2201      	movs	r2, #1
 80a0eac:	6083      	str	r3, [r0, #8]
 80a0eae:	230b      	movs	r3, #11
 80a0eb0:	8183      	strh	r3, [r0, #12]
 80a0eb2:	2300      	movs	r3, #0
 80a0eb4:	e9c0 2304 	strd	r2, r3, [r0, #16]
 80a0eb8:	2200      	movs	r2, #0
 80a0eba:	6bab      	ldr	r3, [r5, #56]	; 0x38
 80a0ebc:	611c      	str	r4, [r3, #16]
 80a0ebe:	615a      	str	r2, [r3, #20]
 80a0ec0:	bd38      	pop	{r3, r4, r5, pc}
 80a0ec2:	bf00      	nop
 80a0ec4:	20000004 	.word	0x20000004
 80a0ec8:	abcd330e 	.word	0xabcd330e
 80a0ecc:	e66d1234 	.word	0xe66d1234
 80a0ed0:	0005deec 	.word	0x0005deec

080a0ed4 <strlen>:
 80a0ed4:	4603      	mov	r3, r0
 80a0ed6:	f813 2b01 	ldrb.w	r2, [r3], #1
 80a0eda:	2a00      	cmp	r2, #0
 80a0edc:	d1fb      	bne.n	80a0ed6 <strlen+0x2>
 80a0ede:	1a18      	subs	r0, r3, r0
 80a0ee0:	3801      	subs	r0, #1
 80a0ee2:	4770      	bx	lr

080a0ee4 <__register_exitproc>:
 80a0ee4:	e92d 43f8 	stmdb	sp!, {r3, r4, r5, r6, r7, r8, r9, lr}
 80a0ee8:	f8df 80bc 	ldr.w	r8, [pc, #188]	; 80a0fa8 <__register_exitproc+0xc4>
 80a0eec:	4606      	mov	r6, r0
 80a0eee:	f8d8 0000 	ldr.w	r0, [r8]
 80a0ef2:	461f      	mov	r7, r3
 80a0ef4:	460d      	mov	r5, r1
 80a0ef6:	4691      	mov	r9, r2
 80a0ef8:	f000 f858 	bl	80a0fac <__retarget_lock_acquire_recursive>
 80a0efc:	4b26      	ldr	r3, [pc, #152]	; (80a0f98 <__register_exitproc+0xb4>)
 80a0efe:	681c      	ldr	r4, [r3, #0]
 80a0f00:	b934      	cbnz	r4, 80a0f10 <__register_exitproc+0x2c>
 80a0f02:	4c26      	ldr	r4, [pc, #152]	; (80a0f9c <__register_exitproc+0xb8>)
 80a0f04:	601c      	str	r4, [r3, #0]
 80a0f06:	4b26      	ldr	r3, [pc, #152]	; (80a0fa0 <__register_exitproc+0xbc>)
 80a0f08:	b113      	cbz	r3, 80a0f10 <__register_exitproc+0x2c>
 80a0f0a:	681b      	ldr	r3, [r3, #0]
 80a0f0c:	f8c4 3088 	str.w	r3, [r4, #136]	; 0x88
 80a0f10:	6863      	ldr	r3, [r4, #4]
 80a0f12:	2b1f      	cmp	r3, #31
 80a0f14:	dd07      	ble.n	80a0f26 <__register_exitproc+0x42>
 80a0f16:	f8d8 0000 	ldr.w	r0, [r8]
 80a0f1a:	f000 f849 	bl	80a0fb0 <__retarget_lock_release_recursive>
 80a0f1e:	f04f 30ff 	mov.w	r0, #4294967295
 80a0f22:	e8bd 83f8 	ldmia.w	sp!, {r3, r4, r5, r6, r7, r8, r9, pc}
 80a0f26:	b35e      	cbz	r6, 80a0f80 <__register_exitproc+0x9c>
 80a0f28:	f8d4 0088 	ldr.w	r0, [r4, #136]	; 0x88
 80a0f2c:	b988      	cbnz	r0, 80a0f52 <__register_exitproc+0x6e>
 80a0f2e:	4b1d      	ldr	r3, [pc, #116]	; (80a0fa4 <__register_exitproc+0xc0>)
 80a0f30:	b923      	cbnz	r3, 80a0f3c <__register_exitproc+0x58>
 80a0f32:	f8d8 0000 	ldr.w	r0, [r8]
 80a0f36:	f000 f83a 	bl	80a0fae <__retarget_lock_release>
 80a0f3a:	e7f0      	b.n	80a0f1e <__register_exitproc+0x3a>
 80a0f3c:	f44f 7084 	mov.w	r0, #264	; 0x108
 80a0f40:	f7ff fa96 	bl	80a0470 <malloc>
 80a0f44:	2800      	cmp	r0, #0
 80a0f46:	d0f4      	beq.n	80a0f32 <__register_exitproc+0x4e>
 80a0f48:	2300      	movs	r3, #0
 80a0f4a:	e9c0 3340 	strd	r3, r3, [r0, #256]	; 0x100
 80a0f4e:	f8c4 0088 	str.w	r0, [r4, #136]	; 0x88
 80a0f52:	2201      	movs	r2, #1
 80a0f54:	6863      	ldr	r3, [r4, #4]
 80a0f56:	2e02      	cmp	r6, #2
 80a0f58:	f840 9023 	str.w	r9, [r0, r3, lsl #2]
 80a0f5c:	fa02 f203 	lsl.w	r2, r2, r3
 80a0f60:	eb00 0183 	add.w	r1, r0, r3, lsl #2
 80a0f64:	f8d0 3100 	ldr.w	r3, [r0, #256]	; 0x100
 80a0f68:	ea43 0302 	orr.w	r3, r3, r2
 80a0f6c:	f8c0 3100 	str.w	r3, [r0, #256]	; 0x100
 80a0f70:	f8c1 7080 	str.w	r7, [r1, #128]	; 0x80
 80a0f74:	bf02      	ittt	eq
 80a0f76:	f8d0 3104 	ldreq.w	r3, [r0, #260]	; 0x104
 80a0f7a:	431a      	orreq	r2, r3
 80a0f7c:	f8c0 2104 	streq.w	r2, [r0, #260]	; 0x104
 80a0f80:	6863      	ldr	r3, [r4, #4]
 80a0f82:	f8d8 0000 	ldr.w	r0, [r8]
 80a0f86:	1c5a      	adds	r2, r3, #1
 80a0f88:	3302      	adds	r3, #2
 80a0f8a:	6062      	str	r2, [r4, #4]
 80a0f8c:	f844 5023 	str.w	r5, [r4, r3, lsl #2]
 80a0f90:	f000 f80e 	bl	80a0fb0 <__retarget_lock_release_recursive>
 80a0f94:	2000      	movs	r0, #0
 80a0f96:	e7c4      	b.n	80a0f22 <__register_exitproc+0x3e>
 80a0f98:	200005d4 	.word	0x200005d4
 80a0f9c:	20000548 	.word	0x20000548
 80a0fa0:	00000000 	.word	0x00000000
 80a0fa4:	080a0471 	.word	0x080a0471
 80a0fa8:	20000068 	.word	0x20000068

080a0fac <__retarget_lock_acquire_recursive>:
 80a0fac:	4770      	bx	lr

080a0fae <__retarget_lock_release>:
 80a0fae:	4770      	bx	lr

080a0fb0 <__retarget_lock_release_recursive>:
 80a0fb0:	4770      	bx	lr

080a0fb2 <link_code_end>:
	...

080a0fb4 <dynalib_user>:
 80a0fb4:	001d 080a 005d 080a 0085 080a 0089 080a     ....]...........
 80a0fc4:	0000 0000 794d 4420 7461 2061 7369 203a     ....My Data is: 
 80a0fd4:	3b00 6100 7070 2500 2d59 6d25 252d 5464     .;.app.%Y-%m-%dT
 80a0fe4:	4825 253a 3a4d 5325 7a25 6100 6373 6974     %H:%M:%S%z.ascti
 80a0ff4:	656d 0000                                   me..

080a0ff8 <_ZTV9IPAddress>:
	...
 80a1000:	0759 080a 0749 080a 074b 080a               Y...I...K...

080a100c <_ZTV9USBSerial>:
	...
 80a1014:	0817 080a 087d 080a 0855 080a 04e5 080a     ....}...U.......
 80a1024:	0847 080a 0819 080a 0829 080a 0877 080a     G.......)...w...
 80a1034:	0839 080a 0811 080a                         9.......

080a103c <_ZTV11USARTSerial>:
	...
 80a1044:	09a5 080a 0a0f 080a 09eb 080a 04e5 080a     ................
 80a1054:	09bb 080a 09d7 080a 09c9 080a 09e5 080a     ................
 80a1064:	09a7 080a 09ad 080a                         ........

080a106c <_ZTV7TwoWire>:
	...
 80a1074:	0a91 080a 0adb 080a 0ab3 080a 0a93 080a     ................
 80a1084:	0abb 080a 0ac3 080a 0acb 080a 0ad3 080a     ................

080a1094 <_ZTVN5spark9WiFiClassE>:
	...
 80a109c:	0ba3 080a 0b99 080a 0b8f 080a 0b0d 080a     ................
 80a10ac:	05a5 080a 0b83 080a 0c01 080a 0c09 080a     ................
 80a10bc:	0b77 080a 0b6f 080a 0b65 080a 0b5b 080a     w...o...e...[...
 80a10cc:	0b17 080a                                   ....

080a10d0 <_ZTVN5spark12NetworkClassE>:
	...
 80a10d8:	0bc1 080a 0bcb 080a 0bd5 080a 0bdf 080a     ................
 80a10e8:	0be9 080a 0bf5 080a 0c01 080a 0c09 080a     ................
 80a10f8:	0c11 080a 0c1d 080a 0c25 080a 0c2f 080a     ........%.../...
 80a1108:	0c39 080a                                   9...

080a110c <_ZSt7nothrow>:
	...

080a110d <link_const_variable_data_end>:
 80a110d:	00          	.byte	0x00
	...

080a1110 <link_constructors_location>:
 80a1110:	080a04c1 	.word	0x080a04c1
 80a1114:	080a05b1 	.word	0x080a05b1
 80a1118:	080a05c1 	.word	0x080a05c1
 80a111c:	080a05dd 	.word	0x080a05dd
 80a1120:	080a0bad 	.word	0x080a0bad
 80a1124:	080a0c89 	.word	0x080a0c89
 80a1128:	080a0db5 	.word	0x080a0db5

080a112c <link_constructors_end>:
 80a112c:	00000000 	.word	0x00000000
