
c:/Users/gahym/EE1301/IOT_Labs/Lab2_Sensors_And_Actuators/exercise2/target/2.3.0/photon/exercise2.elf:     file format elf32-littlearm

Sections:
Idx Name          Size      VMA       LMA       File off  Algn
  0 .module_info  00000018  080a0000  080a0000  00010000  2**0
                  CONTENTS, ALLOC, LOAD, READONLY, DATA
  1 .dynalib      00000004  080a0018  080a0018  00010018  2**2
                  CONTENTS, ALLOC, LOAD, READONLY, DATA
  2 .text         00001c50  080a0020  080a0020  00010020  2**3
                  CONTENTS, ALLOC, LOAD, READONLY, CODE
  3 .backup       00000004  40024000  080a1c70  00014000  2**2
                  CONTENTS, ALLOC, LOAD, DATA
  4 .data         0000006c  20000000  080a1c74  00020000  2**2
                  CONTENTS, ALLOC, LOAD, DATA
  5 .bss          00000578  2000006c  2000006c  0003006c  2**2
                  ALLOC
  6 .module_info_suffix 00000028  080a1ce0  080a1ce0  00021ce0  2**0
                  CONTENTS, ALLOC, LOAD, READONLY, DATA
  7 .module_info_crc 00000004  080a1d08  080a1d08  00021d08  2**0
                  CONTENTS, ALLOC, LOAD, READONLY, DATA
  8 .debug_info   000e9258  00000000  00000000  00021d0c  2**0
                  CONTENTS, READONLY, DEBUGGING
  9 .debug_abbrev 00011704  00000000  00000000  0010af64  2**0
                  CONTENTS, READONLY, DEBUGGING
 10 .debug_loc    00012c90  00000000  00000000  0011c668  2**0
                  CONTENTS, READONLY, DEBUGGING
 11 .debug_aranges 00001b98  00000000  00000000  0012f2f8  2**0
                  CONTENTS, READONLY, DEBUGGING
 12 .debug_ranges 00004068  00000000  00000000  00130e90  2**0
                  CONTENTS, READONLY, DEBUGGING
 13 .debug_macro  00024cf5  00000000  00000000  00134ef8  2**0
                  CONTENTS, READONLY, DEBUGGING
 14 .debug_line   00025e2a  00000000  00000000  00159bed  2**0
                  CONTENTS, READONLY, DEBUGGING
 15 .debug_str    000ab177  00000000  00000000  0017fa17  2**0
                  CONTENTS, READONLY, DEBUGGING
 16 .debug_frame  000045f4  00000000  00000000  0022ab90  2**2
                  CONTENTS, READONLY, DEBUGGING

Disassembly of section .text:

080a0020 <module_user_pre_init>:
/**
 * Initializes this user module. Returns the start of the heap.
 */
void* module_user_pre_init() {

    if ( (&link_global_data_start!=&link_global_data_initial_values) && (link_global_data_size != 0))
 80a0020:	4809      	ldr	r0, [pc, #36]	; (80a0048 <module_user_pre_init+0x28>)
 80a0022:	490a      	ldr	r1, [pc, #40]	; (80a004c <module_user_pre_init+0x2c>)
void* module_user_pre_init() {
 80a0024:	b508      	push	{r3, lr}
    if ( (&link_global_data_start!=&link_global_data_initial_values) && (link_global_data_size != 0))
 80a0026:	4288      	cmp	r0, r1
 80a0028:	d005      	beq.n	80a0036 <module_user_pre_init+0x16>
 80a002a:	4a09      	ldr	r2, [pc, #36]	; (80a0050 <module_user_pre_init+0x30>)
 80a002c:	4282      	cmp	r2, r0
 80a002e:	d002      	beq.n	80a0036 <module_user_pre_init+0x16>
    {
        memcpy(&link_global_data_start, &link_global_data_initial_values, link_global_data_size);
 80a0030:	1a12      	subs	r2, r2, r0
 80a0032:	f001 fcb3 	bl	80a199c <memcpy>
    }

    memset(&link_bss_location, 0, link_bss_size );
 80a0036:	4807      	ldr	r0, [pc, #28]	; (80a0054 <module_user_pre_init+0x34>)
 80a0038:	4a07      	ldr	r2, [pc, #28]	; (80a0058 <module_user_pre_init+0x38>)
 80a003a:	2100      	movs	r1, #0
 80a003c:	1a12      	subs	r2, r2, r0
 80a003e:	f001 fcbb 	bl	80a19b8 <memset>
    return &link_heap_start;
}
 80a0042:	4806      	ldr	r0, [pc, #24]	; (80a005c <module_user_pre_init+0x3c>)
 80a0044:	bd08      	pop	{r3, pc}
 80a0046:	bf00      	nop
 80a0048:	20000000 	.word	0x20000000
 80a004c:	080a1c74 	.word	0x080a1c74
 80a0050:	2000006c 	.word	0x2000006c
 80a0054:	2000006c 	.word	0x2000006c
 80a0058:	200005e1 	.word	0x200005e1
 80a005c:	200005e1 	.word	0x200005e1

080a0060 <module_user_init>:
extern constructor_ptr_t link_constructors_location[];
extern constructor_ptr_t link_constructors_end;
#define link_constructors_size   ((unsigned long)&link_constructors_end  -  (unsigned long)&link_constructors_location )

void module_user_init()
{
 80a0060:	b570      	push	{r4, r5, r6, lr}
    module_user_init_hook();
 80a0062:	f000 fc29 	bl	80a08b8 <module_user_init_hook>

    // invoke constructors
    int ctor_num;
    for (ctor_num=0; ctor_num < link_constructors_size/sizeof(constructor_ptr_t); ctor_num++ )
 80a0066:	2500      	movs	r5, #0
 80a0068:	4e05      	ldr	r6, [pc, #20]	; (80a0080 <module_user_init+0x20>)
 80a006a:	4c06      	ldr	r4, [pc, #24]	; (80a0084 <module_user_init+0x24>)
 80a006c:	1ba4      	subs	r4, r4, r6
 80a006e:	08a4      	lsrs	r4, r4, #2
 80a0070:	42a5      	cmp	r5, r4
 80a0072:	d100      	bne.n	80a0076 <module_user_init+0x16>
    {
        link_constructors_location[ctor_num]();
    }
}
 80a0074:	bd70      	pop	{r4, r5, r6, pc}
        link_constructors_location[ctor_num]();
 80a0076:	f856 3b04 	ldr.w	r3, [r6], #4
 80a007a:	4798      	blx	r3
    for (ctor_num=0; ctor_num < link_constructors_size/sizeof(constructor_ptr_t); ctor_num++ )
 80a007c:	3501      	adds	r5, #1
 80a007e:	e7f7      	b.n	80a0070 <module_user_init+0x10>
 80a0080:	080a1c50 	.word	0x080a1c50
 80a0084:	080a1c6c 	.word	0x080a1c6c

080a0088 <module_user_setup>:

/**
 * Export these functions with a fuller name so they don't clash with the setup/loop wrappers in the system module.
 */
void module_user_setup() {
    setup();
 80a0088:	f000 b813 	b.w	80a00b2 <setup>

080a008c <module_user_loop>:
}

void module_user_loop() {
 80a008c:	b508      	push	{r3, lr}
    loop();
 80a008e:	f000 f823 	bl	80a00d8 <loop>
    _post_loop();
}
 80a0092:	e8bd 4008 	ldmia.w	sp!, {r3, lr}
    _post_loop();
 80a0096:	f000 bbc7 	b.w	80a0828 <_post_loop>

080a009a <_Znaj>:
 80a009a:	f000 ba0d 	b.w	80a04b8 <malloc>

080a009e <_ZdlPv>:
	return malloc(size);
}

void operator delete(void *p)
{
	free(p);
 80a009e:	f000 ba13 	b.w	80a04c8 <free>

080a00a2 <__cxa_guard_acquire>:

/* Provide default implemenation for __cxa_guard_acquire() and
 * __cxa_guard_release(). Note: these must be revisited if a multitasking
 * OS is ported to this platform. */
__extension__ typedef int __guard __attribute__((mode (__DI__)));
int __cxa_guard_acquire(__guard *g) {return !*(char *)(g);};
 80a00a2:	7800      	ldrb	r0, [r0, #0]
 80a00a4:	fab0 f080 	clz	r0, r0
 80a00a8:	0940      	lsrs	r0, r0, #5
 80a00aa:	4770      	bx	lr

080a00ac <__cxa_guard_release>:
void __cxa_guard_release (__guard *g) {*(char *)g = 1;};
 80a00ac:	2301      	movs	r3, #1
 80a00ae:	7003      	strb	r3, [r0, #0]
 80a00b0:	4770      	bx	lr

080a00b2 <setup>:
 */

// setup() runs once, when the device is first turned on.
int data;
void setup()
{
 80a00b2:	b508      	push	{r3, lr}
Serial.begin(9600);
 80a00b4:	f000 fd02 	bl	80a0abc <_Z16_fetch_usbserialv>
 80a00b8:	f44f 5116 	mov.w	r1, #9600	; 0x2580
 80a00bc:	f000 fce4 	bl	80a0a88 <_ZN9USBSerial5beginEl>
pinMode(D7, OUTPUT);
 80a00c0:	2101      	movs	r1, #1
 80a00c2:	2007      	movs	r0, #7
 80a00c4:	f000 ff1e 	bl	80a0f04 <pinMode>
pinMode(A0, INPUT);
}
 80a00c8:	e8bd 4008 	ldmia.w	sp!, {r3, lr}
pinMode(A0, INPUT);
 80a00cc:	2100      	movs	r1, #0
 80a00ce:	200a      	movs	r0, #10
 80a00d0:	f000 bf18 	b.w	80a0f04 <pinMode>
 80a00d4:	0000      	movs	r0, r0
	...

080a00d8 <loop>:

void loop()
{
 80a00d8:	b573      	push	{r0, r1, r4, r5, r6, lr}
digitalWrite(D7, HIGH);
 80a00da:	2101      	movs	r1, #1
 80a00dc:	2007      	movs	r0, #7
 80a00de:	f000 ff22 	bl	80a0f26 <digitalWrite>
delay(10);
 80a00e2:	200a      	movs	r0, #10
 80a00e4:	f000 fb60 	bl	80a07a8 <delay>
data = analogRead(A0);
 80a00e8:	200a      	movs	r0, #10
 80a00ea:	f000 ff35 	bl	80a0f58 <analogRead>
 80a00ee:	4d20      	ldr	r5, [pc, #128]	; (80a0170 <loop+0x98>)
digitalWrite(D7, LOW);
 80a00f0:	2100      	movs	r1, #0
data = analogRead(A0);
 80a00f2:	6028      	str	r0, [r5, #0]
digitalWrite(D7, LOW);
 80a00f4:	2007      	movs	r0, #7
 80a00f6:	f000 ff16 	bl	80a0f26 <digitalWrite>
Serial.print(data);
 80a00fa:	f000 fcdf 	bl	80a0abc <_Z16_fetch_usbserialv>
 80a00fe:	682c      	ldr	r4, [r5, #0]
 80a0100:	4606      	mov	r6, r0
// FIXME: avoids 'comparison of constant '0' with boolean expression is always false'
#if __GNUC__ >= 9
#pragma GCC diagnostic push
#pragma GCC diagnostic ignored "-Wbool-compare"
#endif // __GNUC__ >= 9
        if (n < 0 && base == 10) {
 80a0102:	2c00      	cmp	r4, #0
 80a0104:	da2c      	bge.n	80a0160 <loop+0x88>
            t = print('-');
 80a0106:	212d      	movs	r1, #45	; 0x2d
 80a0108:	f000 fa3a 	bl	80a0580 <_ZN5Print5printEc>
            val = -n;
 80a010c:	4261      	negs	r1, r4
            val = n;
        }
#if __GNUC__ >= 9
#pragma GCC diagnostic pop
#endif // __GNUC__ >= 9
        return printNumber(val, base) + t;
 80a010e:	220a      	movs	r2, #10
 80a0110:	4630      	mov	r0, r6
 80a0112:	f000 fa4e 	bl	80a05b2 <_ZN5Print11printNumberEmh>
Serial.print(",");
 80a0116:	f000 fcd1 	bl	80a0abc <_Z16_fetch_usbserialv>
 80a011a:	4916      	ldr	r1, [pc, #88]	; (80a0174 <loop+0x9c>)
 80a011c:	f000 fa2c 	bl	80a0578 <_ZN5Print5printEPKc>
Serial.print((data-620)/12.4);
 80a0120:	f000 fccc 	bl	80a0abc <_Z16_fetch_usbserialv>
 80a0124:	4604      	mov	r4, r0
 80a0126:	6828      	ldr	r0, [r5, #0]
 80a0128:	f5a0 701b 	sub.w	r0, r0, #620	; 0x26c
 80a012c:	f001 f8ce 	bl	80a12cc <__aeabi_i2d>
 80a0130:	a30d      	add	r3, pc, #52	; (adr r3, 80a0168 <loop+0x90>)
 80a0132:	e9d3 2300 	ldrd	r2, r3, [r3]
 80a0136:	f001 fa5d 	bl	80a15f4 <__aeabi_ddiv>
 80a013a:	460b      	mov	r3, r1
 80a013c:	2102      	movs	r1, #2
 80a013e:	4602      	mov	r2, r0
 80a0140:	9100      	str	r1, [sp, #0]
 80a0142:	4620      	mov	r0, r4
 80a0144:	f000 fb12 	bl	80a076c <_ZN5Print5printEdi>
Serial.println(";");
 80a0148:	f000 fcb8 	bl	80a0abc <_Z16_fetch_usbserialv>
 80a014c:	490a      	ldr	r1, [pc, #40]	; (80a0178 <loop+0xa0>)
 80a014e:	f000 fa26 	bl	80a059e <_ZN5Print7printlnEPKc>
delay(490);
 80a0152:	f44f 70f5 	mov.w	r0, #490	; 0x1ea
 80a0156:	b002      	add	sp, #8
 80a0158:	e8bd 4070 	ldmia.w	sp!, {r4, r5, r6, lr}
delay(490);
 80a015c:	f000 bb24 	b.w	80a07a8 <delay>
            val = n;
 80a0160:	4621      	mov	r1, r4
 80a0162:	e7d4      	b.n	80a010e <loop+0x36>
 80a0164:	f3af 8000 	nop.w
 80a0168:	cccccccd 	.word	0xcccccccd
 80a016c:	4028cccc 	.word	0x4028cccc
 80a0170:	2000006c 	.word	0x2000006c
 80a0174:	080a1b04 	.word	0x080a1b04
 80a0178:	080a1b06 	.word	0x080a1b06

080a017c <HAL_Validate_Pin_Function>:
// GNINRAW

DYNALIB_BEGIN(hal_gpio)

DYNALIB_FN(0, hal_gpio, HAL_Pin_Map, Hal_Pin_Info*(void))
DYNALIB_FN(1, hal_gpio, HAL_Validate_Pin_Function, PinFunction(pin_t, PinFunction))
 80a017c:	b508      	push	{r3, lr}
 80a017e:	4b02      	ldr	r3, [pc, #8]	; (80a0188 <HAL_Validate_Pin_Function+0xc>)
 80a0180:	681b      	ldr	r3, [r3, #0]
 80a0182:	685b      	ldr	r3, [r3, #4]
 80a0184:	9301      	str	r3, [sp, #4]
 80a0186:	bd08      	pop	{r3, pc}
 80a0188:	080601b0 	.word	0x080601b0

080a018c <HAL_Pin_Mode>:
DYNALIB_FN(2, hal_gpio, HAL_Pin_Mode, void(pin_t, PinMode))
 80a018c:	b508      	push	{r3, lr}
 80a018e:	4b02      	ldr	r3, [pc, #8]	; (80a0198 <HAL_Pin_Mode+0xc>)
 80a0190:	681b      	ldr	r3, [r3, #0]
 80a0192:	689b      	ldr	r3, [r3, #8]
 80a0194:	9301      	str	r3, [sp, #4]
 80a0196:	bd08      	pop	{r3, pc}
 80a0198:	080601b0 	.word	0x080601b0

080a019c <HAL_Get_Pin_Mode>:
DYNALIB_FN(3, hal_gpio, HAL_Get_Pin_Mode, PinMode(pin_t))
 80a019c:	b508      	push	{r3, lr}
 80a019e:	4b02      	ldr	r3, [pc, #8]	; (80a01a8 <HAL_Get_Pin_Mode+0xc>)
 80a01a0:	681b      	ldr	r3, [r3, #0]
 80a01a2:	68db      	ldr	r3, [r3, #12]
 80a01a4:	9301      	str	r3, [sp, #4]
 80a01a6:	bd08      	pop	{r3, pc}
 80a01a8:	080601b0 	.word	0x080601b0

080a01ac <HAL_GPIO_Write>:
DYNALIB_FN(4, hal_gpio, HAL_GPIO_Write, void(pin_t, uint8_t))
 80a01ac:	b508      	push	{r3, lr}
 80a01ae:	4b02      	ldr	r3, [pc, #8]	; (80a01b8 <HAL_GPIO_Write+0xc>)
 80a01b0:	681b      	ldr	r3, [r3, #0]
 80a01b2:	691b      	ldr	r3, [r3, #16]
 80a01b4:	9301      	str	r3, [sp, #4]
 80a01b6:	bd08      	pop	{r3, pc}
 80a01b8:	080601b0 	.word	0x080601b0

080a01bc <hal_adc_read>:
DYNALIB_FN(8, hal_gpio, HAL_Interrupts_Enable_All, void(void))
DYNALIB_FN(9, hal_gpio, HAL_Interrupts_Disable_All, void(void))

DYNALIB_FN(10, hal_gpio, HAL_DAC_Write, void(pin_t, uint16_t))
DYNALIB_FN(11, hal_gpio, hal_adc_set_sample_time, void(uint8_t))
DYNALIB_FN(12, hal_gpio, hal_adc_read, int32_t(uint16_t))
 80a01bc:	b508      	push	{r3, lr}
 80a01be:	4b02      	ldr	r3, [pc, #8]	; (80a01c8 <hal_adc_read+0xc>)
 80a01c0:	681b      	ldr	r3, [r3, #0]
 80a01c2:	6b1b      	ldr	r3, [r3, #48]	; 0x30
 80a01c4:	9301      	str	r3, [sp, #4]
 80a01c6:	bd08      	pop	{r3, pc}
 80a01c8:	080601b0 	.word	0x080601b0

080a01cc <HAL_RNG_GetRandomNumber>:

DYNALIB_BEGIN(hal)

#if PLATFORM_ID > 3
DYNALIB_FN(0, hal, HAL_RNG_Configuration, void(void))
DYNALIB_FN(1, hal, HAL_RNG_GetRandomNumber, uint32_t(void))
 80a01cc:	b508      	push	{r3, lr}
 80a01ce:	4b02      	ldr	r3, [pc, #8]	; (80a01d8 <HAL_RNG_GetRandomNumber+0xc>)
 80a01d0:	681b      	ldr	r3, [r3, #0]
 80a01d2:	685b      	ldr	r3, [r3, #4]
 80a01d4:	9301      	str	r3, [sp, #4]
 80a01d6:	bd08      	pop	{r3, pc}
 80a01d8:	0806019c 	.word	0x0806019c

080a01dc <HAL_Timer_Get_Milli_Seconds>:
#endif

DYNALIB_FN(BASE_IDX + 0, hal, HAL_Delay_Milliseconds, void(uint32_t))
DYNALIB_FN(BASE_IDX + 1, hal, HAL_Delay_Microseconds, void(uint32_t))
DYNALIB_FN(BASE_IDX + 2, hal, HAL_Timer_Get_Micro_Seconds, system_tick_t(void))
DYNALIB_FN(BASE_IDX + 3, hal, HAL_Timer_Get_Milli_Seconds, system_tick_t(void))
 80a01dc:	b508      	push	{r3, lr}
 80a01de:	4b02      	ldr	r3, [pc, #8]	; (80a01e8 <HAL_Timer_Get_Milli_Seconds+0xc>)
 80a01e0:	681b      	ldr	r3, [r3, #0]
 80a01e2:	695b      	ldr	r3, [r3, #20]
 80a01e4:	9301      	str	r3, [sp, #4]
 80a01e6:	bd08      	pop	{r3, pc}
 80a01e8:	0806019c 	.word	0x0806019c

080a01ec <os_mutex_recursive_create>:
DYNALIB_FN(13, hal_concurrent, os_mutex_destroy, int(os_mutex_t))
DYNALIB_FN(14, hal_concurrent, os_mutex_lock, int(os_mutex_t))
DYNALIB_FN(15, hal_concurrent, os_mutex_trylock, int(os_mutex_t))
DYNALIB_FN(16, hal_concurrent, os_mutex_unlock, int(os_mutex_t))

DYNALIB_FN(17, hal_concurrent, os_mutex_recursive_create, int(os_mutex_recursive_t*))
 80a01ec:	b508      	push	{r3, lr}
 80a01ee:	4b02      	ldr	r3, [pc, #8]	; (80a01f8 <os_mutex_recursive_create+0xc>)
 80a01f0:	681b      	ldr	r3, [r3, #0]
 80a01f2:	6c5b      	ldr	r3, [r3, #68]	; 0x44
 80a01f4:	9301      	str	r3, [sp, #4]
 80a01f6:	bd08      	pop	{r3, pc}
 80a01f8:	080601d0 	.word	0x080601d0

080a01fc <os_mutex_recursive_destroy>:
DYNALIB_FN(18, hal_concurrent, os_mutex_recursive_destroy, int(os_mutex_recursive_t))
 80a01fc:	b508      	push	{r3, lr}
 80a01fe:	4b02      	ldr	r3, [pc, #8]	; (80a0208 <os_mutex_recursive_destroy+0xc>)
 80a0200:	681b      	ldr	r3, [r3, #0]
 80a0202:	6c9b      	ldr	r3, [r3, #72]	; 0x48
 80a0204:	9301      	str	r3, [sp, #4]
 80a0206:	bd08      	pop	{r3, pc}
 80a0208:	080601d0 	.word	0x080601d0

080a020c <hal_usart_init>:
#define BASE_IDX 6 // Base index for all subsequent functions
#else
#define BASE_IDX 0
#endif

DYNALIB_FN(BASE_IDX + 0, hal_usart, hal_usart_init, void(hal_usart_interface_t, hal_usart_ring_buffer_t*, hal_usart_ring_buffer_t*))
 80a020c:	b508      	push	{r3, lr}
 80a020e:	4b02      	ldr	r3, [pc, #8]	; (80a0218 <hal_usart_init+0xc>)
 80a0210:	681b      	ldr	r3, [r3, #0]
 80a0212:	699b      	ldr	r3, [r3, #24]
 80a0214:	9301      	str	r3, [sp, #4]
 80a0216:	bd08      	pop	{r3, pc}
 80a0218:	080601c4 	.word	0x080601c4

080a021c <hal_usart_write>:
DYNALIB_FN(BASE_IDX + 1, hal_usart, hal_usart_begin, void(hal_usart_interface_t, uint32_t))
DYNALIB_FN(BASE_IDX + 2, hal_usart, hal_usart_end, void(hal_usart_interface_t))
DYNALIB_FN(BASE_IDX + 3, hal_usart, hal_usart_write, uint32_t(hal_usart_interface_t, uint8_t))
 80a021c:	b508      	push	{r3, lr}
 80a021e:	4b02      	ldr	r3, [pc, #8]	; (80a0228 <hal_usart_write+0xc>)
 80a0220:	681b      	ldr	r3, [r3, #0]
 80a0222:	6a5b      	ldr	r3, [r3, #36]	; 0x24
 80a0224:	9301      	str	r3, [sp, #4]
 80a0226:	bd08      	pop	{r3, pc}
 80a0228:	080601c4 	.word	0x080601c4

080a022c <hal_usart_available>:
DYNALIB_FN(BASE_IDX + 4, hal_usart, hal_usart_available, int32_t(hal_usart_interface_t))
 80a022c:	b508      	push	{r3, lr}
 80a022e:	4b02      	ldr	r3, [pc, #8]	; (80a0238 <hal_usart_available+0xc>)
 80a0230:	681b      	ldr	r3, [r3, #0]
 80a0232:	6a9b      	ldr	r3, [r3, #40]	; 0x28
 80a0234:	9301      	str	r3, [sp, #4]
 80a0236:	bd08      	pop	{r3, pc}
 80a0238:	080601c4 	.word	0x080601c4

080a023c <hal_usart_read>:
DYNALIB_FN(BASE_IDX + 5, hal_usart, hal_usart_read, int32_t(hal_usart_interface_t))
 80a023c:	b508      	push	{r3, lr}
 80a023e:	4b02      	ldr	r3, [pc, #8]	; (80a0248 <hal_usart_read+0xc>)
 80a0240:	681b      	ldr	r3, [r3, #0]
 80a0242:	6adb      	ldr	r3, [r3, #44]	; 0x2c
 80a0244:	9301      	str	r3, [sp, #4]
 80a0246:	bd08      	pop	{r3, pc}
 80a0248:	080601c4 	.word	0x080601c4

080a024c <hal_usart_peek>:
DYNALIB_FN(BASE_IDX + 6, hal_usart, hal_usart_peek, int32_t(hal_usart_interface_t))
 80a024c:	b508      	push	{r3, lr}
 80a024e:	4b02      	ldr	r3, [pc, #8]	; (80a0258 <hal_usart_peek+0xc>)
 80a0250:	681b      	ldr	r3, [r3, #0]
 80a0252:	6b1b      	ldr	r3, [r3, #48]	; 0x30
 80a0254:	9301      	str	r3, [sp, #4]
 80a0256:	bd08      	pop	{r3, pc}
 80a0258:	080601c4 	.word	0x080601c4

080a025c <hal_usart_flush>:
DYNALIB_FN(BASE_IDX + 7, hal_usart, hal_usart_flush, void(hal_usart_interface_t))
 80a025c:	b508      	push	{r3, lr}
 80a025e:	4b02      	ldr	r3, [pc, #8]	; (80a0268 <hal_usart_flush+0xc>)
 80a0260:	681b      	ldr	r3, [r3, #0]
 80a0262:	6b5b      	ldr	r3, [r3, #52]	; 0x34
 80a0264:	9301      	str	r3, [sp, #4]
 80a0266:	bd08      	pop	{r3, pc}
 80a0268:	080601c4 	.word	0x080601c4

080a026c <hal_usart_is_enabled>:
DYNALIB_FN(BASE_IDX + 8, hal_usart, hal_usart_is_enabled, bool(hal_usart_interface_t))
 80a026c:	b508      	push	{r3, lr}
 80a026e:	4b02      	ldr	r3, [pc, #8]	; (80a0278 <hal_usart_is_enabled+0xc>)
 80a0270:	681b      	ldr	r3, [r3, #0]
 80a0272:	6b9b      	ldr	r3, [r3, #56]	; 0x38
 80a0274:	9301      	str	r3, [sp, #4]
 80a0276:	bd08      	pop	{r3, pc}
 80a0278:	080601c4 	.word	0x080601c4

080a027c <hal_usart_available_data_for_write>:
DYNALIB_FN(BASE_IDX + 9, hal_usart, hal_usart_half_duplex, void(hal_usart_interface_t, bool))
DYNALIB_FN(BASE_IDX + 10, hal_usart, hal_usart_available_data_for_write, int32_t(hal_usart_interface_t))
 80a027c:	b508      	push	{r3, lr}
 80a027e:	4b02      	ldr	r3, [pc, #8]	; (80a0288 <hal_usart_available_data_for_write+0xc>)
 80a0280:	681b      	ldr	r3, [r3, #0]
 80a0282:	6c1b      	ldr	r3, [r3, #64]	; 0x40
 80a0284:	9301      	str	r3, [sp, #4]
 80a0286:	bd08      	pop	{r3, pc}
 80a0288:	080601c4 	.word	0x080601c4

080a028c <hal_i2c_write>:
DYNALIB_FN(BASE_IDX + 3, hal_i2c, hal_i2c_begin, void(hal_i2c_interface_t, hal_i2c_mode_t, uint8_t, void*))
DYNALIB_FN(BASE_IDX + 4, hal_i2c, hal_i2c_end, void(hal_i2c_interface_t, void*))
DYNALIB_FN(BASE_IDX + 5, hal_i2c, hal_i2c_request, uint32_t(hal_i2c_interface_t, uint8_t, uint8_t, uint8_t, void*))
DYNALIB_FN(BASE_IDX + 6, hal_i2c, hal_i2c_begin_transmission, void(hal_i2c_interface_t, uint8_t, const hal_i2c_transmission_config_t*))
DYNALIB_FN(BASE_IDX + 7, hal_i2c, hal_i2c_end_transmission, uint8_t(hal_i2c_interface_t, uint8_t, void*))
DYNALIB_FN(BASE_IDX + 8, hal_i2c, hal_i2c_write, uint32_t(hal_i2c_interface_t, uint8_t, void*))
 80a028c:	b508      	push	{r3, lr}
 80a028e:	4b02      	ldr	r3, [pc, #8]	; (80a0298 <hal_i2c_write+0xc>)
 80a0290:	681b      	ldr	r3, [r3, #0]
 80a0292:	6e1b      	ldr	r3, [r3, #96]	; 0x60
 80a0294:	9301      	str	r3, [sp, #4]
 80a0296:	bd08      	pop	{r3, pc}
 80a0298:	080601ac 	.word	0x080601ac

080a029c <hal_i2c_available>:
DYNALIB_FN(BASE_IDX + 9, hal_i2c, hal_i2c_available, int32_t(hal_i2c_interface_t, void*))
 80a029c:	b508      	push	{r3, lr}
 80a029e:	4b02      	ldr	r3, [pc, #8]	; (80a02a8 <hal_i2c_available+0xc>)
 80a02a0:	681b      	ldr	r3, [r3, #0]
 80a02a2:	6e5b      	ldr	r3, [r3, #100]	; 0x64
 80a02a4:	9301      	str	r3, [sp, #4]
 80a02a6:	bd08      	pop	{r3, pc}
 80a02a8:	080601ac 	.word	0x080601ac

080a02ac <hal_i2c_read>:
DYNALIB_FN(BASE_IDX + 10, hal_i2c, hal_i2c_read, int32_t(hal_i2c_interface_t, void*))
 80a02ac:	b508      	push	{r3, lr}
 80a02ae:	4b02      	ldr	r3, [pc, #8]	; (80a02b8 <hal_i2c_read+0xc>)
 80a02b0:	681b      	ldr	r3, [r3, #0]
 80a02b2:	6e9b      	ldr	r3, [r3, #104]	; 0x68
 80a02b4:	9301      	str	r3, [sp, #4]
 80a02b6:	bd08      	pop	{r3, pc}
 80a02b8:	080601ac 	.word	0x080601ac

080a02bc <hal_i2c_peek>:
DYNALIB_FN(BASE_IDX + 11, hal_i2c, hal_i2c_peek, int32_t(hal_i2c_interface_t, void*))
 80a02bc:	b508      	push	{r3, lr}
 80a02be:	4b02      	ldr	r3, [pc, #8]	; (80a02c8 <hal_i2c_peek+0xc>)
 80a02c0:	681b      	ldr	r3, [r3, #0]
 80a02c2:	6edb      	ldr	r3, [r3, #108]	; 0x6c
 80a02c4:	9301      	str	r3, [sp, #4]
 80a02c6:	bd08      	pop	{r3, pc}
 80a02c8:	080601ac 	.word	0x080601ac

080a02cc <hal_i2c_flush>:
DYNALIB_FN(BASE_IDX + 12, hal_i2c, hal_i2c_flush, void(hal_i2c_interface_t, void*))
 80a02cc:	b508      	push	{r3, lr}
 80a02ce:	4b02      	ldr	r3, [pc, #8]	; (80a02d8 <hal_i2c_flush+0xc>)
 80a02d0:	681b      	ldr	r3, [r3, #0]
 80a02d2:	6f1b      	ldr	r3, [r3, #112]	; 0x70
 80a02d4:	9301      	str	r3, [sp, #4]
 80a02d6:	bd08      	pop	{r3, pc}
 80a02d8:	080601ac 	.word	0x080601ac

080a02dc <hal_i2c_is_enabled>:
DYNALIB_FN(BASE_IDX + 13, hal_i2c, hal_i2c_is_enabled, bool(hal_i2c_interface_t, void*))
 80a02dc:	b508      	push	{r3, lr}
 80a02de:	4b02      	ldr	r3, [pc, #8]	; (80a02e8 <hal_i2c_is_enabled+0xc>)
 80a02e0:	681b      	ldr	r3, [r3, #0]
 80a02e2:	6f5b      	ldr	r3, [r3, #116]	; 0x74
 80a02e4:	9301      	str	r3, [sp, #4]
 80a02e6:	bd08      	pop	{r3, pc}
 80a02e8:	080601ac 	.word	0x080601ac

080a02ec <hal_i2c_init>:
DYNALIB_FN(BASE_IDX + 14, hal_i2c, hal_i2c_set_callback_on_received, void(hal_i2c_interface_t, void(*)(int), void*))
DYNALIB_FN(BASE_IDX + 15, hal_i2c, hal_i2c_set_callback_on_requested, void(hal_i2c_interface_t, void(*)(void), void*))
DYNALIB_FN(BASE_IDX + 16, hal_i2c, hal_i2c_init, int(hal_i2c_interface_t, const hal_i2c_config_t*))
 80a02ec:	b508      	push	{r3, lr}
 80a02ee:	4b03      	ldr	r3, [pc, #12]	; (80a02fc <hal_i2c_init+0x10>)
 80a02f0:	681b      	ldr	r3, [r3, #0]
 80a02f2:	f8d3 3080 	ldr.w	r3, [r3, #128]	; 0x80
 80a02f6:	9301      	str	r3, [sp, #4]
 80a02f8:	bd08      	pop	{r3, pc}
 80a02fa:	0000      	.short	0x0000
 80a02fc:	080601ac 	.word	0x080601ac

080a0300 <hal_spi_init>:
DYNALIB_FN(2, hal_spi, hal_spi_set_bit_order, void(hal_spi_interface_t, uint8_t))
DYNALIB_FN(3, hal_spi, hal_spi_set_data_mode, void(hal_spi_interface_t, uint8_t))
DYNALIB_FN(4, hal_spi, hal_spi_set_clock_divider, void(hal_spi_interface_t, uint8_t))
DYNALIB_FN(5, hal_spi, hal_spi_transfer, uint16_t(hal_spi_interface_t, uint16_t))
DYNALIB_FN(6, hal_spi, hal_spi_is_enabled_deprecated, bool(void))
DYNALIB_FN(7, hal_spi, hal_spi_init, void(hal_spi_interface_t))
 80a0300:	b508      	push	{r3, lr}
 80a0302:	4b02      	ldr	r3, [pc, #8]	; (80a030c <hal_spi_init+0xc>)
 80a0304:	681b      	ldr	r3, [r3, #0]
 80a0306:	69db      	ldr	r3, [r3, #28]
 80a0308:	9301      	str	r3, [sp, #4]
 80a030a:	bd08      	pop	{r3, pc}
 80a030c:	080601b4 	.word	0x080601b4

080a0310 <hal_spi_is_enabled>:
DYNALIB_FN(8, hal_spi, hal_spi_is_enabled, bool(hal_spi_interface_t))
 80a0310:	b508      	push	{r3, lr}
 80a0312:	4b02      	ldr	r3, [pc, #8]	; (80a031c <hal_spi_is_enabled+0xc>)
 80a0314:	681b      	ldr	r3, [r3, #0]
 80a0316:	6a1b      	ldr	r3, [r3, #32]
 80a0318:	9301      	str	r3, [sp, #4]
 80a031a:	bd08      	pop	{r3, pc}
 80a031c:	080601b4 	.word	0x080601b4

080a0320 <HAL_USB_USART_Init>:
#endif

DYNALIB_BEGIN(hal_usb)

#ifdef USB_CDC_ENABLE
DYNALIB_FN(0, hal_usb, HAL_USB_USART_Init, void(HAL_USB_USART_Serial, const HAL_USB_USART_Config*))
 80a0320:	b508      	push	{r3, lr}
 80a0322:	4b02      	ldr	r3, [pc, #8]	; (80a032c <HAL_USB_USART_Init+0xc>)
 80a0324:	681b      	ldr	r3, [r3, #0]
 80a0326:	681b      	ldr	r3, [r3, #0]
 80a0328:	9301      	str	r3, [sp, #4]
 80a032a:	bd08      	pop	{r3, pc}
 80a032c:	080601d8 	.word	0x080601d8

080a0330 <HAL_USB_USART_Begin>:
DYNALIB_FN(1, hal_usb, HAL_USB_USART_Begin, void(HAL_USB_USART_Serial, uint32_t, void *))
 80a0330:	b508      	push	{r3, lr}
 80a0332:	4b02      	ldr	r3, [pc, #8]	; (80a033c <HAL_USB_USART_Begin+0xc>)
 80a0334:	681b      	ldr	r3, [r3, #0]
 80a0336:	685b      	ldr	r3, [r3, #4]
 80a0338:	9301      	str	r3, [sp, #4]
 80a033a:	bd08      	pop	{r3, pc}
 80a033c:	080601d8 	.word	0x080601d8

080a0340 <HAL_USB_USART_Available_Data>:
DYNALIB_FN(2, hal_usb, HAL_USB_USART_End, void(HAL_USB_USART_Serial))
DYNALIB_FN(3, hal_usb, HAL_USB_USART_Baud_Rate, unsigned int(HAL_USB_USART_Serial))
DYNALIB_FN(4, hal_usb, HAL_USB_USART_Available_Data, int32_t(HAL_USB_USART_Serial))
 80a0340:	b508      	push	{r3, lr}
 80a0342:	4b02      	ldr	r3, [pc, #8]	; (80a034c <HAL_USB_USART_Available_Data+0xc>)
 80a0344:	681b      	ldr	r3, [r3, #0]
 80a0346:	691b      	ldr	r3, [r3, #16]
 80a0348:	9301      	str	r3, [sp, #4]
 80a034a:	bd08      	pop	{r3, pc}
 80a034c:	080601d8 	.word	0x080601d8

080a0350 <HAL_USB_USART_Available_Data_For_Write>:
DYNALIB_FN(5, hal_usb, HAL_USB_USART_Available_Data_For_Write, int32_t(HAL_USB_USART_Serial))
 80a0350:	b508      	push	{r3, lr}
 80a0352:	4b02      	ldr	r3, [pc, #8]	; (80a035c <HAL_USB_USART_Available_Data_For_Write+0xc>)
 80a0354:	681b      	ldr	r3, [r3, #0]
 80a0356:	695b      	ldr	r3, [r3, #20]
 80a0358:	9301      	str	r3, [sp, #4]
 80a035a:	bd08      	pop	{r3, pc}
 80a035c:	080601d8 	.word	0x080601d8

080a0360 <HAL_USB_USART_Receive_Data>:
DYNALIB_FN(6, hal_usb, HAL_USB_USART_Receive_Data, int32_t(HAL_USB_USART_Serial, uint8_t))
 80a0360:	b508      	push	{r3, lr}
 80a0362:	4b02      	ldr	r3, [pc, #8]	; (80a036c <HAL_USB_USART_Receive_Data+0xc>)
 80a0364:	681b      	ldr	r3, [r3, #0]
 80a0366:	699b      	ldr	r3, [r3, #24]
 80a0368:	9301      	str	r3, [sp, #4]
 80a036a:	bd08      	pop	{r3, pc}
 80a036c:	080601d8 	.word	0x080601d8

080a0370 <HAL_USB_USART_Send_Data>:
DYNALIB_FN(7, hal_usb, HAL_USB_USART_Send_Data, int32_t(HAL_USB_USART_Serial, uint8_t))
 80a0370:	b508      	push	{r3, lr}
 80a0372:	4b02      	ldr	r3, [pc, #8]	; (80a037c <HAL_USB_USART_Send_Data+0xc>)
 80a0374:	681b      	ldr	r3, [r3, #0]
 80a0376:	69db      	ldr	r3, [r3, #28]
 80a0378:	9301      	str	r3, [sp, #4]
 80a037a:	bd08      	pop	{r3, pc}
 80a037c:	080601d8 	.word	0x080601d8

080a0380 <HAL_USB_USART_Flush_Data>:
DYNALIB_FN(8, hal_usb, HAL_USB_USART_Flush_Data, void(HAL_USB_USART_Serial))
 80a0380:	b508      	push	{r3, lr}
 80a0382:	4b02      	ldr	r3, [pc, #8]	; (80a038c <HAL_USB_USART_Flush_Data+0xc>)
 80a0384:	681b      	ldr	r3, [r3, #0]
 80a0386:	6a1b      	ldr	r3, [r3, #32]
 80a0388:	9301      	str	r3, [sp, #4]
 80a038a:	bd08      	pop	{r3, pc}
 80a038c:	080601d8 	.word	0x080601d8

080a0390 <inet_gethostbyname>:
DYNALIB_FN(14, hal_wlan, wlan_set_error_count, void(uint32_t))
DYNALIB_FN(15, hal_wlan, wlan_fetch_ipconfig, int(WLanConfig*))
DYNALIB_FN(16, hal_wlan, wlan_setup, void(void))

DYNALIB_FN(17, hal_wlan, HAL_NET_SetNetWatchDog, uint32_t(uint32_t))
DYNALIB_FN(18, hal_wlan, inet_gethostbyname, int(const char*, uint16_t, HAL_IPAddress*, network_interface_t, void*))
 80a0390:	b508      	push	{r3, lr}
 80a0392:	4b02      	ldr	r3, [pc, #8]	; (80a039c <inet_gethostbyname+0xc>)
 80a0394:	681b      	ldr	r3, [r3, #0]
 80a0396:	6c9b      	ldr	r3, [r3, #72]	; 0x48
 80a0398:	9301      	str	r3, [sp, #4]
 80a039a:	bd08      	pop	{r3, pc}
 80a039c:	080601c0 	.word	0x080601c0

080a03a0 <set_system_mode>:
#endif

DYNALIB_BEGIN(system)

DYNALIB_FN(0, system, system_mode, System_Mode_TypeDef(void))
DYNALIB_FN(1, system, set_system_mode, void(System_Mode_TypeDef))
 80a03a0:	b508      	push	{r3, lr}
 80a03a2:	4b02      	ldr	r3, [pc, #8]	; (80a03ac <set_system_mode+0xc>)
 80a03a4:	681b      	ldr	r3, [r3, #0]
 80a03a6:	685b      	ldr	r3, [r3, #4]
 80a03a8:	9301      	str	r3, [sp, #4]
 80a03aa:	bd08      	pop	{r3, pc}
 80a03ac:	080601a4 	.word	0x080601a4

080a03b0 <system_delay_ms>:

DYNALIB_FN(2, system, set_ymodem_serial_flash_update_handler, void(ymodem_serial_flash_update_handler))
DYNALIB_FN(3, system, system_firmwareUpdate, bool(Stream*, void*))
DYNALIB_FN(4, system, system_fileTransfer, bool(system_file_transfer_t*, void*))

DYNALIB_FN(5, system, system_delay_ms, void(unsigned long, bool))
 80a03b0:	b508      	push	{r3, lr}
 80a03b2:	4b02      	ldr	r3, [pc, #8]	; (80a03bc <system_delay_ms+0xc>)
 80a03b4:	681b      	ldr	r3, [r3, #0]
 80a03b6:	695b      	ldr	r3, [r3, #20]
 80a03b8:	9301      	str	r3, [sp, #4]
 80a03ba:	bd08      	pop	{r3, pc}
 80a03bc:	080601a4 	.word	0x080601a4

080a03c0 <system_ctrl_set_app_request_handler>:
DYNALIB_FN(BASE_IDX + 6, system, led_pattern_period, uint16_t(int, int, void*))
DYNALIB_FN(BASE_IDX + 7, system, system_set_tester_handlers, int(system_tester_handlers_t*, void*))
DYNALIB_FN(BASE_IDX + 8, system, system_format_diag_data, int(const uint16_t*, size_t, unsigned, appender_fn, void*, void*))

// Control requests
DYNALIB_FN(BASE_IDX + 9, system, system_ctrl_set_app_request_handler, int(ctrl_request_handler_fn, void*))
 80a03c0:	b508      	push	{r3, lr}
 80a03c2:	4b03      	ldr	r3, [pc, #12]	; (80a03d0 <system_ctrl_set_app_request_handler+0x10>)
 80a03c4:	681b      	ldr	r3, [r3, #0]
 80a03c6:	f8d3 3090 	ldr.w	r3, [r3, #144]	; 0x90
 80a03ca:	9301      	str	r3, [sp, #4]
 80a03cc:	bd08      	pop	{r3, pc}
 80a03ce:	0000      	.short	0x0000
 80a03d0:	080601a4 	.word	0x080601a4

080a03d4 <system_ctrl_set_result>:
DYNALIB_FN(BASE_IDX + 10, system, system_ctrl_alloc_reply_data, int(ctrl_request*, size_t, void*))
DYNALIB_FN(BASE_IDX + 11, system, system_ctrl_free_request_data, void(ctrl_request*, void*))
DYNALIB_FN(BASE_IDX + 12, system, system_ctrl_set_result, void(ctrl_request*, int, ctrl_completion_handler_fn, void*, void*))
 80a03d4:	b508      	push	{r3, lr}
 80a03d6:	4b03      	ldr	r3, [pc, #12]	; (80a03e4 <system_ctrl_set_result+0x10>)
 80a03d8:	681b      	ldr	r3, [r3, #0]
 80a03da:	f8d3 309c 	ldr.w	r3, [r3, #156]	; 0x9c
 80a03de:	9301      	str	r3, [sp, #4]
 80a03e0:	bd08      	pop	{r3, pc}
 80a03e2:	0000      	.short	0x0000
 80a03e4:	080601a4 	.word	0x080601a4

080a03e8 <network_connect>:
#endif

DYNALIB_BEGIN(system_net)

DYNALIB_FN(0, system_net, network_config, const void*(network_handle_t, uint32_t, void*))
DYNALIB_FN(1, system_net, network_connect, void(network_handle_t, uint32_t, uint32_t, void*))
 80a03e8:	b508      	push	{r3, lr}
 80a03ea:	4b02      	ldr	r3, [pc, #8]	; (80a03f4 <network_connect+0xc>)
 80a03ec:	681b      	ldr	r3, [r3, #0]
 80a03ee:	685b      	ldr	r3, [r3, #4]
 80a03f0:	9301      	str	r3, [sp, #4]
 80a03f2:	bd08      	pop	{r3, pc}
 80a03f4:	080601c8 	.word	0x080601c8

080a03f8 <network_connecting>:
DYNALIB_FN(2, system_net, network_connecting, bool(network_handle_t, uint32_t, void*))
 80a03f8:	b508      	push	{r3, lr}
 80a03fa:	4b02      	ldr	r3, [pc, #8]	; (80a0404 <network_connecting+0xc>)
 80a03fc:	681b      	ldr	r3, [r3, #0]
 80a03fe:	689b      	ldr	r3, [r3, #8]
 80a0400:	9301      	str	r3, [sp, #4]
 80a0402:	bd08      	pop	{r3, pc}
 80a0404:	080601c8 	.word	0x080601c8

080a0408 <network_disconnect>:
DYNALIB_FN(3, system_net, network_disconnect, void(network_handle_t, uint32_t, void*))
 80a0408:	b508      	push	{r3, lr}
 80a040a:	4b02      	ldr	r3, [pc, #8]	; (80a0414 <network_disconnect+0xc>)
 80a040c:	681b      	ldr	r3, [r3, #0]
 80a040e:	68db      	ldr	r3, [r3, #12]
 80a0410:	9301      	str	r3, [sp, #4]
 80a0412:	bd08      	pop	{r3, pc}
 80a0414:	080601c8 	.word	0x080601c8

080a0418 <network_ready>:
DYNALIB_FN(4, system_net, network_ready, bool(network_handle_t, uint32_t, void*))
 80a0418:	b508      	push	{r3, lr}
 80a041a:	4b02      	ldr	r3, [pc, #8]	; (80a0424 <network_ready+0xc>)
 80a041c:	681b      	ldr	r3, [r3, #0]
 80a041e:	691b      	ldr	r3, [r3, #16]
 80a0420:	9301      	str	r3, [sp, #4]
 80a0422:	bd08      	pop	{r3, pc}
 80a0424:	080601c8 	.word	0x080601c8

080a0428 <network_on>:
DYNALIB_FN(5, system_net, network_on, void(network_handle_t, uint32_t, uint32_t, void*))
 80a0428:	b508      	push	{r3, lr}
 80a042a:	4b02      	ldr	r3, [pc, #8]	; (80a0434 <network_on+0xc>)
 80a042c:	681b      	ldr	r3, [r3, #0]
 80a042e:	695b      	ldr	r3, [r3, #20]
 80a0430:	9301      	str	r3, [sp, #4]
 80a0432:	bd08      	pop	{r3, pc}
 80a0434:	080601c8 	.word	0x080601c8

080a0438 <network_off>:
DYNALIB_FN(6, system_net, network_off, void(network_handle_t, uint32_t, uint32_t, void*))
 80a0438:	b508      	push	{r3, lr}
 80a043a:	4b02      	ldr	r3, [pc, #8]	; (80a0444 <network_off+0xc>)
 80a043c:	681b      	ldr	r3, [r3, #0]
 80a043e:	699b      	ldr	r3, [r3, #24]
 80a0440:	9301      	str	r3, [sp, #4]
 80a0442:	bd08      	pop	{r3, pc}
 80a0444:	080601c8 	.word	0x080601c8

080a0448 <network_listen>:
DYNALIB_FN(7, system_net, network_listen, void(network_handle_t, uint32_t, void*))
 80a0448:	b508      	push	{r3, lr}
 80a044a:	4b02      	ldr	r3, [pc, #8]	; (80a0454 <network_listen+0xc>)
 80a044c:	681b      	ldr	r3, [r3, #0]
 80a044e:	69db      	ldr	r3, [r3, #28]
 80a0450:	9301      	str	r3, [sp, #4]
 80a0452:	bd08      	pop	{r3, pc}
 80a0454:	080601c8 	.word	0x080601c8

080a0458 <network_listening>:
DYNALIB_FN(8, system_net, network_listening, bool(network_handle_t, uint32_t, void*))
 80a0458:	b508      	push	{r3, lr}
 80a045a:	4b02      	ldr	r3, [pc, #8]	; (80a0464 <network_listening+0xc>)
 80a045c:	681b      	ldr	r3, [r3, #0]
 80a045e:	6a1b      	ldr	r3, [r3, #32]
 80a0460:	9301      	str	r3, [sp, #4]
 80a0462:	bd08      	pop	{r3, pc}
 80a0464:	080601c8 	.word	0x080601c8

080a0468 <network_set_listen_timeout>:
DYNALIB_FN(9, system_net, network_has_credentials, bool(network_handle_t, uint32_t, void*))
DYNALIB_FN(10, system_net, network_set_credentials, int(network_handle_t, uint32_t, NetworkCredentials*, void*))
DYNALIB_FN(11, system_net, network_clear_credentials, bool(network_handle_t, uint32_t, NetworkCredentials*, void*))
DYNALIB_FN(12, system_net, network_set_listen_timeout, void(network_handle_t, uint16_t, void*))
 80a0468:	b508      	push	{r3, lr}
 80a046a:	4b02      	ldr	r3, [pc, #8]	; (80a0474 <network_set_listen_timeout+0xc>)
 80a046c:	681b      	ldr	r3, [r3, #0]
 80a046e:	6b1b      	ldr	r3, [r3, #48]	; 0x30
 80a0470:	9301      	str	r3, [sp, #4]
 80a0472:	bd08      	pop	{r3, pc}
 80a0474:	080601c8 	.word	0x080601c8

080a0478 <network_get_listen_timeout>:
DYNALIB_FN(13, system_net, network_get_listen_timeout, uint16_t(network_handle_t, uint32_t, void*))
 80a0478:	b508      	push	{r3, lr}
 80a047a:	4b02      	ldr	r3, [pc, #8]	; (80a0484 <network_get_listen_timeout+0xc>)
 80a047c:	681b      	ldr	r3, [r3, #0]
 80a047e:	6b5b      	ldr	r3, [r3, #52]	; 0x34
 80a0480:	9301      	str	r3, [sp, #4]
 80a0482:	bd08      	pop	{r3, pc}
 80a0484:	080601c8 	.word	0x080601c8

080a0488 <network_is_on>:
DYNALIB_FN(14, system_net, network_set_hostname, int(network_handle_t, uint32_t, const char*, void*))
DYNALIB_FN(15, system_net, network_get_hostname, int(network_handle_t, uint32_t, char*, size_t, void*))
DYNALIB_FN(16, system_net, network_is_on, bool(network_handle_t, void*))
 80a0488:	b508      	push	{r3, lr}
 80a048a:	4b02      	ldr	r3, [pc, #8]	; (80a0494 <network_is_on+0xc>)
 80a048c:	681b      	ldr	r3, [r3, #0]
 80a048e:	6c1b      	ldr	r3, [r3, #64]	; 0x40
 80a0490:	9301      	str	r3, [sp, #4]
 80a0492:	bd08      	pop	{r3, pc}
 80a0494:	080601c8 	.word	0x080601c8

080a0498 <network_is_off>:
DYNALIB_FN(17, system_net, network_is_off, bool(network_handle_t, void*))
 80a0498:	b508      	push	{r3, lr}
 80a049a:	4b02      	ldr	r3, [pc, #8]	; (80a04a4 <network_is_off+0xc>)
 80a049c:	681b      	ldr	r3, [r3, #0]
 80a049e:	6c5b      	ldr	r3, [r3, #68]	; 0x44
 80a04a0:	9301      	str	r3, [sp, #4]
 80a04a2:	bd08      	pop	{r3, pc}
 80a04a4:	080601c8 	.word	0x080601c8

080a04a8 <spark_set_random_seed_from_cloud_handler>:
DYNALIB_FN(10, system_cloud, spark_unsubscribe, void(void*))
DYNALIB_FN(11, system_cloud, spark_sync_time, bool(void*))
DYNALIB_FN(12, system_cloud, spark_sync_time_pending, bool(void*))
DYNALIB_FN(13, system_cloud, spark_sync_time_last, system_tick_t(time32_t*, time_t*))
DYNALIB_FN(14, system_cloud, spark_set_connection_property, int(unsigned, unsigned, const void*, void*))
DYNALIB_FN(15, system_cloud, spark_set_random_seed_from_cloud_handler, int(void (*handler)(unsigned int), void*))
 80a04a8:	b508      	push	{r3, lr}
 80a04aa:	4b02      	ldr	r3, [pc, #8]	; (80a04b4 <spark_set_random_seed_from_cloud_handler+0xc>)
 80a04ac:	681b      	ldr	r3, [r3, #0]
 80a04ae:	6bdb      	ldr	r3, [r3, #60]	; 0x3c
 80a04b0:	9301      	str	r3, [sp, #4]
 80a04b2:	bd08      	pop	{r3, pc}
 80a04b4:	080601cc 	.word	0x080601cc

080a04b8 <malloc>:
#include "hal_platform.h"
#endif // defined(DYNALIB_EXPORT) || (defined(DYNALIB_IMPORT) && !defined(RT_DYNALIB_NO_DEPENDENCY_BREAKING_IMPORTS))

DYNALIB_BEGIN(rt)

DYNALIB_FN(0, rt, malloc, void*(size_t))
 80a04b8:	b508      	push	{r3, lr}
 80a04ba:	4b02      	ldr	r3, [pc, #8]	; (80a04c4 <malloc+0xc>)
 80a04bc:	681b      	ldr	r3, [r3, #0]
 80a04be:	681b      	ldr	r3, [r3, #0]
 80a04c0:	9301      	str	r3, [sp, #4]
 80a04c2:	bd08      	pop	{r3, pc}
 80a04c4:	080601a0 	.word	0x080601a0

080a04c8 <free>:
DYNALIB_FN(1, rt, free, void(void*))
 80a04c8:	b508      	push	{r3, lr}
 80a04ca:	4b02      	ldr	r3, [pc, #8]	; (80a04d4 <free+0xc>)
 80a04cc:	681b      	ldr	r3, [r3, #0]
 80a04ce:	685b      	ldr	r3, [r3, #4]
 80a04d0:	9301      	str	r3, [sp, #4]
 80a04d2:	bd08      	pop	{r3, pc}
 80a04d4:	080601a0 	.word	0x080601a0

080a04d8 <newlib_impure_ptr_callback>:
// RT is currently being imported into system-part1 from system-part2,
// which is the reverse direction.

#if defined(DYNALIB_EXPORT) || (defined(DYNALIB_IMPORT) && !defined(RT_DYNALIB_NO_DEPENDENCY_BREAKING_IMPORTS))
DYNALIB_FN(16, rt, __assert_func, void(const char*, int, const char*, const char*))
DYNALIB_FN(17, rt, newlib_impure_ptr_callback, void(void (*)(struct _reent*, size_t, uint32_t, void*), void*))
 80a04d8:	b508      	push	{r3, lr}
 80a04da:	4b02      	ldr	r3, [pc, #8]	; (80a04e4 <newlib_impure_ptr_callback+0xc>)
 80a04dc:	681b      	ldr	r3, [r3, #0]
 80a04de:	6c5b      	ldr	r3, [r3, #68]	; 0x44
 80a04e0:	9301      	str	r3, [sp, #4]
 80a04e2:	bd08      	pop	{r3, pc}
 80a04e4:	080601a0 	.word	0x080601a0

080a04e8 <_ZN8SPIClassC1E19hal_spi_interface_t>:
    }
    return particle::SPISettings(info->clock, info->bit_order, info->data_mode);
}
} // namespace

SPIClass::SPIClass(hal_spi_interface_t spi)
 80a04e8:	b570      	push	{r4, r5, r6, lr}
    /**
     * Creates a shared mutex.
     */
    RecursiveMutex(os_mutex_recursive_t handle) : handle_(handle) {}

    RecursiveMutex() : handle_(nullptr)
 80a04ea:	2600      	movs	r6, #0
 80a04ec:	4604      	mov	r4, r0
 80a04ee:	460d      	mov	r5, r1
 80a04f0:	f840 6f08 	str.w	r6, [r0, #8]!
    {
        os_mutex_recursive_create(&handle_);
 80a04f4:	f7ff fe7a 	bl	80a01ec <os_mutex_recursive_create>
{
    _spi = spi;
    hal_spi_init(_spi);
 80a04f8:	4628      	mov	r0, r5
    _spi = spi;
 80a04fa:	7025      	strb	r5, [r4, #0]
    hal_spi_init(_spi);
 80a04fc:	f7ff ff00 	bl	80a0300 <hal_spi_init>
    _dividerReference = SPI_CLK_SYSTEM; // 0 indicates the system clock
}
 80a0500:	4620      	mov	r0, r4
    _dividerReference = SPI_CLK_SYSTEM; // 0 indicates the system clock
 80a0502:	6066      	str	r6, [r4, #4]
}
 80a0504:	bd70      	pop	{r4, r5, r6, pc}
	...

080a0508 <_GLOBAL__sub_I_System>:
} // namespace particle

// particle::Flag<TagT, ValueT>
template<typename TagT, typename ValueT>
inline particle::Flag<TagT, ValueT>::Flag(ValueT val) :
        val_(val) {
 80a0508:	2202      	movs	r2, #2

class SystemSleepResult {
public:
    SystemSleepResult()
            : wakeupSource_(nullptr),
              error_(SYSTEM_ERROR_NONE) {
 80a050a:	2000      	movs	r0, #0
 80a050c:	4b04      	ldr	r3, [pc, #16]	; (80a0520 <_GLOBAL__sub_I_System+0x18>)
 80a050e:	601a      	str	r2, [r3, #0]
 80a0510:	4b04      	ldr	r3, [pc, #16]	; (80a0524 <_GLOBAL__sub_I_System+0x1c>)
    SleepResult() {}
 80a0512:	4a05      	ldr	r2, [pc, #20]	; (80a0528 <_GLOBAL__sub_I_System+0x20>)
              error_(SYSTEM_ERROR_NONE) {
 80a0514:	6018      	str	r0, [r3, #0]
 80a0516:	8098      	strh	r0, [r3, #4]
    SleepResult() {}
 80a0518:	7198      	strb	r0, [r3, #6]
 80a051a:	609a      	str	r2, [r3, #8]

class SystemClass {
public:

    SystemClass(System_Mode_TypeDef mode = DEFAULT) {
        set_system_mode(mode);
 80a051c:	f7ff bf40 	b.w	80a03a0 <set_system_mode>
 80a0520:	2000007c 	.word	0x2000007c
 80a0524:	20000070 	.word	0x20000070
 80a0528:	ffff0000 	.word	0xffff0000

080a052c <_ZN5Print5writeEPKhj>:

// Public Methods //////////////////////////////////////////////////////////////

/* default implementation: may be overridden */
size_t Print::write(const uint8_t *buffer, size_t size)
{
 80a052c:	b5f8      	push	{r3, r4, r5, r6, r7, lr}
 80a052e:	4606      	mov	r6, r0
 80a0530:	460d      	mov	r5, r1
  size_t n = 0;
 80a0532:	2400      	movs	r4, #0
 80a0534:	188f      	adds	r7, r1, r2
  while (size--) {
 80a0536:	42bd      	cmp	r5, r7
 80a0538:	d00c      	beq.n	80a0554 <_ZN5Print5writeEPKhj+0x28>
     int chunk = write(*buffer++);
 80a053a:	6833      	ldr	r3, [r6, #0]
 80a053c:	4630      	mov	r0, r6
 80a053e:	689b      	ldr	r3, [r3, #8]
 80a0540:	f815 1b01 	ldrb.w	r1, [r5], #1
 80a0544:	4798      	blx	r3
     if (chunk>=0)
 80a0546:	1e03      	subs	r3, r0, #0
 80a0548:	db01      	blt.n	80a054e <_ZN5Print5writeEPKhj+0x22>
         n += chunk;
 80a054a:	441c      	add	r4, r3
  while (size--) {
 80a054c:	e7f3      	b.n	80a0536 <_ZN5Print5writeEPKhj+0xa>
     int chunk = write(*buffer++);
 80a054e:	2c00      	cmp	r4, #0
 80a0550:	bf08      	it	eq
 80a0552:	461c      	moveq	r4, r3
             n = chunk;
         break;
     }
  }
  return n;
}
 80a0554:	4620      	mov	r0, r4
 80a0556:	bdf8      	pop	{r3, r4, r5, r6, r7, pc}

080a0558 <_ZN5Print5writeEPKc>:

    int getWriteError() { return write_error; }
    void clearWriteError() { setWriteError(0); }

    virtual size_t write(uint8_t) = 0;
    size_t write(const char *str) {
 80a0558:	b570      	push	{r4, r5, r6, lr}
 80a055a:	4605      	mov	r5, r0
      if (str == NULL) return 0;
 80a055c:	460c      	mov	r4, r1
      return write((const uint8_t *)str, strlen(str));
    }
 80a055e:	4608      	mov	r0, r1
      if (str == NULL) return 0;
 80a0560:	b149      	cbz	r1, 80a0576 <_ZN5Print5writeEPKc+0x1e>
      return write((const uint8_t *)str, strlen(str));
 80a0562:	f001 fa55 	bl	80a1a10 <strlen>
 80a0566:	682b      	ldr	r3, [r5, #0]
 80a0568:	4602      	mov	r2, r0
 80a056a:	4621      	mov	r1, r4
 80a056c:	4628      	mov	r0, r5
    }
 80a056e:	e8bd 4070 	ldmia.w	sp!, {r4, r5, r6, lr}
      return write((const uint8_t *)str, strlen(str));
 80a0572:	68db      	ldr	r3, [r3, #12]
 80a0574:	4718      	bx	r3
    }
 80a0576:	bd70      	pop	{r4, r5, r6, pc}

080a0578 <_ZN5Print5printEPKc>:

size_t Print::print(const char str[])
{
 80a0578:	b508      	push	{r3, lr}
  return write(str);
 80a057a:	f7ff ffed 	bl	80a0558 <_ZN5Print5writeEPKc>
}
 80a057e:	bd08      	pop	{r3, pc}

080a0580 <_ZN5Print5printEc>:

size_t Print::print(char c)
{
  return write(c);
 80a0580:	6803      	ldr	r3, [r0, #0]
 80a0582:	689b      	ldr	r3, [r3, #8]
 80a0584:	4718      	bx	r3

080a0586 <_ZN5Print7printlnEv>:
{
  return print(reinterpret_cast<const char*>(str));
}

size_t Print::println(void)
{
 80a0586:	b538      	push	{r3, r4, r5, lr}
  size_t n = print('\r');
 80a0588:	210d      	movs	r1, #13
{
 80a058a:	4605      	mov	r5, r0
  size_t n = print('\r');
 80a058c:	f7ff fff8 	bl	80a0580 <_ZN5Print5printEc>
  n += print('\n');
 80a0590:	210a      	movs	r1, #10
  size_t n = print('\r');
 80a0592:	4604      	mov	r4, r0
  n += print('\n');
 80a0594:	4628      	mov	r0, r5
 80a0596:	f7ff fff3 	bl	80a0580 <_ZN5Print5printEc>
  return n;
}
 80a059a:	4420      	add	r0, r4
 80a059c:	bd38      	pop	{r3, r4, r5, pc}

080a059e <_ZN5Print7printlnEPKc>:

size_t Print::println(const char c[])
{
 80a059e:	b538      	push	{r3, r4, r5, lr}
 80a05a0:	4605      	mov	r5, r0
  return write(str);
 80a05a2:	f7ff ffd9 	bl	80a0558 <_ZN5Print5writeEPKc>
 80a05a6:	4604      	mov	r4, r0
  size_t n = print(c);
  n += println();
 80a05a8:	4628      	mov	r0, r5
 80a05aa:	f7ff ffec 	bl	80a0586 <_ZN5Print7printlnEv>
  return n;
}
 80a05ae:	4420      	add	r0, r4
 80a05b0:	bd38      	pop	{r3, r4, r5, pc}

080a05b2 <_ZN5Print11printNumberEmh>:

size_t Print::printNumber(unsigned long n, uint8_t base) {
  char buf[8 * sizeof(n) + 1]; // Assumes 8-bit chars plus zero byte.
  char *str = &buf[sizeof(buf) - 1];

  *str = '\0';
 80a05b2:	2300      	movs	r3, #0

  // prevent crash if called with base == 1
  if (base < 2) base = 10;
 80a05b4:	2a01      	cmp	r2, #1
 80a05b6:	bf98      	it	ls
 80a05b8:	220a      	movls	r2, #10
size_t Print::printNumber(unsigned long n, uint8_t base) {
 80a05ba:	b530      	push	{r4, r5, lr}
 80a05bc:	b08b      	sub	sp, #44	; 0x2c
 80a05be:	460c      	mov	r4, r1
  *str = '\0';
 80a05c0:	f88d 3024 	strb.w	r3, [sp, #36]	; 0x24
  if (base < 2) base = 10;
 80a05c4:	a909      	add	r1, sp, #36	; 0x24

  do {
   decltype(n) m = n;
   n /= base;
 80a05c6:	4625      	mov	r5, r4
 80a05c8:	fbb4 f4f2 	udiv	r4, r4, r2
   char c = m - base * n;
 80a05cc:	fb04 5312 	mls	r3, r4, r2, r5
 80a05d0:	b2db      	uxtb	r3, r3
   *--str = c < 10 ? c + '0' : c + 'A' - 10;
 80a05d2:	2b09      	cmp	r3, #9
 80a05d4:	bf94      	ite	ls
 80a05d6:	3330      	addls	r3, #48	; 0x30
 80a05d8:	3337      	addhi	r3, #55	; 0x37
 80a05da:	b2db      	uxtb	r3, r3
  } while(n);
 80a05dc:	42aa      	cmp	r2, r5
   *--str = c < 10 ? c + '0' : c + 'A' - 10;
 80a05de:	f801 3d01 	strb.w	r3, [r1, #-1]!
  } while(n);
 80a05e2:	d9f0      	bls.n	80a05c6 <_ZN5Print11printNumberEmh+0x14>

  return write(str);
 80a05e4:	f7ff ffb8 	bl	80a0558 <_ZN5Print5writeEPKc>
}
 80a05e8:	b00b      	add	sp, #44	; 0x2c
 80a05ea:	bd30      	pop	{r4, r5, pc}

080a05ec <_ZN5Print10printFloatEdh>:

  return write(str);
}

size_t Print::printFloat(double number, uint8_t digits)
{
 80a05ec:	e92d 4ff7 	stmdb	sp!, {r0, r1, r2, r4, r5, r6, r7, r8, r9, sl, fp, lr}
 80a05f0:	4605      	mov	r5, r0
  size_t n = 0;

  if (isnan(number)) return print("nan");
 80a05f2:	4619      	mov	r1, r3
 80a05f4:	4610      	mov	r0, r2
{
 80a05f6:	4692      	mov	sl, r2
 80a05f8:	461f      	mov	r7, r3
 80a05fa:	f89d 6030 	ldrb.w	r6, [sp, #48]	; 0x30
  if (isnan(number)) return print("nan");
 80a05fe:	f001 f969 	bl	80a18d4 <__aeabi_dcmpun>
 80a0602:	b140      	cbz	r0, 80a0616 <_ZN5Print10printFloatEdh+0x2a>
  return write(str);
 80a0604:	4950      	ldr	r1, [pc, #320]	; (80a0748 <_ZN5Print10printFloatEdh+0x15c>)
 80a0606:	4628      	mov	r0, r5
 80a0608:	f7ff ffa6 	bl	80a0558 <_ZN5Print5writeEPKc>
 80a060c:	4604      	mov	r4, r0
    n += print(toPrint);
    remainder -= toPrint;
  }

  return n;
}
 80a060e:	4620      	mov	r0, r4
 80a0610:	b003      	add	sp, #12
 80a0612:	e8bd 8ff0 	ldmia.w	sp!, {r4, r5, r6, r7, r8, r9, sl, fp, pc}
  && !_GLIBCXX_NO_OBSOLETE_ISINF_ISNAN_DYNAMIC
  using ::isinf;
#else
  constexpr bool
  isinf(double __x)
  { return __builtin_isinf(__x); }
 80a0616:	f027 4400 	bic.w	r4, r7, #2147483648	; 0x80000000
  if (isinf(number)) return print("inf");
 80a061a:	f04f 32ff 	mov.w	r2, #4294967295
 80a061e:	4650      	mov	r0, sl
 80a0620:	4621      	mov	r1, r4
 80a0622:	4b4a      	ldr	r3, [pc, #296]	; (80a074c <_ZN5Print10printFloatEdh+0x160>)
 80a0624:	f001 f956 	bl	80a18d4 <__aeabi_dcmpun>
 80a0628:	b948      	cbnz	r0, 80a063e <_ZN5Print10printFloatEdh+0x52>
 80a062a:	f04f 32ff 	mov.w	r2, #4294967295
 80a062e:	4650      	mov	r0, sl
 80a0630:	4621      	mov	r1, r4
 80a0632:	4b46      	ldr	r3, [pc, #280]	; (80a074c <_ZN5Print10printFloatEdh+0x160>)
 80a0634:	f001 f930 	bl	80a1898 <__aeabi_dcmple>
 80a0638:	b908      	cbnz	r0, 80a063e <_ZN5Print10printFloatEdh+0x52>
  return write(str);
 80a063a:	4945      	ldr	r1, [pc, #276]	; (80a0750 <_ZN5Print10printFloatEdh+0x164>)
 80a063c:	e7e3      	b.n	80a0606 <_ZN5Print10printFloatEdh+0x1a>
  if (number > 4294967040.0) return print ("ovf");  // constant determined empirically
 80a063e:	f04f 4260 	mov.w	r2, #3758096384	; 0xe0000000
 80a0642:	4650      	mov	r0, sl
 80a0644:	4639      	mov	r1, r7
 80a0646:	4b43      	ldr	r3, [pc, #268]	; (80a0754 <_ZN5Print10printFloatEdh+0x168>)
 80a0648:	f001 f93a 	bl	80a18c0 <__aeabi_dcmpgt>
 80a064c:	b108      	cbz	r0, 80a0652 <_ZN5Print10printFloatEdh+0x66>
  return write(str);
 80a064e:	4942      	ldr	r1, [pc, #264]	; (80a0758 <_ZN5Print10printFloatEdh+0x16c>)
 80a0650:	e7d9      	b.n	80a0606 <_ZN5Print10printFloatEdh+0x1a>
  if (number <-4294967040.0) return print ("ovf");  // constant determined empirically
 80a0652:	f04f 4260 	mov.w	r2, #3758096384	; 0xe0000000
 80a0656:	4650      	mov	r0, sl
 80a0658:	4639      	mov	r1, r7
 80a065a:	4b40      	ldr	r3, [pc, #256]	; (80a075c <_ZN5Print10printFloatEdh+0x170>)
 80a065c:	f001 f912 	bl	80a1884 <__aeabi_dcmplt>
 80a0660:	2800      	cmp	r0, #0
 80a0662:	d1f4      	bne.n	80a064e <_ZN5Print10printFloatEdh+0x62>
  if (number < 0.0)
 80a0664:	2200      	movs	r2, #0
 80a0666:	2300      	movs	r3, #0
 80a0668:	4650      	mov	r0, sl
 80a066a:	4639      	mov	r1, r7
 80a066c:	f001 f90a 	bl	80a1884 <__aeabi_dcmplt>
 80a0670:	4604      	mov	r4, r0
 80a0672:	b130      	cbz	r0, 80a0682 <_ZN5Print10printFloatEdh+0x96>
     n += print('-');
 80a0674:	212d      	movs	r1, #45	; 0x2d
 80a0676:	4628      	mov	r0, r5
 80a0678:	f7ff ff82 	bl	80a0580 <_ZN5Print5printEc>
 80a067c:	4604      	mov	r4, r0
     number = -number;
 80a067e:	f107 4700 	add.w	r7, r7, #2147483648	; 0x80000000
  size_t n = 0;
 80a0682:	f04f 0b00 	mov.w	fp, #0
  double rounding = 0.5;
 80a0686:	2000      	movs	r0, #0
    rounding /= 10.0;
 80a0688:	f04f 0800 	mov.w	r8, #0
  double rounding = 0.5;
 80a068c:	4934      	ldr	r1, [pc, #208]	; (80a0760 <_ZN5Print10printFloatEdh+0x174>)
    rounding /= 10.0;
 80a068e:	f8df 90d8 	ldr.w	r9, [pc, #216]	; 80a0768 <_ZN5Print10printFloatEdh+0x17c>
  for (uint8_t i=0; i<digits; ++i)
 80a0692:	fa5f f38b 	uxtb.w	r3, fp
 80a0696:	429e      	cmp	r6, r3
 80a0698:	d906      	bls.n	80a06a8 <_ZN5Print10printFloatEdh+0xbc>
    rounding /= 10.0;
 80a069a:	4642      	mov	r2, r8
 80a069c:	464b      	mov	r3, r9
 80a069e:	f000 ffa9 	bl	80a15f4 <__aeabi_ddiv>
  for (uint8_t i=0; i<digits; ++i)
 80a06a2:	f10b 0b01 	add.w	fp, fp, #1
 80a06a6:	e7f4      	b.n	80a0692 <_ZN5Print10printFloatEdh+0xa6>
  number += rounding;
 80a06a8:	463b      	mov	r3, r7
 80a06aa:	4652      	mov	r2, sl
 80a06ac:	f000 fcc2 	bl	80a1034 <__adddf3>
 80a06b0:	4689      	mov	r9, r1
 80a06b2:	4680      	mov	r8, r0
  unsigned long int_part = (unsigned long)number;
 80a06b4:	f001 f94c 	bl	80a1950 <__aeabi_d2uiz>
 80a06b8:	4607      	mov	r7, r0
  double remainder = number - (double)int_part;
 80a06ba:	f000 fdf7 	bl	80a12ac <__aeabi_ui2d>
 80a06be:	4602      	mov	r2, r0
 80a06c0:	460b      	mov	r3, r1
 80a06c2:	4640      	mov	r0, r8
 80a06c4:	4649      	mov	r1, r9
 80a06c6:	f000 fcb3 	bl	80a1030 <__aeabi_dsub>
            val = n;
        }
#if __GNUC__ >= 9
#pragma GCC diagnostic pop
#endif // __GNUC__ >= 9
        return printNumber(val, base) + t;
 80a06ca:	220a      	movs	r2, #10
 80a06cc:	4680      	mov	r8, r0
 80a06ce:	4689      	mov	r9, r1
 80a06d0:	4628      	mov	r0, r5
 80a06d2:	4639      	mov	r1, r7
 80a06d4:	f7ff ff6d 	bl	80a05b2 <_ZN5Print11printNumberEmh>
  n += print(int_part);
 80a06d8:	4404      	add	r4, r0
  if (digits > 0) {
 80a06da:	b126      	cbz	r6, 80a06e6 <_ZN5Print10printFloatEdh+0xfa>
  return write(str);
 80a06dc:	4628      	mov	r0, r5
 80a06de:	4921      	ldr	r1, [pc, #132]	; (80a0764 <_ZN5Print10printFloatEdh+0x178>)
 80a06e0:	f7ff ff3a 	bl	80a0558 <_ZN5Print5writeEPKc>
    n += print(".");
 80a06e4:	4404      	add	r4, r0
    remainder *= 10.0;
 80a06e6:	f04f 0a00 	mov.w	sl, #0
 80a06ea:	f8df b07c 	ldr.w	fp, [pc, #124]	; 80a0768 <_ZN5Print10printFloatEdh+0x17c>
  while (digits-- > 0)
 80a06ee:	3e01      	subs	r6, #1
 80a06f0:	b2f6      	uxtb	r6, r6
 80a06f2:	2eff      	cmp	r6, #255	; 0xff
 80a06f4:	d08b      	beq.n	80a060e <_ZN5Print10printFloatEdh+0x22>
    remainder *= 10.0;
 80a06f6:	4652      	mov	r2, sl
 80a06f8:	465b      	mov	r3, fp
 80a06fa:	4640      	mov	r0, r8
 80a06fc:	4649      	mov	r1, r9
 80a06fe:	f000 fe4f 	bl	80a13a0 <__aeabi_dmul>
 80a0702:	4680      	mov	r8, r0
 80a0704:	4689      	mov	r9, r1
    int toPrint = int(remainder);
 80a0706:	f001 f8fb 	bl	80a1900 <__aeabi_d2iz>
        if (n < 0 && base == 10) {
 80a070a:	1e07      	subs	r7, r0, #0
 80a070c:	da19      	bge.n	80a0742 <_ZN5Print10printFloatEdh+0x156>
            t = print('-');
 80a070e:	212d      	movs	r1, #45	; 0x2d
 80a0710:	4628      	mov	r0, r5
 80a0712:	f7ff ff35 	bl	80a0580 <_ZN5Print5printEc>
 80a0716:	4603      	mov	r3, r0
            val = -n;
 80a0718:	4279      	negs	r1, r7
        return printNumber(val, base) + t;
 80a071a:	220a      	movs	r2, #10
 80a071c:	4628      	mov	r0, r5
 80a071e:	9301      	str	r3, [sp, #4]
 80a0720:	f7ff ff47 	bl	80a05b2 <_ZN5Print11printNumberEmh>
 80a0724:	9b01      	ldr	r3, [sp, #4]
 80a0726:	4403      	add	r3, r0
    remainder -= toPrint;
 80a0728:	4638      	mov	r0, r7
    n += print(toPrint);
 80a072a:	441c      	add	r4, r3
    remainder -= toPrint;
 80a072c:	f000 fdce 	bl	80a12cc <__aeabi_i2d>
 80a0730:	4602      	mov	r2, r0
 80a0732:	460b      	mov	r3, r1
 80a0734:	4640      	mov	r0, r8
 80a0736:	4649      	mov	r1, r9
 80a0738:	f000 fc7a 	bl	80a1030 <__aeabi_dsub>
 80a073c:	4680      	mov	r8, r0
 80a073e:	4689      	mov	r9, r1
  while (digits-- > 0)
 80a0740:	e7d5      	b.n	80a06ee <_ZN5Print10printFloatEdh+0x102>
            val = n;
 80a0742:	4639      	mov	r1, r7
        size_t t = 0;
 80a0744:	2300      	movs	r3, #0
 80a0746:	e7e8      	b.n	80a071a <_ZN5Print10printFloatEdh+0x12e>
 80a0748:	080a1b08 	.word	0x080a1b08
 80a074c:	7fefffff 	.word	0x7fefffff
 80a0750:	080a1b0c 	.word	0x080a1b0c
 80a0754:	41efffff 	.word	0x41efffff
 80a0758:	080a1b10 	.word	0x080a1b10
 80a075c:	c1efffff 	.word	0xc1efffff
 80a0760:	3fe00000 	.word	0x3fe00000
 80a0764:	080a1b14 	.word	0x080a1b14
 80a0768:	40240000 	.word	0x40240000

080a076c <_ZN5Print5printEdi>:
  return printFloat(n, digits);
 80a076c:	f89d 1000 	ldrb.w	r1, [sp]
 80a0770:	9100      	str	r1, [sp, #0]
 80a0772:	f7ff bf3b 	b.w	80a05ec <_ZN5Print10printFloatEdh>

080a0776 <_ZN5spark9WiFiClass2onEv>:
    bool ready(void) {
        return network_ready(*this, 0, NULL);
    }

    void on(void) {
        network_on(*this, 0, 0, NULL);
 80a0776:	2300      	movs	r3, #0
 80a0778:	6840      	ldr	r0, [r0, #4]
 80a077a:	461a      	mov	r2, r3
 80a077c:	4619      	mov	r1, r3
 80a077e:	f7ff be53 	b.w	80a0428 <network_on>
	...

080a0784 <_GLOBAL__sub_I__ZN5spark3LogE>:
    // This handler doesn't support direct logging
}

// spark::Logger
inline spark::Logger::Logger(const char *name) :
        name_(name) {
 80a0784:	4b01      	ldr	r3, [pc, #4]	; (80a078c <_GLOBAL__sub_I__ZN5spark3LogE+0x8>)
 80a0786:	4a02      	ldr	r2, [pc, #8]	; (80a0790 <_GLOBAL__sub_I__ZN5spark3LogE+0xc>)
 80a0788:	601a      	str	r2, [r3, #0]
#if Wiring_LogConfig

// spark::
void spark::logProcessControlRequest(ctrl_request* req) {
    JSONRequestHandler::process(req);
}
 80a078a:	4770      	bx	lr
 80a078c:	20000080 	.word	0x20000080
 80a0790:	080a1b16 	.word	0x080a1b16

080a0794 <_GLOBAL__sub_I_TIME_FORMAT_DEFAULT>:
            calendar_time_cache = Convert_UnixTime_To_CalendarTime(unix_time);
            unix_time_cache = unix_time;
    }
}

const char* TimeClass::format_spec = TIME_FORMAT_DEFAULT;
 80a0794:	4b02      	ldr	r3, [pc, #8]	; (80a07a0 <_GLOBAL__sub_I_TIME_FORMAT_DEFAULT+0xc>)
 80a0796:	681a      	ldr	r2, [r3, #0]
 80a0798:	4b02      	ldr	r3, [pc, #8]	; (80a07a4 <_GLOBAL__sub_I_TIME_FORMAT_DEFAULT+0x10>)
 80a079a:	601a      	str	r2, [r3, #0]
{
  return isValid();
}


TimeClass Time;
 80a079c:	4770      	bx	lr
 80a079e:	bf00      	nop
 80a07a0:	20000000 	.word	0x20000000
 80a07a4:	20000084 	.word	0x20000084

080a07a8 <delay>:
    return (value - fromStart) * (toEnd - toStart) / (fromEnd - fromStart) + toStart;
}

void delay(unsigned long ms)
{
    system_delay_ms(ms, false);
 80a07a8:	2100      	movs	r1, #0
 80a07aa:	f7ff be01 	b.w	80a03b0 <system_delay_ms>
	...

080a07b0 <_GLOBAL__sub_I_RGB>:
	static void
	_M_init_functor(_Any_data& __functor, _Functor&& __f, false_type)
	{ __functor._M_access<_Functor*>() = new _Functor(std::move(__f)); }
      };

    _Function_base() : _M_manager(nullptr) { }
 80a07b0:	2200      	movs	r2, #0
 80a07b2:	4b01      	ldr	r3, [pc, #4]	; (80a07b8 <_GLOBAL__sub_I_RGB+0x8>)
 80a07b4:	609a      	str	r2, [r3, #8]
{
    RGBClass* const d = static_cast<RGBClass*>(data);
    if (d->changeHandler_) {
        d->changeHandler_(r, g, b);
    }
}
 80a07b6:	4770      	bx	lr
 80a07b8:	20000088 	.word	0x20000088

080a07bc <_ZZ21module_user_init_hookENUlP6_reentjmPvE_4_FUNES0_jmS1_>:

void module_user_init_hook()
{
#if HAL_PLATFORM_NEWLIB
    newlib_impure_ptr_callback([](struct _reent* r, size_t size, uint32_t version, void* ctx) -> void {
        _impure_ptr = r;
 80a07bc:	4b01      	ldr	r3, [pc, #4]	; (80a07c4 <_ZZ21module_user_init_hookENUlP6_reentjmPvE_4_FUNES0_jmS1_+0x8>)
 80a07be:	6018      	str	r0, [r3, #0]
    }, nullptr);
 80a07c0:	4770      	bx	lr
 80a07c2:	bf00      	nop
 80a07c4:	20000004 	.word	0x20000004

080a07c8 <serialEventRun>:
{
 80a07c8:	b508      	push	{r3, lr}
    if (serialEvent && Serial.available()>0)
 80a07ca:	4b13      	ldr	r3, [pc, #76]	; (80a0818 <serialEventRun+0x50>)
 80a07cc:	b143      	cbz	r3, 80a07e0 <serialEventRun+0x18>
 80a07ce:	f000 f975 	bl	80a0abc <_Z16_fetch_usbserialv>
 80a07d2:	6803      	ldr	r3, [r0, #0]
 80a07d4:	691b      	ldr	r3, [r3, #16]
 80a07d6:	4798      	blx	r3
 80a07d8:	2800      	cmp	r0, #0
 80a07da:	dd01      	ble.n	80a07e0 <serialEventRun+0x18>
        serialEvent();
 80a07dc:	f3af 8000 	nop.w
    if (serialEvent1 && Serial1.available()>0)
 80a07e0:	4b0e      	ldr	r3, [pc, #56]	; (80a081c <serialEventRun+0x54>)
 80a07e2:	b143      	cbz	r3, 80a07f6 <serialEventRun+0x2e>
 80a07e4:	f000 fa1a 	bl	80a0c1c <_Z22__fetch_global_Serial1v>
 80a07e8:	6803      	ldr	r3, [r0, #0]
 80a07ea:	691b      	ldr	r3, [r3, #16]
 80a07ec:	4798      	blx	r3
 80a07ee:	2800      	cmp	r0, #0
 80a07f0:	dd01      	ble.n	80a07f6 <serialEventRun+0x2e>
        serialEvent1();
 80a07f2:	f3af 8000 	nop.w
    if (serialEventRun2) serialEventRun2();
 80a07f6:	4b0a      	ldr	r3, [pc, #40]	; (80a0820 <serialEventRun+0x58>)
 80a07f8:	b10b      	cbz	r3, 80a07fe <serialEventRun+0x36>
 80a07fa:	f3af 8000 	nop.w
    if (usbSerialEvent1 && USBSerial1.available()>0)
 80a07fe:	4b09      	ldr	r3, [pc, #36]	; (80a0824 <serialEventRun+0x5c>)
 80a0800:	b143      	cbz	r3, 80a0814 <serialEventRun+0x4c>
 80a0802:	f000 f995 	bl	80a0b30 <_Z17_fetch_usbserial1v>
 80a0806:	6803      	ldr	r3, [r0, #0]
 80a0808:	691b      	ldr	r3, [r3, #16]
 80a080a:	4798      	blx	r3
 80a080c:	2800      	cmp	r0, #0
 80a080e:	dd01      	ble.n	80a0814 <serialEventRun+0x4c>
        usbSerialEvent1();
 80a0810:	f3af 8000 	nop.w
}
 80a0814:	bd08      	pop	{r3, pc}
 80a0816:	bf00      	nop
	...

080a0828 <_post_loop>:
{
 80a0828:	b508      	push	{r3, lr}
	serialEventRun();
 80a082a:	f7ff ffcd 	bl	80a07c8 <serialEventRun>
		return !timeout_fn;
	}

	static inline system_tick_t current_time()
	{
		return HAL_Timer_Get_Milli_Seconds();
 80a082e:	f7ff fcd5 	bl	80a01dc <HAL_Timer_Get_Milli_Seconds>
	/**
	 * Lifesign that the application is still working normally.
	 */
	static void checkin()
	{
		last_checkin = current_time();
 80a0832:	4b01      	ldr	r3, [pc, #4]	; (80a0838 <_post_loop+0x10>)
 80a0834:	6018      	str	r0, [r3, #0]
}
 80a0836:	bd08      	pop	{r3, pc}
 80a0838:	20000514 	.word	0x20000514

080a083c <_Z33system_initialize_user_backup_ramv>:
    memcpy(&link_global_retained_start, &link_global_retained_initial_values, len);
 80a083c:	4805      	ldr	r0, [pc, #20]	; (80a0854 <_Z33system_initialize_user_backup_ramv+0x18>)
 80a083e:	4a06      	ldr	r2, [pc, #24]	; (80a0858 <_Z33system_initialize_user_backup_ramv+0x1c>)
{
 80a0840:	b508      	push	{r3, lr}
    memcpy(&link_global_retained_start, &link_global_retained_initial_values, len);
 80a0842:	1a12      	subs	r2, r2, r0
 80a0844:	4905      	ldr	r1, [pc, #20]	; (80a085c <_Z33system_initialize_user_backup_ramv+0x20>)
 80a0846:	f001 f8a9 	bl	80a199c <memcpy>
    __backup_sram_signature = signature;
 80a084a:	4b05      	ldr	r3, [pc, #20]	; (80a0860 <_Z33system_initialize_user_backup_ramv+0x24>)
 80a084c:	4a05      	ldr	r2, [pc, #20]	; (80a0864 <_Z33system_initialize_user_backup_ramv+0x28>)
 80a084e:	601a      	str	r2, [r3, #0]
}
 80a0850:	bd08      	pop	{r3, pc}
 80a0852:	bf00      	nop
 80a0854:	40024000 	.word	0x40024000
 80a0858:	40024004 	.word	0x40024004
 80a085c:	080a1c70 	.word	0x080a1c70
 80a0860:	40024000 	.word	0x40024000
 80a0864:	9a271c1e 	.word	0x9a271c1e

080a0868 <_Z27ctrl_request_custom_handlerP12ctrl_request>:
    system_ctrl_set_result(req, SYSTEM_ERROR_NOT_SUPPORTED, nullptr, nullptr, nullptr);
 80a0868:	2300      	movs	r3, #0
void __attribute((weak)) ctrl_request_custom_handler(ctrl_request* req) {
 80a086a:	b507      	push	{r0, r1, r2, lr}
    system_ctrl_set_result(req, SYSTEM_ERROR_NOT_SUPPORTED, nullptr, nullptr, nullptr);
 80a086c:	461a      	mov	r2, r3
 80a086e:	f06f 0177 	mvn.w	r1, #119	; 0x77
 80a0872:	9300      	str	r3, [sp, #0]
 80a0874:	f7ff fdae 	bl	80a03d4 <system_ctrl_set_result>
}
 80a0878:	b003      	add	sp, #12
 80a087a:	f85d fb04 	ldr.w	pc, [sp], #4
	...

080a0880 <_ZL20ctrl_request_handlerP12ctrl_request>:
static void ctrl_request_handler(ctrl_request* req) {
 80a0880:	b507      	push	{r0, r1, r2, lr}
    switch (req->type) {
 80a0882:	8843      	ldrh	r3, [r0, #2]
 80a0884:	2b0a      	cmp	r3, #10
 80a0886:	d008      	beq.n	80a089a <_ZL20ctrl_request_handlerP12ctrl_request+0x1a>
 80a0888:	2b50      	cmp	r3, #80	; 0x50
 80a088a:	d10b      	bne.n	80a08a4 <_ZL20ctrl_request_handlerP12ctrl_request+0x24>
        if (log_process_ctrl_request_callback) {
 80a088c:	4b09      	ldr	r3, [pc, #36]	; (80a08b4 <_ZL20ctrl_request_handlerP12ctrl_request+0x34>)
 80a088e:	681b      	ldr	r3, [r3, #0]
 80a0890:	b14b      	cbz	r3, 80a08a6 <_ZL20ctrl_request_handlerP12ctrl_request+0x26>
}
 80a0892:	b003      	add	sp, #12
 80a0894:	f85d eb04 	ldr.w	lr, [sp], #4
            log_process_ctrl_request_callback(req);
 80a0898:	4718      	bx	r3
        ctrl_request_custom_handler(req);
 80a089a:	f7ff ffe5 	bl	80a0868 <_Z27ctrl_request_custom_handlerP12ctrl_request>
}
 80a089e:	b003      	add	sp, #12
 80a08a0:	f85d fb04 	ldr.w	pc, [sp], #4
        system_ctrl_set_result(req, SYSTEM_ERROR_NOT_SUPPORTED, nullptr, nullptr, nullptr);
 80a08a4:	2300      	movs	r3, #0
 80a08a6:	461a      	mov	r2, r3
 80a08a8:	f06f 0177 	mvn.w	r1, #119	; 0x77
 80a08ac:	9300      	str	r3, [sp, #0]
 80a08ae:	f7ff fd91 	bl	80a03d4 <system_ctrl_set_result>
}
 80a08b2:	e7f4      	b.n	80a089e <_ZL20ctrl_request_handlerP12ctrl_request+0x1e>
 80a08b4:	2000009c 	.word	0x2000009c

080a08b8 <module_user_init_hook>:
    newlib_impure_ptr_callback([](struct _reent* r, size_t size, uint32_t version, void* ctx) -> void {
 80a08b8:	2100      	movs	r1, #0
{
 80a08ba:	b510      	push	{r4, lr}
    newlib_impure_ptr_callback([](struct _reent* r, size_t size, uint32_t version, void* ctx) -> void {
 80a08bc:	4811      	ldr	r0, [pc, #68]	; (80a0904 <module_user_init_hook+0x4c>)
 80a08be:	f7ff fe0b 	bl	80a04d8 <newlib_impure_ptr_callback>
#endif // HAL_PLATFORM_NEWLIB

#if HAL_PLATFORM_BACKUP_RAM
    backup_ram_was_valid_ = __backup_sram_signature == signature;
 80a08c2:	4b11      	ldr	r3, [pc, #68]	; (80a0908 <module_user_init_hook+0x50>)
 80a08c4:	681a      	ldr	r2, [r3, #0]
 80a08c6:	4b11      	ldr	r3, [pc, #68]	; (80a090c <module_user_init_hook+0x54>)
 80a08c8:	429a      	cmp	r2, r3
 80a08ca:	bf0c      	ite	eq
 80a08cc:	2201      	moveq	r2, #1
 80a08ce:	2200      	movne	r2, #0
 80a08d0:	4b0f      	ldr	r3, [pc, #60]	; (80a0910 <module_user_init_hook+0x58>)
 80a08d2:	701a      	strb	r2, [r3, #0]
    if (!backup_ram_was_valid_) {
 80a08d4:	d001      	beq.n	80a08da <module_user_init_hook+0x22>
        system_initialize_user_backup_ram();
 80a08d6:	f7ff ffb1 	bl	80a083c <_Z33system_initialize_user_backup_ramv>
    }
#endif

#if HAL_PLATFORM_RNG
    // Initialize the default stdlib PRNG using hardware RNG as a seed
    const uint32_t seed = HAL_RNG_GetRandomNumber();
 80a08da:	f7ff fc77 	bl	80a01cc <HAL_RNG_GetRandomNumber>
 80a08de:	4604      	mov	r4, r0
    srand(seed);
 80a08e0:	f001 f872 	bl	80a19c8 <srand>

    // If the user defines random_seed_from_cloud, call it with a seed value
    // generated by a hardware RNG as well.
    if (random_seed_from_cloud) {
 80a08e4:	4b0b      	ldr	r3, [pc, #44]	; (80a0914 <module_user_init_hook+0x5c>)
 80a08e6:	b113      	cbz	r3, 80a08ee <module_user_init_hook+0x36>
        random_seed_from_cloud(seed);
 80a08e8:	4620      	mov	r0, r4
 80a08ea:	f3af 8000 	nop.w
    }
#endif
    // Register the random_seed_from_cloud handler
    spark_set_random_seed_from_cloud_handler(&random_seed_from_cloud, nullptr);
 80a08ee:	2100      	movs	r1, #0
 80a08f0:	4808      	ldr	r0, [pc, #32]	; (80a0914 <module_user_init_hook+0x5c>)
 80a08f2:	f7ff fdd9 	bl	80a04a8 <spark_set_random_seed_from_cloud_handler>

    // Register application handler for the control requests
    system_ctrl_set_app_request_handler(ctrl_request_handler, nullptr);
}
 80a08f6:	e8bd 4010 	ldmia.w	sp!, {r4, lr}
    system_ctrl_set_app_request_handler(ctrl_request_handler, nullptr);
 80a08fa:	2100      	movs	r1, #0
 80a08fc:	4806      	ldr	r0, [pc, #24]	; (80a0918 <module_user_init_hook+0x60>)
 80a08fe:	f7ff bd5f 	b.w	80a03c0 <system_ctrl_set_app_request_handler>
 80a0902:	bf00      	nop
 80a0904:	080a07bd 	.word	0x080a07bd
 80a0908:	40024000 	.word	0x40024000
 80a090c:	9a271c1e 	.word	0x9a271c1e
 80a0910:	20000098 	.word	0x20000098
 80a0914:	00000000 	.word	0x00000000
 80a0918:	080a0881 	.word	0x080a0881

080a091c <_ZN9IPAddressD1Ev>:
    IPAddress(uint8_t first_octet, uint8_t second_octet, uint8_t third_octet, uint8_t fourth_octet);
    IPAddress(uint32_t address);
    IPAddress(const uint8_t* address);
    IPAddress(const HAL_IPAddress& address);

    virtual ~IPAddress() {}
 80a091c:	4770      	bx	lr

080a091e <_ZN9IPAddressD0Ev>:
 80a091e:	b510      	push	{r4, lr}
 80a0920:	4604      	mov	r4, r0
 80a0922:	2118      	movs	r1, #24
 80a0924:	f000 fb7c 	bl	80a1020 <_ZdlPvj>
 80a0928:	4620      	mov	r0, r4
 80a092a:	bd10      	pop	{r4, pc}

080a092c <_ZNK9IPAddress7printToER5Print>:
#endif // Wiring_IPv6
	return address.ipv4==that.address.ipv4;
}

size_t IPAddress::printTo(Print& p) const
{
 80a092c:	b5f8      	push	{r3, r4, r5, r6, r7, lr}
 80a092e:	460e      	mov	r6, r1
 80a0930:	2400      	movs	r4, #0
 80a0932:	f100 0708 	add.w	r7, r0, #8
 80a0936:	1d05      	adds	r5, r0, #4
        return printNumber(val, base) + t;
 80a0938:	f817 1d01 	ldrb.w	r1, [r7, #-1]!
 80a093c:	220a      	movs	r2, #10
 80a093e:	4630      	mov	r0, r6
 80a0940:	f7ff fe37 	bl	80a05b2 <_ZN5Print11printNumberEmh>
#else
#pragma message "HAL_USE_INET_HAL_POSIX is required for IPv6 support in IPAddress::printTo()"
#endif // HAL_USE_INET_HAL_POSIX
#endif // Wiring_IPv6
    size_t n = 0;
    for (int i = 0; i < 4; i++)
 80a0944:	42af      	cmp	r7, r5
    {
        if (n)
            n += p.print('.');
        n += p.print((*this)[i], DEC);
 80a0946:	4404      	add	r4, r0
    for (int i = 0; i < 4; i++)
 80a0948:	d101      	bne.n	80a094e <_ZNK9IPAddress7printToER5Print+0x22>
    }
    return n;
}
 80a094a:	4620      	mov	r0, r4
 80a094c:	bdf8      	pop	{r3, r4, r5, r6, r7, pc}
        if (n)
 80a094e:	2c00      	cmp	r4, #0
 80a0950:	d0f2      	beq.n	80a0938 <_ZNK9IPAddress7printToER5Print+0xc>
            n += p.print('.');
 80a0952:	212e      	movs	r1, #46	; 0x2e
 80a0954:	4630      	mov	r0, r6
 80a0956:	f7ff fe13 	bl	80a0580 <_ZN5Print5printEc>
 80a095a:	4404      	add	r4, r0
 80a095c:	e7ec      	b.n	80a0938 <_ZNK9IPAddress7printToER5Print+0xc>
	...

080a0960 <_ZN9IPAddressC1Ev>:
IPAddress::IPAddress()
 80a0960:	b510      	push	{r4, lr}
 80a0962:	4604      	mov	r4, r0
 80a0964:	4b04      	ldr	r3, [pc, #16]	; (80a0978 <_ZN9IPAddressC1Ev+0x18>)
        return address;
    }

    virtual size_t printTo(Print& p) const;

    void clear() { memset(&address, 0, sizeof (address)); }
 80a0966:	2211      	movs	r2, #17
 80a0968:	2100      	movs	r1, #0
 80a096a:	f840 3b04 	str.w	r3, [r0], #4
 80a096e:	f001 f823 	bl	80a19b8 <memset>
}
 80a0972:	4620      	mov	r0, r4
 80a0974:	bd10      	pop	{r4, pc}
 80a0976:	bf00      	nop
 80a0978:	080a1b40 	.word	0x080a1b40

080a097c <_ZN9IPAddressC1ERK16_HAL_IPAddress_t>:
IPAddress::IPAddress(const HAL_IPAddress& address)
 80a097c:	4603      	mov	r3, r0
 80a097e:	4a07      	ldr	r2, [pc, #28]	; (80a099c <_ZN9IPAddressC1ERK16_HAL_IPAddress_t+0x20>)
 80a0980:	b510      	push	{r4, lr}
 80a0982:	f843 2b04 	str.w	r2, [r3], #4
    memcpy(&this->address, &address, sizeof(address));
 80a0986:	f101 0210 	add.w	r2, r1, #16
 80a098a:	f851 4b04 	ldr.w	r4, [r1], #4
 80a098e:	4291      	cmp	r1, r2
 80a0990:	f843 4b04 	str.w	r4, [r3], #4
 80a0994:	d1f9      	bne.n	80a098a <_ZN9IPAddressC1ERK16_HAL_IPAddress_t+0xe>
 80a0996:	780a      	ldrb	r2, [r1, #0]
 80a0998:	701a      	strb	r2, [r3, #0]
}
 80a099a:	bd10      	pop	{r4, pc}
 80a099c:	080a1b40 	.word	0x080a1b40

080a09a0 <_ZN9IPAddressC1Em>:
IPAddress::IPAddress(uint32_t address)
 80a09a0:	4a02      	ldr	r2, [pc, #8]	; (80a09ac <_ZN9IPAddressC1Em+0xc>)
    address.ipv4 = ipv4;
 80a09a2:	e9c0 2100 	strd	r2, r1, [r0]
        address.v = version;
 80a09a6:	2204      	movs	r2, #4
 80a09a8:	7502      	strb	r2, [r0, #20]
}
 80a09aa:	4770      	bx	lr
 80a09ac:	080a1b40 	.word	0x080a1b40

080a09b0 <_ZN9IPAddress8set_ipv4Ehhhh>:
{
 80a09b0:	b510      	push	{r4, lr}
    address.ipv4 = b0<<24 | b1 << 16 | b2 << 8 | b3;
 80a09b2:	f89d 4008 	ldrb.w	r4, [sp, #8]
 80a09b6:	ea44 2403 	orr.w	r4, r4, r3, lsl #8
 80a09ba:	2304      	movs	r3, #4
 80a09bc:	ea44 4402 	orr.w	r4, r4, r2, lsl #16
 80a09c0:	ea44 6401 	orr.w	r4, r4, r1, lsl #24
 80a09c4:	6044      	str	r4, [r0, #4]
 80a09c6:	7503      	strb	r3, [r0, #20]
}
 80a09c8:	bd10      	pop	{r4, pc}
	...

080a09cc <_ZN9IPAddressC1Ehhhh>:
IPAddress::IPAddress(uint8_t first_octet, uint8_t second_octet, uint8_t third_octet, uint8_t fourth_octet)
 80a09cc:	b537      	push	{r0, r1, r2, r4, r5, lr}
 80a09ce:	4d04      	ldr	r5, [pc, #16]	; (80a09e0 <_ZN9IPAddressC1Ehhhh+0x14>)
 80a09d0:	6005      	str	r5, [r0, #0]
    set_ipv4(first_octet, second_octet, third_octet, fourth_octet);
 80a09d2:	f89d 5018 	ldrb.w	r5, [sp, #24]
 80a09d6:	9500      	str	r5, [sp, #0]
 80a09d8:	f7ff ffea 	bl	80a09b0 <_ZN9IPAddress8set_ipv4Ehhhh>
}
 80a09dc:	b003      	add	sp, #12
 80a09de:	bd30      	pop	{r4, r5, pc}
 80a09e0:	080a1b40 	.word	0x080a1b40

080a09e4 <_ZN9USBSerial14blockOnOverrunEb>:
  HAL_USB_USART_Flush_Data(_serial);
}

void USBSerial::blockOnOverrun(bool block)
{
  _blocking = block;
 80a09e4:	7441      	strb	r1, [r0, #17]
}
 80a09e6:	4770      	bx	lr

080a09e8 <__tcf_0>:
}

USBSerial& _fetch_usbserial()
{
  HAL_USB_USART_Config conf = acquireSerialBuffer();
	static USBSerial _usbserial(HAL_USB_USART_SERIAL, conf);
 80a09e8:	4770      	bx	lr

080a09ea <_ZN9USBSerialD1Ev>:
#include "usb_hal.h"
#include "system_task.h"
#include "spark_wiring_startup.h"
#include "concurrent_hal.h"

class USBSerial : public Stream
 80a09ea:	4770      	bx	lr

080a09ec <_ZN9USBSerial4readEv>:
{
 80a09ec:	b508      	push	{r3, lr}
	return std::max(-1, (int)HAL_USB_USART_Receive_Data(_serial, false));
 80a09ee:	2100      	movs	r1, #0
 80a09f0:	7c00      	ldrb	r0, [r0, #16]
 80a09f2:	f7ff fcb5 	bl	80a0360 <HAL_USB_USART_Receive_Data>
}
 80a09f6:	ea40 70e0 	orr.w	r0, r0, r0, asr #31
 80a09fa:	bd08      	pop	{r3, pc}

080a09fc <_ZN9USBSerial4peekEv>:
{
 80a09fc:	b508      	push	{r3, lr}
	return std::max(-1, (int)HAL_USB_USART_Receive_Data(_serial, true));
 80a09fe:	2101      	movs	r1, #1
 80a0a00:	7c00      	ldrb	r0, [r0, #16]
 80a0a02:	f7ff fcad 	bl	80a0360 <HAL_USB_USART_Receive_Data>
}
 80a0a06:	ea40 70e0 	orr.w	r0, r0, r0, asr #31
 80a0a0a:	bd08      	pop	{r3, pc}

080a0a0c <_ZN9USBSerial17availableForWriteEv>:
{
 80a0a0c:	b508      	push	{r3, lr}
  return std::max(0, (int)HAL_USB_USART_Available_Data_For_Write(_serial));
 80a0a0e:	7c00      	ldrb	r0, [r0, #16]
 80a0a10:	f7ff fc9e 	bl	80a0350 <HAL_USB_USART_Available_Data_For_Write>
}
 80a0a14:	ea20 70e0 	bic.w	r0, r0, r0, asr #31
 80a0a18:	bd08      	pop	{r3, pc}

080a0a1a <_ZN9USBSerial9availableEv>:
{
 80a0a1a:	b508      	push	{r3, lr}
	return std::max(0, (int)HAL_USB_USART_Available_Data(_serial));
 80a0a1c:	7c00      	ldrb	r0, [r0, #16]
 80a0a1e:	f7ff fc8f 	bl	80a0340 <HAL_USB_USART_Available_Data>
}
 80a0a22:	ea20 70e0 	bic.w	r0, r0, r0, asr #31
 80a0a26:	bd08      	pop	{r3, pc}

080a0a28 <_ZN9USBSerial5writeEh>:
{
 80a0a28:	b538      	push	{r3, r4, r5, lr}
 80a0a2a:	4604      	mov	r4, r0
  if (HAL_USB_USART_Available_Data_For_Write(_serial) > 0 || _blocking) {
 80a0a2c:	7c00      	ldrb	r0, [r0, #16]
{
 80a0a2e:	460d      	mov	r5, r1
  if (HAL_USB_USART_Available_Data_For_Write(_serial) > 0 || _blocking) {
 80a0a30:	f7ff fc8e 	bl	80a0350 <HAL_USB_USART_Available_Data_For_Write>
 80a0a34:	2800      	cmp	r0, #0
 80a0a36:	dc01      	bgt.n	80a0a3c <_ZN9USBSerial5writeEh+0x14>
 80a0a38:	7c60      	ldrb	r0, [r4, #17]
 80a0a3a:	b128      	cbz	r0, 80a0a48 <_ZN9USBSerial5writeEh+0x20>
    return std::max(0, (int)HAL_USB_USART_Send_Data(_serial, byte));
 80a0a3c:	4629      	mov	r1, r5
 80a0a3e:	7c20      	ldrb	r0, [r4, #16]
 80a0a40:	f7ff fc96 	bl	80a0370 <HAL_USB_USART_Send_Data>
 80a0a44:	ea20 70e0 	bic.w	r0, r0, r0, asr #31
}
 80a0a48:	bd38      	pop	{r3, r4, r5, pc}

080a0a4a <_ZN9USBSerial5flushEv>:
  HAL_USB_USART_Flush_Data(_serial);
 80a0a4a:	7c00      	ldrb	r0, [r0, #16]
 80a0a4c:	f7ff bc98 	b.w	80a0380 <HAL_USB_USART_Flush_Data>

080a0a50 <_ZN9USBSerialD0Ev>:
 80a0a50:	b510      	push	{r4, lr}
 80a0a52:	4604      	mov	r4, r0
 80a0a54:	2114      	movs	r1, #20
 80a0a56:	f000 fae3 	bl	80a1020 <_ZdlPvj>
 80a0a5a:	4620      	mov	r0, r4
 80a0a5c:	bd10      	pop	{r4, pc}

080a0a5e <__tcf_1>:
 80a0a5e:	4770      	bx	lr

080a0a60 <_ZN9USBSerialC1E20HAL_USB_USART_SerialRK20HAL_USB_USART_Config>:
USBSerial::USBSerial(HAL_USB_USART_Serial serial, const HAL_USB_USART_Config& conf)
 80a0a60:	b510      	push	{r4, lr}
    virtual int available() = 0;
    virtual int read() = 0;
    virtual int peek() = 0;
    virtual void flush() = 0;

    Stream() {_timeout=1000;}
 80a0a62:	f44f 737a 	mov.w	r3, #1000	; 0x3e8
 80a0a66:	4604      	mov	r4, r0
 80a0a68:	4608      	mov	r0, r1
 80a0a6a:	2100      	movs	r1, #0
 80a0a6c:	e9c4 1301 	strd	r1, r3, [r4, #4]
 80a0a70:	4b04      	ldr	r3, [pc, #16]	; (80a0a84 <_ZN9USBSerialC1E20HAL_USB_USART_SerialRK20HAL_USB_USART_Config+0x24>)
  _serial = serial;
 80a0a72:	7420      	strb	r0, [r4, #16]
USBSerial::USBSerial(HAL_USB_USART_Serial serial, const HAL_USB_USART_Config& conf)
 80a0a74:	6023      	str	r3, [r4, #0]
  _blocking = true;
 80a0a76:	2301      	movs	r3, #1
  HAL_USB_USART_Init(_serial, &conf);
 80a0a78:	4611      	mov	r1, r2
  _blocking = true;
 80a0a7a:	7463      	strb	r3, [r4, #17]
  HAL_USB_USART_Init(_serial, &conf);
 80a0a7c:	f7ff fc50 	bl	80a0320 <HAL_USB_USART_Init>
}
 80a0a80:	4620      	mov	r0, r4
 80a0a82:	bd10      	pop	{r4, pc}
 80a0a84:	080a1b54 	.word	0x080a1b54

080a0a88 <_ZN9USBSerial5beginEl>:
    HAL_USB_USART_Begin(_serial, speed, NULL);
 80a0a88:	2200      	movs	r2, #0
 80a0a8a:	7c00      	ldrb	r0, [r0, #16]
 80a0a8c:	f7ff bc50 	b.w	80a0330 <HAL_USB_USART_Begin>

080a0a90 <_Z19acquireSerialBufferv>:
{
 80a0a90:	b510      	push	{r4, lr}
 80a0a92:	4604      	mov	r4, r0
  HAL_USB_USART_Config conf = {0};
 80a0a94:	2214      	movs	r2, #20
 80a0a96:	2100      	movs	r1, #0
 80a0a98:	f000 ff8e 	bl	80a19b8 <memset>
  conf.rx_buffer = serial_rx_buffer;
 80a0a9c:	4b05      	ldr	r3, [pc, #20]	; (80a0ab4 <_Z19acquireSerialBufferv+0x24>)
}
 80a0a9e:	4620      	mov	r0, r4
  conf.rx_buffer = serial_rx_buffer;
 80a0aa0:	6063      	str	r3, [r4, #4]
  conf.tx_buffer = serial_tx_buffer;
 80a0aa2:	4b05      	ldr	r3, [pc, #20]	; (80a0ab8 <_Z19acquireSerialBufferv+0x28>)
 80a0aa4:	60e3      	str	r3, [r4, #12]
  conf.rx_buffer_size = USB_RX_BUFFER_SIZE;
 80a0aa6:	f240 1301 	movw	r3, #257	; 0x101
 80a0aaa:	8123      	strh	r3, [r4, #8]
  conf.tx_buffer_size = USB_TX_BUFFER_SIZE;
 80a0aac:	2381      	movs	r3, #129	; 0x81
 80a0aae:	8223      	strh	r3, [r4, #16]
}
 80a0ab0:	bd10      	pop	{r4, pc}
 80a0ab2:	bf00      	nop
 80a0ab4:	200000d0 	.word	0x200000d0
 80a0ab8:	200001d1 	.word	0x200001d1

080a0abc <_Z16_fetch_usbserialv>:
{
 80a0abc:	b530      	push	{r4, r5, lr}
	static USBSerial _usbserial(HAL_USB_USART_SERIAL, conf);
 80a0abe:	4d0e      	ldr	r5, [pc, #56]	; (80a0af8 <_Z16_fetch_usbserialv+0x3c>)
{
 80a0ac0:	b087      	sub	sp, #28
  HAL_USB_USART_Config conf = acquireSerialBuffer();
 80a0ac2:	a801      	add	r0, sp, #4
 80a0ac4:	f7ff ffe4 	bl	80a0a90 <_Z19acquireSerialBufferv>
	static USBSerial _usbserial(HAL_USB_USART_SERIAL, conf);
 80a0ac8:	7829      	ldrb	r1, [r5, #0]
 80a0aca:	f3bf 8f5b 	dmb	ish
 80a0ace:	f011 0401 	ands.w	r4, r1, #1
 80a0ad2:	d10e      	bne.n	80a0af2 <_Z16_fetch_usbserialv+0x36>
 80a0ad4:	4628      	mov	r0, r5
 80a0ad6:	f7ff fae4 	bl	80a00a2 <__cxa_guard_acquire>
 80a0ada:	b150      	cbz	r0, 80a0af2 <_Z16_fetch_usbserialv+0x36>
 80a0adc:	4621      	mov	r1, r4
 80a0ade:	aa01      	add	r2, sp, #4
 80a0ae0:	4806      	ldr	r0, [pc, #24]	; (80a0afc <_Z16_fetch_usbserialv+0x40>)
 80a0ae2:	f7ff ffbd 	bl	80a0a60 <_ZN9USBSerialC1E20HAL_USB_USART_SerialRK20HAL_USB_USART_Config>
 80a0ae6:	4628      	mov	r0, r5
 80a0ae8:	f7ff fae0 	bl	80a00ac <__cxa_guard_release>
 80a0aec:	4804      	ldr	r0, [pc, #16]	; (80a0b00 <_Z16_fetch_usbserialv+0x44>)
 80a0aee:	f000 ff4f 	bl	80a1990 <atexit>
	return _usbserial;
}
 80a0af2:	4802      	ldr	r0, [pc, #8]	; (80a0afc <_Z16_fetch_usbserialv+0x40>)
 80a0af4:	b007      	add	sp, #28
 80a0af6:	bd30      	pop	{r4, r5, pc}
 80a0af8:	200000a0 	.word	0x200000a0
 80a0afc:	200000a8 	.word	0x200000a8
 80a0b00:	080a09e9 	.word	0x080a09e9

080a0b04 <_Z23acquireUSBSerial1Bufferv>:

#if Wiring_USBSerial1

HAL_USB_USART_Config __attribute__((weak)) acquireUSBSerial1Buffer()
{
 80a0b04:	b510      	push	{r4, lr}
 80a0b06:	4604      	mov	r4, r0
  HAL_USB_USART_Config conf = {0};
 80a0b08:	2214      	movs	r2, #20
 80a0b0a:	2100      	movs	r1, #0
 80a0b0c:	f000 ff54 	bl	80a19b8 <memset>

#if defined(USB_SERIAL_USERSPACE_BUFFERS) && ((MODULE_FUNCTION == MOD_FUNC_USER_PART) || (MODULE_FUNCTION == MOD_FUNC_MONO_FIRMWARE))
  static uint8_t usbserial1_rx_buffer[USB_RX_BUFFER_SIZE];
  static uint8_t usbserial1_tx_buffer[USB_TX_BUFFER_SIZE];

  conf.rx_buffer = usbserial1_rx_buffer;
 80a0b10:	4b05      	ldr	r3, [pc, #20]	; (80a0b28 <_Z23acquireUSBSerial1Bufferv+0x24>)
  conf.rx_buffer_size = USB_RX_BUFFER_SIZE;
  conf.tx_buffer_size = USB_TX_BUFFER_SIZE;
#endif

  return conf;
}
 80a0b12:	4620      	mov	r0, r4
  conf.rx_buffer = usbserial1_rx_buffer;
 80a0b14:	6063      	str	r3, [r4, #4]
  conf.tx_buffer = usbserial1_tx_buffer;
 80a0b16:	4b05      	ldr	r3, [pc, #20]	; (80a0b2c <_Z23acquireUSBSerial1Bufferv+0x28>)
 80a0b18:	60e3      	str	r3, [r4, #12]
  conf.rx_buffer_size = USB_RX_BUFFER_SIZE;
 80a0b1a:	f240 1301 	movw	r3, #257	; 0x101
 80a0b1e:	8123      	strh	r3, [r4, #8]
  conf.tx_buffer_size = USB_TX_BUFFER_SIZE;
 80a0b20:	2381      	movs	r3, #129	; 0x81
 80a0b22:	8223      	strh	r3, [r4, #16]
}
 80a0b24:	bd10      	pop	{r4, pc}
 80a0b26:	bf00      	nop
 80a0b28:	20000252 	.word	0x20000252
 80a0b2c:	20000353 	.word	0x20000353

080a0b30 <_Z17_fetch_usbserial1v>:

USBSerial& _fetch_usbserial1()
{
 80a0b30:	b510      	push	{r4, lr}
  HAL_USB_USART_Config conf = acquireUSBSerial1Buffer();
  static USBSerial _usbserial1(HAL_USB_USART_SERIAL1, conf);
 80a0b32:	4c0e      	ldr	r4, [pc, #56]	; (80a0b6c <_Z17_fetch_usbserial1v+0x3c>)
{
 80a0b34:	b086      	sub	sp, #24
  HAL_USB_USART_Config conf = acquireUSBSerial1Buffer();
 80a0b36:	a801      	add	r0, sp, #4
 80a0b38:	f7ff ffe4 	bl	80a0b04 <_Z23acquireUSBSerial1Bufferv>
  static USBSerial _usbserial1(HAL_USB_USART_SERIAL1, conf);
 80a0b3c:	7823      	ldrb	r3, [r4, #0]
 80a0b3e:	f3bf 8f5b 	dmb	ish
 80a0b42:	07db      	lsls	r3, r3, #31
 80a0b44:	d40e      	bmi.n	80a0b64 <_Z17_fetch_usbserial1v+0x34>
 80a0b46:	4620      	mov	r0, r4
 80a0b48:	f7ff faab 	bl	80a00a2 <__cxa_guard_acquire>
 80a0b4c:	b150      	cbz	r0, 80a0b64 <_Z17_fetch_usbserial1v+0x34>
 80a0b4e:	2101      	movs	r1, #1
 80a0b50:	aa01      	add	r2, sp, #4
 80a0b52:	4807      	ldr	r0, [pc, #28]	; (80a0b70 <_Z17_fetch_usbserial1v+0x40>)
 80a0b54:	f7ff ff84 	bl	80a0a60 <_ZN9USBSerialC1E20HAL_USB_USART_SerialRK20HAL_USB_USART_Config>
 80a0b58:	4620      	mov	r0, r4
 80a0b5a:	f7ff faa7 	bl	80a00ac <__cxa_guard_release>
 80a0b5e:	4805      	ldr	r0, [pc, #20]	; (80a0b74 <_Z17_fetch_usbserial1v+0x44>)
 80a0b60:	f000 ff16 	bl	80a1990 <atexit>
  return _usbserial1;
}
 80a0b64:	4802      	ldr	r0, [pc, #8]	; (80a0b70 <_Z17_fetch_usbserial1v+0x40>)
 80a0b66:	b006      	add	sp, #24
 80a0b68:	bd10      	pop	{r4, pc}
 80a0b6a:	bf00      	nop
 80a0b6c:	200000a4 	.word	0x200000a4
 80a0b70:	200000bc 	.word	0x200000bc
 80a0b74:	080a0a5f 	.word	0x080a0a5f

080a0b78 <_ZN11USARTSerialD1Ev>:
private:
  hal_usart_interface_t _serial;
  bool _blocking;
public:
  USARTSerial(hal_usart_interface_t serial, hal_usart_ring_buffer_t *rx_buffer, hal_usart_ring_buffer_t *tx_buffer);
  virtual ~USARTSerial() {};
 80a0b78:	4770      	bx	lr

080a0b7a <_ZN11USARTSerial14blockOnOverrunEb>:
    hal_usart_half_duplex(_serial, Enable);
}

void USARTSerial::blockOnOverrun(bool block)
{
  _blocking = block;
 80a0b7a:	7441      	strb	r1, [r0, #17]
}
 80a0b7c:	4770      	bx	lr

080a0b7e <__tcf_0>:
#endif

USARTSerial& __fetch_global_Serial1()
{
#if ((MODULE_FUNCTION == MOD_FUNC_USER_PART) || (MODULE_FUNCTION == MOD_FUNC_MONO_FIRMWARE))
	static USARTSerial serial1(HAL_USART_SERIAL1, &serial1_rx_buffer, &serial1_tx_buffer);
 80a0b7e:	4770      	bx	lr

080a0b80 <_ZN11USARTSerial17availableForWriteEv>:
{
 80a0b80:	b508      	push	{r3, lr}
  return std::max(0, (int)hal_usart_available_data_for_write(_serial));
 80a0b82:	7c00      	ldrb	r0, [r0, #16]
 80a0b84:	f7ff fb7a 	bl	80a027c <hal_usart_available_data_for_write>
}
 80a0b88:	ea20 70e0 	bic.w	r0, r0, r0, asr #31
 80a0b8c:	bd08      	pop	{r3, pc}

080a0b8e <_ZN11USARTSerial9availableEv>:
{
 80a0b8e:	b508      	push	{r3, lr}
  return std::max(0, (int)hal_usart_available(_serial));
 80a0b90:	7c00      	ldrb	r0, [r0, #16]
 80a0b92:	f7ff fb4b 	bl	80a022c <hal_usart_available>
}
 80a0b96:	ea20 70e0 	bic.w	r0, r0, r0, asr #31
 80a0b9a:	bd08      	pop	{r3, pc}

080a0b9c <_ZN11USARTSerial4peekEv>:
{
 80a0b9c:	b508      	push	{r3, lr}
  return std::max(-1, (int)hal_usart_peek(_serial));
 80a0b9e:	7c00      	ldrb	r0, [r0, #16]
 80a0ba0:	f7ff fb54 	bl	80a024c <hal_usart_peek>
}
 80a0ba4:	ea40 70e0 	orr.w	r0, r0, r0, asr #31
 80a0ba8:	bd08      	pop	{r3, pc}

080a0baa <_ZN11USARTSerial4readEv>:
{
 80a0baa:	b508      	push	{r3, lr}
  return std::max(-1, (int)hal_usart_read(_serial));
 80a0bac:	7c00      	ldrb	r0, [r0, #16]
 80a0bae:	f7ff fb45 	bl	80a023c <hal_usart_read>
}
 80a0bb2:	ea40 70e0 	orr.w	r0, r0, r0, asr #31
 80a0bb6:	bd08      	pop	{r3, pc}

080a0bb8 <_ZN11USARTSerial5flushEv>:
  hal_usart_flush(_serial);
 80a0bb8:	7c00      	ldrb	r0, [r0, #16]
 80a0bba:	f7ff bb4f 	b.w	80a025c <hal_usart_flush>

080a0bbe <_ZN11USARTSerial5writeEh>:
{
 80a0bbe:	b570      	push	{r4, r5, r6, lr}
  if (_blocking || hal_usart_available_data_for_write(_serial) > 0) {
 80a0bc0:	7c46      	ldrb	r6, [r0, #17]
{
 80a0bc2:	4604      	mov	r4, r0
 80a0bc4:	460d      	mov	r5, r1
  if (_blocking || hal_usart_available_data_for_write(_serial) > 0) {
 80a0bc6:	b12e      	cbz	r6, 80a0bd4 <_ZN11USARTSerial5writeEh+0x16>
	  return hal_usart_write(_serial, c);
 80a0bc8:	4629      	mov	r1, r5
 80a0bca:	7c20      	ldrb	r0, [r4, #16]
}
 80a0bcc:	e8bd 4070 	ldmia.w	sp!, {r4, r5, r6, lr}
	  return hal_usart_write(_serial, c);
 80a0bd0:	f7ff bb24 	b.w	80a021c <hal_usart_write>
  if (_blocking || hal_usart_available_data_for_write(_serial) > 0) {
 80a0bd4:	7c00      	ldrb	r0, [r0, #16]
 80a0bd6:	f7ff fb51 	bl	80a027c <hal_usart_available_data_for_write>
 80a0bda:	2800      	cmp	r0, #0
 80a0bdc:	dcf4      	bgt.n	80a0bc8 <_ZN11USARTSerial5writeEh+0xa>
}
 80a0bde:	4630      	mov	r0, r6
 80a0be0:	bd70      	pop	{r4, r5, r6, pc}

080a0be2 <_ZN11USARTSerialD0Ev>:
 80a0be2:	b510      	push	{r4, lr}
 80a0be4:	4604      	mov	r4, r0
 80a0be6:	2114      	movs	r1, #20
 80a0be8:	f000 fa1a 	bl	80a1020 <_ZdlPvj>
 80a0bec:	4620      	mov	r0, r4
 80a0bee:	bd10      	pop	{r4, pc}

080a0bf0 <_ZN11USARTSerialC1E21hal_usart_interface_tP23hal_usart_ring_buffer_tS2_>:
 80a0bf0:	f04f 0c00 	mov.w	ip, #0
USARTSerial::USARTSerial(hal_usart_interface_t serial, hal_usart_ring_buffer_t *rx_buffer, hal_usart_ring_buffer_t *tx_buffer)
 80a0bf4:	b510      	push	{r4, lr}
 80a0bf6:	4604      	mov	r4, r0
 80a0bf8:	4608      	mov	r0, r1
 80a0bfa:	4611      	mov	r1, r2
 80a0bfc:	f44f 727a 	mov.w	r2, #1000	; 0x3e8
 80a0c00:	e9c4 c201 	strd	ip, r2, [r4, #4]
 80a0c04:	4a04      	ldr	r2, [pc, #16]	; (80a0c18 <_ZN11USARTSerialC1E21hal_usart_interface_tP23hal_usart_ring_buffer_tS2_+0x28>)
  _serial = serial;
 80a0c06:	7420      	strb	r0, [r4, #16]
USARTSerial::USARTSerial(hal_usart_interface_t serial, hal_usart_ring_buffer_t *rx_buffer, hal_usart_ring_buffer_t *tx_buffer)
 80a0c08:	6022      	str	r2, [r4, #0]
  _blocking = true;
 80a0c0a:	2201      	movs	r2, #1
 80a0c0c:	7462      	strb	r2, [r4, #17]
  hal_usart_init(serial, rx_buffer, tx_buffer);
 80a0c0e:	461a      	mov	r2, r3
 80a0c10:	f7ff fafc 	bl	80a020c <hal_usart_init>
}
 80a0c14:	4620      	mov	r0, r4
 80a0c16:	bd10      	pop	{r4, pc}
 80a0c18:	080a1b84 	.word	0x080a1b84

080a0c1c <_Z22__fetch_global_Serial1v>:
{
 80a0c1c:	b538      	push	{r3, r4, r5, lr}
	static USARTSerial serial1(HAL_USART_SERIAL1, &serial1_rx_buffer, &serial1_tx_buffer);
 80a0c1e:	4d0c      	ldr	r5, [pc, #48]	; (80a0c50 <_Z22__fetch_global_Serial1v+0x34>)
 80a0c20:	7829      	ldrb	r1, [r5, #0]
 80a0c22:	f3bf 8f5b 	dmb	ish
 80a0c26:	f011 0401 	ands.w	r4, r1, #1
 80a0c2a:	d10f      	bne.n	80a0c4c <_Z22__fetch_global_Serial1v+0x30>
 80a0c2c:	4628      	mov	r0, r5
 80a0c2e:	f7ff fa38 	bl	80a00a2 <__cxa_guard_acquire>
 80a0c32:	b158      	cbz	r0, 80a0c4c <_Z22__fetch_global_Serial1v+0x30>
 80a0c34:	4621      	mov	r1, r4
 80a0c36:	4b07      	ldr	r3, [pc, #28]	; (80a0c54 <_Z22__fetch_global_Serial1v+0x38>)
 80a0c38:	4a07      	ldr	r2, [pc, #28]	; (80a0c58 <_Z22__fetch_global_Serial1v+0x3c>)
 80a0c3a:	4808      	ldr	r0, [pc, #32]	; (80a0c5c <_Z22__fetch_global_Serial1v+0x40>)
 80a0c3c:	f7ff ffd8 	bl	80a0bf0 <_ZN11USARTSerialC1E21hal_usart_interface_tP23hal_usart_ring_buffer_tS2_>
 80a0c40:	4628      	mov	r0, r5
 80a0c42:	f7ff fa33 	bl	80a00ac <__cxa_guard_release>
 80a0c46:	4806      	ldr	r0, [pc, #24]	; (80a0c60 <_Z22__fetch_global_Serial1v+0x44>)
 80a0c48:	f000 fea2 	bl	80a1990 <atexit>
    serial1_tx_buffer = new hal_usart_ring_buffer_t();
  }
  static USARTSerial serial1(HAL_USART_SERIAL1, serial1_rx_buffer, serial1_tx_buffer);
#endif
	return serial1;
}
 80a0c4c:	4803      	ldr	r0, [pc, #12]	; (80a0c5c <_Z22__fetch_global_Serial1v+0x40>)
 80a0c4e:	bd38      	pop	{r3, r4, r5, pc}
 80a0c50:	200003d4 	.word	0x200003d4
 80a0c54:	2000045c 	.word	0x2000045c
 80a0c58:	200003d8 	.word	0x200003d8
 80a0c5c:	200004e0 	.word	0x200004e0
 80a0c60:	080a0b7f 	.word	0x080a0b7f

080a0c64 <_ZN7TwoWireD1Ev>:
private:
  hal_i2c_interface_t _i2c;

public:
  TwoWire(hal_i2c_interface_t i2c, const hal_i2c_config_t& config);
  virtual ~TwoWire() {};
 80a0c64:	4770      	bx	lr

080a0c66 <_ZN7TwoWire5writeEPKhj>:

// must be called in:
// slave tx event callback
// or after beginTransmission(address)
size_t TwoWire::write(const uint8_t *data, size_t quantity)
{
 80a0c66:	b5f8      	push	{r3, r4, r5, r6, r7, lr}
 80a0c68:	4606      	mov	r6, r0
 80a0c6a:	4615      	mov	r5, r2
 80a0c6c:	460c      	mov	r4, r1
 80a0c6e:	188f      	adds	r7, r1, r2
  // in master/slave transmitter mode
  for(size_t i = 0; i < quantity; ++i)
 80a0c70:	42bc      	cmp	r4, r7
 80a0c72:	d006      	beq.n	80a0c82 <_ZN7TwoWire5writeEPKhj+0x1c>
  {
    write(data[i]);
 80a0c74:	6833      	ldr	r3, [r6, #0]
 80a0c76:	4630      	mov	r0, r6
 80a0c78:	689b      	ldr	r3, [r3, #8]
 80a0c7a:	f814 1b01 	ldrb.w	r1, [r4], #1
 80a0c7e:	4798      	blx	r3
  for(size_t i = 0; i < quantity; ++i)
 80a0c80:	e7f6      	b.n	80a0c70 <_ZN7TwoWire5writeEPKhj+0xa>
  }

  return quantity;
}
 80a0c82:	4628      	mov	r0, r5
 80a0c84:	bdf8      	pop	{r3, r4, r5, r6, r7, pc}

080a0c86 <_ZN7TwoWire5writeEh>:
  return hal_i2c_write(_i2c, data, NULL);
 80a0c86:	2200      	movs	r2, #0
 80a0c88:	7c00      	ldrb	r0, [r0, #16]
 80a0c8a:	f7ff baff 	b.w	80a028c <hal_i2c_write>

080a0c8e <_ZN7TwoWire9availableEv>:
// must be called in:
// slave rx event callback
// or after requestFrom(address, numBytes)
int TwoWire::available(void)
{
  return hal_i2c_available(_i2c, NULL);
 80a0c8e:	2100      	movs	r1, #0
 80a0c90:	7c00      	ldrb	r0, [r0, #16]
 80a0c92:	f7ff bb03 	b.w	80a029c <hal_i2c_available>

080a0c96 <_ZN7TwoWire4readEv>:
// must be called in:
// slave rx event callback
// or after requestFrom(address, numBytes)
int TwoWire::read(void)
{
  return hal_i2c_read(_i2c, NULL);
 80a0c96:	2100      	movs	r1, #0
 80a0c98:	7c00      	ldrb	r0, [r0, #16]
 80a0c9a:	f7ff bb07 	b.w	80a02ac <hal_i2c_read>

080a0c9e <_ZN7TwoWire4peekEv>:
// must be called in:
// slave rx event callback
// or after requestFrom(address, numBytes)
int TwoWire::peek(void)
{
  return hal_i2c_peek(_i2c, NULL);
 80a0c9e:	2100      	movs	r1, #0
 80a0ca0:	7c00      	ldrb	r0, [r0, #16]
 80a0ca2:	f7ff bb0b 	b.w	80a02bc <hal_i2c_peek>

080a0ca6 <_ZN7TwoWire5flushEv>:
}

void TwoWire::flush(void)
{
  hal_i2c_flush(_i2c, NULL);
 80a0ca6:	2100      	movs	r1, #0
 80a0ca8:	7c00      	ldrb	r0, [r0, #16]
 80a0caa:	f7ff bb0f 	b.w	80a02cc <hal_i2c_flush>

080a0cae <_ZN7TwoWireD0Ev>:
 80a0cae:	b510      	push	{r4, lr}
 80a0cb0:	4604      	mov	r4, r0
 80a0cb2:	2114      	movs	r1, #20
 80a0cb4:	f000 f9b4 	bl	80a1020 <_ZdlPvj>
 80a0cb8:	4620      	mov	r0, r4
 80a0cba:	bd10      	pop	{r4, pc}

080a0cbc <_ZN7TwoWireC1E19hal_i2c_interface_tRK16hal_i2c_config_t>:
TwoWire::TwoWire(hal_i2c_interface_t i2c, const hal_i2c_config_t& conf)
 80a0cbc:	b510      	push	{r4, lr}
 80a0cbe:	f44f 737a 	mov.w	r3, #1000	; 0x3e8
 80a0cc2:	4604      	mov	r4, r0
 80a0cc4:	4608      	mov	r0, r1
 80a0cc6:	2100      	movs	r1, #0
 80a0cc8:	e9c4 1301 	strd	r1, r3, [r4, #4]
 80a0ccc:	4b03      	ldr	r3, [pc, #12]	; (80a0cdc <_ZN7TwoWireC1E19hal_i2c_interface_tRK16hal_i2c_config_t+0x20>)
  hal_i2c_init(_i2c, &conf);
 80a0cce:	4611      	mov	r1, r2
TwoWire::TwoWire(hal_i2c_interface_t i2c, const hal_i2c_config_t& conf)
 80a0cd0:	6023      	str	r3, [r4, #0]
  _i2c = i2c;
 80a0cd2:	7420      	strb	r0, [r4, #16]
  hal_i2c_init(_i2c, &conf);
 80a0cd4:	f7ff fb0a 	bl	80a02ec <hal_i2c_init>
}
 80a0cd8:	4620      	mov	r0, r4
 80a0cda:	bd10      	pop	{r4, pc}
 80a0cdc:	080a1bb4 	.word	0x080a1bb4

080a0ce0 <_ZN5spark9WiFiClass5readyEv>:
        return network_ready(*this, 0, NULL);
 80a0ce0:	2200      	movs	r2, #0
 80a0ce2:	6840      	ldr	r0, [r0, #4]
 80a0ce4:	4611      	mov	r1, r2
 80a0ce6:	f7ff bb97 	b.w	80a0418 <network_ready>

080a0cea <_ZN5spark9WiFiClass7resolveEPKc>:
    WLanSelectAntenna_TypeDef getAntenna() {
        return wlan_get_antenna(nullptr);
    }

#if !HAL_USE_INET_HAL_POSIX
    IPAddress resolve(const char* name)
 80a0cea:	b5f0      	push	{r4, r5, r6, r7, lr}
 80a0cec:	4615      	mov	r5, r2
 80a0cee:	b089      	sub	sp, #36	; 0x24
    {
        HAL_IPAddress ip = {};
 80a0cf0:	2211      	movs	r2, #17
    IPAddress resolve(const char* name)
 80a0cf2:	460e      	mov	r6, r1
 80a0cf4:	4604      	mov	r4, r0
        HAL_IPAddress ip = {};
 80a0cf6:	2100      	movs	r1, #0
 80a0cf8:	a803      	add	r0, sp, #12
 80a0cfa:	f000 fe5d 	bl	80a19b8 <memset>
        return (inet_gethostbyname(name, strlen(name), &ip, *this, NULL) != 0) ?
 80a0cfe:	4628      	mov	r0, r5
 80a0d00:	f000 fe86 	bl	80a1a10 <strlen>
 80a0d04:	2700      	movs	r7, #0
 80a0d06:	b281      	uxth	r1, r0
 80a0d08:	6873      	ldr	r3, [r6, #4]
 80a0d0a:	4628      	mov	r0, r5
 80a0d0c:	9700      	str	r7, [sp, #0]
 80a0d0e:	aa03      	add	r2, sp, #12
 80a0d10:	f7ff fb3e 	bl	80a0390 <inet_gethostbyname>
                IPAddress(uint32_t(0)) : IPAddress(ip);
 80a0d14:	b130      	cbz	r0, 80a0d24 <_ZN5spark9WiFiClass7resolveEPKc+0x3a>
 80a0d16:	4639      	mov	r1, r7
 80a0d18:	4620      	mov	r0, r4
 80a0d1a:	f7ff fe41 	bl	80a09a0 <_ZN9IPAddressC1Em>
    }
 80a0d1e:	4620      	mov	r0, r4
 80a0d20:	b009      	add	sp, #36	; 0x24
 80a0d22:	bdf0      	pop	{r4, r5, r6, r7, pc}
                IPAddress(uint32_t(0)) : IPAddress(ip);
 80a0d24:	4620      	mov	r0, r4
 80a0d26:	a903      	add	r1, sp, #12
 80a0d28:	f7ff fe28 	bl	80a097c <_ZN9IPAddressC1ERK16_HAL_IPAddress_t>
 80a0d2c:	e7f7      	b.n	80a0d1e <_ZN5spark9WiFiClass7resolveEPKc+0x34>

080a0d2e <_ZN5spark9WiFiClass9listeningEv>:
        return network_listening(*this, 0, NULL);
 80a0d2e:	2200      	movs	r2, #0
 80a0d30:	6840      	ldr	r0, [r0, #4]
 80a0d32:	4611      	mov	r1, r2
 80a0d34:	f7ff bb90 	b.w	80a0458 <network_listening>

080a0d38 <_ZN5spark9WiFiClass16getListenTimeoutEv>:
        return network_get_listen_timeout(*this, 0, NULL);
 80a0d38:	2200      	movs	r2, #0
 80a0d3a:	6840      	ldr	r0, [r0, #4]
 80a0d3c:	4611      	mov	r1, r2
 80a0d3e:	f7ff bb9b 	b.w	80a0478 <network_get_listen_timeout>

080a0d42 <_ZN5spark9WiFiClass16setListenTimeoutEt>:
        network_set_listen_timeout(*this, timeout, NULL);
 80a0d42:	2200      	movs	r2, #0
 80a0d44:	6840      	ldr	r0, [r0, #4]
 80a0d46:	f7ff bb8f 	b.w	80a0468 <network_set_listen_timeout>

080a0d4a <_ZN5spark9WiFiClass6listenEb>:
        network_listen(*this, begin ? 0 : 1, NULL);
 80a0d4a:	2200      	movs	r2, #0
 80a0d4c:	6840      	ldr	r0, [r0, #4]
 80a0d4e:	f081 0101 	eor.w	r1, r1, #1
 80a0d52:	f7ff bb79 	b.w	80a0448 <network_listen>

080a0d56 <_ZN5spark9WiFiClass3offEv>:
        network_off(*this, 0, 0, NULL);
 80a0d56:	2300      	movs	r3, #0
 80a0d58:	6840      	ldr	r0, [r0, #4]
 80a0d5a:	461a      	mov	r2, r3
 80a0d5c:	4619      	mov	r1, r3
 80a0d5e:	f7ff bb6b 	b.w	80a0438 <network_off>

080a0d62 <_ZN5spark9WiFiClass10connectingEv>:
        return network_connecting(*this, 0, NULL);
 80a0d62:	2200      	movs	r2, #0
 80a0d64:	6840      	ldr	r0, [r0, #4]
 80a0d66:	4611      	mov	r1, r2
 80a0d68:	f7ff bb46 	b.w	80a03f8 <network_connecting>

080a0d6c <_ZN5spark9WiFiClass10disconnectEv>:
        network_disconnect(*this, NETWORK_DISCONNECT_REASON_USER, NULL);
 80a0d6c:	2200      	movs	r2, #0
 80a0d6e:	2102      	movs	r1, #2
 80a0d70:	6840      	ldr	r0, [r0, #4]
 80a0d72:	f7ff bb49 	b.w	80a0408 <network_disconnect>

080a0d76 <_ZN5spark9WiFiClass7connectEj>:
        network_connect(*this, flags, 0, NULL);
 80a0d76:	2300      	movs	r3, #0
 80a0d78:	6840      	ldr	r0, [r0, #4]
 80a0d7a:	461a      	mov	r2, r3
 80a0d7c:	f7ff bb34 	b.w	80a03e8 <network_connect>

080a0d80 <_GLOBAL__sub_I__ZN10WiFiSignalC2ERK21wlan_connected_info_t>:
    static NetworkClass& from(network_interface_t nif);

    virtual IPAddress resolve(const char* name);

    explicit NetworkClass(network_interface_t iface)
            : iface_(iface) {
 80a0d80:	2204      	movs	r2, #4
 80a0d82:	4b02      	ldr	r3, [pc, #8]	; (80a0d8c <_GLOBAL__sub_I__ZN10WiFiSignalC2ERK21wlan_connected_info_t+0xc>)
 80a0d84:	605a      	str	r2, [r3, #4]
            NetworkClass(NETWORK_INTERFACE_WIFI_STA) {
 80a0d86:	4a02      	ldr	r2, [pc, #8]	; (80a0d90 <_GLOBAL__sub_I__ZN10WiFiSignalC2ERK21wlan_connected_info_t+0x10>)
 80a0d88:	601a      	str	r2, [r3, #0]
the same way.
*****************************************************************************/

    WiFiClass WiFi;
    // NetworkClass& Network = WiFi;
}
 80a0d8a:	4770      	bx	lr
 80a0d8c:	200004f4 	.word	0x200004f4
 80a0d90:	080a1bdc 	.word	0x080a1bdc

080a0d94 <_ZN5spark12NetworkClass7connectEj>:
        return Network;
    }
}

void NetworkClass::connect(unsigned flags) {
    network_connect(*this, flags, 0, nullptr);
 80a0d94:	2300      	movs	r3, #0
 80a0d96:	6840      	ldr	r0, [r0, #4]
 80a0d98:	461a      	mov	r2, r3
 80a0d9a:	f7ff bb25 	b.w	80a03e8 <network_connect>

080a0d9e <_ZN5spark12NetworkClass10disconnectEv>:
}

void NetworkClass::disconnect() {
    network_disconnect(*this, NETWORK_DISCONNECT_REASON_USER, nullptr);
 80a0d9e:	2200      	movs	r2, #0
 80a0da0:	2102      	movs	r1, #2
 80a0da2:	6840      	ldr	r0, [r0, #4]
 80a0da4:	f7ff bb30 	b.w	80a0408 <network_disconnect>

080a0da8 <_ZN5spark12NetworkClass10connectingEv>:
}

bool NetworkClass::connecting() {
    return network_connecting(*this, 0, nullptr);
 80a0da8:	2200      	movs	r2, #0
 80a0daa:	6840      	ldr	r0, [r0, #4]
 80a0dac:	4611      	mov	r1, r2
 80a0dae:	f7ff bb23 	b.w	80a03f8 <network_connecting>

080a0db2 <_ZN5spark12NetworkClass5readyEv>:
}

bool NetworkClass::ready() {
    return network_ready(*this, 0, nullptr);
 80a0db2:	2200      	movs	r2, #0
 80a0db4:	6840      	ldr	r0, [r0, #4]
 80a0db6:	4611      	mov	r1, r2
 80a0db8:	f7ff bb2e 	b.w	80a0418 <network_ready>

080a0dbc <_ZN5spark12NetworkClass2onEv>:
}

void NetworkClass::on() {
    network_on(*this, 0, 0, nullptr);
 80a0dbc:	2300      	movs	r3, #0
 80a0dbe:	6840      	ldr	r0, [r0, #4]
 80a0dc0:	461a      	mov	r2, r3
 80a0dc2:	4619      	mov	r1, r3
 80a0dc4:	f7ff bb30 	b.w	80a0428 <network_on>

080a0dc8 <_ZN5spark12NetworkClass3offEv>:
}

void NetworkClass::off() {
    network_off(*this, 0, 0, nullptr);
 80a0dc8:	2300      	movs	r3, #0
 80a0dca:	6840      	ldr	r0, [r0, #4]
 80a0dcc:	461a      	mov	r2, r3
 80a0dce:	4619      	mov	r1, r3
 80a0dd0:	f7ff bb32 	b.w	80a0438 <network_off>

080a0dd4 <_ZN5spark12NetworkClass4isOnEv>:
}

bool NetworkClass::isOn() {
    return network_is_on(*this, nullptr);
 80a0dd4:	2100      	movs	r1, #0
 80a0dd6:	6840      	ldr	r0, [r0, #4]
 80a0dd8:	f7ff bb56 	b.w	80a0488 <network_is_on>

080a0ddc <_ZN5spark12NetworkClass5isOffEv>:
}

bool NetworkClass::isOff() {
    return network_is_off(*this, nullptr);
 80a0ddc:	2100      	movs	r1, #0
 80a0dde:	6840      	ldr	r0, [r0, #4]
 80a0de0:	f7ff bb5a 	b.w	80a0498 <network_is_off>

080a0de4 <_ZN5spark12NetworkClass6listenEb>:
}

void NetworkClass::listen(bool begin) {
    network_listen(*this, begin ? 0 : 1, nullptr);
 80a0de4:	2200      	movs	r2, #0
 80a0de6:	6840      	ldr	r0, [r0, #4]
 80a0de8:	f081 0101 	eor.w	r1, r1, #1
 80a0dec:	f7ff bb2c 	b.w	80a0448 <network_listen>

080a0df0 <_ZN5spark12NetworkClass16setListenTimeoutEt>:
}

void NetworkClass::setListenTimeout(uint16_t timeout) {
    network_set_listen_timeout(*this, timeout, nullptr);
 80a0df0:	2200      	movs	r2, #0
 80a0df2:	6840      	ldr	r0, [r0, #4]
 80a0df4:	f7ff bb38 	b.w	80a0468 <network_set_listen_timeout>

080a0df8 <_ZN5spark12NetworkClass16getListenTimeoutEv>:
}

uint16_t NetworkClass::getListenTimeout() {
    return network_get_listen_timeout(*this, 0, nullptr);
 80a0df8:	2200      	movs	r2, #0
 80a0dfa:	6840      	ldr	r0, [r0, #4]
 80a0dfc:	4611      	mov	r1, r2
 80a0dfe:	f7ff bb3b 	b.w	80a0478 <network_get_listen_timeout>

080a0e02 <_ZN5spark12NetworkClass9listeningEv>:
}

bool NetworkClass::listening() {
    return network_listening(*this, 0, nullptr);
 80a0e02:	2200      	movs	r2, #0
 80a0e04:	6840      	ldr	r0, [r0, #4]
 80a0e06:	4611      	mov	r1, r2
 80a0e08:	f7ff bb26 	b.w	80a0458 <network_listening>

080a0e0c <_ZN5spark12NetworkClass7resolveEPKc>:
}

IPAddress NetworkClass::resolve(const char* name) {
 80a0e0c:	b570      	push	{r4, r5, r6, lr}
 80a0e0e:	4615      	mov	r5, r2
 80a0e10:	b08e      	sub	sp, #56	; 0x38
 80a0e12:	4604      	mov	r4, r0
    IPAddress addr;
 80a0e14:	a808      	add	r0, sp, #32
 80a0e16:	f7ff fda3 	bl	80a0960 <_ZN9IPAddressC1Ev>
        HAL_IPAddress ip = {};
 80a0e1a:	2211      	movs	r2, #17
 80a0e1c:	2100      	movs	r1, #0
 80a0e1e:	a803      	add	r0, sp, #12
 80a0e20:	f000 fdca 	bl	80a19b8 <memset>
        return (inet_gethostbyname(name, strlen(name), &ip, *this, NULL) != 0) ?
 80a0e24:	2600      	movs	r6, #0
 80a0e26:	4628      	mov	r0, r5
 80a0e28:	f000 fdf2 	bl	80a1a10 <strlen>
 80a0e2c:	4b0a      	ldr	r3, [pc, #40]	; (80a0e58 <_ZN5spark12NetworkClass7resolveEPKc+0x4c>)
 80a0e2e:	9600      	str	r6, [sp, #0]
 80a0e30:	b281      	uxth	r1, r0
 80a0e32:	685b      	ldr	r3, [r3, #4]
 80a0e34:	4628      	mov	r0, r5
 80a0e36:	aa03      	add	r2, sp, #12
 80a0e38:	f7ff faaa 	bl	80a0390 <inet_gethostbyname>
                IPAddress(uint32_t(0)) : IPAddress(ip);
 80a0e3c:	b130      	cbz	r0, 80a0e4c <_ZN5spark12NetworkClass7resolveEPKc+0x40>
 80a0e3e:	4631      	mov	r1, r6
 80a0e40:	4620      	mov	r0, r4
 80a0e42:	f7ff fdad 	bl	80a09a0 <_ZN9IPAddressC1Em>
    return Cellular.resolve(name);
#endif // Wiring_Cellular

#endif // HAL_USE_INET_HAL_POSIX
    return addr;
}
 80a0e46:	4620      	mov	r0, r4
 80a0e48:	b00e      	add	sp, #56	; 0x38
 80a0e4a:	bd70      	pop	{r4, r5, r6, pc}
 80a0e4c:	4620      	mov	r0, r4
 80a0e4e:	a903      	add	r1, sp, #12
 80a0e50:	f7ff fd94 	bl	80a097c <_ZN9IPAddressC1ERK16_HAL_IPAddress_t>
    virtual ~IPAddress() {}
 80a0e54:	e7f7      	b.n	80a0e46 <_ZN5spark12NetworkClass7resolveEPKc+0x3a>
 80a0e56:	bf00      	nop
 80a0e58:	200004f4 	.word	0x200004f4

080a0e5c <_GLOBAL__sub_I__ZN5spark7NetworkE>:
 80a0e5c:	4b02      	ldr	r3, [pc, #8]	; (80a0e68 <_GLOBAL__sub_I__ZN5spark7NetworkE+0xc>)
 80a0e5e:	4a03      	ldr	r2, [pc, #12]	; (80a0e6c <_GLOBAL__sub_I__ZN5spark7NetworkE+0x10>)
 80a0e60:	601a      	str	r2, [r3, #0]
 80a0e62:	2200      	movs	r2, #0
 80a0e64:	605a      	str	r2, [r3, #4]

} // spark
 80a0e66:	4770      	bx	lr
 80a0e68:	200004fc 	.word	0x200004fc
 80a0e6c:	080a1c18 	.word	0x080a1c18

080a0e70 <__tcf_0>:
        dispose();
    }

    void dispose()
    {
        if (handle_) {
 80a0e70:	4b02      	ldr	r3, [pc, #8]	; (80a0e7c <__tcf_0+0xc>)
 80a0e72:	6898      	ldr	r0, [r3, #8]
 80a0e74:	b108      	cbz	r0, 80a0e7a <__tcf_0+0xa>
            os_mutex_recursive_destroy(handle_);
 80a0e76:	f7ff b9c1 	b.w	80a01fc <os_mutex_recursive_destroy>

template <hal_spi_interface_t Interface>
class SpiProxy {
public:
    static SPIClass& instance() {
        static SPIClass instance(Interface);
 80a0e7a:	4770      	bx	lr
 80a0e7c:	20000508 	.word	0x20000508

080a0e80 <pinAvailable>:
/*
 * @brief Perform safety check on desired pin to see if it's already
 * being used.  Return 0 if used, otherwise return 1 if available.
 */
bool pinAvailable(uint16_t pin) {
  if (pin >= TOTAL_PINS) {
 80a0e80:	2817      	cmp	r0, #23
bool pinAvailable(uint16_t pin) {
 80a0e82:	b570      	push	{r4, r5, r6, lr}
 80a0e84:	4604      	mov	r4, r0
  if (pin >= TOTAL_PINS) {
 80a0e86:	d901      	bls.n	80a0e8c <pinAvailable+0xc>
    return false;
 80a0e88:	2000      	movs	r0, #0
    return false; // 'pin' is used
  }
#endif

  return true; // 'pin' is available
}
 80a0e8a:	bd70      	pop	{r4, r5, r6, pc}
  if((pin == SCK || pin == MOSI || pin == MISO) && hal_spi_is_enabled(SPI.interface()) == true)
 80a0e8c:	f1a0 030d 	sub.w	r3, r0, #13
 80a0e90:	2b02      	cmp	r3, #2
 80a0e92:	d90b      	bls.n	80a0eac <pinAvailable+0x2c>
  if((pin == SCL || pin == SDA) && hal_i2c_is_enabled(Wire.interface(), nullptr) == true)
 80a0e94:	2801      	cmp	r0, #1
 80a0e96:	d824      	bhi.n	80a0ee2 <pinAvailable+0x62>
 80a0e98:	f000 f89e 	bl	80a0fd8 <_Z19__fetch_global_Wirev>
 80a0e9c:	2100      	movs	r1, #0
 80a0e9e:	7c00      	ldrb	r0, [r0, #16]
 80a0ea0:	f7ff fa1c 	bl	80a02dc <hal_i2c_is_enabled>
  if((pin == RX || pin == TX) && hal_usart_is_enabled(Serial1.interface()) == true)
 80a0ea4:	f080 0001 	eor.w	r0, r0, #1
 80a0ea8:	b2c0      	uxtb	r0, r0
 80a0eaa:	e7ee      	b.n	80a0e8a <pinAvailable+0xa>
 80a0eac:	4e12      	ldr	r6, [pc, #72]	; (80a0ef8 <pinAvailable+0x78>)
 80a0eae:	7831      	ldrb	r1, [r6, #0]
 80a0eb0:	f3bf 8f5b 	dmb	ish
 80a0eb4:	f011 0501 	ands.w	r5, r1, #1
 80a0eb8:	d10d      	bne.n	80a0ed6 <pinAvailable+0x56>
 80a0eba:	4630      	mov	r0, r6
 80a0ebc:	f7ff f8f1 	bl	80a00a2 <__cxa_guard_acquire>
 80a0ec0:	b148      	cbz	r0, 80a0ed6 <pinAvailable+0x56>
 80a0ec2:	4629      	mov	r1, r5
 80a0ec4:	480d      	ldr	r0, [pc, #52]	; (80a0efc <pinAvailable+0x7c>)
 80a0ec6:	f7ff fb0f 	bl	80a04e8 <_ZN8SPIClassC1E19hal_spi_interface_t>
 80a0eca:	4630      	mov	r0, r6
 80a0ecc:	f7ff f8ee 	bl	80a00ac <__cxa_guard_release>
 80a0ed0:	480b      	ldr	r0, [pc, #44]	; (80a0f00 <pinAvailable+0x80>)
 80a0ed2:	f000 fd5d 	bl	80a1990 <atexit>
  if((pin == SCK || pin == MOSI || pin == MISO) && hal_spi_is_enabled(SPI.interface()) == true)
 80a0ed6:	4b09      	ldr	r3, [pc, #36]	; (80a0efc <pinAvailable+0x7c>)
 80a0ed8:	7818      	ldrb	r0, [r3, #0]
 80a0eda:	f7ff fa19 	bl	80a0310 <hal_spi_is_enabled>
 80a0ede:	2800      	cmp	r0, #0
 80a0ee0:	d1d2      	bne.n	80a0e88 <pinAvailable+0x8>
  if((pin == RX || pin == TX) && hal_usart_is_enabled(Serial1.interface()) == true)
 80a0ee2:	3c12      	subs	r4, #18
 80a0ee4:	2c01      	cmp	r4, #1
 80a0ee6:	d805      	bhi.n	80a0ef4 <pinAvailable+0x74>
 80a0ee8:	f7ff fe98 	bl	80a0c1c <_Z22__fetch_global_Serial1v>
 80a0eec:	7c00      	ldrb	r0, [r0, #16]
 80a0eee:	f7ff f9bd 	bl	80a026c <hal_usart_is_enabled>
 80a0ef2:	e7d7      	b.n	80a0ea4 <pinAvailable+0x24>
  return true; // 'pin' is available
 80a0ef4:	2001      	movs	r0, #1
 80a0ef6:	e7c8      	b.n	80a0e8a <pinAvailable+0xa>
 80a0ef8:	20000504 	.word	0x20000504
 80a0efc:	20000508 	.word	0x20000508
 80a0f00:	080a0e71 	.word	0x080a0e71

080a0f04 <pinMode>:
  if(pin >= TOTAL_PINS || setMode == PIN_MODE_NONE )
 80a0f04:	2817      	cmp	r0, #23
{
 80a0f06:	b538      	push	{r3, r4, r5, lr}
 80a0f08:	4604      	mov	r4, r0
 80a0f0a:	460d      	mov	r5, r1
  if(pin >= TOTAL_PINS || setMode == PIN_MODE_NONE )
 80a0f0c:	d80a      	bhi.n	80a0f24 <pinMode+0x20>
 80a0f0e:	29ff      	cmp	r1, #255	; 0xff
 80a0f10:	d008      	beq.n	80a0f24 <pinMode+0x20>
  if( !pinAvailable(pin) ) {
 80a0f12:	f7ff ffb5 	bl	80a0e80 <pinAvailable>
 80a0f16:	b128      	cbz	r0, 80a0f24 <pinMode+0x20>
  HAL_Pin_Mode(pin, setMode);
 80a0f18:	4629      	mov	r1, r5
 80a0f1a:	4620      	mov	r0, r4
}
 80a0f1c:	e8bd 4038 	ldmia.w	sp!, {r3, r4, r5, lr}
  HAL_Pin_Mode(pin, setMode);
 80a0f20:	f7ff b934 	b.w	80a018c <HAL_Pin_Mode>
}
 80a0f24:	bd38      	pop	{r3, r4, r5, pc}

080a0f26 <digitalWrite>:

/*
 * @brief Sets a GPIO pin to HIGH or LOW.
 */
void digitalWrite(pin_t pin, uint8_t value)
{
 80a0f26:	b538      	push	{r3, r4, r5, lr}
 80a0f28:	4604      	mov	r4, r0
 80a0f2a:	460d      	mov	r5, r1
    PinMode mode = HAL_Get_Pin_Mode(pin);
 80a0f2c:	f7ff f936 	bl	80a019c <HAL_Get_Pin_Mode>
    if (mode==PIN_MODE_NONE || is_input_mode(mode))
 80a0f30:	28ff      	cmp	r0, #255	; 0xff
 80a0f32:	d010      	beq.n	80a0f56 <digitalWrite+0x30>
            mode == INPUT_PULLDOWN ||
 80a0f34:	2806      	cmp	r0, #6
 80a0f36:	d804      	bhi.n	80a0f42 <digitalWrite+0x1c>
 80a0f38:	234d      	movs	r3, #77	; 0x4d
 80a0f3a:	fa23 f000 	lsr.w	r0, r3, r0
 80a0f3e:	07c3      	lsls	r3, r0, #31
 80a0f40:	d409      	bmi.n	80a0f56 <digitalWrite+0x30>
        return;
  // Safety check
  if( !pinAvailable(pin) ) {
 80a0f42:	4620      	mov	r0, r4
 80a0f44:	f7ff ff9c 	bl	80a0e80 <pinAvailable>
 80a0f48:	b128      	cbz	r0, 80a0f56 <digitalWrite+0x30>
    return;
  }

  HAL_GPIO_Write(pin, value);
 80a0f4a:	4629      	mov	r1, r5
 80a0f4c:	4620      	mov	r0, r4
}
 80a0f4e:	e8bd 4038 	ldmia.w	sp!, {r3, r4, r5, lr}
  HAL_GPIO_Write(pin, value);
 80a0f52:	f7ff b92b 	b.w	80a01ac <HAL_GPIO_Write>
}
 80a0f56:	bd38      	pop	{r3, r4, r5, pc}

080a0f58 <analogRead>:
 * @brief Read the analog value of a pin.
 * Should return a 16-bit value, 0-65536 (0 = LOW, 65536 = HIGH)
 * Note: ADC is 12-bit. Currently it returns 0-4095
 */
int32_t analogRead(pin_t pin)
{
 80a0f58:	b510      	push	{r4, lr}
 80a0f5a:	4604      	mov	r4, r0
  // Allow people to use 0-7 to define analog pins by checking to see if the values are too low.
  if(pin < FIRST_ANALOG_PIN)
 80a0f5c:	2809      	cmp	r0, #9
  {
    pin = pin + FIRST_ANALOG_PIN;
 80a0f5e:	bf9c      	itt	ls
 80a0f60:	340a      	addls	r4, #10
 80a0f62:	b2a4      	uxthls	r4, r4
  }

  // Safety check
  if( !pinAvailable(pin) ) {
 80a0f64:	4620      	mov	r0, r4
 80a0f66:	f7ff ff8b 	bl	80a0e80 <pinAvailable>
 80a0f6a:	b150      	cbz	r0, 80a0f82 <analogRead+0x2a>
    return LOW;
  }

  if(HAL_Validate_Pin_Function(pin, PF_ADC)!=PF_ADC)
 80a0f6c:	2103      	movs	r1, #3
 80a0f6e:	4620      	mov	r0, r4
 80a0f70:	f7ff f904 	bl	80a017c <HAL_Validate_Pin_Function>
 80a0f74:	2803      	cmp	r0, #3
 80a0f76:	d104      	bne.n	80a0f82 <analogRead+0x2a>
  {
    return LOW;
  }

  return hal_adc_read(pin);
 80a0f78:	4620      	mov	r0, r4
}
 80a0f7a:	e8bd 4010 	ldmia.w	sp!, {r4, lr}
  return hal_adc_read(pin);
 80a0f7e:	f7ff b91d 	b.w	80a01bc <hal_adc_read>
}
 80a0f82:	2000      	movs	r0, #0
 80a0f84:	bd10      	pop	{r4, pc}
	...

080a0f88 <_GLOBAL__sub_I_INADDR_NONE>:
#include "spark_wiring_ipaddress.h"

#if !HAL_USE_SOCKET_HAL_POSIX
const IPAddress INADDR_NONE(0, 0, 0, 0);
 80a0f88:	2300      	movs	r3, #0
 80a0f8a:	b507      	push	{r0, r1, r2, lr}
 80a0f8c:	461a      	mov	r2, r3
 80a0f8e:	4619      	mov	r1, r3
 80a0f90:	9300      	str	r3, [sp, #0]
 80a0f92:	4803      	ldr	r0, [pc, #12]	; (80a0fa0 <_GLOBAL__sub_I_INADDR_NONE+0x18>)
 80a0f94:	f7ff fd1a 	bl	80a09cc <_ZN9IPAddressC1Ehhhh>
 80a0f98:	b003      	add	sp, #12
 80a0f9a:	f85d fb04 	ldr.w	pc, [sp], #4
 80a0f9e:	bf00      	nop
 80a0fa0:	20000518 	.word	0x20000518

080a0fa4 <__tcf_0>:
}
#endif

TwoWire& __fetch_global_Wire()
{
	static TwoWire wire(HAL_I2C_INTERFACE1, acquireWireBuffer());
 80a0fa4:	4770      	bx	lr
	...

080a0fa8 <_Z17acquireWireBufferv>:
	hal_i2c_config_t config = {
 80a0fa8:	2300      	movs	r3, #0
{
 80a0faa:	b570      	push	{r4, r5, r6, lr}
	hal_i2c_config_t config = {
 80a0fac:	2520      	movs	r5, #32
 80a0fae:	8043      	strh	r3, [r0, #2]
 80a0fb0:	2314      	movs	r3, #20
		.rx_buffer = new (std::nothrow) uint8_t[I2C_BUFFER_LENGTH],
 80a0fb2:	4e08      	ldr	r6, [pc, #32]	; (80a0fd4 <_Z17acquireWireBufferv+0x2c>)
{
 80a0fb4:	4604      	mov	r4, r0
	hal_i2c_config_t config = {
 80a0fb6:	8003      	strh	r3, [r0, #0]
		.rx_buffer = new (std::nothrow) uint8_t[I2C_BUFFER_LENGTH],
 80a0fb8:	4631      	mov	r1, r6
	hal_i2c_config_t config = {
 80a0fba:	6085      	str	r5, [r0, #8]
 80a0fbc:	6105      	str	r5, [r0, #16]
		.rx_buffer = new (std::nothrow) uint8_t[I2C_BUFFER_LENGTH],
 80a0fbe:	4628      	mov	r0, r5
 80a0fc0:	f000 f830 	bl	80a1024 <_ZnajRKSt9nothrow_t>
		.tx_buffer = new (std::nothrow) uint8_t[I2C_BUFFER_LENGTH],
 80a0fc4:	4631      	mov	r1, r6
	};
 80a0fc6:	6060      	str	r0, [r4, #4]
		.tx_buffer = new (std::nothrow) uint8_t[I2C_BUFFER_LENGTH],
 80a0fc8:	4628      	mov	r0, r5
 80a0fca:	f000 f82b 	bl	80a1024 <_ZnajRKSt9nothrow_t>
	};
 80a0fce:	60e0      	str	r0, [r4, #12]
}
 80a0fd0:	4620      	mov	r0, r4
 80a0fd2:	bd70      	pop	{r4, r5, r6, pc}
 80a0fd4:	080a1c4c 	.word	0x080a1c4c

080a0fd8 <_Z19__fetch_global_Wirev>:
{
 80a0fd8:	b530      	push	{r4, r5, lr}
	static TwoWire wire(HAL_I2C_INTERFACE1, acquireWireBuffer());
 80a0fda:	4d0e      	ldr	r5, [pc, #56]	; (80a1014 <_Z19__fetch_global_Wirev+0x3c>)
{
 80a0fdc:	b087      	sub	sp, #28
	static TwoWire wire(HAL_I2C_INTERFACE1, acquireWireBuffer());
 80a0fde:	7829      	ldrb	r1, [r5, #0]
 80a0fe0:	f3bf 8f5b 	dmb	ish
 80a0fe4:	f011 0401 	ands.w	r4, r1, #1
 80a0fe8:	d111      	bne.n	80a100e <_Z19__fetch_global_Wirev+0x36>
 80a0fea:	4628      	mov	r0, r5
 80a0fec:	f7ff f859 	bl	80a00a2 <__cxa_guard_acquire>
 80a0ff0:	b168      	cbz	r0, 80a100e <_Z19__fetch_global_Wirev+0x36>
 80a0ff2:	a801      	add	r0, sp, #4
 80a0ff4:	f7ff ffd8 	bl	80a0fa8 <_Z17acquireWireBufferv>
 80a0ff8:	4621      	mov	r1, r4
 80a0ffa:	aa01      	add	r2, sp, #4
 80a0ffc:	4806      	ldr	r0, [pc, #24]	; (80a1018 <_Z19__fetch_global_Wirev+0x40>)
 80a0ffe:	f7ff fe5d 	bl	80a0cbc <_ZN7TwoWireC1E19hal_i2c_interface_tRK16hal_i2c_config_t>
 80a1002:	4628      	mov	r0, r5
 80a1004:	f7ff f852 	bl	80a00ac <__cxa_guard_release>
 80a1008:	4804      	ldr	r0, [pc, #16]	; (80a101c <_Z19__fetch_global_Wirev+0x44>)
 80a100a:	f000 fcc1 	bl	80a1990 <atexit>
	return wire;
}
 80a100e:	4802      	ldr	r0, [pc, #8]	; (80a1018 <_Z19__fetch_global_Wirev+0x40>)
 80a1010:	b007      	add	sp, #28
 80a1012:	bd30      	pop	{r4, r5, pc}
 80a1014:	20000530 	.word	0x20000530
 80a1018:	20000534 	.word	0x20000534
 80a101c:	080a0fa5 	.word	0x080a0fa5

080a1020 <_ZdlPvj>:
 80a1020:	f7ff b83d 	b.w	80a009e <_ZdlPv>

080a1024 <_ZnajRKSt9nothrow_t>:
 80a1024:	f7ff b839 	b.w	80a009a <_Znaj>

080a1028 <__aeabi_drsub>:
 80a1028:	f081 4100 	eor.w	r1, r1, #2147483648	; 0x80000000
 80a102c:	e002      	b.n	80a1034 <__adddf3>
 80a102e:	bf00      	nop

080a1030 <__aeabi_dsub>:
 80a1030:	f083 4300 	eor.w	r3, r3, #2147483648	; 0x80000000

080a1034 <__adddf3>:
 80a1034:	b530      	push	{r4, r5, lr}
 80a1036:	ea4f 0441 	mov.w	r4, r1, lsl #1
 80a103a:	ea4f 0543 	mov.w	r5, r3, lsl #1
 80a103e:	ea94 0f05 	teq	r4, r5
 80a1042:	bf08      	it	eq
 80a1044:	ea90 0f02 	teqeq	r0, r2
 80a1048:	bf1f      	itttt	ne
 80a104a:	ea54 0c00 	orrsne.w	ip, r4, r0
 80a104e:	ea55 0c02 	orrsne.w	ip, r5, r2
 80a1052:	ea7f 5c64 	mvnsne.w	ip, r4, asr #21
 80a1056:	ea7f 5c65 	mvnsne.w	ip, r5, asr #21
 80a105a:	f000 80e2 	beq.w	80a1222 <__adddf3+0x1ee>
 80a105e:	ea4f 5454 	mov.w	r4, r4, lsr #21
 80a1062:	ebd4 5555 	rsbs	r5, r4, r5, lsr #21
 80a1066:	bfb8      	it	lt
 80a1068:	426d      	neglt	r5, r5
 80a106a:	dd0c      	ble.n	80a1086 <__adddf3+0x52>
 80a106c:	442c      	add	r4, r5
 80a106e:	ea80 0202 	eor.w	r2, r0, r2
 80a1072:	ea81 0303 	eor.w	r3, r1, r3
 80a1076:	ea82 0000 	eor.w	r0, r2, r0
 80a107a:	ea83 0101 	eor.w	r1, r3, r1
 80a107e:	ea80 0202 	eor.w	r2, r0, r2
 80a1082:	ea81 0303 	eor.w	r3, r1, r3
 80a1086:	2d36      	cmp	r5, #54	; 0x36
 80a1088:	bf88      	it	hi
 80a108a:	bd30      	pophi	{r4, r5, pc}
 80a108c:	f011 4f00 	tst.w	r1, #2147483648	; 0x80000000
 80a1090:	ea4f 3101 	mov.w	r1, r1, lsl #12
 80a1094:	f44f 1c80 	mov.w	ip, #1048576	; 0x100000
 80a1098:	ea4c 3111 	orr.w	r1, ip, r1, lsr #12
 80a109c:	d002      	beq.n	80a10a4 <__adddf3+0x70>
 80a109e:	4240      	negs	r0, r0
 80a10a0:	eb61 0141 	sbc.w	r1, r1, r1, lsl #1
 80a10a4:	f013 4f00 	tst.w	r3, #2147483648	; 0x80000000
 80a10a8:	ea4f 3303 	mov.w	r3, r3, lsl #12
 80a10ac:	ea4c 3313 	orr.w	r3, ip, r3, lsr #12
 80a10b0:	d002      	beq.n	80a10b8 <__adddf3+0x84>
 80a10b2:	4252      	negs	r2, r2
 80a10b4:	eb63 0343 	sbc.w	r3, r3, r3, lsl #1
 80a10b8:	ea94 0f05 	teq	r4, r5
 80a10bc:	f000 80a7 	beq.w	80a120e <__adddf3+0x1da>
 80a10c0:	f1a4 0401 	sub.w	r4, r4, #1
 80a10c4:	f1d5 0e20 	rsbs	lr, r5, #32
 80a10c8:	db0d      	blt.n	80a10e6 <__adddf3+0xb2>
 80a10ca:	fa02 fc0e 	lsl.w	ip, r2, lr
 80a10ce:	fa22 f205 	lsr.w	r2, r2, r5
 80a10d2:	1880      	adds	r0, r0, r2
 80a10d4:	f141 0100 	adc.w	r1, r1, #0
 80a10d8:	fa03 f20e 	lsl.w	r2, r3, lr
 80a10dc:	1880      	adds	r0, r0, r2
 80a10de:	fa43 f305 	asr.w	r3, r3, r5
 80a10e2:	4159      	adcs	r1, r3
 80a10e4:	e00e      	b.n	80a1104 <__adddf3+0xd0>
 80a10e6:	f1a5 0520 	sub.w	r5, r5, #32
 80a10ea:	f10e 0e20 	add.w	lr, lr, #32
 80a10ee:	2a01      	cmp	r2, #1
 80a10f0:	fa03 fc0e 	lsl.w	ip, r3, lr
 80a10f4:	bf28      	it	cs
 80a10f6:	f04c 0c02 	orrcs.w	ip, ip, #2
 80a10fa:	fa43 f305 	asr.w	r3, r3, r5
 80a10fe:	18c0      	adds	r0, r0, r3
 80a1100:	eb51 71e3 	adcs.w	r1, r1, r3, asr #31
 80a1104:	f001 4500 	and.w	r5, r1, #2147483648	; 0x80000000
 80a1108:	d507      	bpl.n	80a111a <__adddf3+0xe6>
 80a110a:	f04f 0e00 	mov.w	lr, #0
 80a110e:	f1dc 0c00 	rsbs	ip, ip, #0
 80a1112:	eb7e 0000 	sbcs.w	r0, lr, r0
 80a1116:	eb6e 0101 	sbc.w	r1, lr, r1
 80a111a:	f5b1 1f80 	cmp.w	r1, #1048576	; 0x100000
 80a111e:	d31b      	bcc.n	80a1158 <__adddf3+0x124>
 80a1120:	f5b1 1f00 	cmp.w	r1, #2097152	; 0x200000
 80a1124:	d30c      	bcc.n	80a1140 <__adddf3+0x10c>
 80a1126:	0849      	lsrs	r1, r1, #1
 80a1128:	ea5f 0030 	movs.w	r0, r0, rrx
 80a112c:	ea4f 0c3c 	mov.w	ip, ip, rrx
 80a1130:	f104 0401 	add.w	r4, r4, #1
 80a1134:	ea4f 5244 	mov.w	r2, r4, lsl #21
 80a1138:	f512 0f80 	cmn.w	r2, #4194304	; 0x400000
 80a113c:	f080 809a 	bcs.w	80a1274 <__adddf3+0x240>
 80a1140:	f1bc 4f00 	cmp.w	ip, #2147483648	; 0x80000000
 80a1144:	bf08      	it	eq
 80a1146:	ea5f 0c50 	movseq.w	ip, r0, lsr #1
 80a114a:	f150 0000 	adcs.w	r0, r0, #0
 80a114e:	eb41 5104 	adc.w	r1, r1, r4, lsl #20
 80a1152:	ea41 0105 	orr.w	r1, r1, r5
 80a1156:	bd30      	pop	{r4, r5, pc}
 80a1158:	ea5f 0c4c 	movs.w	ip, ip, lsl #1
 80a115c:	4140      	adcs	r0, r0
 80a115e:	eb41 0101 	adc.w	r1, r1, r1
 80a1162:	3c01      	subs	r4, #1
 80a1164:	bf28      	it	cs
 80a1166:	f5b1 1f80 	cmpcs.w	r1, #1048576	; 0x100000
 80a116a:	d2e9      	bcs.n	80a1140 <__adddf3+0x10c>
 80a116c:	f091 0f00 	teq	r1, #0
 80a1170:	bf04      	itt	eq
 80a1172:	4601      	moveq	r1, r0
 80a1174:	2000      	moveq	r0, #0
 80a1176:	fab1 f381 	clz	r3, r1
 80a117a:	bf08      	it	eq
 80a117c:	3320      	addeq	r3, #32
 80a117e:	f1a3 030b 	sub.w	r3, r3, #11
 80a1182:	f1b3 0220 	subs.w	r2, r3, #32
 80a1186:	da0c      	bge.n	80a11a2 <__adddf3+0x16e>
 80a1188:	320c      	adds	r2, #12
 80a118a:	dd08      	ble.n	80a119e <__adddf3+0x16a>
 80a118c:	f102 0c14 	add.w	ip, r2, #20
 80a1190:	f1c2 020c 	rsb	r2, r2, #12
 80a1194:	fa01 f00c 	lsl.w	r0, r1, ip
 80a1198:	fa21 f102 	lsr.w	r1, r1, r2
 80a119c:	e00c      	b.n	80a11b8 <__adddf3+0x184>
 80a119e:	f102 0214 	add.w	r2, r2, #20
 80a11a2:	bfd8      	it	le
 80a11a4:	f1c2 0c20 	rsble	ip, r2, #32
 80a11a8:	fa01 f102 	lsl.w	r1, r1, r2
 80a11ac:	fa20 fc0c 	lsr.w	ip, r0, ip
 80a11b0:	bfdc      	itt	le
 80a11b2:	ea41 010c 	orrle.w	r1, r1, ip
 80a11b6:	4090      	lslle	r0, r2
 80a11b8:	1ae4      	subs	r4, r4, r3
 80a11ba:	bfa2      	ittt	ge
 80a11bc:	eb01 5104 	addge.w	r1, r1, r4, lsl #20
 80a11c0:	4329      	orrge	r1, r5
 80a11c2:	bd30      	popge	{r4, r5, pc}
 80a11c4:	ea6f 0404 	mvn.w	r4, r4
 80a11c8:	3c1f      	subs	r4, #31
 80a11ca:	da1c      	bge.n	80a1206 <__adddf3+0x1d2>
 80a11cc:	340c      	adds	r4, #12
 80a11ce:	dc0e      	bgt.n	80a11ee <__adddf3+0x1ba>
 80a11d0:	f104 0414 	add.w	r4, r4, #20
 80a11d4:	f1c4 0220 	rsb	r2, r4, #32
 80a11d8:	fa20 f004 	lsr.w	r0, r0, r4
 80a11dc:	fa01 f302 	lsl.w	r3, r1, r2
 80a11e0:	ea40 0003 	orr.w	r0, r0, r3
 80a11e4:	fa21 f304 	lsr.w	r3, r1, r4
 80a11e8:	ea45 0103 	orr.w	r1, r5, r3
 80a11ec:	bd30      	pop	{r4, r5, pc}
 80a11ee:	f1c4 040c 	rsb	r4, r4, #12
 80a11f2:	f1c4 0220 	rsb	r2, r4, #32
 80a11f6:	fa20 f002 	lsr.w	r0, r0, r2
 80a11fa:	fa01 f304 	lsl.w	r3, r1, r4
 80a11fe:	ea40 0003 	orr.w	r0, r0, r3
 80a1202:	4629      	mov	r1, r5
 80a1204:	bd30      	pop	{r4, r5, pc}
 80a1206:	fa21 f004 	lsr.w	r0, r1, r4
 80a120a:	4629      	mov	r1, r5
 80a120c:	bd30      	pop	{r4, r5, pc}
 80a120e:	f094 0f00 	teq	r4, #0
 80a1212:	f483 1380 	eor.w	r3, r3, #1048576	; 0x100000
 80a1216:	bf06      	itte	eq
 80a1218:	f481 1180 	eoreq.w	r1, r1, #1048576	; 0x100000
 80a121c:	3401      	addeq	r4, #1
 80a121e:	3d01      	subne	r5, #1
 80a1220:	e74e      	b.n	80a10c0 <__adddf3+0x8c>
 80a1222:	ea7f 5c64 	mvns.w	ip, r4, asr #21
 80a1226:	bf18      	it	ne
 80a1228:	ea7f 5c65 	mvnsne.w	ip, r5, asr #21
 80a122c:	d029      	beq.n	80a1282 <__adddf3+0x24e>
 80a122e:	ea94 0f05 	teq	r4, r5
 80a1232:	bf08      	it	eq
 80a1234:	ea90 0f02 	teqeq	r0, r2
 80a1238:	d005      	beq.n	80a1246 <__adddf3+0x212>
 80a123a:	ea54 0c00 	orrs.w	ip, r4, r0
 80a123e:	bf04      	itt	eq
 80a1240:	4619      	moveq	r1, r3
 80a1242:	4610      	moveq	r0, r2
 80a1244:	bd30      	pop	{r4, r5, pc}
 80a1246:	ea91 0f03 	teq	r1, r3
 80a124a:	bf1e      	ittt	ne
 80a124c:	2100      	movne	r1, #0
 80a124e:	2000      	movne	r0, #0
 80a1250:	bd30      	popne	{r4, r5, pc}
 80a1252:	ea5f 5c54 	movs.w	ip, r4, lsr #21
 80a1256:	d105      	bne.n	80a1264 <__adddf3+0x230>
 80a1258:	0040      	lsls	r0, r0, #1
 80a125a:	4149      	adcs	r1, r1
 80a125c:	bf28      	it	cs
 80a125e:	f041 4100 	orrcs.w	r1, r1, #2147483648	; 0x80000000
 80a1262:	bd30      	pop	{r4, r5, pc}
 80a1264:	f514 0480 	adds.w	r4, r4, #4194304	; 0x400000
 80a1268:	bf3c      	itt	cc
 80a126a:	f501 1180 	addcc.w	r1, r1, #1048576	; 0x100000
 80a126e:	bd30      	popcc	{r4, r5, pc}
 80a1270:	f001 4500 	and.w	r5, r1, #2147483648	; 0x80000000
 80a1274:	f045 41fe 	orr.w	r1, r5, #2130706432	; 0x7f000000
 80a1278:	f441 0170 	orr.w	r1, r1, #15728640	; 0xf00000
 80a127c:	f04f 0000 	mov.w	r0, #0
 80a1280:	bd30      	pop	{r4, r5, pc}
 80a1282:	ea7f 5c64 	mvns.w	ip, r4, asr #21
 80a1286:	bf1a      	itte	ne
 80a1288:	4619      	movne	r1, r3
 80a128a:	4610      	movne	r0, r2
 80a128c:	ea7f 5c65 	mvnseq.w	ip, r5, asr #21
 80a1290:	bf1c      	itt	ne
 80a1292:	460b      	movne	r3, r1
 80a1294:	4602      	movne	r2, r0
 80a1296:	ea50 3401 	orrs.w	r4, r0, r1, lsl #12
 80a129a:	bf06      	itte	eq
 80a129c:	ea52 3503 	orrseq.w	r5, r2, r3, lsl #12
 80a12a0:	ea91 0f03 	teqeq	r1, r3
 80a12a4:	f441 2100 	orrne.w	r1, r1, #524288	; 0x80000
 80a12a8:	bd30      	pop	{r4, r5, pc}
 80a12aa:	bf00      	nop

080a12ac <__aeabi_ui2d>:
 80a12ac:	f090 0f00 	teq	r0, #0
 80a12b0:	bf04      	itt	eq
 80a12b2:	2100      	moveq	r1, #0
 80a12b4:	4770      	bxeq	lr
 80a12b6:	b530      	push	{r4, r5, lr}
 80a12b8:	f44f 6480 	mov.w	r4, #1024	; 0x400
 80a12bc:	f104 0432 	add.w	r4, r4, #50	; 0x32
 80a12c0:	f04f 0500 	mov.w	r5, #0
 80a12c4:	f04f 0100 	mov.w	r1, #0
 80a12c8:	e750      	b.n	80a116c <__adddf3+0x138>
 80a12ca:	bf00      	nop

080a12cc <__aeabi_i2d>:
 80a12cc:	f090 0f00 	teq	r0, #0
 80a12d0:	bf04      	itt	eq
 80a12d2:	2100      	moveq	r1, #0
 80a12d4:	4770      	bxeq	lr
 80a12d6:	b530      	push	{r4, r5, lr}
 80a12d8:	f44f 6480 	mov.w	r4, #1024	; 0x400
 80a12dc:	f104 0432 	add.w	r4, r4, #50	; 0x32
 80a12e0:	f010 4500 	ands.w	r5, r0, #2147483648	; 0x80000000
 80a12e4:	bf48      	it	mi
 80a12e6:	4240      	negmi	r0, r0
 80a12e8:	f04f 0100 	mov.w	r1, #0
 80a12ec:	e73e      	b.n	80a116c <__adddf3+0x138>
 80a12ee:	bf00      	nop

080a12f0 <__aeabi_f2d>:
 80a12f0:	0042      	lsls	r2, r0, #1
 80a12f2:	ea4f 01e2 	mov.w	r1, r2, asr #3
 80a12f6:	ea4f 0131 	mov.w	r1, r1, rrx
 80a12fa:	ea4f 7002 	mov.w	r0, r2, lsl #28
 80a12fe:	bf1f      	itttt	ne
 80a1300:	f012 437f 	andsne.w	r3, r2, #4278190080	; 0xff000000
 80a1304:	f093 4f7f 	teqne	r3, #4278190080	; 0xff000000
 80a1308:	f081 5160 	eorne.w	r1, r1, #939524096	; 0x38000000
 80a130c:	4770      	bxne	lr
 80a130e:	f032 427f 	bics.w	r2, r2, #4278190080	; 0xff000000
 80a1312:	bf08      	it	eq
 80a1314:	4770      	bxeq	lr
 80a1316:	f093 4f7f 	teq	r3, #4278190080	; 0xff000000
 80a131a:	bf04      	itt	eq
 80a131c:	f441 2100 	orreq.w	r1, r1, #524288	; 0x80000
 80a1320:	4770      	bxeq	lr
 80a1322:	b530      	push	{r4, r5, lr}
 80a1324:	f44f 7460 	mov.w	r4, #896	; 0x380
 80a1328:	f001 4500 	and.w	r5, r1, #2147483648	; 0x80000000
 80a132c:	f021 4100 	bic.w	r1, r1, #2147483648	; 0x80000000
 80a1330:	e71c      	b.n	80a116c <__adddf3+0x138>
 80a1332:	bf00      	nop

080a1334 <__aeabi_ul2d>:
 80a1334:	ea50 0201 	orrs.w	r2, r0, r1
 80a1338:	bf08      	it	eq
 80a133a:	4770      	bxeq	lr
 80a133c:	b530      	push	{r4, r5, lr}
 80a133e:	f04f 0500 	mov.w	r5, #0
 80a1342:	e00a      	b.n	80a135a <__aeabi_l2d+0x16>

080a1344 <__aeabi_l2d>:
 80a1344:	ea50 0201 	orrs.w	r2, r0, r1
 80a1348:	bf08      	it	eq
 80a134a:	4770      	bxeq	lr
 80a134c:	b530      	push	{r4, r5, lr}
 80a134e:	f011 4500 	ands.w	r5, r1, #2147483648	; 0x80000000
 80a1352:	d502      	bpl.n	80a135a <__aeabi_l2d+0x16>
 80a1354:	4240      	negs	r0, r0
 80a1356:	eb61 0141 	sbc.w	r1, r1, r1, lsl #1
 80a135a:	f44f 6480 	mov.w	r4, #1024	; 0x400
 80a135e:	f104 0432 	add.w	r4, r4, #50	; 0x32
 80a1362:	ea5f 5c91 	movs.w	ip, r1, lsr #22
 80a1366:	f43f aed8 	beq.w	80a111a <__adddf3+0xe6>
 80a136a:	f04f 0203 	mov.w	r2, #3
 80a136e:	ea5f 0cdc 	movs.w	ip, ip, lsr #3
 80a1372:	bf18      	it	ne
 80a1374:	3203      	addne	r2, #3
 80a1376:	ea5f 0cdc 	movs.w	ip, ip, lsr #3
 80a137a:	bf18      	it	ne
 80a137c:	3203      	addne	r2, #3
 80a137e:	eb02 02dc 	add.w	r2, r2, ip, lsr #3
 80a1382:	f1c2 0320 	rsb	r3, r2, #32
 80a1386:	fa00 fc03 	lsl.w	ip, r0, r3
 80a138a:	fa20 f002 	lsr.w	r0, r0, r2
 80a138e:	fa01 fe03 	lsl.w	lr, r1, r3
 80a1392:	ea40 000e 	orr.w	r0, r0, lr
 80a1396:	fa21 f102 	lsr.w	r1, r1, r2
 80a139a:	4414      	add	r4, r2
 80a139c:	e6bd      	b.n	80a111a <__adddf3+0xe6>
 80a139e:	bf00      	nop

080a13a0 <__aeabi_dmul>:
 80a13a0:	b570      	push	{r4, r5, r6, lr}
 80a13a2:	f04f 0cff 	mov.w	ip, #255	; 0xff
 80a13a6:	f44c 6ce0 	orr.w	ip, ip, #1792	; 0x700
 80a13aa:	ea1c 5411 	ands.w	r4, ip, r1, lsr #20
 80a13ae:	bf1d      	ittte	ne
 80a13b0:	ea1c 5513 	andsne.w	r5, ip, r3, lsr #20
 80a13b4:	ea94 0f0c 	teqne	r4, ip
 80a13b8:	ea95 0f0c 	teqne	r5, ip
 80a13bc:	f000 f8de 	bleq	80a157c <__aeabi_dmul+0x1dc>
 80a13c0:	442c      	add	r4, r5
 80a13c2:	ea81 0603 	eor.w	r6, r1, r3
 80a13c6:	ea21 514c 	bic.w	r1, r1, ip, lsl #21
 80a13ca:	ea23 534c 	bic.w	r3, r3, ip, lsl #21
 80a13ce:	ea50 3501 	orrs.w	r5, r0, r1, lsl #12
 80a13d2:	bf18      	it	ne
 80a13d4:	ea52 3503 	orrsne.w	r5, r2, r3, lsl #12
 80a13d8:	f441 1180 	orr.w	r1, r1, #1048576	; 0x100000
 80a13dc:	f443 1380 	orr.w	r3, r3, #1048576	; 0x100000
 80a13e0:	d038      	beq.n	80a1454 <__aeabi_dmul+0xb4>
 80a13e2:	fba0 ce02 	umull	ip, lr, r0, r2
 80a13e6:	f04f 0500 	mov.w	r5, #0
 80a13ea:	fbe1 e502 	umlal	lr, r5, r1, r2
 80a13ee:	f006 4200 	and.w	r2, r6, #2147483648	; 0x80000000
 80a13f2:	fbe0 e503 	umlal	lr, r5, r0, r3
 80a13f6:	f04f 0600 	mov.w	r6, #0
 80a13fa:	fbe1 5603 	umlal	r5, r6, r1, r3
 80a13fe:	f09c 0f00 	teq	ip, #0
 80a1402:	bf18      	it	ne
 80a1404:	f04e 0e01 	orrne.w	lr, lr, #1
 80a1408:	f1a4 04ff 	sub.w	r4, r4, #255	; 0xff
 80a140c:	f5b6 7f00 	cmp.w	r6, #512	; 0x200
 80a1410:	f564 7440 	sbc.w	r4, r4, #768	; 0x300
 80a1414:	d204      	bcs.n	80a1420 <__aeabi_dmul+0x80>
 80a1416:	ea5f 0e4e 	movs.w	lr, lr, lsl #1
 80a141a:	416d      	adcs	r5, r5
 80a141c:	eb46 0606 	adc.w	r6, r6, r6
 80a1420:	ea42 21c6 	orr.w	r1, r2, r6, lsl #11
 80a1424:	ea41 5155 	orr.w	r1, r1, r5, lsr #21
 80a1428:	ea4f 20c5 	mov.w	r0, r5, lsl #11
 80a142c:	ea40 505e 	orr.w	r0, r0, lr, lsr #21
 80a1430:	ea4f 2ece 	mov.w	lr, lr, lsl #11
 80a1434:	f1b4 0cfd 	subs.w	ip, r4, #253	; 0xfd
 80a1438:	bf88      	it	hi
 80a143a:	f5bc 6fe0 	cmphi.w	ip, #1792	; 0x700
 80a143e:	d81e      	bhi.n	80a147e <__aeabi_dmul+0xde>
 80a1440:	f1be 4f00 	cmp.w	lr, #2147483648	; 0x80000000
 80a1444:	bf08      	it	eq
 80a1446:	ea5f 0e50 	movseq.w	lr, r0, lsr #1
 80a144a:	f150 0000 	adcs.w	r0, r0, #0
 80a144e:	eb41 5104 	adc.w	r1, r1, r4, lsl #20
 80a1452:	bd70      	pop	{r4, r5, r6, pc}
 80a1454:	f006 4600 	and.w	r6, r6, #2147483648	; 0x80000000
 80a1458:	ea46 0101 	orr.w	r1, r6, r1
 80a145c:	ea40 0002 	orr.w	r0, r0, r2
 80a1460:	ea81 0103 	eor.w	r1, r1, r3
 80a1464:	ebb4 045c 	subs.w	r4, r4, ip, lsr #1
 80a1468:	bfc2      	ittt	gt
 80a146a:	ebd4 050c 	rsbsgt	r5, r4, ip
 80a146e:	ea41 5104 	orrgt.w	r1, r1, r4, lsl #20
 80a1472:	bd70      	popgt	{r4, r5, r6, pc}
 80a1474:	f441 1180 	orr.w	r1, r1, #1048576	; 0x100000
 80a1478:	f04f 0e00 	mov.w	lr, #0
 80a147c:	3c01      	subs	r4, #1
 80a147e:	f300 80ab 	bgt.w	80a15d8 <__aeabi_dmul+0x238>
 80a1482:	f114 0f36 	cmn.w	r4, #54	; 0x36
 80a1486:	bfde      	ittt	le
 80a1488:	2000      	movle	r0, #0
 80a148a:	f001 4100 	andle.w	r1, r1, #2147483648	; 0x80000000
 80a148e:	bd70      	pople	{r4, r5, r6, pc}
 80a1490:	f1c4 0400 	rsb	r4, r4, #0
 80a1494:	3c20      	subs	r4, #32
 80a1496:	da35      	bge.n	80a1504 <__aeabi_dmul+0x164>
 80a1498:	340c      	adds	r4, #12
 80a149a:	dc1b      	bgt.n	80a14d4 <__aeabi_dmul+0x134>
 80a149c:	f104 0414 	add.w	r4, r4, #20
 80a14a0:	f1c4 0520 	rsb	r5, r4, #32
 80a14a4:	fa00 f305 	lsl.w	r3, r0, r5
 80a14a8:	fa20 f004 	lsr.w	r0, r0, r4
 80a14ac:	fa01 f205 	lsl.w	r2, r1, r5
 80a14b0:	ea40 0002 	orr.w	r0, r0, r2
 80a14b4:	f001 4200 	and.w	r2, r1, #2147483648	; 0x80000000
 80a14b8:	f021 4100 	bic.w	r1, r1, #2147483648	; 0x80000000
 80a14bc:	eb10 70d3 	adds.w	r0, r0, r3, lsr #31
 80a14c0:	fa21 f604 	lsr.w	r6, r1, r4
 80a14c4:	eb42 0106 	adc.w	r1, r2, r6
 80a14c8:	ea5e 0e43 	orrs.w	lr, lr, r3, lsl #1
 80a14cc:	bf08      	it	eq
 80a14ce:	ea20 70d3 	biceq.w	r0, r0, r3, lsr #31
 80a14d2:	bd70      	pop	{r4, r5, r6, pc}
 80a14d4:	f1c4 040c 	rsb	r4, r4, #12
 80a14d8:	f1c4 0520 	rsb	r5, r4, #32
 80a14dc:	fa00 f304 	lsl.w	r3, r0, r4
 80a14e0:	fa20 f005 	lsr.w	r0, r0, r5
 80a14e4:	fa01 f204 	lsl.w	r2, r1, r4
 80a14e8:	ea40 0002 	orr.w	r0, r0, r2
 80a14ec:	f001 4100 	and.w	r1, r1, #2147483648	; 0x80000000
 80a14f0:	eb10 70d3 	adds.w	r0, r0, r3, lsr #31
 80a14f4:	f141 0100 	adc.w	r1, r1, #0
 80a14f8:	ea5e 0e43 	orrs.w	lr, lr, r3, lsl #1
 80a14fc:	bf08      	it	eq
 80a14fe:	ea20 70d3 	biceq.w	r0, r0, r3, lsr #31
 80a1502:	bd70      	pop	{r4, r5, r6, pc}
 80a1504:	f1c4 0520 	rsb	r5, r4, #32
 80a1508:	fa00 f205 	lsl.w	r2, r0, r5
 80a150c:	ea4e 0e02 	orr.w	lr, lr, r2
 80a1510:	fa20 f304 	lsr.w	r3, r0, r4
 80a1514:	fa01 f205 	lsl.w	r2, r1, r5
 80a1518:	ea43 0302 	orr.w	r3, r3, r2
 80a151c:	fa21 f004 	lsr.w	r0, r1, r4
 80a1520:	f001 4100 	and.w	r1, r1, #2147483648	; 0x80000000
 80a1524:	fa21 f204 	lsr.w	r2, r1, r4
 80a1528:	ea20 0002 	bic.w	r0, r0, r2
 80a152c:	eb00 70d3 	add.w	r0, r0, r3, lsr #31
 80a1530:	ea5e 0e43 	orrs.w	lr, lr, r3, lsl #1
 80a1534:	bf08      	it	eq
 80a1536:	ea20 70d3 	biceq.w	r0, r0, r3, lsr #31
 80a153a:	bd70      	pop	{r4, r5, r6, pc}
 80a153c:	f094 0f00 	teq	r4, #0
 80a1540:	d10f      	bne.n	80a1562 <__aeabi_dmul+0x1c2>
 80a1542:	f001 4600 	and.w	r6, r1, #2147483648	; 0x80000000
 80a1546:	0040      	lsls	r0, r0, #1
 80a1548:	eb41 0101 	adc.w	r1, r1, r1
 80a154c:	f411 1f80 	tst.w	r1, #1048576	; 0x100000
 80a1550:	bf08      	it	eq
 80a1552:	3c01      	subeq	r4, #1
 80a1554:	d0f7      	beq.n	80a1546 <__aeabi_dmul+0x1a6>
 80a1556:	ea41 0106 	orr.w	r1, r1, r6
 80a155a:	f095 0f00 	teq	r5, #0
 80a155e:	bf18      	it	ne
 80a1560:	4770      	bxne	lr
 80a1562:	f003 4600 	and.w	r6, r3, #2147483648	; 0x80000000
 80a1566:	0052      	lsls	r2, r2, #1
 80a1568:	eb43 0303 	adc.w	r3, r3, r3
 80a156c:	f413 1f80 	tst.w	r3, #1048576	; 0x100000
 80a1570:	bf08      	it	eq
 80a1572:	3d01      	subeq	r5, #1
 80a1574:	d0f7      	beq.n	80a1566 <__aeabi_dmul+0x1c6>
 80a1576:	ea43 0306 	orr.w	r3, r3, r6
 80a157a:	4770      	bx	lr
 80a157c:	ea94 0f0c 	teq	r4, ip
 80a1580:	ea0c 5513 	and.w	r5, ip, r3, lsr #20
 80a1584:	bf18      	it	ne
 80a1586:	ea95 0f0c 	teqne	r5, ip
 80a158a:	d00c      	beq.n	80a15a6 <__aeabi_dmul+0x206>
 80a158c:	ea50 0641 	orrs.w	r6, r0, r1, lsl #1
 80a1590:	bf18      	it	ne
 80a1592:	ea52 0643 	orrsne.w	r6, r2, r3, lsl #1
 80a1596:	d1d1      	bne.n	80a153c <__aeabi_dmul+0x19c>
 80a1598:	ea81 0103 	eor.w	r1, r1, r3
 80a159c:	f001 4100 	and.w	r1, r1, #2147483648	; 0x80000000
 80a15a0:	f04f 0000 	mov.w	r0, #0
 80a15a4:	bd70      	pop	{r4, r5, r6, pc}
 80a15a6:	ea50 0641 	orrs.w	r6, r0, r1, lsl #1
 80a15aa:	bf06      	itte	eq
 80a15ac:	4610      	moveq	r0, r2
 80a15ae:	4619      	moveq	r1, r3
 80a15b0:	ea52 0643 	orrsne.w	r6, r2, r3, lsl #1
 80a15b4:	d019      	beq.n	80a15ea <__aeabi_dmul+0x24a>
 80a15b6:	ea94 0f0c 	teq	r4, ip
 80a15ba:	d102      	bne.n	80a15c2 <__aeabi_dmul+0x222>
 80a15bc:	ea50 3601 	orrs.w	r6, r0, r1, lsl #12
 80a15c0:	d113      	bne.n	80a15ea <__aeabi_dmul+0x24a>
 80a15c2:	ea95 0f0c 	teq	r5, ip
 80a15c6:	d105      	bne.n	80a15d4 <__aeabi_dmul+0x234>
 80a15c8:	ea52 3603 	orrs.w	r6, r2, r3, lsl #12
 80a15cc:	bf1c      	itt	ne
 80a15ce:	4610      	movne	r0, r2
 80a15d0:	4619      	movne	r1, r3
 80a15d2:	d10a      	bne.n	80a15ea <__aeabi_dmul+0x24a>
 80a15d4:	ea81 0103 	eor.w	r1, r1, r3
 80a15d8:	f001 4100 	and.w	r1, r1, #2147483648	; 0x80000000
 80a15dc:	f041 41fe 	orr.w	r1, r1, #2130706432	; 0x7f000000
 80a15e0:	f441 0170 	orr.w	r1, r1, #15728640	; 0xf00000
 80a15e4:	f04f 0000 	mov.w	r0, #0
 80a15e8:	bd70      	pop	{r4, r5, r6, pc}
 80a15ea:	f041 41fe 	orr.w	r1, r1, #2130706432	; 0x7f000000
 80a15ee:	f441 0178 	orr.w	r1, r1, #16252928	; 0xf80000
 80a15f2:	bd70      	pop	{r4, r5, r6, pc}

080a15f4 <__aeabi_ddiv>:
 80a15f4:	b570      	push	{r4, r5, r6, lr}
 80a15f6:	f04f 0cff 	mov.w	ip, #255	; 0xff
 80a15fa:	f44c 6ce0 	orr.w	ip, ip, #1792	; 0x700
 80a15fe:	ea1c 5411 	ands.w	r4, ip, r1, lsr #20
 80a1602:	bf1d      	ittte	ne
 80a1604:	ea1c 5513 	andsne.w	r5, ip, r3, lsr #20
 80a1608:	ea94 0f0c 	teqne	r4, ip
 80a160c:	ea95 0f0c 	teqne	r5, ip
 80a1610:	f000 f8a7 	bleq	80a1762 <__aeabi_ddiv+0x16e>
 80a1614:	eba4 0405 	sub.w	r4, r4, r5
 80a1618:	ea81 0e03 	eor.w	lr, r1, r3
 80a161c:	ea52 3503 	orrs.w	r5, r2, r3, lsl #12
 80a1620:	ea4f 3101 	mov.w	r1, r1, lsl #12
 80a1624:	f000 8088 	beq.w	80a1738 <__aeabi_ddiv+0x144>
 80a1628:	ea4f 3303 	mov.w	r3, r3, lsl #12
 80a162c:	f04f 5580 	mov.w	r5, #268435456	; 0x10000000
 80a1630:	ea45 1313 	orr.w	r3, r5, r3, lsr #4
 80a1634:	ea43 6312 	orr.w	r3, r3, r2, lsr #24
 80a1638:	ea4f 2202 	mov.w	r2, r2, lsl #8
 80a163c:	ea45 1511 	orr.w	r5, r5, r1, lsr #4
 80a1640:	ea45 6510 	orr.w	r5, r5, r0, lsr #24
 80a1644:	ea4f 2600 	mov.w	r6, r0, lsl #8
 80a1648:	f00e 4100 	and.w	r1, lr, #2147483648	; 0x80000000
 80a164c:	429d      	cmp	r5, r3
 80a164e:	bf08      	it	eq
 80a1650:	4296      	cmpeq	r6, r2
 80a1652:	f144 04fd 	adc.w	r4, r4, #253	; 0xfd
 80a1656:	f504 7440 	add.w	r4, r4, #768	; 0x300
 80a165a:	d202      	bcs.n	80a1662 <__aeabi_ddiv+0x6e>
 80a165c:	085b      	lsrs	r3, r3, #1
 80a165e:	ea4f 0232 	mov.w	r2, r2, rrx
 80a1662:	1ab6      	subs	r6, r6, r2
 80a1664:	eb65 0503 	sbc.w	r5, r5, r3
 80a1668:	085b      	lsrs	r3, r3, #1
 80a166a:	ea4f 0232 	mov.w	r2, r2, rrx
 80a166e:	f44f 1080 	mov.w	r0, #1048576	; 0x100000
 80a1672:	f44f 2c00 	mov.w	ip, #524288	; 0x80000
 80a1676:	ebb6 0e02 	subs.w	lr, r6, r2
 80a167a:	eb75 0e03 	sbcs.w	lr, r5, r3
 80a167e:	bf22      	ittt	cs
 80a1680:	1ab6      	subcs	r6, r6, r2
 80a1682:	4675      	movcs	r5, lr
 80a1684:	ea40 000c 	orrcs.w	r0, r0, ip
 80a1688:	085b      	lsrs	r3, r3, #1
 80a168a:	ea4f 0232 	mov.w	r2, r2, rrx
 80a168e:	ebb6 0e02 	subs.w	lr, r6, r2
 80a1692:	eb75 0e03 	sbcs.w	lr, r5, r3
 80a1696:	bf22      	ittt	cs
 80a1698:	1ab6      	subcs	r6, r6, r2
 80a169a:	4675      	movcs	r5, lr
 80a169c:	ea40 005c 	orrcs.w	r0, r0, ip, lsr #1
 80a16a0:	085b      	lsrs	r3, r3, #1
 80a16a2:	ea4f 0232 	mov.w	r2, r2, rrx
 80a16a6:	ebb6 0e02 	subs.w	lr, r6, r2
 80a16aa:	eb75 0e03 	sbcs.w	lr, r5, r3
 80a16ae:	bf22      	ittt	cs
 80a16b0:	1ab6      	subcs	r6, r6, r2
 80a16b2:	4675      	movcs	r5, lr
 80a16b4:	ea40 009c 	orrcs.w	r0, r0, ip, lsr #2
 80a16b8:	085b      	lsrs	r3, r3, #1
 80a16ba:	ea4f 0232 	mov.w	r2, r2, rrx
 80a16be:	ebb6 0e02 	subs.w	lr, r6, r2
 80a16c2:	eb75 0e03 	sbcs.w	lr, r5, r3
 80a16c6:	bf22      	ittt	cs
 80a16c8:	1ab6      	subcs	r6, r6, r2
 80a16ca:	4675      	movcs	r5, lr
 80a16cc:	ea40 00dc 	orrcs.w	r0, r0, ip, lsr #3
 80a16d0:	ea55 0e06 	orrs.w	lr, r5, r6
 80a16d4:	d018      	beq.n	80a1708 <__aeabi_ddiv+0x114>
 80a16d6:	ea4f 1505 	mov.w	r5, r5, lsl #4
 80a16da:	ea45 7516 	orr.w	r5, r5, r6, lsr #28
 80a16de:	ea4f 1606 	mov.w	r6, r6, lsl #4
 80a16e2:	ea4f 03c3 	mov.w	r3, r3, lsl #3
 80a16e6:	ea43 7352 	orr.w	r3, r3, r2, lsr #29
 80a16ea:	ea4f 02c2 	mov.w	r2, r2, lsl #3
 80a16ee:	ea5f 1c1c 	movs.w	ip, ip, lsr #4
 80a16f2:	d1c0      	bne.n	80a1676 <__aeabi_ddiv+0x82>
 80a16f4:	f411 1f80 	tst.w	r1, #1048576	; 0x100000
 80a16f8:	d10b      	bne.n	80a1712 <__aeabi_ddiv+0x11e>
 80a16fa:	ea41 0100 	orr.w	r1, r1, r0
 80a16fe:	f04f 0000 	mov.w	r0, #0
 80a1702:	f04f 4c00 	mov.w	ip, #2147483648	; 0x80000000
 80a1706:	e7b6      	b.n	80a1676 <__aeabi_ddiv+0x82>
 80a1708:	f411 1f80 	tst.w	r1, #1048576	; 0x100000
 80a170c:	bf04      	itt	eq
 80a170e:	4301      	orreq	r1, r0
 80a1710:	2000      	moveq	r0, #0
 80a1712:	f1b4 0cfd 	subs.w	ip, r4, #253	; 0xfd
 80a1716:	bf88      	it	hi
 80a1718:	f5bc 6fe0 	cmphi.w	ip, #1792	; 0x700
 80a171c:	f63f aeaf 	bhi.w	80a147e <__aeabi_dmul+0xde>
 80a1720:	ebb5 0c03 	subs.w	ip, r5, r3
 80a1724:	bf04      	itt	eq
 80a1726:	ebb6 0c02 	subseq.w	ip, r6, r2
 80a172a:	ea5f 0c50 	movseq.w	ip, r0, lsr #1
 80a172e:	f150 0000 	adcs.w	r0, r0, #0
 80a1732:	eb41 5104 	adc.w	r1, r1, r4, lsl #20
 80a1736:	bd70      	pop	{r4, r5, r6, pc}
 80a1738:	f00e 4e00 	and.w	lr, lr, #2147483648	; 0x80000000
 80a173c:	ea4e 3111 	orr.w	r1, lr, r1, lsr #12
 80a1740:	eb14 045c 	adds.w	r4, r4, ip, lsr #1
 80a1744:	bfc2      	ittt	gt
 80a1746:	ebd4 050c 	rsbsgt	r5, r4, ip
 80a174a:	ea41 5104 	orrgt.w	r1, r1, r4, lsl #20
 80a174e:	bd70      	popgt	{r4, r5, r6, pc}
 80a1750:	f441 1180 	orr.w	r1, r1, #1048576	; 0x100000
 80a1754:	f04f 0e00 	mov.w	lr, #0
 80a1758:	3c01      	subs	r4, #1
 80a175a:	e690      	b.n	80a147e <__aeabi_dmul+0xde>
 80a175c:	ea45 0e06 	orr.w	lr, r5, r6
 80a1760:	e68d      	b.n	80a147e <__aeabi_dmul+0xde>
 80a1762:	ea0c 5513 	and.w	r5, ip, r3, lsr #20
 80a1766:	ea94 0f0c 	teq	r4, ip
 80a176a:	bf08      	it	eq
 80a176c:	ea95 0f0c 	teqeq	r5, ip
 80a1770:	f43f af3b 	beq.w	80a15ea <__aeabi_dmul+0x24a>
 80a1774:	ea94 0f0c 	teq	r4, ip
 80a1778:	d10a      	bne.n	80a1790 <__aeabi_ddiv+0x19c>
 80a177a:	ea50 3401 	orrs.w	r4, r0, r1, lsl #12
 80a177e:	f47f af34 	bne.w	80a15ea <__aeabi_dmul+0x24a>
 80a1782:	ea95 0f0c 	teq	r5, ip
 80a1786:	f47f af25 	bne.w	80a15d4 <__aeabi_dmul+0x234>
 80a178a:	4610      	mov	r0, r2
 80a178c:	4619      	mov	r1, r3
 80a178e:	e72c      	b.n	80a15ea <__aeabi_dmul+0x24a>
 80a1790:	ea95 0f0c 	teq	r5, ip
 80a1794:	d106      	bne.n	80a17a4 <__aeabi_ddiv+0x1b0>
 80a1796:	ea52 3503 	orrs.w	r5, r2, r3, lsl #12
 80a179a:	f43f aefd 	beq.w	80a1598 <__aeabi_dmul+0x1f8>
 80a179e:	4610      	mov	r0, r2
 80a17a0:	4619      	mov	r1, r3
 80a17a2:	e722      	b.n	80a15ea <__aeabi_dmul+0x24a>
 80a17a4:	ea50 0641 	orrs.w	r6, r0, r1, lsl #1
 80a17a8:	bf18      	it	ne
 80a17aa:	ea52 0643 	orrsne.w	r6, r2, r3, lsl #1
 80a17ae:	f47f aec5 	bne.w	80a153c <__aeabi_dmul+0x19c>
 80a17b2:	ea50 0441 	orrs.w	r4, r0, r1, lsl #1
 80a17b6:	f47f af0d 	bne.w	80a15d4 <__aeabi_dmul+0x234>
 80a17ba:	ea52 0543 	orrs.w	r5, r2, r3, lsl #1
 80a17be:	f47f aeeb 	bne.w	80a1598 <__aeabi_dmul+0x1f8>
 80a17c2:	e712      	b.n	80a15ea <__aeabi_dmul+0x24a>

080a17c4 <__gedf2>:
 80a17c4:	f04f 3cff 	mov.w	ip, #4294967295
 80a17c8:	e006      	b.n	80a17d8 <__cmpdf2+0x4>
 80a17ca:	bf00      	nop

080a17cc <__ledf2>:
 80a17cc:	f04f 0c01 	mov.w	ip, #1
 80a17d0:	e002      	b.n	80a17d8 <__cmpdf2+0x4>
 80a17d2:	bf00      	nop

080a17d4 <__cmpdf2>:
 80a17d4:	f04f 0c01 	mov.w	ip, #1
 80a17d8:	f84d cd04 	str.w	ip, [sp, #-4]!
 80a17dc:	ea4f 0c41 	mov.w	ip, r1, lsl #1
 80a17e0:	ea7f 5c6c 	mvns.w	ip, ip, asr #21
 80a17e4:	ea4f 0c43 	mov.w	ip, r3, lsl #1
 80a17e8:	bf18      	it	ne
 80a17ea:	ea7f 5c6c 	mvnsne.w	ip, ip, asr #21
 80a17ee:	d01b      	beq.n	80a1828 <__cmpdf2+0x54>
 80a17f0:	b001      	add	sp, #4
 80a17f2:	ea50 0c41 	orrs.w	ip, r0, r1, lsl #1
 80a17f6:	bf0c      	ite	eq
 80a17f8:	ea52 0c43 	orrseq.w	ip, r2, r3, lsl #1
 80a17fc:	ea91 0f03 	teqne	r1, r3
 80a1800:	bf02      	ittt	eq
 80a1802:	ea90 0f02 	teqeq	r0, r2
 80a1806:	2000      	moveq	r0, #0
 80a1808:	4770      	bxeq	lr
 80a180a:	f110 0f00 	cmn.w	r0, #0
 80a180e:	ea91 0f03 	teq	r1, r3
 80a1812:	bf58      	it	pl
 80a1814:	4299      	cmppl	r1, r3
 80a1816:	bf08      	it	eq
 80a1818:	4290      	cmpeq	r0, r2
 80a181a:	bf2c      	ite	cs
 80a181c:	17d8      	asrcs	r0, r3, #31
 80a181e:	ea6f 70e3 	mvncc.w	r0, r3, asr #31
 80a1822:	f040 0001 	orr.w	r0, r0, #1
 80a1826:	4770      	bx	lr
 80a1828:	ea4f 0c41 	mov.w	ip, r1, lsl #1
 80a182c:	ea7f 5c6c 	mvns.w	ip, ip, asr #21
 80a1830:	d102      	bne.n	80a1838 <__cmpdf2+0x64>
 80a1832:	ea50 3c01 	orrs.w	ip, r0, r1, lsl #12
 80a1836:	d107      	bne.n	80a1848 <__cmpdf2+0x74>
 80a1838:	ea4f 0c43 	mov.w	ip, r3, lsl #1
 80a183c:	ea7f 5c6c 	mvns.w	ip, ip, asr #21
 80a1840:	d1d6      	bne.n	80a17f0 <__cmpdf2+0x1c>
 80a1842:	ea52 3c03 	orrs.w	ip, r2, r3, lsl #12
 80a1846:	d0d3      	beq.n	80a17f0 <__cmpdf2+0x1c>
 80a1848:	f85d 0b04 	ldr.w	r0, [sp], #4
 80a184c:	4770      	bx	lr
 80a184e:	bf00      	nop

080a1850 <__aeabi_cdrcmple>:
 80a1850:	4684      	mov	ip, r0
 80a1852:	4610      	mov	r0, r2
 80a1854:	4662      	mov	r2, ip
 80a1856:	468c      	mov	ip, r1
 80a1858:	4619      	mov	r1, r3
 80a185a:	4663      	mov	r3, ip
 80a185c:	e000      	b.n	80a1860 <__aeabi_cdcmpeq>
 80a185e:	bf00      	nop

080a1860 <__aeabi_cdcmpeq>:
 80a1860:	b501      	push	{r0, lr}
 80a1862:	f7ff ffb7 	bl	80a17d4 <__cmpdf2>
 80a1866:	2800      	cmp	r0, #0
 80a1868:	bf48      	it	mi
 80a186a:	f110 0f00 	cmnmi.w	r0, #0
 80a186e:	bd01      	pop	{r0, pc}

080a1870 <__aeabi_dcmpeq>:
 80a1870:	f84d ed08 	str.w	lr, [sp, #-8]!
 80a1874:	f7ff fff4 	bl	80a1860 <__aeabi_cdcmpeq>
 80a1878:	bf0c      	ite	eq
 80a187a:	2001      	moveq	r0, #1
 80a187c:	2000      	movne	r0, #0
 80a187e:	f85d fb08 	ldr.w	pc, [sp], #8
 80a1882:	bf00      	nop

080a1884 <__aeabi_dcmplt>:
 80a1884:	f84d ed08 	str.w	lr, [sp, #-8]!
 80a1888:	f7ff ffea 	bl	80a1860 <__aeabi_cdcmpeq>
 80a188c:	bf34      	ite	cc
 80a188e:	2001      	movcc	r0, #1
 80a1890:	2000      	movcs	r0, #0
 80a1892:	f85d fb08 	ldr.w	pc, [sp], #8
 80a1896:	bf00      	nop

080a1898 <__aeabi_dcmple>:
 80a1898:	f84d ed08 	str.w	lr, [sp, #-8]!
 80a189c:	f7ff ffe0 	bl	80a1860 <__aeabi_cdcmpeq>
 80a18a0:	bf94      	ite	ls
 80a18a2:	2001      	movls	r0, #1
 80a18a4:	2000      	movhi	r0, #0
 80a18a6:	f85d fb08 	ldr.w	pc, [sp], #8
 80a18aa:	bf00      	nop

080a18ac <__aeabi_dcmpge>:
 80a18ac:	f84d ed08 	str.w	lr, [sp, #-8]!
 80a18b0:	f7ff ffce 	bl	80a1850 <__aeabi_cdrcmple>
 80a18b4:	bf94      	ite	ls
 80a18b6:	2001      	movls	r0, #1
 80a18b8:	2000      	movhi	r0, #0
 80a18ba:	f85d fb08 	ldr.w	pc, [sp], #8
 80a18be:	bf00      	nop

080a18c0 <__aeabi_dcmpgt>:
 80a18c0:	f84d ed08 	str.w	lr, [sp, #-8]!
 80a18c4:	f7ff ffc4 	bl	80a1850 <__aeabi_cdrcmple>
 80a18c8:	bf34      	ite	cc
 80a18ca:	2001      	movcc	r0, #1
 80a18cc:	2000      	movcs	r0, #0
 80a18ce:	f85d fb08 	ldr.w	pc, [sp], #8
 80a18d2:	bf00      	nop

080a18d4 <__aeabi_dcmpun>:
 80a18d4:	ea4f 0c41 	mov.w	ip, r1, lsl #1
 80a18d8:	ea7f 5c6c 	mvns.w	ip, ip, asr #21
 80a18dc:	d102      	bne.n	80a18e4 <__aeabi_dcmpun+0x10>
 80a18de:	ea50 3c01 	orrs.w	ip, r0, r1, lsl #12
 80a18e2:	d10a      	bne.n	80a18fa <__aeabi_dcmpun+0x26>
 80a18e4:	ea4f 0c43 	mov.w	ip, r3, lsl #1
 80a18e8:	ea7f 5c6c 	mvns.w	ip, ip, asr #21
 80a18ec:	d102      	bne.n	80a18f4 <__aeabi_dcmpun+0x20>
 80a18ee:	ea52 3c03 	orrs.w	ip, r2, r3, lsl #12
 80a18f2:	d102      	bne.n	80a18fa <__aeabi_dcmpun+0x26>
 80a18f4:	f04f 0000 	mov.w	r0, #0
 80a18f8:	4770      	bx	lr
 80a18fa:	f04f 0001 	mov.w	r0, #1
 80a18fe:	4770      	bx	lr

080a1900 <__aeabi_d2iz>:
 80a1900:	ea4f 0241 	mov.w	r2, r1, lsl #1
 80a1904:	f512 1200 	adds.w	r2, r2, #2097152	; 0x200000
 80a1908:	d215      	bcs.n	80a1936 <__aeabi_d2iz+0x36>
 80a190a:	d511      	bpl.n	80a1930 <__aeabi_d2iz+0x30>
 80a190c:	f46f 7378 	mvn.w	r3, #992	; 0x3e0
 80a1910:	ebb3 5262 	subs.w	r2, r3, r2, asr #21
 80a1914:	d912      	bls.n	80a193c <__aeabi_d2iz+0x3c>
 80a1916:	ea4f 23c1 	mov.w	r3, r1, lsl #11
 80a191a:	f043 4300 	orr.w	r3, r3, #2147483648	; 0x80000000
 80a191e:	ea43 5350 	orr.w	r3, r3, r0, lsr #21
 80a1922:	f011 4f00 	tst.w	r1, #2147483648	; 0x80000000
 80a1926:	fa23 f002 	lsr.w	r0, r3, r2
 80a192a:	bf18      	it	ne
 80a192c:	4240      	negne	r0, r0
 80a192e:	4770      	bx	lr
 80a1930:	f04f 0000 	mov.w	r0, #0
 80a1934:	4770      	bx	lr
 80a1936:	ea50 3001 	orrs.w	r0, r0, r1, lsl #12
 80a193a:	d105      	bne.n	80a1948 <__aeabi_d2iz+0x48>
 80a193c:	f011 4000 	ands.w	r0, r1, #2147483648	; 0x80000000
 80a1940:	bf08      	it	eq
 80a1942:	f06f 4000 	mvneq.w	r0, #2147483648	; 0x80000000
 80a1946:	4770      	bx	lr
 80a1948:	f04f 0000 	mov.w	r0, #0
 80a194c:	4770      	bx	lr
 80a194e:	bf00      	nop

080a1950 <__aeabi_d2uiz>:
 80a1950:	004a      	lsls	r2, r1, #1
 80a1952:	d211      	bcs.n	80a1978 <__aeabi_d2uiz+0x28>
 80a1954:	f512 1200 	adds.w	r2, r2, #2097152	; 0x200000
 80a1958:	d211      	bcs.n	80a197e <__aeabi_d2uiz+0x2e>
 80a195a:	d50d      	bpl.n	80a1978 <__aeabi_d2uiz+0x28>
 80a195c:	f46f 7378 	mvn.w	r3, #992	; 0x3e0
 80a1960:	ebb3 5262 	subs.w	r2, r3, r2, asr #21
 80a1964:	d40e      	bmi.n	80a1984 <__aeabi_d2uiz+0x34>
 80a1966:	ea4f 23c1 	mov.w	r3, r1, lsl #11
 80a196a:	f043 4300 	orr.w	r3, r3, #2147483648	; 0x80000000
 80a196e:	ea43 5350 	orr.w	r3, r3, r0, lsr #21
 80a1972:	fa23 f002 	lsr.w	r0, r3, r2
 80a1976:	4770      	bx	lr
 80a1978:	f04f 0000 	mov.w	r0, #0
 80a197c:	4770      	bx	lr
 80a197e:	ea50 3001 	orrs.w	r0, r0, r1, lsl #12
 80a1982:	d102      	bne.n	80a198a <__aeabi_d2uiz+0x3a>
 80a1984:	f04f 30ff 	mov.w	r0, #4294967295
 80a1988:	4770      	bx	lr
 80a198a:	f04f 0000 	mov.w	r0, #0
 80a198e:	4770      	bx	lr

080a1990 <atexit>:
 80a1990:	2300      	movs	r3, #0
 80a1992:	4601      	mov	r1, r0
 80a1994:	461a      	mov	r2, r3
 80a1996:	4618      	mov	r0, r3
 80a1998:	f000 b842 	b.w	80a1a20 <__register_exitproc>

080a199c <memcpy>:
 80a199c:	440a      	add	r2, r1
 80a199e:	4291      	cmp	r1, r2
 80a19a0:	f100 33ff 	add.w	r3, r0, #4294967295
 80a19a4:	d100      	bne.n	80a19a8 <memcpy+0xc>
 80a19a6:	4770      	bx	lr
 80a19a8:	b510      	push	{r4, lr}
 80a19aa:	f811 4b01 	ldrb.w	r4, [r1], #1
 80a19ae:	4291      	cmp	r1, r2
 80a19b0:	f803 4f01 	strb.w	r4, [r3, #1]!
 80a19b4:	d1f9      	bne.n	80a19aa <memcpy+0xe>
 80a19b6:	bd10      	pop	{r4, pc}

080a19b8 <memset>:
 80a19b8:	4603      	mov	r3, r0
 80a19ba:	4402      	add	r2, r0
 80a19bc:	4293      	cmp	r3, r2
 80a19be:	d100      	bne.n	80a19c2 <memset+0xa>
 80a19c0:	4770      	bx	lr
 80a19c2:	f803 1b01 	strb.w	r1, [r3], #1
 80a19c6:	e7f9      	b.n	80a19bc <memset+0x4>

080a19c8 <srand>:
 80a19c8:	b538      	push	{r3, r4, r5, lr}
 80a19ca:	4b0d      	ldr	r3, [pc, #52]	; (80a1a00 <srand+0x38>)
 80a19cc:	4604      	mov	r4, r0
 80a19ce:	681d      	ldr	r5, [r3, #0]
 80a19d0:	6bab      	ldr	r3, [r5, #56]	; 0x38
 80a19d2:	b97b      	cbnz	r3, 80a19f4 <srand+0x2c>
 80a19d4:	2018      	movs	r0, #24
 80a19d6:	f7fe fd6f 	bl	80a04b8 <malloc>
 80a19da:	4a0a      	ldr	r2, [pc, #40]	; (80a1a04 <srand+0x3c>)
 80a19dc:	4b0a      	ldr	r3, [pc, #40]	; (80a1a08 <srand+0x40>)
 80a19de:	63a8      	str	r0, [r5, #56]	; 0x38
 80a19e0:	e9c0 2300 	strd	r2, r3, [r0]
 80a19e4:	4b09      	ldr	r3, [pc, #36]	; (80a1a0c <srand+0x44>)
 80a19e6:	2201      	movs	r2, #1
 80a19e8:	6083      	str	r3, [r0, #8]
 80a19ea:	230b      	movs	r3, #11
 80a19ec:	8183      	strh	r3, [r0, #12]
 80a19ee:	2300      	movs	r3, #0
 80a19f0:	e9c0 2304 	strd	r2, r3, [r0, #16]
 80a19f4:	2200      	movs	r2, #0
 80a19f6:	6bab      	ldr	r3, [r5, #56]	; 0x38
 80a19f8:	611c      	str	r4, [r3, #16]
 80a19fa:	615a      	str	r2, [r3, #20]
 80a19fc:	bd38      	pop	{r3, r4, r5, pc}
 80a19fe:	bf00      	nop
 80a1a00:	20000004 	.word	0x20000004
 80a1a04:	abcd330e 	.word	0xabcd330e
 80a1a08:	e66d1234 	.word	0xe66d1234
 80a1a0c:	0005deec 	.word	0x0005deec

080a1a10 <strlen>:
 80a1a10:	4603      	mov	r3, r0
 80a1a12:	f813 2b01 	ldrb.w	r2, [r3], #1
 80a1a16:	2a00      	cmp	r2, #0
 80a1a18:	d1fb      	bne.n	80a1a12 <strlen+0x2>
 80a1a1a:	1a18      	subs	r0, r3, r0
 80a1a1c:	3801      	subs	r0, #1
 80a1a1e:	4770      	bx	lr

080a1a20 <__register_exitproc>:
 80a1a20:	e92d 43f8 	stmdb	sp!, {r3, r4, r5, r6, r7, r8, r9, lr}
 80a1a24:	f8df 80bc 	ldr.w	r8, [pc, #188]	; 80a1ae4 <__register_exitproc+0xc4>
 80a1a28:	4606      	mov	r6, r0
 80a1a2a:	f8d8 0000 	ldr.w	r0, [r8]
 80a1a2e:	461f      	mov	r7, r3
 80a1a30:	460d      	mov	r5, r1
 80a1a32:	4691      	mov	r9, r2
 80a1a34:	f000 f858 	bl	80a1ae8 <__retarget_lock_acquire_recursive>
 80a1a38:	4b26      	ldr	r3, [pc, #152]	; (80a1ad4 <__register_exitproc+0xb4>)
 80a1a3a:	681c      	ldr	r4, [r3, #0]
 80a1a3c:	b934      	cbnz	r4, 80a1a4c <__register_exitproc+0x2c>
 80a1a3e:	4c26      	ldr	r4, [pc, #152]	; (80a1ad8 <__register_exitproc+0xb8>)
 80a1a40:	601c      	str	r4, [r3, #0]
 80a1a42:	4b26      	ldr	r3, [pc, #152]	; (80a1adc <__register_exitproc+0xbc>)
 80a1a44:	b113      	cbz	r3, 80a1a4c <__register_exitproc+0x2c>
 80a1a46:	681b      	ldr	r3, [r3, #0]
 80a1a48:	f8c4 3088 	str.w	r3, [r4, #136]	; 0x88
 80a1a4c:	6863      	ldr	r3, [r4, #4]
 80a1a4e:	2b1f      	cmp	r3, #31
 80a1a50:	dd07      	ble.n	80a1a62 <__register_exitproc+0x42>
 80a1a52:	f8d8 0000 	ldr.w	r0, [r8]
 80a1a56:	f000 f849 	bl	80a1aec <__retarget_lock_release_recursive>
 80a1a5a:	f04f 30ff 	mov.w	r0, #4294967295
 80a1a5e:	e8bd 83f8 	ldmia.w	sp!, {r3, r4, r5, r6, r7, r8, r9, pc}
 80a1a62:	b35e      	cbz	r6, 80a1abc <__register_exitproc+0x9c>
 80a1a64:	f8d4 0088 	ldr.w	r0, [r4, #136]	; 0x88
 80a1a68:	b988      	cbnz	r0, 80a1a8e <__register_exitproc+0x6e>
 80a1a6a:	4b1d      	ldr	r3, [pc, #116]	; (80a1ae0 <__register_exitproc+0xc0>)
 80a1a6c:	b923      	cbnz	r3, 80a1a78 <__register_exitproc+0x58>
 80a1a6e:	f8d8 0000 	ldr.w	r0, [r8]
 80a1a72:	f000 f83a 	bl	80a1aea <__retarget_lock_release>
 80a1a76:	e7f0      	b.n	80a1a5a <__register_exitproc+0x3a>
 80a1a78:	f44f 7084 	mov.w	r0, #264	; 0x108
 80a1a7c:	f7fe fd1c 	bl	80a04b8 <malloc>
 80a1a80:	2800      	cmp	r0, #0
 80a1a82:	d0f4      	beq.n	80a1a6e <__register_exitproc+0x4e>
 80a1a84:	2300      	movs	r3, #0
 80a1a86:	e9c0 3340 	strd	r3, r3, [r0, #256]	; 0x100
 80a1a8a:	f8c4 0088 	str.w	r0, [r4, #136]	; 0x88
 80a1a8e:	2201      	movs	r2, #1
 80a1a90:	6863      	ldr	r3, [r4, #4]
 80a1a92:	2e02      	cmp	r6, #2
 80a1a94:	f840 9023 	str.w	r9, [r0, r3, lsl #2]
 80a1a98:	fa02 f203 	lsl.w	r2, r2, r3
 80a1a9c:	eb00 0183 	add.w	r1, r0, r3, lsl #2
 80a1aa0:	f8d0 3100 	ldr.w	r3, [r0, #256]	; 0x100
 80a1aa4:	ea43 0302 	orr.w	r3, r3, r2
 80a1aa8:	f8c0 3100 	str.w	r3, [r0, #256]	; 0x100
 80a1aac:	f8c1 7080 	str.w	r7, [r1, #128]	; 0x80
 80a1ab0:	bf02      	ittt	eq
 80a1ab2:	f8d0 3104 	ldreq.w	r3, [r0, #260]	; 0x104
 80a1ab6:	431a      	orreq	r2, r3
 80a1ab8:	f8c0 2104 	streq.w	r2, [r0, #260]	; 0x104
 80a1abc:	6863      	ldr	r3, [r4, #4]
 80a1abe:	f8d8 0000 	ldr.w	r0, [r8]
 80a1ac2:	1c5a      	adds	r2, r3, #1
 80a1ac4:	3302      	adds	r3, #2
 80a1ac6:	6062      	str	r2, [r4, #4]
 80a1ac8:	f844 5023 	str.w	r5, [r4, r3, lsl #2]
 80a1acc:	f000 f80e 	bl	80a1aec <__retarget_lock_release_recursive>
 80a1ad0:	2000      	movs	r0, #0
 80a1ad2:	e7c4      	b.n	80a1a5e <__register_exitproc+0x3e>
 80a1ad4:	200005d4 	.word	0x200005d4
 80a1ad8:	20000548 	.word	0x20000548
 80a1adc:	00000000 	.word	0x00000000
 80a1ae0:	080a04b9 	.word	0x080a04b9
 80a1ae4:	20000068 	.word	0x20000068

080a1ae8 <__retarget_lock_acquire_recursive>:
 80a1ae8:	4770      	bx	lr

080a1aea <__retarget_lock_release>:
 80a1aea:	4770      	bx	lr

080a1aec <__retarget_lock_release_recursive>:
 80a1aec:	4770      	bx	lr

080a1aee <link_code_end>:
	...

080a1af0 <dynalib_user>:
 80a1af0:	0021 080a 0061 080a 0089 080a 008d 080a     !...a...........
 80a1b00:	0000 0000 002c 003b 616e 006e 6e69 0066     ....,.;.nan.inf.
 80a1b10:	766f 0066 002e 7061 0070 5925 252d 2d6d     ovf...app.%Y-%m-
 80a1b20:	6425 2554 3a48 4d25 253a 2553 007a 7361     %dT%H:%M:%S%z.as
 80a1b30:	7463 6d69 0065 0000                         ctime...

080a1b38 <_ZTV9IPAddress>:
	...
 80a1b40:	092d 080a 091d 080a 091f 080a               -...........

080a1b4c <_ZTV9USBSerial>:
	...
 80a1b54:	09eb 080a 0a51 080a 0a29 080a 052d 080a     ....Q...)...-...
 80a1b64:	0a1b 080a 09ed 080a 09fd 080a 0a4b 080a     ............K...
 80a1b74:	0a0d 080a 09e5 080a                         ........

080a1b7c <_ZTV11USARTSerial>:
	...
 80a1b84:	0b79 080a 0be3 080a 0bbf 080a 052d 080a     y...........-...
 80a1b94:	0b8f 080a 0bab 080a 0b9d 080a 0bb9 080a     ................
 80a1ba4:	0b7b 080a 0b81 080a                         {.......

080a1bac <_ZTV7TwoWire>:
	...
 80a1bb4:	0c65 080a 0caf 080a 0c87 080a 0c67 080a     e...........g...
 80a1bc4:	0c8f 080a 0c97 080a 0c9f 080a 0ca7 080a     ................

080a1bd4 <_ZTVN5spark9WiFiClassE>:
	...
 80a1bdc:	0d77 080a 0d6d 080a 0d63 080a 0ce1 080a     w...m...c.......
 80a1bec:	0777 080a 0d57 080a 0dd5 080a 0ddd 080a     w...W...........
 80a1bfc:	0d4b 080a 0d43 080a 0d39 080a 0d2f 080a     K...C...9.../...
 80a1c0c:	0ceb 080a                                   ....

080a1c10 <_ZTVN5spark12NetworkClassE>:
	...
 80a1c18:	0d95 080a 0d9f 080a 0da9 080a 0db3 080a     ................
 80a1c28:	0dbd 080a 0dc9 080a 0dd5 080a 0ddd 080a     ................
 80a1c38:	0de5 080a 0df1 080a 0df9 080a 0e03 080a     ................
 80a1c48:	0e0d 080a                                   ....

080a1c4c <_ZSt7nothrow>:
	...

080a1c4d <link_const_variable_data_end>:
 80a1c4d:	00          	.byte	0x00
	...

080a1c50 <link_constructors_location>:
 80a1c50:	080a0509 	.word	0x080a0509
 80a1c54:	080a0785 	.word	0x080a0785
 80a1c58:	080a0795 	.word	0x080a0795
 80a1c5c:	080a07b1 	.word	0x080a07b1
 80a1c60:	080a0d81 	.word	0x080a0d81
 80a1c64:	080a0e5d 	.word	0x080a0e5d
 80a1c68:	080a0f89 	.word	0x080a0f89

080a1c6c <link_constructors_end>:
 80a1c6c:	00000000 	.word	0x00000000
