
c:/Users/gahym/EE1301/IOT_Labs/Lab4_Simple_Multitasking/lab4exercise1/target/2.3.0/photon/lab4exercise1.elf:     file format elf32-littlearm

Sections:
Idx Name          Size      VMA       LMA       File off  Algn
  0 .module_info  00000018  080a0000  080a0000  00010000  2**0
                  CONTENTS, ALLOC, LOAD, READONLY, DATA
  1 .dynalib      00000004  080a0018  080a0018  00010018  2**2
                  CONTENTS, ALLOC, LOAD, READONLY, DATA
  2 .text         000011f4  080a001c  080a001c  0001001c  2**2
                  CONTENTS, ALLOC, LOAD, READONLY, CODE
  3 .backup       00000004  40024000  080a1210  00014000  2**2
                  CONTENTS, ALLOC, LOAD, DATA
  4 .data         00000074  20000000  080a1214  00020000  2**2
                  CONTENTS, ALLOC, LOAD, DATA
  5 .bss          00000590  20000074  20000074  00030074  2**2
                  ALLOC
  6 .module_info_suffix 00000028  080a1288  080a1288  00021288  2**0
                  CONTENTS, ALLOC, LOAD, READONLY, DATA
  7 .module_info_crc 00000004  080a12b0  080a12b0  000212b0  2**0
                  CONTENTS, ALLOC, LOAD, READONLY, DATA
  8 .debug_info   000d876a  00000000  00000000  000212b4  2**0
                  CONTENTS, READONLY, DEBUGGING
  9 .debug_abbrev 00010889  00000000  00000000  000f9a1e  2**0
                  CONTENTS, READONLY, DEBUGGING
 10 .debug_loc    00012bab  00000000  00000000  0010a2a7  2**0
                  CONTENTS, READONLY, DEBUGGING
 11 .debug_aranges 00001b58  00000000  00000000  0011ce52  2**0
                  CONTENTS, READONLY, DEBUGGING
 12 .debug_ranges 00004078  00000000  00000000  0011e9aa  2**0
                  CONTENTS, READONLY, DEBUGGING
 13 .debug_macro  00023d83  00000000  00000000  00122a22  2**0
                  CONTENTS, READONLY, DEBUGGING
 14 .debug_line   000243a0  00000000  00000000  001467a5  2**0
                  CONTENTS, READONLY, DEBUGGING
 15 .debug_str    000ab16c  00000000  00000000  0016ab45  2**0
                  CONTENTS, READONLY, DEBUGGING
 16 .debug_frame  00004340  00000000  00000000  00215cb4  2**2
                  CONTENTS, READONLY, DEBUGGING

Disassembly of section .text:

080a001c <module_user_pre_init>:
/**
 * Initializes this user module. Returns the start of the heap.
 */
void* module_user_pre_init() {

    if ( (&link_global_data_start!=&link_global_data_initial_values) && (link_global_data_size != 0))
 80a001c:	4809      	ldr	r0, [pc, #36]	; (80a0044 <link_dynalib_end+0x28>)
 80a001e:	490a      	ldr	r1, [pc, #40]	; (80a0048 <link_dynalib_end+0x2c>)
void* module_user_pre_init() {
 80a0020:	b508      	push	{r3, lr}
    if ( (&link_global_data_start!=&link_global_data_initial_values) && (link_global_data_size != 0))
 80a0022:	4288      	cmp	r0, r1
 80a0024:	d005      	beq.n	80a0032 <module_user_pre_init+0x16>
 80a0026:	4a09      	ldr	r2, [pc, #36]	; (80a004c <link_dynalib_end+0x30>)
 80a0028:	4282      	cmp	r2, r0
 80a002a:	d002      	beq.n	80a0032 <module_user_pre_init+0x16>
    {
        memcpy(&link_global_data_start, &link_global_data_initial_values, link_global_data_size);
 80a002c:	1a12      	subs	r2, r2, r0
 80a002e:	f000 ff83 	bl	80a0f38 <memcpy>
    }

    memset(&link_bss_location, 0, link_bss_size );
 80a0032:	4807      	ldr	r0, [pc, #28]	; (80a0050 <link_dynalib_end+0x34>)
 80a0034:	4a07      	ldr	r2, [pc, #28]	; (80a0054 <link_dynalib_end+0x38>)
 80a0036:	2100      	movs	r1, #0
 80a0038:	1a12      	subs	r2, r2, r0
 80a003a:	f000 ff8b 	bl	80a0f54 <memset>
    return &link_heap_start;
}
 80a003e:	4806      	ldr	r0, [pc, #24]	; (80a0058 <link_dynalib_end+0x3c>)
 80a0040:	bd08      	pop	{r3, pc}
 80a0042:	bf00      	nop
 80a0044:	20000000 	.word	0x20000000
 80a0048:	080a1214 	.word	0x080a1214
 80a004c:	20000074 	.word	0x20000074
 80a0050:	20000074 	.word	0x20000074
 80a0054:	20000601 	.word	0x20000601
 80a0058:	20000601 	.word	0x20000601

080a005c <module_user_init>:
extern constructor_ptr_t link_constructors_location[];
extern constructor_ptr_t link_constructors_end;
#define link_constructors_size   ((unsigned long)&link_constructors_end  -  (unsigned long)&link_constructors_location )

void module_user_init()
{
 80a005c:	b570      	push	{r4, r5, r6, lr}
    module_user_init_hook();
 80a005e:	f000 fbb1 	bl	80a07c4 <module_user_init_hook>

    // invoke constructors
    int ctor_num;
    for (ctor_num=0; ctor_num < link_constructors_size/sizeof(constructor_ptr_t); ctor_num++ )
 80a0062:	2500      	movs	r5, #0
 80a0064:	4e05      	ldr	r6, [pc, #20]	; (80a007c <module_user_init+0x20>)
 80a0066:	4c06      	ldr	r4, [pc, #24]	; (80a0080 <module_user_init+0x24>)
 80a0068:	1ba4      	subs	r4, r4, r6
 80a006a:	08a4      	lsrs	r4, r4, #2
 80a006c:	42a5      	cmp	r5, r4
 80a006e:	d100      	bne.n	80a0072 <module_user_init+0x16>
    {
        link_constructors_location[ctor_num]();
    }
}
 80a0070:	bd70      	pop	{r4, r5, r6, pc}
        link_constructors_location[ctor_num]();
 80a0072:	f856 3b04 	ldr.w	r3, [r6], #4
 80a0076:	4798      	blx	r3
    for (ctor_num=0; ctor_num < link_constructors_size/sizeof(constructor_ptr_t); ctor_num++ )
 80a0078:	3501      	adds	r5, #1
 80a007a:	e7f7      	b.n	80a006c <module_user_init+0x10>
 80a007c:	080a11f0 	.word	0x080a11f0
 80a0080:	080a120c 	.word	0x080a120c

080a0084 <module_user_setup>:

/**
 * Export these functions with a fuller name so they don't clash with the setup/loop wrappers in the system module.
 */
void module_user_setup() {
    setup();
 80a0084:	f000 b814 	b.w	80a00b0 <setup>

080a0088 <module_user_loop>:
}

void module_user_loop() {
 80a0088:	b508      	push	{r3, lr}
    loop();
 80a008a:	f000 f847 	bl	80a011c <loop>
    _post_loop();
}
 80a008e:	e8bd 4008 	ldmia.w	sp!, {r3, lr}
    _post_loop();
 80a0092:	f000 bb4f 	b.w	80a0734 <_post_loop>

080a0096 <_Znaj>:
 80a0096:	f000 ba63 	b.w	80a0560 <malloc>

080a009a <_ZdlPv>:
	return malloc(size);
}

void operator delete(void *p)
{
	free(p);
 80a009a:	f000 ba69 	b.w	80a0570 <free>

080a009e <__cxa_guard_acquire>:

/* Provide default implemenation for __cxa_guard_acquire() and
 * __cxa_guard_release(). Note: these must be revisited if a multitasking
 * OS is ported to this platform. */
__extension__ typedef int __guard __attribute__((mode (__DI__)));
int __cxa_guard_acquire(__guard *g) {return !*(char *)(g);};
 80a009e:	7800      	ldrb	r0, [r0, #0]
 80a00a0:	fab0 f080 	clz	r0, r0
 80a00a4:	0940      	lsrs	r0, r0, #5
 80a00a6:	4770      	bx	lr

080a00a8 <__cxa_guard_release>:
void __cxa_guard_release (__guard *g) {*(char *)g = 1;};
 80a00a8:	2301      	movs	r3, #1
 80a00aa:	7003      	strb	r3, [r0, #0]
 80a00ac:	4770      	bx	lr
	...

080a00b0 <setup>:
unsigned long int timeToToggle2;
unsigned long int timePrint;

bool ledState = false;

void setup() {
 80a00b0:	b508      	push	{r3, lr}
    pinMode(led, OUTPUT);
 80a00b2:	4b14      	ldr	r3, [pc, #80]	; (80a0104 <setup+0x54>)
 80a00b4:	2101      	movs	r1, #1
 80a00b6:	8818      	ldrh	r0, [r3, #0]
 80a00b8:	f000 feaa 	bl	80a0e10 <pinMode>
    pinMode(button, INPUT_PULLDOWN);  // INPUT mode with internal pull-down resistor
 80a00bc:	4b12      	ldr	r3, [pc, #72]	; (80a0108 <setup+0x58>)
 80a00be:	2103      	movs	r1, #3
 80a00c0:	8818      	ldrh	r0, [r3, #0]
 80a00c2:	f000 fea5 	bl	80a0e10 <pinMode>
    Serial.begin(9600);               // Use Serial port for debugging
 80a00c6:	f000 fc7f 	bl	80a09c8 <_Z16_fetch_usbserialv>
 80a00ca:	f44f 5116 	mov.w	r1, #9600	; 0x2580
 80a00ce:	f000 fc61 	bl	80a0994 <_ZN9USBSerial5beginEl>

#ifdef __cplusplus
extern "C" {
#endif

inline system_tick_t millis(void) { return HAL_Timer_Get_Milli_Seconds(); }
 80a00d2:	f000 f8df 	bl	80a0294 <HAL_Timer_Get_Milli_Seconds>


    // sets the time to toggle for each different button rate
    timeToToggle0 = millis() + 500;
 80a00d6:	4b0d      	ldr	r3, [pc, #52]	; (80a010c <setup+0x5c>)
 80a00d8:	f500 70fa 	add.w	r0, r0, #500	; 0x1f4
 80a00dc:	6018      	str	r0, [r3, #0]
 80a00de:	f000 f8d9 	bl	80a0294 <HAL_Timer_Get_Milli_Seconds>
    timeToToggle1 = millis() + 1000;
 80a00e2:	4b0b      	ldr	r3, [pc, #44]	; (80a0110 <setup+0x60>)
 80a00e4:	f500 707a 	add.w	r0, r0, #1000	; 0x3e8
 80a00e8:	6018      	str	r0, [r3, #0]
 80a00ea:	f000 f8d3 	bl	80a0294 <HAL_Timer_Get_Milli_Seconds>
    timeToToggle2 = millis() + 2000;
 80a00ee:	4b09      	ldr	r3, [pc, #36]	; (80a0114 <setup+0x64>)
 80a00f0:	f500 60fa 	add.w	r0, r0, #2000	; 0x7d0
 80a00f4:	6018      	str	r0, [r3, #0]
 80a00f6:	f000 f8cd 	bl	80a0294 <HAL_Timer_Get_Milli_Seconds>
    timePrint = millis() + 1000;
 80a00fa:	4b07      	ldr	r3, [pc, #28]	; (80a0118 <setup+0x68>)
 80a00fc:	f500 707a 	add.w	r0, r0, #1000	; 0x3e8
 80a0100:	6018      	str	r0, [r3, #0]

    



}
 80a0102:	bd08      	pop	{r3, pc}
 80a0104:	20000004 	.word	0x20000004
 80a0108:	20000000 	.word	0x20000000
 80a010c:	20000084 	.word	0x20000084
 80a0110:	20000088 	.word	0x20000088
 80a0114:	2000008c 	.word	0x2000008c
 80a0118:	20000080 	.word	0x20000080

080a011c <loop>:

void loop() {
 80a011c:	e92d 41f0 	stmdb	sp!, {r4, r5, r6, r7, r8, lr}
 80a0120:	f000 f8b8 	bl	80a0294 <HAL_Timer_Get_Milli_Seconds>
    unsigned long int currentTime = millis();



// manages the button presses and changing the LED frequency state
    int curButton = digitalRead(button);
 80a0124:	4b3d      	ldr	r3, [pc, #244]	; (80a021c <loop+0x100>)
 80a0126:	4605      	mov	r5, r0
 80a0128:	8818      	ldrh	r0, [r3, #0]
 80a012a:	f000 fe9b 	bl	80a0e64 <digitalRead>
    if(curButton == HIGH && prevButton == LOW){
 80a012e:	2801      	cmp	r0, #1
    int curButton = digitalRead(button);
 80a0130:	4604      	mov	r4, r0
    if(curButton == HIGH && prevButton == LOW){
 80a0132:	4f3b      	ldr	r7, [pc, #236]	; (80a0220 <loop+0x104>)
 80a0134:	4e3b      	ldr	r6, [pc, #236]	; (80a0224 <loop+0x108>)
 80a0136:	d10f      	bne.n	80a0158 <loop+0x3c>
 80a0138:	f8d7 8000 	ldr.w	r8, [r7]
 80a013c:	f1b8 0f00 	cmp.w	r8, #0
 80a0140:	d10a      	bne.n	80a0158 <loop+0x3c>
        // a transition happened -- the user has just pressed the button
        Serial.println("Button press detected.");  //Debugging printout
 80a0142:	f000 fc41 	bl	80a09c8 <_Z16_fetch_usbserialv>
 80a0146:	4938      	ldr	r1, [pc, #224]	; (80a0228 <loop+0x10c>)
 80a0148:	f000 fa79 	bl	80a063e <_ZN5Print7printlnEPKc>
        
        // change the state of the LED blinking rate
        LedFreqState++;
 80a014c:	6833      	ldr	r3, [r6, #0]
 80a014e:	3301      	adds	r3, #1
 80a0150:	2b02      	cmp	r3, #2
 80a0152:	bfc8      	it	gt
 80a0154:	4643      	movgt	r3, r8
 80a0156:	6033      	str	r3, [r6, #0]
        if(LedFreqState > 2){  // make sure it changes from 0 --> 1 --> 2 --> 0 -->  ...
            LedFreqState = 0;
        }
    }
  
prevButton = curButton; // keep track of the last button pressed
 80a0158:	603c      	str	r4, [r7, #0]

      if(currentTime > timePrint){  
 80a015a:	4f34      	ldr	r7, [pc, #208]	; (80a022c <loop+0x110>)
 80a015c:	683b      	ldr	r3, [r7, #0]
 80a015e:	42ab      	cmp	r3, r5
 80a0160:	d21e      	bcs.n	80a01a0 <loop+0x84>
    Serial.print(curButton);  // Debugging printout
 80a0162:	f000 fc31 	bl	80a09c8 <_Z16_fetch_usbserialv>
// FIXME: avoids 'comparison of constant '0' with boolean expression is always false'
#if __GNUC__ >= 9
#pragma GCC diagnostic push
#pragma GCC diagnostic ignored "-Wbool-compare"
#endif // __GNUC__ >= 9
        if (n < 0 && base == 10) {
 80a0166:	2c00      	cmp	r4, #0
 80a0168:	4680      	mov	r8, r0
 80a016a:	da2e      	bge.n	80a01ca <loop+0xae>
            t = print('-');
 80a016c:	212d      	movs	r1, #45	; 0x2d
 80a016e:	f000 fa57 	bl	80a0620 <_ZN5Print5printEc>
            val = -n;
 80a0172:	4261      	negs	r1, r4
            val = n;
        }
#if __GNUC__ >= 9
#pragma GCC diagnostic pop
#endif // __GNUC__ >= 9
        return printNumber(val, base) + t;
 80a0174:	220a      	movs	r2, #10
 80a0176:	4640      	mov	r0, r8
 80a0178:	f000 fa6b 	bl	80a0652 <_ZN5Print11printNumberEmh>
    Serial.print(LedFreqState);
 80a017c:	f000 fc24 	bl	80a09c8 <_Z16_fetch_usbserialv>
 80a0180:	6834      	ldr	r4, [r6, #0]
 80a0182:	4680      	mov	r8, r0
        if (n < 0 && base == 10) {
 80a0184:	2c00      	cmp	r4, #0
 80a0186:	da22      	bge.n	80a01ce <loop+0xb2>
            t = print('-');
 80a0188:	212d      	movs	r1, #45	; 0x2d
 80a018a:	f000 fa49 	bl	80a0620 <_ZN5Print5printEc>
            val = -n;
 80a018e:	4261      	negs	r1, r4
        return printNumber(val, base) + t;
 80a0190:	220a      	movs	r2, #10
 80a0192:	4640      	mov	r0, r8
 80a0194:	f000 fa5d 	bl	80a0652 <_ZN5Print11printNumberEmh>
    timePrint = timePrint + 1000;
 80a0198:	683b      	ldr	r3, [r7, #0]
 80a019a:	f503 737a 	add.w	r3, r3, #1000	; 0x3e8
 80a019e:	603b      	str	r3, [r7, #0]





    if(LedFreqState == 0){  // Rate 0: 1.0 Hz (on 0.5 sec, off 0.5 sec)
 80a01a0:	6833      	ldr	r3, [r6, #0]
 80a01a2:	b9b3      	cbnz	r3, 80a01d2 <loop+0xb6>

      if(currentTime > timeToToggle0){  
 80a01a4:	4c22      	ldr	r4, [pc, #136]	; (80a0230 <loop+0x114>)
 80a01a6:	6823      	ldr	r3, [r4, #0]
 80a01a8:	42ab      	cmp	r3, r5
 80a01aa:	d20c      	bcs.n	80a01c6 <loop+0xaa>
        // Time to Toggle!
        ledState = !ledState;
 80a01ac:	4b21      	ldr	r3, [pc, #132]	; (80a0234 <loop+0x118>)
 80a01ae:	7819      	ldrb	r1, [r3, #0]
 80a01b0:	f081 0101 	eor.w	r1, r1, #1
 80a01b4:	7019      	strb	r1, [r3, #0]
        digitalWrite(led, ledState);
 80a01b6:	4b20      	ldr	r3, [pc, #128]	; (80a0238 <loop+0x11c>)
 80a01b8:	8818      	ldrh	r0, [r3, #0]
 80a01ba:	f000 fe3a 	bl	80a0e32 <digitalWrite>
        
  timeToToggle0 += 500;
 80a01be:	6823      	ldr	r3, [r4, #0]
 80a01c0:	f503 73fa 	add.w	r3, r3, #500	; 0x1f4

      if(currentTime > timeToToggle2){  
        // Time to Toggle!
        ledState = !ledState;
        digitalWrite(led, ledState);
          timeToToggle2 += 2000;
 80a01c4:	6023      	str	r3, [r4, #0]
    }
    }



}
 80a01c6:	e8bd 81f0 	ldmia.w	sp!, {r4, r5, r6, r7, r8, pc}
            val = n;
 80a01ca:	4621      	mov	r1, r4
 80a01cc:	e7d2      	b.n	80a0174 <loop+0x58>
 80a01ce:	4621      	mov	r1, r4
 80a01d0:	e7de      	b.n	80a0190 <loop+0x74>
    }else if(LedFreqState == 1){  // Rate 1: 0.5 Hz (on 1 sec, off 1 sec)
 80a01d2:	2b01      	cmp	r3, #1
 80a01d4:	d110      	bne.n	80a01f8 <loop+0xdc>
      if(currentTime > timeToToggle1){  
 80a01d6:	4c19      	ldr	r4, [pc, #100]	; (80a023c <loop+0x120>)
 80a01d8:	6823      	ldr	r3, [r4, #0]
 80a01da:	42ab      	cmp	r3, r5
 80a01dc:	d2f3      	bcs.n	80a01c6 <loop+0xaa>
        ledState = !ledState;
 80a01de:	4b15      	ldr	r3, [pc, #84]	; (80a0234 <loop+0x118>)
 80a01e0:	7819      	ldrb	r1, [r3, #0]
 80a01e2:	f081 0101 	eor.w	r1, r1, #1
 80a01e6:	7019      	strb	r1, [r3, #0]
        digitalWrite(led, ledState);
 80a01e8:	4b13      	ldr	r3, [pc, #76]	; (80a0238 <loop+0x11c>)
 80a01ea:	8818      	ldrh	r0, [r3, #0]
 80a01ec:	f000 fe21 	bl	80a0e32 <digitalWrite>
          timeToToggle1 += 1000;
 80a01f0:	6823      	ldr	r3, [r4, #0]
 80a01f2:	f503 737a 	add.w	r3, r3, #1000	; 0x3e8
 80a01f6:	e7e5      	b.n	80a01c4 <loop+0xa8>
      if(currentTime > timeToToggle2){  
 80a01f8:	4c11      	ldr	r4, [pc, #68]	; (80a0240 <loop+0x124>)
 80a01fa:	6823      	ldr	r3, [r4, #0]
 80a01fc:	42ab      	cmp	r3, r5
 80a01fe:	d2e2      	bcs.n	80a01c6 <loop+0xaa>
        ledState = !ledState;
 80a0200:	4b0c      	ldr	r3, [pc, #48]	; (80a0234 <loop+0x118>)
 80a0202:	7819      	ldrb	r1, [r3, #0]
 80a0204:	f081 0101 	eor.w	r1, r1, #1
 80a0208:	7019      	strb	r1, [r3, #0]
        digitalWrite(led, ledState);
 80a020a:	4b0b      	ldr	r3, [pc, #44]	; (80a0238 <loop+0x11c>)
 80a020c:	8818      	ldrh	r0, [r3, #0]
 80a020e:	f000 fe10 	bl	80a0e32 <digitalWrite>
          timeToToggle2 += 2000;
 80a0212:	6823      	ldr	r3, [r4, #0]
 80a0214:	f503 63fa 	add.w	r3, r3, #2000	; 0x7d0
 80a0218:	e7d4      	b.n	80a01c4 <loop+0xa8>
 80a021a:	bf00      	nop
 80a021c:	20000000 	.word	0x20000000
 80a0220:	2000007c 	.word	0x2000007c
 80a0224:	20000074 	.word	0x20000074
 80a0228:	080a10a0 	.word	0x080a10a0
 80a022c:	20000080 	.word	0x20000080
 80a0230:	20000084 	.word	0x20000084
 80a0234:	20000078 	.word	0x20000078
 80a0238:	20000004 	.word	0x20000004
 80a023c:	20000088 	.word	0x20000088
 80a0240:	2000008c 	.word	0x2000008c

080a0244 <HAL_Pin_Mode>:

DYNALIB_BEGIN(hal_gpio)

DYNALIB_FN(0, hal_gpio, HAL_Pin_Map, Hal_Pin_Info*(void))
DYNALIB_FN(1, hal_gpio, HAL_Validate_Pin_Function, PinFunction(pin_t, PinFunction))
DYNALIB_FN(2, hal_gpio, HAL_Pin_Mode, void(pin_t, PinMode))
 80a0244:	b508      	push	{r3, lr}
 80a0246:	4b02      	ldr	r3, [pc, #8]	; (80a0250 <HAL_Pin_Mode+0xc>)
 80a0248:	681b      	ldr	r3, [r3, #0]
 80a024a:	689b      	ldr	r3, [r3, #8]
 80a024c:	9301      	str	r3, [sp, #4]
 80a024e:	bd08      	pop	{r3, pc}
 80a0250:	080601b0 	.word	0x080601b0

080a0254 <HAL_Get_Pin_Mode>:
DYNALIB_FN(3, hal_gpio, HAL_Get_Pin_Mode, PinMode(pin_t))
 80a0254:	b508      	push	{r3, lr}
 80a0256:	4b02      	ldr	r3, [pc, #8]	; (80a0260 <HAL_Get_Pin_Mode+0xc>)
 80a0258:	681b      	ldr	r3, [r3, #0]
 80a025a:	68db      	ldr	r3, [r3, #12]
 80a025c:	9301      	str	r3, [sp, #4]
 80a025e:	bd08      	pop	{r3, pc}
 80a0260:	080601b0 	.word	0x080601b0

080a0264 <HAL_GPIO_Write>:
DYNALIB_FN(4, hal_gpio, HAL_GPIO_Write, void(pin_t, uint8_t))
 80a0264:	b508      	push	{r3, lr}
 80a0266:	4b02      	ldr	r3, [pc, #8]	; (80a0270 <HAL_GPIO_Write+0xc>)
 80a0268:	681b      	ldr	r3, [r3, #0]
 80a026a:	691b      	ldr	r3, [r3, #16]
 80a026c:	9301      	str	r3, [sp, #4]
 80a026e:	bd08      	pop	{r3, pc}
 80a0270:	080601b0 	.word	0x080601b0

080a0274 <HAL_GPIO_Read>:
DYNALIB_FN(5, hal_gpio, HAL_GPIO_Read, int32_t(pin_t))
 80a0274:	b508      	push	{r3, lr}
 80a0276:	4b02      	ldr	r3, [pc, #8]	; (80a0280 <HAL_GPIO_Read+0xc>)
 80a0278:	681b      	ldr	r3, [r3, #0]
 80a027a:	695b      	ldr	r3, [r3, #20]
 80a027c:	9301      	str	r3, [sp, #4]
 80a027e:	bd08      	pop	{r3, pc}
 80a0280:	080601b0 	.word	0x080601b0

080a0284 <HAL_RNG_GetRandomNumber>:

DYNALIB_BEGIN(hal)

#if PLATFORM_ID > 3
DYNALIB_FN(0, hal, HAL_RNG_Configuration, void(void))
DYNALIB_FN(1, hal, HAL_RNG_GetRandomNumber, uint32_t(void))
 80a0284:	b508      	push	{r3, lr}
 80a0286:	4b02      	ldr	r3, [pc, #8]	; (80a0290 <HAL_RNG_GetRandomNumber+0xc>)
 80a0288:	681b      	ldr	r3, [r3, #0]
 80a028a:	685b      	ldr	r3, [r3, #4]
 80a028c:	9301      	str	r3, [sp, #4]
 80a028e:	bd08      	pop	{r3, pc}
 80a0290:	0806019c 	.word	0x0806019c

080a0294 <HAL_Timer_Get_Milli_Seconds>:
#endif

DYNALIB_FN(BASE_IDX + 0, hal, HAL_Delay_Milliseconds, void(uint32_t))
DYNALIB_FN(BASE_IDX + 1, hal, HAL_Delay_Microseconds, void(uint32_t))
DYNALIB_FN(BASE_IDX + 2, hal, HAL_Timer_Get_Micro_Seconds, system_tick_t(void))
DYNALIB_FN(BASE_IDX + 3, hal, HAL_Timer_Get_Milli_Seconds, system_tick_t(void))
 80a0294:	b508      	push	{r3, lr}
 80a0296:	4b02      	ldr	r3, [pc, #8]	; (80a02a0 <HAL_Timer_Get_Milli_Seconds+0xc>)
 80a0298:	681b      	ldr	r3, [r3, #0]
 80a029a:	695b      	ldr	r3, [r3, #20]
 80a029c:	9301      	str	r3, [sp, #4]
 80a029e:	bd08      	pop	{r3, pc}
 80a02a0:	0806019c 	.word	0x0806019c

080a02a4 <os_mutex_recursive_create>:
DYNALIB_FN(13, hal_concurrent, os_mutex_destroy, int(os_mutex_t))
DYNALIB_FN(14, hal_concurrent, os_mutex_lock, int(os_mutex_t))
DYNALIB_FN(15, hal_concurrent, os_mutex_trylock, int(os_mutex_t))
DYNALIB_FN(16, hal_concurrent, os_mutex_unlock, int(os_mutex_t))

DYNALIB_FN(17, hal_concurrent, os_mutex_recursive_create, int(os_mutex_recursive_t*))
 80a02a4:	b508      	push	{r3, lr}
 80a02a6:	4b02      	ldr	r3, [pc, #8]	; (80a02b0 <os_mutex_recursive_create+0xc>)
 80a02a8:	681b      	ldr	r3, [r3, #0]
 80a02aa:	6c5b      	ldr	r3, [r3, #68]	; 0x44
 80a02ac:	9301      	str	r3, [sp, #4]
 80a02ae:	bd08      	pop	{r3, pc}
 80a02b0:	080601d0 	.word	0x080601d0

080a02b4 <os_mutex_recursive_destroy>:
DYNALIB_FN(18, hal_concurrent, os_mutex_recursive_destroy, int(os_mutex_recursive_t))
 80a02b4:	b508      	push	{r3, lr}
 80a02b6:	4b02      	ldr	r3, [pc, #8]	; (80a02c0 <os_mutex_recursive_destroy+0xc>)
 80a02b8:	681b      	ldr	r3, [r3, #0]
 80a02ba:	6c9b      	ldr	r3, [r3, #72]	; 0x48
 80a02bc:	9301      	str	r3, [sp, #4]
 80a02be:	bd08      	pop	{r3, pc}
 80a02c0:	080601d0 	.word	0x080601d0

080a02c4 <hal_usart_init>:
#define BASE_IDX 6 // Base index for all subsequent functions
#else
#define BASE_IDX 0
#endif

DYNALIB_FN(BASE_IDX + 0, hal_usart, hal_usart_init, void(hal_usart_interface_t, hal_usart_ring_buffer_t*, hal_usart_ring_buffer_t*))
 80a02c4:	b508      	push	{r3, lr}
 80a02c6:	4b02      	ldr	r3, [pc, #8]	; (80a02d0 <hal_usart_init+0xc>)
 80a02c8:	681b      	ldr	r3, [r3, #0]
 80a02ca:	699b      	ldr	r3, [r3, #24]
 80a02cc:	9301      	str	r3, [sp, #4]
 80a02ce:	bd08      	pop	{r3, pc}
 80a02d0:	080601c4 	.word	0x080601c4

080a02d4 <hal_usart_write>:
DYNALIB_FN(BASE_IDX + 1, hal_usart, hal_usart_begin, void(hal_usart_interface_t, uint32_t))
DYNALIB_FN(BASE_IDX + 2, hal_usart, hal_usart_end, void(hal_usart_interface_t))
DYNALIB_FN(BASE_IDX + 3, hal_usart, hal_usart_write, uint32_t(hal_usart_interface_t, uint8_t))
 80a02d4:	b508      	push	{r3, lr}
 80a02d6:	4b02      	ldr	r3, [pc, #8]	; (80a02e0 <hal_usart_write+0xc>)
 80a02d8:	681b      	ldr	r3, [r3, #0]
 80a02da:	6a5b      	ldr	r3, [r3, #36]	; 0x24
 80a02dc:	9301      	str	r3, [sp, #4]
 80a02de:	bd08      	pop	{r3, pc}
 80a02e0:	080601c4 	.word	0x080601c4

080a02e4 <hal_usart_available>:
DYNALIB_FN(BASE_IDX + 4, hal_usart, hal_usart_available, int32_t(hal_usart_interface_t))
 80a02e4:	b508      	push	{r3, lr}
 80a02e6:	4b02      	ldr	r3, [pc, #8]	; (80a02f0 <hal_usart_available+0xc>)
 80a02e8:	681b      	ldr	r3, [r3, #0]
 80a02ea:	6a9b      	ldr	r3, [r3, #40]	; 0x28
 80a02ec:	9301      	str	r3, [sp, #4]
 80a02ee:	bd08      	pop	{r3, pc}
 80a02f0:	080601c4 	.word	0x080601c4

080a02f4 <hal_usart_read>:
DYNALIB_FN(BASE_IDX + 5, hal_usart, hal_usart_read, int32_t(hal_usart_interface_t))
 80a02f4:	b508      	push	{r3, lr}
 80a02f6:	4b02      	ldr	r3, [pc, #8]	; (80a0300 <hal_usart_read+0xc>)
 80a02f8:	681b      	ldr	r3, [r3, #0]
 80a02fa:	6adb      	ldr	r3, [r3, #44]	; 0x2c
 80a02fc:	9301      	str	r3, [sp, #4]
 80a02fe:	bd08      	pop	{r3, pc}
 80a0300:	080601c4 	.word	0x080601c4

080a0304 <hal_usart_peek>:
DYNALIB_FN(BASE_IDX + 6, hal_usart, hal_usart_peek, int32_t(hal_usart_interface_t))
 80a0304:	b508      	push	{r3, lr}
 80a0306:	4b02      	ldr	r3, [pc, #8]	; (80a0310 <hal_usart_peek+0xc>)
 80a0308:	681b      	ldr	r3, [r3, #0]
 80a030a:	6b1b      	ldr	r3, [r3, #48]	; 0x30
 80a030c:	9301      	str	r3, [sp, #4]
 80a030e:	bd08      	pop	{r3, pc}
 80a0310:	080601c4 	.word	0x080601c4

080a0314 <hal_usart_flush>:
DYNALIB_FN(BASE_IDX + 7, hal_usart, hal_usart_flush, void(hal_usart_interface_t))
 80a0314:	b508      	push	{r3, lr}
 80a0316:	4b02      	ldr	r3, [pc, #8]	; (80a0320 <hal_usart_flush+0xc>)
 80a0318:	681b      	ldr	r3, [r3, #0]
 80a031a:	6b5b      	ldr	r3, [r3, #52]	; 0x34
 80a031c:	9301      	str	r3, [sp, #4]
 80a031e:	bd08      	pop	{r3, pc}
 80a0320:	080601c4 	.word	0x080601c4

080a0324 <hal_usart_is_enabled>:
DYNALIB_FN(BASE_IDX + 8, hal_usart, hal_usart_is_enabled, bool(hal_usart_interface_t))
 80a0324:	b508      	push	{r3, lr}
 80a0326:	4b02      	ldr	r3, [pc, #8]	; (80a0330 <hal_usart_is_enabled+0xc>)
 80a0328:	681b      	ldr	r3, [r3, #0]
 80a032a:	6b9b      	ldr	r3, [r3, #56]	; 0x38
 80a032c:	9301      	str	r3, [sp, #4]
 80a032e:	bd08      	pop	{r3, pc}
 80a0330:	080601c4 	.word	0x080601c4

080a0334 <hal_usart_available_data_for_write>:
DYNALIB_FN(BASE_IDX + 9, hal_usart, hal_usart_half_duplex, void(hal_usart_interface_t, bool))
DYNALIB_FN(BASE_IDX + 10, hal_usart, hal_usart_available_data_for_write, int32_t(hal_usart_interface_t))
 80a0334:	b508      	push	{r3, lr}
 80a0336:	4b02      	ldr	r3, [pc, #8]	; (80a0340 <hal_usart_available_data_for_write+0xc>)
 80a0338:	681b      	ldr	r3, [r3, #0]
 80a033a:	6c1b      	ldr	r3, [r3, #64]	; 0x40
 80a033c:	9301      	str	r3, [sp, #4]
 80a033e:	bd08      	pop	{r3, pc}
 80a0340:	080601c4 	.word	0x080601c4

080a0344 <hal_i2c_write>:
DYNALIB_FN(BASE_IDX + 3, hal_i2c, hal_i2c_begin, void(hal_i2c_interface_t, hal_i2c_mode_t, uint8_t, void*))
DYNALIB_FN(BASE_IDX + 4, hal_i2c, hal_i2c_end, void(hal_i2c_interface_t, void*))
DYNALIB_FN(BASE_IDX + 5, hal_i2c, hal_i2c_request, uint32_t(hal_i2c_interface_t, uint8_t, uint8_t, uint8_t, void*))
DYNALIB_FN(BASE_IDX + 6, hal_i2c, hal_i2c_begin_transmission, void(hal_i2c_interface_t, uint8_t, const hal_i2c_transmission_config_t*))
DYNALIB_FN(BASE_IDX + 7, hal_i2c, hal_i2c_end_transmission, uint8_t(hal_i2c_interface_t, uint8_t, void*))
DYNALIB_FN(BASE_IDX + 8, hal_i2c, hal_i2c_write, uint32_t(hal_i2c_interface_t, uint8_t, void*))
 80a0344:	b508      	push	{r3, lr}
 80a0346:	4b02      	ldr	r3, [pc, #8]	; (80a0350 <hal_i2c_write+0xc>)
 80a0348:	681b      	ldr	r3, [r3, #0]
 80a034a:	6e1b      	ldr	r3, [r3, #96]	; 0x60
 80a034c:	9301      	str	r3, [sp, #4]
 80a034e:	bd08      	pop	{r3, pc}
 80a0350:	080601ac 	.word	0x080601ac

080a0354 <hal_i2c_available>:
DYNALIB_FN(BASE_IDX + 9, hal_i2c, hal_i2c_available, int32_t(hal_i2c_interface_t, void*))
 80a0354:	b508      	push	{r3, lr}
 80a0356:	4b02      	ldr	r3, [pc, #8]	; (80a0360 <hal_i2c_available+0xc>)
 80a0358:	681b      	ldr	r3, [r3, #0]
 80a035a:	6e5b      	ldr	r3, [r3, #100]	; 0x64
 80a035c:	9301      	str	r3, [sp, #4]
 80a035e:	bd08      	pop	{r3, pc}
 80a0360:	080601ac 	.word	0x080601ac

080a0364 <hal_i2c_read>:
DYNALIB_FN(BASE_IDX + 10, hal_i2c, hal_i2c_read, int32_t(hal_i2c_interface_t, void*))
 80a0364:	b508      	push	{r3, lr}
 80a0366:	4b02      	ldr	r3, [pc, #8]	; (80a0370 <hal_i2c_read+0xc>)
 80a0368:	681b      	ldr	r3, [r3, #0]
 80a036a:	6e9b      	ldr	r3, [r3, #104]	; 0x68
 80a036c:	9301      	str	r3, [sp, #4]
 80a036e:	bd08      	pop	{r3, pc}
 80a0370:	080601ac 	.word	0x080601ac

080a0374 <hal_i2c_peek>:
DYNALIB_FN(BASE_IDX + 11, hal_i2c, hal_i2c_peek, int32_t(hal_i2c_interface_t, void*))
 80a0374:	b508      	push	{r3, lr}
 80a0376:	4b02      	ldr	r3, [pc, #8]	; (80a0380 <hal_i2c_peek+0xc>)
 80a0378:	681b      	ldr	r3, [r3, #0]
 80a037a:	6edb      	ldr	r3, [r3, #108]	; 0x6c
 80a037c:	9301      	str	r3, [sp, #4]
 80a037e:	bd08      	pop	{r3, pc}
 80a0380:	080601ac 	.word	0x080601ac

080a0384 <hal_i2c_flush>:
DYNALIB_FN(BASE_IDX + 12, hal_i2c, hal_i2c_flush, void(hal_i2c_interface_t, void*))
 80a0384:	b508      	push	{r3, lr}
 80a0386:	4b02      	ldr	r3, [pc, #8]	; (80a0390 <hal_i2c_flush+0xc>)
 80a0388:	681b      	ldr	r3, [r3, #0]
 80a038a:	6f1b      	ldr	r3, [r3, #112]	; 0x70
 80a038c:	9301      	str	r3, [sp, #4]
 80a038e:	bd08      	pop	{r3, pc}
 80a0390:	080601ac 	.word	0x080601ac

080a0394 <hal_i2c_is_enabled>:
DYNALIB_FN(BASE_IDX + 13, hal_i2c, hal_i2c_is_enabled, bool(hal_i2c_interface_t, void*))
 80a0394:	b508      	push	{r3, lr}
 80a0396:	4b02      	ldr	r3, [pc, #8]	; (80a03a0 <hal_i2c_is_enabled+0xc>)
 80a0398:	681b      	ldr	r3, [r3, #0]
 80a039a:	6f5b      	ldr	r3, [r3, #116]	; 0x74
 80a039c:	9301      	str	r3, [sp, #4]
 80a039e:	bd08      	pop	{r3, pc}
 80a03a0:	080601ac 	.word	0x080601ac

080a03a4 <hal_i2c_init>:
DYNALIB_FN(BASE_IDX + 14, hal_i2c, hal_i2c_set_callback_on_received, void(hal_i2c_interface_t, void(*)(int), void*))
DYNALIB_FN(BASE_IDX + 15, hal_i2c, hal_i2c_set_callback_on_requested, void(hal_i2c_interface_t, void(*)(void), void*))
DYNALIB_FN(BASE_IDX + 16, hal_i2c, hal_i2c_init, int(hal_i2c_interface_t, const hal_i2c_config_t*))
 80a03a4:	b508      	push	{r3, lr}
 80a03a6:	4b03      	ldr	r3, [pc, #12]	; (80a03b4 <hal_i2c_init+0x10>)
 80a03a8:	681b      	ldr	r3, [r3, #0]
 80a03aa:	f8d3 3080 	ldr.w	r3, [r3, #128]	; 0x80
 80a03ae:	9301      	str	r3, [sp, #4]
 80a03b0:	bd08      	pop	{r3, pc}
 80a03b2:	0000      	.short	0x0000
 80a03b4:	080601ac 	.word	0x080601ac

080a03b8 <hal_spi_init>:
DYNALIB_FN(2, hal_spi, hal_spi_set_bit_order, void(hal_spi_interface_t, uint8_t))
DYNALIB_FN(3, hal_spi, hal_spi_set_data_mode, void(hal_spi_interface_t, uint8_t))
DYNALIB_FN(4, hal_spi, hal_spi_set_clock_divider, void(hal_spi_interface_t, uint8_t))
DYNALIB_FN(5, hal_spi, hal_spi_transfer, uint16_t(hal_spi_interface_t, uint16_t))
DYNALIB_FN(6, hal_spi, hal_spi_is_enabled_deprecated, bool(void))
DYNALIB_FN(7, hal_spi, hal_spi_init, void(hal_spi_interface_t))
 80a03b8:	b508      	push	{r3, lr}
 80a03ba:	4b02      	ldr	r3, [pc, #8]	; (80a03c4 <hal_spi_init+0xc>)
 80a03bc:	681b      	ldr	r3, [r3, #0]
 80a03be:	69db      	ldr	r3, [r3, #28]
 80a03c0:	9301      	str	r3, [sp, #4]
 80a03c2:	bd08      	pop	{r3, pc}
 80a03c4:	080601b4 	.word	0x080601b4

080a03c8 <hal_spi_is_enabled>:
DYNALIB_FN(8, hal_spi, hal_spi_is_enabled, bool(hal_spi_interface_t))
 80a03c8:	b508      	push	{r3, lr}
 80a03ca:	4b02      	ldr	r3, [pc, #8]	; (80a03d4 <hal_spi_is_enabled+0xc>)
 80a03cc:	681b      	ldr	r3, [r3, #0]
 80a03ce:	6a1b      	ldr	r3, [r3, #32]
 80a03d0:	9301      	str	r3, [sp, #4]
 80a03d2:	bd08      	pop	{r3, pc}
 80a03d4:	080601b4 	.word	0x080601b4

080a03d8 <HAL_USB_USART_Init>:
#endif

DYNALIB_BEGIN(hal_usb)

#ifdef USB_CDC_ENABLE
DYNALIB_FN(0, hal_usb, HAL_USB_USART_Init, void(HAL_USB_USART_Serial, const HAL_USB_USART_Config*))
 80a03d8:	b508      	push	{r3, lr}
 80a03da:	4b02      	ldr	r3, [pc, #8]	; (80a03e4 <HAL_USB_USART_Init+0xc>)
 80a03dc:	681b      	ldr	r3, [r3, #0]
 80a03de:	681b      	ldr	r3, [r3, #0]
 80a03e0:	9301      	str	r3, [sp, #4]
 80a03e2:	bd08      	pop	{r3, pc}
 80a03e4:	080601d8 	.word	0x080601d8

080a03e8 <HAL_USB_USART_Begin>:
DYNALIB_FN(1, hal_usb, HAL_USB_USART_Begin, void(HAL_USB_USART_Serial, uint32_t, void *))
 80a03e8:	b508      	push	{r3, lr}
 80a03ea:	4b02      	ldr	r3, [pc, #8]	; (80a03f4 <HAL_USB_USART_Begin+0xc>)
 80a03ec:	681b      	ldr	r3, [r3, #0]
 80a03ee:	685b      	ldr	r3, [r3, #4]
 80a03f0:	9301      	str	r3, [sp, #4]
 80a03f2:	bd08      	pop	{r3, pc}
 80a03f4:	080601d8 	.word	0x080601d8

080a03f8 <HAL_USB_USART_Available_Data>:
DYNALIB_FN(2, hal_usb, HAL_USB_USART_End, void(HAL_USB_USART_Serial))
DYNALIB_FN(3, hal_usb, HAL_USB_USART_Baud_Rate, unsigned int(HAL_USB_USART_Serial))
DYNALIB_FN(4, hal_usb, HAL_USB_USART_Available_Data, int32_t(HAL_USB_USART_Serial))
 80a03f8:	b508      	push	{r3, lr}
 80a03fa:	4b02      	ldr	r3, [pc, #8]	; (80a0404 <HAL_USB_USART_Available_Data+0xc>)
 80a03fc:	681b      	ldr	r3, [r3, #0]
 80a03fe:	691b      	ldr	r3, [r3, #16]
 80a0400:	9301      	str	r3, [sp, #4]
 80a0402:	bd08      	pop	{r3, pc}
 80a0404:	080601d8 	.word	0x080601d8

080a0408 <HAL_USB_USART_Available_Data_For_Write>:
DYNALIB_FN(5, hal_usb, HAL_USB_USART_Available_Data_For_Write, int32_t(HAL_USB_USART_Serial))
 80a0408:	b508      	push	{r3, lr}
 80a040a:	4b02      	ldr	r3, [pc, #8]	; (80a0414 <HAL_USB_USART_Available_Data_For_Write+0xc>)
 80a040c:	681b      	ldr	r3, [r3, #0]
 80a040e:	695b      	ldr	r3, [r3, #20]
 80a0410:	9301      	str	r3, [sp, #4]
 80a0412:	bd08      	pop	{r3, pc}
 80a0414:	080601d8 	.word	0x080601d8

080a0418 <HAL_USB_USART_Receive_Data>:
DYNALIB_FN(6, hal_usb, HAL_USB_USART_Receive_Data, int32_t(HAL_USB_USART_Serial, uint8_t))
 80a0418:	b508      	push	{r3, lr}
 80a041a:	4b02      	ldr	r3, [pc, #8]	; (80a0424 <HAL_USB_USART_Receive_Data+0xc>)
 80a041c:	681b      	ldr	r3, [r3, #0]
 80a041e:	699b      	ldr	r3, [r3, #24]
 80a0420:	9301      	str	r3, [sp, #4]
 80a0422:	bd08      	pop	{r3, pc}
 80a0424:	080601d8 	.word	0x080601d8

080a0428 <HAL_USB_USART_Send_Data>:
DYNALIB_FN(7, hal_usb, HAL_USB_USART_Send_Data, int32_t(HAL_USB_USART_Serial, uint8_t))
 80a0428:	b508      	push	{r3, lr}
 80a042a:	4b02      	ldr	r3, [pc, #8]	; (80a0434 <HAL_USB_USART_Send_Data+0xc>)
 80a042c:	681b      	ldr	r3, [r3, #0]
 80a042e:	69db      	ldr	r3, [r3, #28]
 80a0430:	9301      	str	r3, [sp, #4]
 80a0432:	bd08      	pop	{r3, pc}
 80a0434:	080601d8 	.word	0x080601d8

080a0438 <HAL_USB_USART_Flush_Data>:
DYNALIB_FN(8, hal_usb, HAL_USB_USART_Flush_Data, void(HAL_USB_USART_Serial))
 80a0438:	b508      	push	{r3, lr}
 80a043a:	4b02      	ldr	r3, [pc, #8]	; (80a0444 <HAL_USB_USART_Flush_Data+0xc>)
 80a043c:	681b      	ldr	r3, [r3, #0]
 80a043e:	6a1b      	ldr	r3, [r3, #32]
 80a0440:	9301      	str	r3, [sp, #4]
 80a0442:	bd08      	pop	{r3, pc}
 80a0444:	080601d8 	.word	0x080601d8

080a0448 <inet_gethostbyname>:
DYNALIB_FN(14, hal_wlan, wlan_set_error_count, void(uint32_t))
DYNALIB_FN(15, hal_wlan, wlan_fetch_ipconfig, int(WLanConfig*))
DYNALIB_FN(16, hal_wlan, wlan_setup, void(void))

DYNALIB_FN(17, hal_wlan, HAL_NET_SetNetWatchDog, uint32_t(uint32_t))
DYNALIB_FN(18, hal_wlan, inet_gethostbyname, int(const char*, uint16_t, HAL_IPAddress*, network_interface_t, void*))
 80a0448:	b508      	push	{r3, lr}
 80a044a:	4b02      	ldr	r3, [pc, #8]	; (80a0454 <inet_gethostbyname+0xc>)
 80a044c:	681b      	ldr	r3, [r3, #0]
 80a044e:	6c9b      	ldr	r3, [r3, #72]	; 0x48
 80a0450:	9301      	str	r3, [sp, #4]
 80a0452:	bd08      	pop	{r3, pc}
 80a0454:	080601c0 	.word	0x080601c0

080a0458 <set_system_mode>:
#endif

DYNALIB_BEGIN(system)

DYNALIB_FN(0, system, system_mode, System_Mode_TypeDef(void))
DYNALIB_FN(1, system, set_system_mode, void(System_Mode_TypeDef))
 80a0458:	b508      	push	{r3, lr}
 80a045a:	4b02      	ldr	r3, [pc, #8]	; (80a0464 <set_system_mode+0xc>)
 80a045c:	681b      	ldr	r3, [r3, #0]
 80a045e:	685b      	ldr	r3, [r3, #4]
 80a0460:	9301      	str	r3, [sp, #4]
 80a0462:	bd08      	pop	{r3, pc}
 80a0464:	080601a4 	.word	0x080601a4

080a0468 <system_ctrl_set_app_request_handler>:
DYNALIB_FN(BASE_IDX + 6, system, led_pattern_period, uint16_t(int, int, void*))
DYNALIB_FN(BASE_IDX + 7, system, system_set_tester_handlers, int(system_tester_handlers_t*, void*))
DYNALIB_FN(BASE_IDX + 8, system, system_format_diag_data, int(const uint16_t*, size_t, unsigned, appender_fn, void*, void*))

// Control requests
DYNALIB_FN(BASE_IDX + 9, system, system_ctrl_set_app_request_handler, int(ctrl_request_handler_fn, void*))
 80a0468:	b508      	push	{r3, lr}
 80a046a:	4b03      	ldr	r3, [pc, #12]	; (80a0478 <system_ctrl_set_app_request_handler+0x10>)
 80a046c:	681b      	ldr	r3, [r3, #0]
 80a046e:	f8d3 3090 	ldr.w	r3, [r3, #144]	; 0x90
 80a0472:	9301      	str	r3, [sp, #4]
 80a0474:	bd08      	pop	{r3, pc}
 80a0476:	0000      	.short	0x0000
 80a0478:	080601a4 	.word	0x080601a4

080a047c <system_ctrl_set_result>:
DYNALIB_FN(BASE_IDX + 10, system, system_ctrl_alloc_reply_data, int(ctrl_request*, size_t, void*))
DYNALIB_FN(BASE_IDX + 11, system, system_ctrl_free_request_data, void(ctrl_request*, void*))
DYNALIB_FN(BASE_IDX + 12, system, system_ctrl_set_result, void(ctrl_request*, int, ctrl_completion_handler_fn, void*, void*))
 80a047c:	b508      	push	{r3, lr}
 80a047e:	4b03      	ldr	r3, [pc, #12]	; (80a048c <system_ctrl_set_result+0x10>)
 80a0480:	681b      	ldr	r3, [r3, #0]
 80a0482:	f8d3 309c 	ldr.w	r3, [r3, #156]	; 0x9c
 80a0486:	9301      	str	r3, [sp, #4]
 80a0488:	bd08      	pop	{r3, pc}
 80a048a:	0000      	.short	0x0000
 80a048c:	080601a4 	.word	0x080601a4

080a0490 <network_connect>:
#endif

DYNALIB_BEGIN(system_net)

DYNALIB_FN(0, system_net, network_config, const void*(network_handle_t, uint32_t, void*))
DYNALIB_FN(1, system_net, network_connect, void(network_handle_t, uint32_t, uint32_t, void*))
 80a0490:	b508      	push	{r3, lr}
 80a0492:	4b02      	ldr	r3, [pc, #8]	; (80a049c <network_connect+0xc>)
 80a0494:	681b      	ldr	r3, [r3, #0]
 80a0496:	685b      	ldr	r3, [r3, #4]
 80a0498:	9301      	str	r3, [sp, #4]
 80a049a:	bd08      	pop	{r3, pc}
 80a049c:	080601c8 	.word	0x080601c8

080a04a0 <network_connecting>:
DYNALIB_FN(2, system_net, network_connecting, bool(network_handle_t, uint32_t, void*))
 80a04a0:	b508      	push	{r3, lr}
 80a04a2:	4b02      	ldr	r3, [pc, #8]	; (80a04ac <network_connecting+0xc>)
 80a04a4:	681b      	ldr	r3, [r3, #0]
 80a04a6:	689b      	ldr	r3, [r3, #8]
 80a04a8:	9301      	str	r3, [sp, #4]
 80a04aa:	bd08      	pop	{r3, pc}
 80a04ac:	080601c8 	.word	0x080601c8

080a04b0 <network_disconnect>:
DYNALIB_FN(3, system_net, network_disconnect, void(network_handle_t, uint32_t, void*))
 80a04b0:	b508      	push	{r3, lr}
 80a04b2:	4b02      	ldr	r3, [pc, #8]	; (80a04bc <network_disconnect+0xc>)
 80a04b4:	681b      	ldr	r3, [r3, #0]
 80a04b6:	68db      	ldr	r3, [r3, #12]
 80a04b8:	9301      	str	r3, [sp, #4]
 80a04ba:	bd08      	pop	{r3, pc}
 80a04bc:	080601c8 	.word	0x080601c8

080a04c0 <network_ready>:
DYNALIB_FN(4, system_net, network_ready, bool(network_handle_t, uint32_t, void*))
 80a04c0:	b508      	push	{r3, lr}
 80a04c2:	4b02      	ldr	r3, [pc, #8]	; (80a04cc <network_ready+0xc>)
 80a04c4:	681b      	ldr	r3, [r3, #0]
 80a04c6:	691b      	ldr	r3, [r3, #16]
 80a04c8:	9301      	str	r3, [sp, #4]
 80a04ca:	bd08      	pop	{r3, pc}
 80a04cc:	080601c8 	.word	0x080601c8

080a04d0 <network_on>:
DYNALIB_FN(5, system_net, network_on, void(network_handle_t, uint32_t, uint32_t, void*))
 80a04d0:	b508      	push	{r3, lr}
 80a04d2:	4b02      	ldr	r3, [pc, #8]	; (80a04dc <network_on+0xc>)
 80a04d4:	681b      	ldr	r3, [r3, #0]
 80a04d6:	695b      	ldr	r3, [r3, #20]
 80a04d8:	9301      	str	r3, [sp, #4]
 80a04da:	bd08      	pop	{r3, pc}
 80a04dc:	080601c8 	.word	0x080601c8

080a04e0 <network_off>:
DYNALIB_FN(6, system_net, network_off, void(network_handle_t, uint32_t, uint32_t, void*))
 80a04e0:	b508      	push	{r3, lr}
 80a04e2:	4b02      	ldr	r3, [pc, #8]	; (80a04ec <network_off+0xc>)
 80a04e4:	681b      	ldr	r3, [r3, #0]
 80a04e6:	699b      	ldr	r3, [r3, #24]
 80a04e8:	9301      	str	r3, [sp, #4]
 80a04ea:	bd08      	pop	{r3, pc}
 80a04ec:	080601c8 	.word	0x080601c8

080a04f0 <network_listen>:
DYNALIB_FN(7, system_net, network_listen, void(network_handle_t, uint32_t, void*))
 80a04f0:	b508      	push	{r3, lr}
 80a04f2:	4b02      	ldr	r3, [pc, #8]	; (80a04fc <network_listen+0xc>)
 80a04f4:	681b      	ldr	r3, [r3, #0]
 80a04f6:	69db      	ldr	r3, [r3, #28]
 80a04f8:	9301      	str	r3, [sp, #4]
 80a04fa:	bd08      	pop	{r3, pc}
 80a04fc:	080601c8 	.word	0x080601c8

080a0500 <network_listening>:
DYNALIB_FN(8, system_net, network_listening, bool(network_handle_t, uint32_t, void*))
 80a0500:	b508      	push	{r3, lr}
 80a0502:	4b02      	ldr	r3, [pc, #8]	; (80a050c <network_listening+0xc>)
 80a0504:	681b      	ldr	r3, [r3, #0]
 80a0506:	6a1b      	ldr	r3, [r3, #32]
 80a0508:	9301      	str	r3, [sp, #4]
 80a050a:	bd08      	pop	{r3, pc}
 80a050c:	080601c8 	.word	0x080601c8

080a0510 <network_set_listen_timeout>:
DYNALIB_FN(9, system_net, network_has_credentials, bool(network_handle_t, uint32_t, void*))
DYNALIB_FN(10, system_net, network_set_credentials, int(network_handle_t, uint32_t, NetworkCredentials*, void*))
DYNALIB_FN(11, system_net, network_clear_credentials, bool(network_handle_t, uint32_t, NetworkCredentials*, void*))
DYNALIB_FN(12, system_net, network_set_listen_timeout, void(network_handle_t, uint16_t, void*))
 80a0510:	b508      	push	{r3, lr}
 80a0512:	4b02      	ldr	r3, [pc, #8]	; (80a051c <network_set_listen_timeout+0xc>)
 80a0514:	681b      	ldr	r3, [r3, #0]
 80a0516:	6b1b      	ldr	r3, [r3, #48]	; 0x30
 80a0518:	9301      	str	r3, [sp, #4]
 80a051a:	bd08      	pop	{r3, pc}
 80a051c:	080601c8 	.word	0x080601c8

080a0520 <network_get_listen_timeout>:
DYNALIB_FN(13, system_net, network_get_listen_timeout, uint16_t(network_handle_t, uint32_t, void*))
 80a0520:	b508      	push	{r3, lr}
 80a0522:	4b02      	ldr	r3, [pc, #8]	; (80a052c <network_get_listen_timeout+0xc>)
 80a0524:	681b      	ldr	r3, [r3, #0]
 80a0526:	6b5b      	ldr	r3, [r3, #52]	; 0x34
 80a0528:	9301      	str	r3, [sp, #4]
 80a052a:	bd08      	pop	{r3, pc}
 80a052c:	080601c8 	.word	0x080601c8

080a0530 <network_is_on>:
DYNALIB_FN(14, system_net, network_set_hostname, int(network_handle_t, uint32_t, const char*, void*))
DYNALIB_FN(15, system_net, network_get_hostname, int(network_handle_t, uint32_t, char*, size_t, void*))
DYNALIB_FN(16, system_net, network_is_on, bool(network_handle_t, void*))
 80a0530:	b508      	push	{r3, lr}
 80a0532:	4b02      	ldr	r3, [pc, #8]	; (80a053c <network_is_on+0xc>)
 80a0534:	681b      	ldr	r3, [r3, #0]
 80a0536:	6c1b      	ldr	r3, [r3, #64]	; 0x40
 80a0538:	9301      	str	r3, [sp, #4]
 80a053a:	bd08      	pop	{r3, pc}
 80a053c:	080601c8 	.word	0x080601c8

080a0540 <network_is_off>:
DYNALIB_FN(17, system_net, network_is_off, bool(network_handle_t, void*))
 80a0540:	b508      	push	{r3, lr}
 80a0542:	4b02      	ldr	r3, [pc, #8]	; (80a054c <network_is_off+0xc>)
 80a0544:	681b      	ldr	r3, [r3, #0]
 80a0546:	6c5b      	ldr	r3, [r3, #68]	; 0x44
 80a0548:	9301      	str	r3, [sp, #4]
 80a054a:	bd08      	pop	{r3, pc}
 80a054c:	080601c8 	.word	0x080601c8

080a0550 <spark_set_random_seed_from_cloud_handler>:
DYNALIB_FN(10, system_cloud, spark_unsubscribe, void(void*))
DYNALIB_FN(11, system_cloud, spark_sync_time, bool(void*))
DYNALIB_FN(12, system_cloud, spark_sync_time_pending, bool(void*))
DYNALIB_FN(13, system_cloud, spark_sync_time_last, system_tick_t(time32_t*, time_t*))
DYNALIB_FN(14, system_cloud, spark_set_connection_property, int(unsigned, unsigned, const void*, void*))
DYNALIB_FN(15, system_cloud, spark_set_random_seed_from_cloud_handler, int(void (*handler)(unsigned int), void*))
 80a0550:	b508      	push	{r3, lr}
 80a0552:	4b02      	ldr	r3, [pc, #8]	; (80a055c <spark_set_random_seed_from_cloud_handler+0xc>)
 80a0554:	681b      	ldr	r3, [r3, #0]
 80a0556:	6bdb      	ldr	r3, [r3, #60]	; 0x3c
 80a0558:	9301      	str	r3, [sp, #4]
 80a055a:	bd08      	pop	{r3, pc}
 80a055c:	080601cc 	.word	0x080601cc

080a0560 <malloc>:
#include "hal_platform.h"
#endif // defined(DYNALIB_EXPORT) || (defined(DYNALIB_IMPORT) && !defined(RT_DYNALIB_NO_DEPENDENCY_BREAKING_IMPORTS))

DYNALIB_BEGIN(rt)

DYNALIB_FN(0, rt, malloc, void*(size_t))
 80a0560:	b508      	push	{r3, lr}
 80a0562:	4b02      	ldr	r3, [pc, #8]	; (80a056c <malloc+0xc>)
 80a0564:	681b      	ldr	r3, [r3, #0]
 80a0566:	681b      	ldr	r3, [r3, #0]
 80a0568:	9301      	str	r3, [sp, #4]
 80a056a:	bd08      	pop	{r3, pc}
 80a056c:	080601a0 	.word	0x080601a0

080a0570 <free>:
DYNALIB_FN(1, rt, free, void(void*))
 80a0570:	b508      	push	{r3, lr}
 80a0572:	4b02      	ldr	r3, [pc, #8]	; (80a057c <free+0xc>)
 80a0574:	681b      	ldr	r3, [r3, #0]
 80a0576:	685b      	ldr	r3, [r3, #4]
 80a0578:	9301      	str	r3, [sp, #4]
 80a057a:	bd08      	pop	{r3, pc}
 80a057c:	080601a0 	.word	0x080601a0

080a0580 <newlib_impure_ptr_callback>:
// RT is currently being imported into system-part1 from system-part2,
// which is the reverse direction.

#if defined(DYNALIB_EXPORT) || (defined(DYNALIB_IMPORT) && !defined(RT_DYNALIB_NO_DEPENDENCY_BREAKING_IMPORTS))
DYNALIB_FN(16, rt, __assert_func, void(const char*, int, const char*, const char*))
DYNALIB_FN(17, rt, newlib_impure_ptr_callback, void(void (*)(struct _reent*, size_t, uint32_t, void*), void*))
 80a0580:	b508      	push	{r3, lr}
 80a0582:	4b02      	ldr	r3, [pc, #8]	; (80a058c <newlib_impure_ptr_callback+0xc>)
 80a0584:	681b      	ldr	r3, [r3, #0]
 80a0586:	6c5b      	ldr	r3, [r3, #68]	; 0x44
 80a0588:	9301      	str	r3, [sp, #4]
 80a058a:	bd08      	pop	{r3, pc}
 80a058c:	080601a0 	.word	0x080601a0

080a0590 <_ZN8SPIClassC1E19hal_spi_interface_t>:
    }
    return particle::SPISettings(info->clock, info->bit_order, info->data_mode);
}
} // namespace

SPIClass::SPIClass(hal_spi_interface_t spi)
 80a0590:	b570      	push	{r4, r5, r6, lr}
    /**
     * Creates a shared mutex.
     */
    RecursiveMutex(os_mutex_recursive_t handle) : handle_(handle) {}

    RecursiveMutex() : handle_(nullptr)
 80a0592:	2600      	movs	r6, #0
 80a0594:	4604      	mov	r4, r0
 80a0596:	460d      	mov	r5, r1
 80a0598:	f840 6f08 	str.w	r6, [r0, #8]!
    {
        os_mutex_recursive_create(&handle_);
 80a059c:	f7ff fe82 	bl	80a02a4 <os_mutex_recursive_create>
{
    _spi = spi;
    hal_spi_init(_spi);
 80a05a0:	4628      	mov	r0, r5
    _spi = spi;
 80a05a2:	7025      	strb	r5, [r4, #0]
    hal_spi_init(_spi);
 80a05a4:	f7ff ff08 	bl	80a03b8 <hal_spi_init>
    _dividerReference = SPI_CLK_SYSTEM; // 0 indicates the system clock
}
 80a05a8:	4620      	mov	r0, r4
    _dividerReference = SPI_CLK_SYSTEM; // 0 indicates the system clock
 80a05aa:	6066      	str	r6, [r4, #4]
}
 80a05ac:	bd70      	pop	{r4, r5, r6, pc}
	...

080a05b0 <_GLOBAL__sub_I_System>:
} // namespace particle

// particle::Flag<TagT, ValueT>
template<typename TagT, typename ValueT>
inline particle::Flag<TagT, ValueT>::Flag(ValueT val) :
        val_(val) {
 80a05b0:	2202      	movs	r2, #2

class SystemSleepResult {
public:
    SystemSleepResult()
            : wakeupSource_(nullptr),
              error_(SYSTEM_ERROR_NONE) {
 80a05b2:	2000      	movs	r0, #0
 80a05b4:	4b04      	ldr	r3, [pc, #16]	; (80a05c8 <_GLOBAL__sub_I_System+0x18>)
 80a05b6:	601a      	str	r2, [r3, #0]
 80a05b8:	4b04      	ldr	r3, [pc, #16]	; (80a05cc <_GLOBAL__sub_I_System+0x1c>)
    SleepResult() {}
 80a05ba:	4a05      	ldr	r2, [pc, #20]	; (80a05d0 <_GLOBAL__sub_I_System+0x20>)
              error_(SYSTEM_ERROR_NONE) {
 80a05bc:	6018      	str	r0, [r3, #0]
 80a05be:	8098      	strh	r0, [r3, #4]
    SleepResult() {}
 80a05c0:	7198      	strb	r0, [r3, #6]
 80a05c2:	609a      	str	r2, [r3, #8]

class SystemClass {
public:

    SystemClass(System_Mode_TypeDef mode = DEFAULT) {
        set_system_mode(mode);
 80a05c4:	f7ff bf48 	b.w	80a0458 <set_system_mode>
 80a05c8:	2000009c 	.word	0x2000009c
 80a05cc:	20000090 	.word	0x20000090
 80a05d0:	ffff0000 	.word	0xffff0000

080a05d4 <_ZN5Print5writeEPKhj>:

// Public Methods //////////////////////////////////////////////////////////////

/* default implementation: may be overridden */
size_t Print::write(const uint8_t *buffer, size_t size)
{
 80a05d4:	b5f8      	push	{r3, r4, r5, r6, r7, lr}
 80a05d6:	4606      	mov	r6, r0
 80a05d8:	460d      	mov	r5, r1
  size_t n = 0;
 80a05da:	2400      	movs	r4, #0
 80a05dc:	188f      	adds	r7, r1, r2
  while (size--) {
 80a05de:	42bd      	cmp	r5, r7
 80a05e0:	d00c      	beq.n	80a05fc <_ZN5Print5writeEPKhj+0x28>
     int chunk = write(*buffer++);
 80a05e2:	6833      	ldr	r3, [r6, #0]
 80a05e4:	4630      	mov	r0, r6
 80a05e6:	689b      	ldr	r3, [r3, #8]
 80a05e8:	f815 1b01 	ldrb.w	r1, [r5], #1
 80a05ec:	4798      	blx	r3
     if (chunk>=0)
 80a05ee:	1e03      	subs	r3, r0, #0
 80a05f0:	db01      	blt.n	80a05f6 <_ZN5Print5writeEPKhj+0x22>
         n += chunk;
 80a05f2:	441c      	add	r4, r3
  while (size--) {
 80a05f4:	e7f3      	b.n	80a05de <_ZN5Print5writeEPKhj+0xa>
     int chunk = write(*buffer++);
 80a05f6:	2c00      	cmp	r4, #0
 80a05f8:	bf08      	it	eq
 80a05fa:	461c      	moveq	r4, r3
             n = chunk;
         break;
     }
  }
  return n;
}
 80a05fc:	4620      	mov	r0, r4
 80a05fe:	bdf8      	pop	{r3, r4, r5, r6, r7, pc}

080a0600 <_ZN5Print5writeEPKc>:

    int getWriteError() { return write_error; }
    void clearWriteError() { setWriteError(0); }

    virtual size_t write(uint8_t) = 0;
    size_t write(const char *str) {
 80a0600:	b570      	push	{r4, r5, r6, lr}
 80a0602:	4605      	mov	r5, r0
      if (str == NULL) return 0;
 80a0604:	460c      	mov	r4, r1
      return write((const uint8_t *)str, strlen(str));
    }
 80a0606:	4608      	mov	r0, r1
      if (str == NULL) return 0;
 80a0608:	b149      	cbz	r1, 80a061e <_ZN5Print5writeEPKc+0x1e>
      return write((const uint8_t *)str, strlen(str));
 80a060a:	f000 fccf 	bl	80a0fac <strlen>
 80a060e:	682b      	ldr	r3, [r5, #0]
 80a0610:	4602      	mov	r2, r0
 80a0612:	4621      	mov	r1, r4
 80a0614:	4628      	mov	r0, r5
    }
 80a0616:	e8bd 4070 	ldmia.w	sp!, {r4, r5, r6, lr}
      return write((const uint8_t *)str, strlen(str));
 80a061a:	68db      	ldr	r3, [r3, #12]
 80a061c:	4718      	bx	r3
    }
 80a061e:	bd70      	pop	{r4, r5, r6, pc}

080a0620 <_ZN5Print5printEc>:
  return write(str);
}

size_t Print::print(char c)
{
  return write(c);
 80a0620:	6803      	ldr	r3, [r0, #0]
 80a0622:	689b      	ldr	r3, [r3, #8]
 80a0624:	4718      	bx	r3

080a0626 <_ZN5Print7printlnEv>:
{
  return print(reinterpret_cast<const char*>(str));
}

size_t Print::println(void)
{
 80a0626:	b538      	push	{r3, r4, r5, lr}
  size_t n = print('\r');
 80a0628:	210d      	movs	r1, #13
{
 80a062a:	4605      	mov	r5, r0
  size_t n = print('\r');
 80a062c:	f7ff fff8 	bl	80a0620 <_ZN5Print5printEc>
  n += print('\n');
 80a0630:	210a      	movs	r1, #10
  size_t n = print('\r');
 80a0632:	4604      	mov	r4, r0
  n += print('\n');
 80a0634:	4628      	mov	r0, r5
 80a0636:	f7ff fff3 	bl	80a0620 <_ZN5Print5printEc>
  return n;
}
 80a063a:	4420      	add	r0, r4
 80a063c:	bd38      	pop	{r3, r4, r5, pc}

080a063e <_ZN5Print7printlnEPKc>:

size_t Print::println(const char c[])
{
 80a063e:	b538      	push	{r3, r4, r5, lr}
 80a0640:	4605      	mov	r5, r0
  return write(str);
 80a0642:	f7ff ffdd 	bl	80a0600 <_ZN5Print5writeEPKc>
 80a0646:	4604      	mov	r4, r0
  size_t n = print(c);
  n += println();
 80a0648:	4628      	mov	r0, r5
 80a064a:	f7ff ffec 	bl	80a0626 <_ZN5Print7printlnEv>
  return n;
}
 80a064e:	4420      	add	r0, r4
 80a0650:	bd38      	pop	{r3, r4, r5, pc}

080a0652 <_ZN5Print11printNumberEmh>:

size_t Print::printNumber(unsigned long n, uint8_t base) {
  char buf[8 * sizeof(n) + 1]; // Assumes 8-bit chars plus zero byte.
  char *str = &buf[sizeof(buf) - 1];

  *str = '\0';
 80a0652:	2300      	movs	r3, #0

  // prevent crash if called with base == 1
  if (base < 2) base = 10;
 80a0654:	2a01      	cmp	r2, #1
 80a0656:	bf98      	it	ls
 80a0658:	220a      	movls	r2, #10
size_t Print::printNumber(unsigned long n, uint8_t base) {
 80a065a:	b530      	push	{r4, r5, lr}
 80a065c:	b08b      	sub	sp, #44	; 0x2c
 80a065e:	460c      	mov	r4, r1
  *str = '\0';
 80a0660:	f88d 3024 	strb.w	r3, [sp, #36]	; 0x24
  if (base < 2) base = 10;
 80a0664:	a909      	add	r1, sp, #36	; 0x24

  do {
   decltype(n) m = n;
   n /= base;
 80a0666:	4625      	mov	r5, r4
 80a0668:	fbb4 f4f2 	udiv	r4, r4, r2
   char c = m - base * n;
 80a066c:	fb04 5312 	mls	r3, r4, r2, r5
 80a0670:	b2db      	uxtb	r3, r3
   *--str = c < 10 ? c + '0' : c + 'A' - 10;
 80a0672:	2b09      	cmp	r3, #9
 80a0674:	bf94      	ite	ls
 80a0676:	3330      	addls	r3, #48	; 0x30
 80a0678:	3337      	addhi	r3, #55	; 0x37
 80a067a:	b2db      	uxtb	r3, r3
  } while(n);
 80a067c:	42aa      	cmp	r2, r5
   *--str = c < 10 ? c + '0' : c + 'A' - 10;
 80a067e:	f801 3d01 	strb.w	r3, [r1, #-1]!
  } while(n);
 80a0682:	d9f0      	bls.n	80a0666 <_ZN5Print11printNumberEmh+0x14>

  return write(str);
 80a0684:	f7ff ffbc 	bl	80a0600 <_ZN5Print5writeEPKc>
}
 80a0688:	b00b      	add	sp, #44	; 0x2c
 80a068a:	bd30      	pop	{r4, r5, pc}

080a068c <_ZN5spark9WiFiClass2onEv>:
    bool ready(void) {
        return network_ready(*this, 0, NULL);
    }

    void on(void) {
        network_on(*this, 0, 0, NULL);
 80a068c:	2300      	movs	r3, #0
 80a068e:	6840      	ldr	r0, [r0, #4]
 80a0690:	461a      	mov	r2, r3
 80a0692:	4619      	mov	r1, r3
 80a0694:	f7ff bf1c 	b.w	80a04d0 <network_on>

080a0698 <_GLOBAL__sub_I__ZN5spark3LogE>:
    // This handler doesn't support direct logging
}

// spark::Logger
inline spark::Logger::Logger(const char *name) :
        name_(name) {
 80a0698:	4b01      	ldr	r3, [pc, #4]	; (80a06a0 <_GLOBAL__sub_I__ZN5spark3LogE+0x8>)
 80a069a:	4a02      	ldr	r2, [pc, #8]	; (80a06a4 <_GLOBAL__sub_I__ZN5spark3LogE+0xc>)
 80a069c:	601a      	str	r2, [r3, #0]
#if Wiring_LogConfig

// spark::
void spark::logProcessControlRequest(ctrl_request* req) {
    JSONRequestHandler::process(req);
}
 80a069e:	4770      	bx	lr
 80a06a0:	200000a0 	.word	0x200000a0
 80a06a4:	080a10b7 	.word	0x080a10b7

080a06a8 <_GLOBAL__sub_I_TIME_FORMAT_DEFAULT>:
            calendar_time_cache = Convert_UnixTime_To_CalendarTime(unix_time);
            unix_time_cache = unix_time;
    }
}

const char* TimeClass::format_spec = TIME_FORMAT_DEFAULT;
 80a06a8:	4b02      	ldr	r3, [pc, #8]	; (80a06b4 <_GLOBAL__sub_I_TIME_FORMAT_DEFAULT+0xc>)
 80a06aa:	681a      	ldr	r2, [r3, #0]
 80a06ac:	4b02      	ldr	r3, [pc, #8]	; (80a06b8 <_GLOBAL__sub_I_TIME_FORMAT_DEFAULT+0x10>)
 80a06ae:	601a      	str	r2, [r3, #0]
{
  return isValid();
}


TimeClass Time;
 80a06b0:	4770      	bx	lr
 80a06b2:	bf00      	nop
 80a06b4:	20000008 	.word	0x20000008
 80a06b8:	200000a4 	.word	0x200000a4

080a06bc <_GLOBAL__sub_I_RGB>:
	static void
	_M_init_functor(_Any_data& __functor, _Functor&& __f, false_type)
	{ __functor._M_access<_Functor*>() = new _Functor(std::move(__f)); }
      };

    _Function_base() : _M_manager(nullptr) { }
 80a06bc:	2200      	movs	r2, #0
 80a06be:	4b01      	ldr	r3, [pc, #4]	; (80a06c4 <_GLOBAL__sub_I_RGB+0x8>)
 80a06c0:	609a      	str	r2, [r3, #8]
{
    RGBClass* const d = static_cast<RGBClass*>(data);
    if (d->changeHandler_) {
        d->changeHandler_(r, g, b);
    }
}
 80a06c2:	4770      	bx	lr
 80a06c4:	200000a8 	.word	0x200000a8

080a06c8 <_ZZ21module_user_init_hookENUlP6_reentjmPvE_4_FUNES0_jmS1_>:

void module_user_init_hook()
{
#if HAL_PLATFORM_NEWLIB
    newlib_impure_ptr_callback([](struct _reent* r, size_t size, uint32_t version, void* ctx) -> void {
        _impure_ptr = r;
 80a06c8:	4b01      	ldr	r3, [pc, #4]	; (80a06d0 <_ZZ21module_user_init_hookENUlP6_reentjmPvE_4_FUNES0_jmS1_+0x8>)
 80a06ca:	6018      	str	r0, [r3, #0]
    }, nullptr);
 80a06cc:	4770      	bx	lr
 80a06ce:	bf00      	nop
 80a06d0:	2000000c 	.word	0x2000000c

080a06d4 <serialEventRun>:
{
 80a06d4:	b508      	push	{r3, lr}
    if (serialEvent && Serial.available()>0)
 80a06d6:	4b13      	ldr	r3, [pc, #76]	; (80a0724 <serialEventRun+0x50>)
 80a06d8:	b143      	cbz	r3, 80a06ec <serialEventRun+0x18>
 80a06da:	f000 f975 	bl	80a09c8 <_Z16_fetch_usbserialv>
 80a06de:	6803      	ldr	r3, [r0, #0]
 80a06e0:	691b      	ldr	r3, [r3, #16]
 80a06e2:	4798      	blx	r3
 80a06e4:	2800      	cmp	r0, #0
 80a06e6:	dd01      	ble.n	80a06ec <serialEventRun+0x18>
        serialEvent();
 80a06e8:	f3af 8000 	nop.w
    if (serialEvent1 && Serial1.available()>0)
 80a06ec:	4b0e      	ldr	r3, [pc, #56]	; (80a0728 <serialEventRun+0x54>)
 80a06ee:	b143      	cbz	r3, 80a0702 <serialEventRun+0x2e>
 80a06f0:	f000 fa1a 	bl	80a0b28 <_Z22__fetch_global_Serial1v>
 80a06f4:	6803      	ldr	r3, [r0, #0]
 80a06f6:	691b      	ldr	r3, [r3, #16]
 80a06f8:	4798      	blx	r3
 80a06fa:	2800      	cmp	r0, #0
 80a06fc:	dd01      	ble.n	80a0702 <serialEventRun+0x2e>
        serialEvent1();
 80a06fe:	f3af 8000 	nop.w
    if (serialEventRun2) serialEventRun2();
 80a0702:	4b0a      	ldr	r3, [pc, #40]	; (80a072c <serialEventRun+0x58>)
 80a0704:	b10b      	cbz	r3, 80a070a <serialEventRun+0x36>
 80a0706:	f3af 8000 	nop.w
    if (usbSerialEvent1 && USBSerial1.available()>0)
 80a070a:	4b09      	ldr	r3, [pc, #36]	; (80a0730 <serialEventRun+0x5c>)
 80a070c:	b143      	cbz	r3, 80a0720 <serialEventRun+0x4c>
 80a070e:	f000 f995 	bl	80a0a3c <_Z17_fetch_usbserial1v>
 80a0712:	6803      	ldr	r3, [r0, #0]
 80a0714:	691b      	ldr	r3, [r3, #16]
 80a0716:	4798      	blx	r3
 80a0718:	2800      	cmp	r0, #0
 80a071a:	dd01      	ble.n	80a0720 <serialEventRun+0x4c>
        usbSerialEvent1();
 80a071c:	f3af 8000 	nop.w
}
 80a0720:	bd08      	pop	{r3, pc}
 80a0722:	bf00      	nop
	...

080a0734 <_post_loop>:
{
 80a0734:	b508      	push	{r3, lr}
	serialEventRun();
 80a0736:	f7ff ffcd 	bl	80a06d4 <serialEventRun>
		return !timeout_fn;
	}

	static inline system_tick_t current_time()
	{
		return HAL_Timer_Get_Milli_Seconds();
 80a073a:	f7ff fdab 	bl	80a0294 <HAL_Timer_Get_Milli_Seconds>
	/**
	 * Lifesign that the application is still working normally.
	 */
	static void checkin()
	{
		last_checkin = current_time();
 80a073e:	4b01      	ldr	r3, [pc, #4]	; (80a0744 <_post_loop+0x10>)
 80a0740:	6018      	str	r0, [r3, #0]
}
 80a0742:	bd08      	pop	{r3, pc}
 80a0744:	20000534 	.word	0x20000534

080a0748 <_Z33system_initialize_user_backup_ramv>:
    memcpy(&link_global_retained_start, &link_global_retained_initial_values, len);
 80a0748:	4805      	ldr	r0, [pc, #20]	; (80a0760 <_Z33system_initialize_user_backup_ramv+0x18>)
 80a074a:	4a06      	ldr	r2, [pc, #24]	; (80a0764 <_Z33system_initialize_user_backup_ramv+0x1c>)
{
 80a074c:	b508      	push	{r3, lr}
    memcpy(&link_global_retained_start, &link_global_retained_initial_values, len);
 80a074e:	1a12      	subs	r2, r2, r0
 80a0750:	4905      	ldr	r1, [pc, #20]	; (80a0768 <_Z33system_initialize_user_backup_ramv+0x20>)
 80a0752:	f000 fbf1 	bl	80a0f38 <memcpy>
    __backup_sram_signature = signature;
 80a0756:	4b05      	ldr	r3, [pc, #20]	; (80a076c <_Z33system_initialize_user_backup_ramv+0x24>)
 80a0758:	4a05      	ldr	r2, [pc, #20]	; (80a0770 <_Z33system_initialize_user_backup_ramv+0x28>)
 80a075a:	601a      	str	r2, [r3, #0]
}
 80a075c:	bd08      	pop	{r3, pc}
 80a075e:	bf00      	nop
 80a0760:	40024000 	.word	0x40024000
 80a0764:	40024004 	.word	0x40024004
 80a0768:	080a1210 	.word	0x080a1210
 80a076c:	40024000 	.word	0x40024000
 80a0770:	9a271c1e 	.word	0x9a271c1e

080a0774 <_Z27ctrl_request_custom_handlerP12ctrl_request>:
    system_ctrl_set_result(req, SYSTEM_ERROR_NOT_SUPPORTED, nullptr, nullptr, nullptr);
 80a0774:	2300      	movs	r3, #0
void __attribute((weak)) ctrl_request_custom_handler(ctrl_request* req) {
 80a0776:	b507      	push	{r0, r1, r2, lr}
    system_ctrl_set_result(req, SYSTEM_ERROR_NOT_SUPPORTED, nullptr, nullptr, nullptr);
 80a0778:	461a      	mov	r2, r3
 80a077a:	f06f 0177 	mvn.w	r1, #119	; 0x77
 80a077e:	9300      	str	r3, [sp, #0]
 80a0780:	f7ff fe7c 	bl	80a047c <system_ctrl_set_result>
}
 80a0784:	b003      	add	sp, #12
 80a0786:	f85d fb04 	ldr.w	pc, [sp], #4
	...

080a078c <_ZL20ctrl_request_handlerP12ctrl_request>:
static void ctrl_request_handler(ctrl_request* req) {
 80a078c:	b507      	push	{r0, r1, r2, lr}
    switch (req->type) {
 80a078e:	8843      	ldrh	r3, [r0, #2]
 80a0790:	2b0a      	cmp	r3, #10
 80a0792:	d008      	beq.n	80a07a6 <_ZL20ctrl_request_handlerP12ctrl_request+0x1a>
 80a0794:	2b50      	cmp	r3, #80	; 0x50
 80a0796:	d10b      	bne.n	80a07b0 <_ZL20ctrl_request_handlerP12ctrl_request+0x24>
        if (log_process_ctrl_request_callback) {
 80a0798:	4b09      	ldr	r3, [pc, #36]	; (80a07c0 <_ZL20ctrl_request_handlerP12ctrl_request+0x34>)
 80a079a:	681b      	ldr	r3, [r3, #0]
 80a079c:	b14b      	cbz	r3, 80a07b2 <_ZL20ctrl_request_handlerP12ctrl_request+0x26>
}
 80a079e:	b003      	add	sp, #12
 80a07a0:	f85d eb04 	ldr.w	lr, [sp], #4
            log_process_ctrl_request_callback(req);
 80a07a4:	4718      	bx	r3
        ctrl_request_custom_handler(req);
 80a07a6:	f7ff ffe5 	bl	80a0774 <_Z27ctrl_request_custom_handlerP12ctrl_request>
}
 80a07aa:	b003      	add	sp, #12
 80a07ac:	f85d fb04 	ldr.w	pc, [sp], #4
        system_ctrl_set_result(req, SYSTEM_ERROR_NOT_SUPPORTED, nullptr, nullptr, nullptr);
 80a07b0:	2300      	movs	r3, #0
 80a07b2:	461a      	mov	r2, r3
 80a07b4:	f06f 0177 	mvn.w	r1, #119	; 0x77
 80a07b8:	9300      	str	r3, [sp, #0]
 80a07ba:	f7ff fe5f 	bl	80a047c <system_ctrl_set_result>
}
 80a07be:	e7f4      	b.n	80a07aa <_ZL20ctrl_request_handlerP12ctrl_request+0x1e>
 80a07c0:	200000bc 	.word	0x200000bc

080a07c4 <module_user_init_hook>:
    newlib_impure_ptr_callback([](struct _reent* r, size_t size, uint32_t version, void* ctx) -> void {
 80a07c4:	2100      	movs	r1, #0
{
 80a07c6:	b510      	push	{r4, lr}
    newlib_impure_ptr_callback([](struct _reent* r, size_t size, uint32_t version, void* ctx) -> void {
 80a07c8:	4811      	ldr	r0, [pc, #68]	; (80a0810 <module_user_init_hook+0x4c>)
 80a07ca:	f7ff fed9 	bl	80a0580 <newlib_impure_ptr_callback>
#endif // HAL_PLATFORM_NEWLIB

#if HAL_PLATFORM_BACKUP_RAM
    backup_ram_was_valid_ = __backup_sram_signature == signature;
 80a07ce:	4b11      	ldr	r3, [pc, #68]	; (80a0814 <module_user_init_hook+0x50>)
 80a07d0:	681a      	ldr	r2, [r3, #0]
 80a07d2:	4b11      	ldr	r3, [pc, #68]	; (80a0818 <module_user_init_hook+0x54>)
 80a07d4:	429a      	cmp	r2, r3
 80a07d6:	bf0c      	ite	eq
 80a07d8:	2201      	moveq	r2, #1
 80a07da:	2200      	movne	r2, #0
 80a07dc:	4b0f      	ldr	r3, [pc, #60]	; (80a081c <module_user_init_hook+0x58>)
 80a07de:	701a      	strb	r2, [r3, #0]
    if (!backup_ram_was_valid_) {
 80a07e0:	d001      	beq.n	80a07e6 <module_user_init_hook+0x22>
        system_initialize_user_backup_ram();
 80a07e2:	f7ff ffb1 	bl	80a0748 <_Z33system_initialize_user_backup_ramv>
    }
#endif

#if HAL_PLATFORM_RNG
    // Initialize the default stdlib PRNG using hardware RNG as a seed
    const uint32_t seed = HAL_RNG_GetRandomNumber();
 80a07e6:	f7ff fd4d 	bl	80a0284 <HAL_RNG_GetRandomNumber>
 80a07ea:	4604      	mov	r4, r0
    srand(seed);
 80a07ec:	f000 fbba 	bl	80a0f64 <srand>

    // If the user defines random_seed_from_cloud, call it with a seed value
    // generated by a hardware RNG as well.
    if (random_seed_from_cloud) {
 80a07f0:	4b0b      	ldr	r3, [pc, #44]	; (80a0820 <module_user_init_hook+0x5c>)
 80a07f2:	b113      	cbz	r3, 80a07fa <module_user_init_hook+0x36>
        random_seed_from_cloud(seed);
 80a07f4:	4620      	mov	r0, r4
 80a07f6:	f3af 8000 	nop.w
    }
#endif
    // Register the random_seed_from_cloud handler
    spark_set_random_seed_from_cloud_handler(&random_seed_from_cloud, nullptr);
 80a07fa:	2100      	movs	r1, #0
 80a07fc:	4808      	ldr	r0, [pc, #32]	; (80a0820 <module_user_init_hook+0x5c>)
 80a07fe:	f7ff fea7 	bl	80a0550 <spark_set_random_seed_from_cloud_handler>

    // Register application handler for the control requests
    system_ctrl_set_app_request_handler(ctrl_request_handler, nullptr);
}
 80a0802:	e8bd 4010 	ldmia.w	sp!, {r4, lr}
    system_ctrl_set_app_request_handler(ctrl_request_handler, nullptr);
 80a0806:	2100      	movs	r1, #0
 80a0808:	4806      	ldr	r0, [pc, #24]	; (80a0824 <module_user_init_hook+0x60>)
 80a080a:	f7ff be2d 	b.w	80a0468 <system_ctrl_set_app_request_handler>
 80a080e:	bf00      	nop
 80a0810:	080a06c9 	.word	0x080a06c9
 80a0814:	40024000 	.word	0x40024000
 80a0818:	9a271c1e 	.word	0x9a271c1e
 80a081c:	200000b8 	.word	0x200000b8
 80a0820:	00000000 	.word	0x00000000
 80a0824:	080a078d 	.word	0x080a078d

080a0828 <_ZN9IPAddressD1Ev>:
    IPAddress(uint8_t first_octet, uint8_t second_octet, uint8_t third_octet, uint8_t fourth_octet);
    IPAddress(uint32_t address);
    IPAddress(const uint8_t* address);
    IPAddress(const HAL_IPAddress& address);

    virtual ~IPAddress() {}
 80a0828:	4770      	bx	lr

080a082a <_ZN9IPAddressD0Ev>:
 80a082a:	b510      	push	{r4, lr}
 80a082c:	4604      	mov	r4, r0
 80a082e:	2118      	movs	r1, #24
 80a0830:	f000 fb78 	bl	80a0f24 <_ZdlPvj>
 80a0834:	4620      	mov	r0, r4
 80a0836:	bd10      	pop	{r4, pc}

080a0838 <_ZNK9IPAddress7printToER5Print>:
#endif // Wiring_IPv6
	return address.ipv4==that.address.ipv4;
}

size_t IPAddress::printTo(Print& p) const
{
 80a0838:	b5f8      	push	{r3, r4, r5, r6, r7, lr}
 80a083a:	460e      	mov	r6, r1
 80a083c:	2400      	movs	r4, #0
 80a083e:	f100 0708 	add.w	r7, r0, #8
 80a0842:	1d05      	adds	r5, r0, #4
            val = n;
        }
#if __GNUC__ >= 9
#pragma GCC diagnostic pop
#endif // __GNUC__ >= 9
        return printNumber(val, base) + t;
 80a0844:	f817 1d01 	ldrb.w	r1, [r7, #-1]!
 80a0848:	220a      	movs	r2, #10
 80a084a:	4630      	mov	r0, r6
 80a084c:	f7ff ff01 	bl	80a0652 <_ZN5Print11printNumberEmh>
#else
#pragma message "HAL_USE_INET_HAL_POSIX is required for IPv6 support in IPAddress::printTo()"
#endif // HAL_USE_INET_HAL_POSIX
#endif // Wiring_IPv6
    size_t n = 0;
    for (int i = 0; i < 4; i++)
 80a0850:	42af      	cmp	r7, r5
    {
        if (n)
            n += p.print('.');
        n += p.print((*this)[i], DEC);
 80a0852:	4404      	add	r4, r0
    for (int i = 0; i < 4; i++)
 80a0854:	d101      	bne.n	80a085a <_ZNK9IPAddress7printToER5Print+0x22>
    }
    return n;
}
 80a0856:	4620      	mov	r0, r4
 80a0858:	bdf8      	pop	{r3, r4, r5, r6, r7, pc}
        if (n)
 80a085a:	2c00      	cmp	r4, #0
 80a085c:	d0f2      	beq.n	80a0844 <_ZNK9IPAddress7printToER5Print+0xc>
            n += p.print('.');
 80a085e:	212e      	movs	r1, #46	; 0x2e
 80a0860:	4630      	mov	r0, r6
 80a0862:	f7ff fedd 	bl	80a0620 <_ZN5Print5printEc>
 80a0866:	4404      	add	r4, r0
 80a0868:	e7ec      	b.n	80a0844 <_ZNK9IPAddress7printToER5Print+0xc>
	...

080a086c <_ZN9IPAddressC1Ev>:
IPAddress::IPAddress()
 80a086c:	b510      	push	{r4, lr}
 80a086e:	4604      	mov	r4, r0
 80a0870:	4b04      	ldr	r3, [pc, #16]	; (80a0884 <_ZN9IPAddressC1Ev+0x18>)
        return address;
    }

    virtual size_t printTo(Print& p) const;

    void clear() { memset(&address, 0, sizeof (address)); }
 80a0872:	2211      	movs	r2, #17
 80a0874:	2100      	movs	r1, #0
 80a0876:	f840 3b04 	str.w	r3, [r0], #4
 80a087a:	f000 fb6b 	bl	80a0f54 <memset>
}
 80a087e:	4620      	mov	r0, r4
 80a0880:	bd10      	pop	{r4, pc}
 80a0882:	bf00      	nop
 80a0884:	080a10e0 	.word	0x080a10e0

080a0888 <_ZN9IPAddressC1ERK16_HAL_IPAddress_t>:
IPAddress::IPAddress(const HAL_IPAddress& address)
 80a0888:	4603      	mov	r3, r0
 80a088a:	4a07      	ldr	r2, [pc, #28]	; (80a08a8 <_ZN9IPAddressC1ERK16_HAL_IPAddress_t+0x20>)
 80a088c:	b510      	push	{r4, lr}
 80a088e:	f843 2b04 	str.w	r2, [r3], #4
    memcpy(&this->address, &address, sizeof(address));
 80a0892:	f101 0210 	add.w	r2, r1, #16
 80a0896:	f851 4b04 	ldr.w	r4, [r1], #4
 80a089a:	4291      	cmp	r1, r2
 80a089c:	f843 4b04 	str.w	r4, [r3], #4
 80a08a0:	d1f9      	bne.n	80a0896 <_ZN9IPAddressC1ERK16_HAL_IPAddress_t+0xe>
 80a08a2:	780a      	ldrb	r2, [r1, #0]
 80a08a4:	701a      	strb	r2, [r3, #0]
}
 80a08a6:	bd10      	pop	{r4, pc}
 80a08a8:	080a10e0 	.word	0x080a10e0

080a08ac <_ZN9IPAddressC1Em>:
IPAddress::IPAddress(uint32_t address)
 80a08ac:	4a02      	ldr	r2, [pc, #8]	; (80a08b8 <_ZN9IPAddressC1Em+0xc>)
    address.ipv4 = ipv4;
 80a08ae:	e9c0 2100 	strd	r2, r1, [r0]
        address.v = version;
 80a08b2:	2204      	movs	r2, #4
 80a08b4:	7502      	strb	r2, [r0, #20]
}
 80a08b6:	4770      	bx	lr
 80a08b8:	080a10e0 	.word	0x080a10e0

080a08bc <_ZN9IPAddress8set_ipv4Ehhhh>:
{
 80a08bc:	b510      	push	{r4, lr}
    address.ipv4 = b0<<24 | b1 << 16 | b2 << 8 | b3;
 80a08be:	f89d 4008 	ldrb.w	r4, [sp, #8]
 80a08c2:	ea44 2403 	orr.w	r4, r4, r3, lsl #8
 80a08c6:	2304      	movs	r3, #4
 80a08c8:	ea44 4402 	orr.w	r4, r4, r2, lsl #16
 80a08cc:	ea44 6401 	orr.w	r4, r4, r1, lsl #24
 80a08d0:	6044      	str	r4, [r0, #4]
 80a08d2:	7503      	strb	r3, [r0, #20]
}
 80a08d4:	bd10      	pop	{r4, pc}
	...

080a08d8 <_ZN9IPAddressC1Ehhhh>:
IPAddress::IPAddress(uint8_t first_octet, uint8_t second_octet, uint8_t third_octet, uint8_t fourth_octet)
 80a08d8:	b537      	push	{r0, r1, r2, r4, r5, lr}
 80a08da:	4d04      	ldr	r5, [pc, #16]	; (80a08ec <_ZN9IPAddressC1Ehhhh+0x14>)
 80a08dc:	6005      	str	r5, [r0, #0]
    set_ipv4(first_octet, second_octet, third_octet, fourth_octet);
 80a08de:	f89d 5018 	ldrb.w	r5, [sp, #24]
 80a08e2:	9500      	str	r5, [sp, #0]
 80a08e4:	f7ff ffea 	bl	80a08bc <_ZN9IPAddress8set_ipv4Ehhhh>
}
 80a08e8:	b003      	add	sp, #12
 80a08ea:	bd30      	pop	{r4, r5, pc}
 80a08ec:	080a10e0 	.word	0x080a10e0

080a08f0 <_ZN9USBSerial14blockOnOverrunEb>:
  HAL_USB_USART_Flush_Data(_serial);
}

void USBSerial::blockOnOverrun(bool block)
{
  _blocking = block;
 80a08f0:	7441      	strb	r1, [r0, #17]
}
 80a08f2:	4770      	bx	lr

080a08f4 <__tcf_0>:
}

USBSerial& _fetch_usbserial()
{
  HAL_USB_USART_Config conf = acquireSerialBuffer();
	static USBSerial _usbserial(HAL_USB_USART_SERIAL, conf);
 80a08f4:	4770      	bx	lr

080a08f6 <_ZN9USBSerialD1Ev>:
#include "usb_hal.h"
#include "system_task.h"
#include "spark_wiring_startup.h"
#include "concurrent_hal.h"

class USBSerial : public Stream
 80a08f6:	4770      	bx	lr

080a08f8 <_ZN9USBSerial4readEv>:
{
 80a08f8:	b508      	push	{r3, lr}
	return std::max(-1, (int)HAL_USB_USART_Receive_Data(_serial, false));
 80a08fa:	2100      	movs	r1, #0
 80a08fc:	7c00      	ldrb	r0, [r0, #16]
 80a08fe:	f7ff fd8b 	bl	80a0418 <HAL_USB_USART_Receive_Data>
}
 80a0902:	ea40 70e0 	orr.w	r0, r0, r0, asr #31
 80a0906:	bd08      	pop	{r3, pc}

080a0908 <_ZN9USBSerial4peekEv>:
{
 80a0908:	b508      	push	{r3, lr}
	return std::max(-1, (int)HAL_USB_USART_Receive_Data(_serial, true));
 80a090a:	2101      	movs	r1, #1
 80a090c:	7c00      	ldrb	r0, [r0, #16]
 80a090e:	f7ff fd83 	bl	80a0418 <HAL_USB_USART_Receive_Data>
}
 80a0912:	ea40 70e0 	orr.w	r0, r0, r0, asr #31
 80a0916:	bd08      	pop	{r3, pc}

080a0918 <_ZN9USBSerial17availableForWriteEv>:
{
 80a0918:	b508      	push	{r3, lr}
  return std::max(0, (int)HAL_USB_USART_Available_Data_For_Write(_serial));
 80a091a:	7c00      	ldrb	r0, [r0, #16]
 80a091c:	f7ff fd74 	bl	80a0408 <HAL_USB_USART_Available_Data_For_Write>
}
 80a0920:	ea20 70e0 	bic.w	r0, r0, r0, asr #31
 80a0924:	bd08      	pop	{r3, pc}

080a0926 <_ZN9USBSerial9availableEv>:
{
 80a0926:	b508      	push	{r3, lr}
	return std::max(0, (int)HAL_USB_USART_Available_Data(_serial));
 80a0928:	7c00      	ldrb	r0, [r0, #16]
 80a092a:	f7ff fd65 	bl	80a03f8 <HAL_USB_USART_Available_Data>
}
 80a092e:	ea20 70e0 	bic.w	r0, r0, r0, asr #31
 80a0932:	bd08      	pop	{r3, pc}

080a0934 <_ZN9USBSerial5writeEh>:
{
 80a0934:	b538      	push	{r3, r4, r5, lr}
 80a0936:	4604      	mov	r4, r0
  if (HAL_USB_USART_Available_Data_For_Write(_serial) > 0 || _blocking) {
 80a0938:	7c00      	ldrb	r0, [r0, #16]
{
 80a093a:	460d      	mov	r5, r1
  if (HAL_USB_USART_Available_Data_For_Write(_serial) > 0 || _blocking) {
 80a093c:	f7ff fd64 	bl	80a0408 <HAL_USB_USART_Available_Data_For_Write>
 80a0940:	2800      	cmp	r0, #0
 80a0942:	dc01      	bgt.n	80a0948 <_ZN9USBSerial5writeEh+0x14>
 80a0944:	7c60      	ldrb	r0, [r4, #17]
 80a0946:	b128      	cbz	r0, 80a0954 <_ZN9USBSerial5writeEh+0x20>
    return std::max(0, (int)HAL_USB_USART_Send_Data(_serial, byte));
 80a0948:	4629      	mov	r1, r5
 80a094a:	7c20      	ldrb	r0, [r4, #16]
 80a094c:	f7ff fd6c 	bl	80a0428 <HAL_USB_USART_Send_Data>
 80a0950:	ea20 70e0 	bic.w	r0, r0, r0, asr #31
}
 80a0954:	bd38      	pop	{r3, r4, r5, pc}

080a0956 <_ZN9USBSerial5flushEv>:
  HAL_USB_USART_Flush_Data(_serial);
 80a0956:	7c00      	ldrb	r0, [r0, #16]
 80a0958:	f7ff bd6e 	b.w	80a0438 <HAL_USB_USART_Flush_Data>

080a095c <_ZN9USBSerialD0Ev>:
 80a095c:	b510      	push	{r4, lr}
 80a095e:	4604      	mov	r4, r0
 80a0960:	2114      	movs	r1, #20
 80a0962:	f000 fadf 	bl	80a0f24 <_ZdlPvj>
 80a0966:	4620      	mov	r0, r4
 80a0968:	bd10      	pop	{r4, pc}

080a096a <__tcf_1>:
 80a096a:	4770      	bx	lr

080a096c <_ZN9USBSerialC1E20HAL_USB_USART_SerialRK20HAL_USB_USART_Config>:
USBSerial::USBSerial(HAL_USB_USART_Serial serial, const HAL_USB_USART_Config& conf)
 80a096c:	b510      	push	{r4, lr}
    virtual int available() = 0;
    virtual int read() = 0;
    virtual int peek() = 0;
    virtual void flush() = 0;

    Stream() {_timeout=1000;}
 80a096e:	f44f 737a 	mov.w	r3, #1000	; 0x3e8
 80a0972:	4604      	mov	r4, r0
 80a0974:	4608      	mov	r0, r1
 80a0976:	2100      	movs	r1, #0
 80a0978:	e9c4 1301 	strd	r1, r3, [r4, #4]
 80a097c:	4b04      	ldr	r3, [pc, #16]	; (80a0990 <_ZN9USBSerialC1E20HAL_USB_USART_SerialRK20HAL_USB_USART_Config+0x24>)
  _serial = serial;
 80a097e:	7420      	strb	r0, [r4, #16]
USBSerial::USBSerial(HAL_USB_USART_Serial serial, const HAL_USB_USART_Config& conf)
 80a0980:	6023      	str	r3, [r4, #0]
  _blocking = true;
 80a0982:	2301      	movs	r3, #1
  HAL_USB_USART_Init(_serial, &conf);
 80a0984:	4611      	mov	r1, r2
  _blocking = true;
 80a0986:	7463      	strb	r3, [r4, #17]
  HAL_USB_USART_Init(_serial, &conf);
 80a0988:	f7ff fd26 	bl	80a03d8 <HAL_USB_USART_Init>
}
 80a098c:	4620      	mov	r0, r4
 80a098e:	bd10      	pop	{r4, pc}
 80a0990:	080a10f4 	.word	0x080a10f4

080a0994 <_ZN9USBSerial5beginEl>:
    HAL_USB_USART_Begin(_serial, speed, NULL);
 80a0994:	2200      	movs	r2, #0
 80a0996:	7c00      	ldrb	r0, [r0, #16]
 80a0998:	f7ff bd26 	b.w	80a03e8 <HAL_USB_USART_Begin>

080a099c <_Z19acquireSerialBufferv>:
{
 80a099c:	b510      	push	{r4, lr}
 80a099e:	4604      	mov	r4, r0
  HAL_USB_USART_Config conf = {0};
 80a09a0:	2214      	movs	r2, #20
 80a09a2:	2100      	movs	r1, #0
 80a09a4:	f000 fad6 	bl	80a0f54 <memset>
  conf.rx_buffer = serial_rx_buffer;
 80a09a8:	4b05      	ldr	r3, [pc, #20]	; (80a09c0 <_Z19acquireSerialBufferv+0x24>)
}
 80a09aa:	4620      	mov	r0, r4
  conf.rx_buffer = serial_rx_buffer;
 80a09ac:	6063      	str	r3, [r4, #4]
  conf.tx_buffer = serial_tx_buffer;
 80a09ae:	4b05      	ldr	r3, [pc, #20]	; (80a09c4 <_Z19acquireSerialBufferv+0x28>)
 80a09b0:	60e3      	str	r3, [r4, #12]
  conf.rx_buffer_size = USB_RX_BUFFER_SIZE;
 80a09b2:	f240 1301 	movw	r3, #257	; 0x101
 80a09b6:	8123      	strh	r3, [r4, #8]
  conf.tx_buffer_size = USB_TX_BUFFER_SIZE;
 80a09b8:	2381      	movs	r3, #129	; 0x81
 80a09ba:	8223      	strh	r3, [r4, #16]
}
 80a09bc:	bd10      	pop	{r4, pc}
 80a09be:	bf00      	nop
 80a09c0:	200000f0 	.word	0x200000f0
 80a09c4:	200001f1 	.word	0x200001f1

080a09c8 <_Z16_fetch_usbserialv>:
{
 80a09c8:	b530      	push	{r4, r5, lr}
	static USBSerial _usbserial(HAL_USB_USART_SERIAL, conf);
 80a09ca:	4d0e      	ldr	r5, [pc, #56]	; (80a0a04 <_Z16_fetch_usbserialv+0x3c>)
{
 80a09cc:	b087      	sub	sp, #28
  HAL_USB_USART_Config conf = acquireSerialBuffer();
 80a09ce:	a801      	add	r0, sp, #4
 80a09d0:	f7ff ffe4 	bl	80a099c <_Z19acquireSerialBufferv>
	static USBSerial _usbserial(HAL_USB_USART_SERIAL, conf);
 80a09d4:	7829      	ldrb	r1, [r5, #0]
 80a09d6:	f3bf 8f5b 	dmb	ish
 80a09da:	f011 0401 	ands.w	r4, r1, #1
 80a09de:	d10e      	bne.n	80a09fe <_Z16_fetch_usbserialv+0x36>
 80a09e0:	4628      	mov	r0, r5
 80a09e2:	f7ff fb5c 	bl	80a009e <__cxa_guard_acquire>
 80a09e6:	b150      	cbz	r0, 80a09fe <_Z16_fetch_usbserialv+0x36>
 80a09e8:	4621      	mov	r1, r4
 80a09ea:	aa01      	add	r2, sp, #4
 80a09ec:	4806      	ldr	r0, [pc, #24]	; (80a0a08 <_Z16_fetch_usbserialv+0x40>)
 80a09ee:	f7ff ffbd 	bl	80a096c <_ZN9USBSerialC1E20HAL_USB_USART_SerialRK20HAL_USB_USART_Config>
 80a09f2:	4628      	mov	r0, r5
 80a09f4:	f7ff fb58 	bl	80a00a8 <__cxa_guard_release>
 80a09f8:	4804      	ldr	r0, [pc, #16]	; (80a0a0c <_Z16_fetch_usbserialv+0x44>)
 80a09fa:	f000 fa97 	bl	80a0f2c <atexit>
	return _usbserial;
}
 80a09fe:	4802      	ldr	r0, [pc, #8]	; (80a0a08 <_Z16_fetch_usbserialv+0x40>)
 80a0a00:	b007      	add	sp, #28
 80a0a02:	bd30      	pop	{r4, r5, pc}
 80a0a04:	200000c0 	.word	0x200000c0
 80a0a08:	200000c8 	.word	0x200000c8
 80a0a0c:	080a08f5 	.word	0x080a08f5

080a0a10 <_Z23acquireUSBSerial1Bufferv>:

#if Wiring_USBSerial1

HAL_USB_USART_Config __attribute__((weak)) acquireUSBSerial1Buffer()
{
 80a0a10:	b510      	push	{r4, lr}
 80a0a12:	4604      	mov	r4, r0
  HAL_USB_USART_Config conf = {0};
 80a0a14:	2214      	movs	r2, #20
 80a0a16:	2100      	movs	r1, #0
 80a0a18:	f000 fa9c 	bl	80a0f54 <memset>

#if defined(USB_SERIAL_USERSPACE_BUFFERS) && ((MODULE_FUNCTION == MOD_FUNC_USER_PART) || (MODULE_FUNCTION == MOD_FUNC_MONO_FIRMWARE))
  static uint8_t usbserial1_rx_buffer[USB_RX_BUFFER_SIZE];
  static uint8_t usbserial1_tx_buffer[USB_TX_BUFFER_SIZE];

  conf.rx_buffer = usbserial1_rx_buffer;
 80a0a1c:	4b05      	ldr	r3, [pc, #20]	; (80a0a34 <_Z23acquireUSBSerial1Bufferv+0x24>)
  conf.rx_buffer_size = USB_RX_BUFFER_SIZE;
  conf.tx_buffer_size = USB_TX_BUFFER_SIZE;
#endif

  return conf;
}
 80a0a1e:	4620      	mov	r0, r4
  conf.rx_buffer = usbserial1_rx_buffer;
 80a0a20:	6063      	str	r3, [r4, #4]
  conf.tx_buffer = usbserial1_tx_buffer;
 80a0a22:	4b05      	ldr	r3, [pc, #20]	; (80a0a38 <_Z23acquireUSBSerial1Bufferv+0x28>)
 80a0a24:	60e3      	str	r3, [r4, #12]
  conf.rx_buffer_size = USB_RX_BUFFER_SIZE;
 80a0a26:	f240 1301 	movw	r3, #257	; 0x101
 80a0a2a:	8123      	strh	r3, [r4, #8]
  conf.tx_buffer_size = USB_TX_BUFFER_SIZE;
 80a0a2c:	2381      	movs	r3, #129	; 0x81
 80a0a2e:	8223      	strh	r3, [r4, #16]
}
 80a0a30:	bd10      	pop	{r4, pc}
 80a0a32:	bf00      	nop
 80a0a34:	20000272 	.word	0x20000272
 80a0a38:	20000373 	.word	0x20000373

080a0a3c <_Z17_fetch_usbserial1v>:

USBSerial& _fetch_usbserial1()
{
 80a0a3c:	b510      	push	{r4, lr}
  HAL_USB_USART_Config conf = acquireUSBSerial1Buffer();
  static USBSerial _usbserial1(HAL_USB_USART_SERIAL1, conf);
 80a0a3e:	4c0e      	ldr	r4, [pc, #56]	; (80a0a78 <_Z17_fetch_usbserial1v+0x3c>)
{
 80a0a40:	b086      	sub	sp, #24
  HAL_USB_USART_Config conf = acquireUSBSerial1Buffer();
 80a0a42:	a801      	add	r0, sp, #4
 80a0a44:	f7ff ffe4 	bl	80a0a10 <_Z23acquireUSBSerial1Bufferv>
  static USBSerial _usbserial1(HAL_USB_USART_SERIAL1, conf);
 80a0a48:	7823      	ldrb	r3, [r4, #0]
 80a0a4a:	f3bf 8f5b 	dmb	ish
 80a0a4e:	07db      	lsls	r3, r3, #31
 80a0a50:	d40e      	bmi.n	80a0a70 <_Z17_fetch_usbserial1v+0x34>
 80a0a52:	4620      	mov	r0, r4
 80a0a54:	f7ff fb23 	bl	80a009e <__cxa_guard_acquire>
 80a0a58:	b150      	cbz	r0, 80a0a70 <_Z17_fetch_usbserial1v+0x34>
 80a0a5a:	2101      	movs	r1, #1
 80a0a5c:	aa01      	add	r2, sp, #4
 80a0a5e:	4807      	ldr	r0, [pc, #28]	; (80a0a7c <_Z17_fetch_usbserial1v+0x40>)
 80a0a60:	f7ff ff84 	bl	80a096c <_ZN9USBSerialC1E20HAL_USB_USART_SerialRK20HAL_USB_USART_Config>
 80a0a64:	4620      	mov	r0, r4
 80a0a66:	f7ff fb1f 	bl	80a00a8 <__cxa_guard_release>
 80a0a6a:	4805      	ldr	r0, [pc, #20]	; (80a0a80 <_Z17_fetch_usbserial1v+0x44>)
 80a0a6c:	f000 fa5e 	bl	80a0f2c <atexit>
  return _usbserial1;
}
 80a0a70:	4802      	ldr	r0, [pc, #8]	; (80a0a7c <_Z17_fetch_usbserial1v+0x40>)
 80a0a72:	b006      	add	sp, #24
 80a0a74:	bd10      	pop	{r4, pc}
 80a0a76:	bf00      	nop
 80a0a78:	200000c4 	.word	0x200000c4
 80a0a7c:	200000dc 	.word	0x200000dc
 80a0a80:	080a096b 	.word	0x080a096b

080a0a84 <_ZN11USARTSerialD1Ev>:
private:
  hal_usart_interface_t _serial;
  bool _blocking;
public:
  USARTSerial(hal_usart_interface_t serial, hal_usart_ring_buffer_t *rx_buffer, hal_usart_ring_buffer_t *tx_buffer);
  virtual ~USARTSerial() {};
 80a0a84:	4770      	bx	lr

080a0a86 <_ZN11USARTSerial14blockOnOverrunEb>:
    hal_usart_half_duplex(_serial, Enable);
}

void USARTSerial::blockOnOverrun(bool block)
{
  _blocking = block;
 80a0a86:	7441      	strb	r1, [r0, #17]
}
 80a0a88:	4770      	bx	lr

080a0a8a <__tcf_0>:
#endif

USARTSerial& __fetch_global_Serial1()
{
#if ((MODULE_FUNCTION == MOD_FUNC_USER_PART) || (MODULE_FUNCTION == MOD_FUNC_MONO_FIRMWARE))
	static USARTSerial serial1(HAL_USART_SERIAL1, &serial1_rx_buffer, &serial1_tx_buffer);
 80a0a8a:	4770      	bx	lr

080a0a8c <_ZN11USARTSerial17availableForWriteEv>:
{
 80a0a8c:	b508      	push	{r3, lr}
  return std::max(0, (int)hal_usart_available_data_for_write(_serial));
 80a0a8e:	7c00      	ldrb	r0, [r0, #16]
 80a0a90:	f7ff fc50 	bl	80a0334 <hal_usart_available_data_for_write>
}
 80a0a94:	ea20 70e0 	bic.w	r0, r0, r0, asr #31
 80a0a98:	bd08      	pop	{r3, pc}

080a0a9a <_ZN11USARTSerial9availableEv>:
{
 80a0a9a:	b508      	push	{r3, lr}
  return std::max(0, (int)hal_usart_available(_serial));
 80a0a9c:	7c00      	ldrb	r0, [r0, #16]
 80a0a9e:	f7ff fc21 	bl	80a02e4 <hal_usart_available>
}
 80a0aa2:	ea20 70e0 	bic.w	r0, r0, r0, asr #31
 80a0aa6:	bd08      	pop	{r3, pc}

080a0aa8 <_ZN11USARTSerial4peekEv>:
{
 80a0aa8:	b508      	push	{r3, lr}
  return std::max(-1, (int)hal_usart_peek(_serial));
 80a0aaa:	7c00      	ldrb	r0, [r0, #16]
 80a0aac:	f7ff fc2a 	bl	80a0304 <hal_usart_peek>
}
 80a0ab0:	ea40 70e0 	orr.w	r0, r0, r0, asr #31
 80a0ab4:	bd08      	pop	{r3, pc}

080a0ab6 <_ZN11USARTSerial4readEv>:
{
 80a0ab6:	b508      	push	{r3, lr}
  return std::max(-1, (int)hal_usart_read(_serial));
 80a0ab8:	7c00      	ldrb	r0, [r0, #16]
 80a0aba:	f7ff fc1b 	bl	80a02f4 <hal_usart_read>
}
 80a0abe:	ea40 70e0 	orr.w	r0, r0, r0, asr #31
 80a0ac2:	bd08      	pop	{r3, pc}

080a0ac4 <_ZN11USARTSerial5flushEv>:
  hal_usart_flush(_serial);
 80a0ac4:	7c00      	ldrb	r0, [r0, #16]
 80a0ac6:	f7ff bc25 	b.w	80a0314 <hal_usart_flush>

080a0aca <_ZN11USARTSerial5writeEh>:
{
 80a0aca:	b570      	push	{r4, r5, r6, lr}
  if (_blocking || hal_usart_available_data_for_write(_serial) > 0) {
 80a0acc:	7c46      	ldrb	r6, [r0, #17]
{
 80a0ace:	4604      	mov	r4, r0
 80a0ad0:	460d      	mov	r5, r1
  if (_blocking || hal_usart_available_data_for_write(_serial) > 0) {
 80a0ad2:	b12e      	cbz	r6, 80a0ae0 <_ZN11USARTSerial5writeEh+0x16>
	  return hal_usart_write(_serial, c);
 80a0ad4:	4629      	mov	r1, r5
 80a0ad6:	7c20      	ldrb	r0, [r4, #16]
}
 80a0ad8:	e8bd 4070 	ldmia.w	sp!, {r4, r5, r6, lr}
	  return hal_usart_write(_serial, c);
 80a0adc:	f7ff bbfa 	b.w	80a02d4 <hal_usart_write>
  if (_blocking || hal_usart_available_data_for_write(_serial) > 0) {
 80a0ae0:	7c00      	ldrb	r0, [r0, #16]
 80a0ae2:	f7ff fc27 	bl	80a0334 <hal_usart_available_data_for_write>
 80a0ae6:	2800      	cmp	r0, #0
 80a0ae8:	dcf4      	bgt.n	80a0ad4 <_ZN11USARTSerial5writeEh+0xa>
}
 80a0aea:	4630      	mov	r0, r6
 80a0aec:	bd70      	pop	{r4, r5, r6, pc}

080a0aee <_ZN11USARTSerialD0Ev>:
 80a0aee:	b510      	push	{r4, lr}
 80a0af0:	4604      	mov	r4, r0
 80a0af2:	2114      	movs	r1, #20
 80a0af4:	f000 fa16 	bl	80a0f24 <_ZdlPvj>
 80a0af8:	4620      	mov	r0, r4
 80a0afa:	bd10      	pop	{r4, pc}

080a0afc <_ZN11USARTSerialC1E21hal_usart_interface_tP23hal_usart_ring_buffer_tS2_>:
 80a0afc:	f04f 0c00 	mov.w	ip, #0
USARTSerial::USARTSerial(hal_usart_interface_t serial, hal_usart_ring_buffer_t *rx_buffer, hal_usart_ring_buffer_t *tx_buffer)
 80a0b00:	b510      	push	{r4, lr}
 80a0b02:	4604      	mov	r4, r0
 80a0b04:	4608      	mov	r0, r1
 80a0b06:	4611      	mov	r1, r2
 80a0b08:	f44f 727a 	mov.w	r2, #1000	; 0x3e8
 80a0b0c:	e9c4 c201 	strd	ip, r2, [r4, #4]
 80a0b10:	4a04      	ldr	r2, [pc, #16]	; (80a0b24 <_ZN11USARTSerialC1E21hal_usart_interface_tP23hal_usart_ring_buffer_tS2_+0x28>)
  _serial = serial;
 80a0b12:	7420      	strb	r0, [r4, #16]
USARTSerial::USARTSerial(hal_usart_interface_t serial, hal_usart_ring_buffer_t *rx_buffer, hal_usart_ring_buffer_t *tx_buffer)
 80a0b14:	6022      	str	r2, [r4, #0]
  _blocking = true;
 80a0b16:	2201      	movs	r2, #1
 80a0b18:	7462      	strb	r2, [r4, #17]
  hal_usart_init(serial, rx_buffer, tx_buffer);
 80a0b1a:	461a      	mov	r2, r3
 80a0b1c:	f7ff fbd2 	bl	80a02c4 <hal_usart_init>
}
 80a0b20:	4620      	mov	r0, r4
 80a0b22:	bd10      	pop	{r4, pc}
 80a0b24:	080a1124 	.word	0x080a1124

080a0b28 <_Z22__fetch_global_Serial1v>:
{
 80a0b28:	b538      	push	{r3, r4, r5, lr}
	static USARTSerial serial1(HAL_USART_SERIAL1, &serial1_rx_buffer, &serial1_tx_buffer);
 80a0b2a:	4d0c      	ldr	r5, [pc, #48]	; (80a0b5c <_Z22__fetch_global_Serial1v+0x34>)
 80a0b2c:	7829      	ldrb	r1, [r5, #0]
 80a0b2e:	f3bf 8f5b 	dmb	ish
 80a0b32:	f011 0401 	ands.w	r4, r1, #1
 80a0b36:	d10f      	bne.n	80a0b58 <_Z22__fetch_global_Serial1v+0x30>
 80a0b38:	4628      	mov	r0, r5
 80a0b3a:	f7ff fab0 	bl	80a009e <__cxa_guard_acquire>
 80a0b3e:	b158      	cbz	r0, 80a0b58 <_Z22__fetch_global_Serial1v+0x30>
 80a0b40:	4621      	mov	r1, r4
 80a0b42:	4b07      	ldr	r3, [pc, #28]	; (80a0b60 <_Z22__fetch_global_Serial1v+0x38>)
 80a0b44:	4a07      	ldr	r2, [pc, #28]	; (80a0b64 <_Z22__fetch_global_Serial1v+0x3c>)
 80a0b46:	4808      	ldr	r0, [pc, #32]	; (80a0b68 <_Z22__fetch_global_Serial1v+0x40>)
 80a0b48:	f7ff ffd8 	bl	80a0afc <_ZN11USARTSerialC1E21hal_usart_interface_tP23hal_usart_ring_buffer_tS2_>
 80a0b4c:	4628      	mov	r0, r5
 80a0b4e:	f7ff faab 	bl	80a00a8 <__cxa_guard_release>
 80a0b52:	4806      	ldr	r0, [pc, #24]	; (80a0b6c <_Z22__fetch_global_Serial1v+0x44>)
 80a0b54:	f000 f9ea 	bl	80a0f2c <atexit>
    serial1_tx_buffer = new hal_usart_ring_buffer_t();
  }
  static USARTSerial serial1(HAL_USART_SERIAL1, serial1_rx_buffer, serial1_tx_buffer);
#endif
	return serial1;
}
 80a0b58:	4803      	ldr	r0, [pc, #12]	; (80a0b68 <_Z22__fetch_global_Serial1v+0x40>)
 80a0b5a:	bd38      	pop	{r3, r4, r5, pc}
 80a0b5c:	200003f4 	.word	0x200003f4
 80a0b60:	2000047c 	.word	0x2000047c
 80a0b64:	200003f8 	.word	0x200003f8
 80a0b68:	20000500 	.word	0x20000500
 80a0b6c:	080a0a8b 	.word	0x080a0a8b

080a0b70 <_ZN7TwoWireD1Ev>:
private:
  hal_i2c_interface_t _i2c;

public:
  TwoWire(hal_i2c_interface_t i2c, const hal_i2c_config_t& config);
  virtual ~TwoWire() {};
 80a0b70:	4770      	bx	lr

080a0b72 <_ZN7TwoWire5writeEPKhj>:

// must be called in:
// slave tx event callback
// or after beginTransmission(address)
size_t TwoWire::write(const uint8_t *data, size_t quantity)
{
 80a0b72:	b5f8      	push	{r3, r4, r5, r6, r7, lr}
 80a0b74:	4606      	mov	r6, r0
 80a0b76:	4615      	mov	r5, r2
 80a0b78:	460c      	mov	r4, r1
 80a0b7a:	188f      	adds	r7, r1, r2
  // in master/slave transmitter mode
  for(size_t i = 0; i < quantity; ++i)
 80a0b7c:	42bc      	cmp	r4, r7
 80a0b7e:	d006      	beq.n	80a0b8e <_ZN7TwoWire5writeEPKhj+0x1c>
  {
    write(data[i]);
 80a0b80:	6833      	ldr	r3, [r6, #0]
 80a0b82:	4630      	mov	r0, r6
 80a0b84:	689b      	ldr	r3, [r3, #8]
 80a0b86:	f814 1b01 	ldrb.w	r1, [r4], #1
 80a0b8a:	4798      	blx	r3
  for(size_t i = 0; i < quantity; ++i)
 80a0b8c:	e7f6      	b.n	80a0b7c <_ZN7TwoWire5writeEPKhj+0xa>
  }

  return quantity;
}
 80a0b8e:	4628      	mov	r0, r5
 80a0b90:	bdf8      	pop	{r3, r4, r5, r6, r7, pc}

080a0b92 <_ZN7TwoWire5writeEh>:
  return hal_i2c_write(_i2c, data, NULL);
 80a0b92:	2200      	movs	r2, #0
 80a0b94:	7c00      	ldrb	r0, [r0, #16]
 80a0b96:	f7ff bbd5 	b.w	80a0344 <hal_i2c_write>

080a0b9a <_ZN7TwoWire9availableEv>:
// must be called in:
// slave rx event callback
// or after requestFrom(address, numBytes)
int TwoWire::available(void)
{
  return hal_i2c_available(_i2c, NULL);
 80a0b9a:	2100      	movs	r1, #0
 80a0b9c:	7c00      	ldrb	r0, [r0, #16]
 80a0b9e:	f7ff bbd9 	b.w	80a0354 <hal_i2c_available>

080a0ba2 <_ZN7TwoWire4readEv>:
// must be called in:
// slave rx event callback
// or after requestFrom(address, numBytes)
int TwoWire::read(void)
{
  return hal_i2c_read(_i2c, NULL);
 80a0ba2:	2100      	movs	r1, #0
 80a0ba4:	7c00      	ldrb	r0, [r0, #16]
 80a0ba6:	f7ff bbdd 	b.w	80a0364 <hal_i2c_read>

080a0baa <_ZN7TwoWire4peekEv>:
// must be called in:
// slave rx event callback
// or after requestFrom(address, numBytes)
int TwoWire::peek(void)
{
  return hal_i2c_peek(_i2c, NULL);
 80a0baa:	2100      	movs	r1, #0
 80a0bac:	7c00      	ldrb	r0, [r0, #16]
 80a0bae:	f7ff bbe1 	b.w	80a0374 <hal_i2c_peek>

080a0bb2 <_ZN7TwoWire5flushEv>:
}

void TwoWire::flush(void)
{
  hal_i2c_flush(_i2c, NULL);
 80a0bb2:	2100      	movs	r1, #0
 80a0bb4:	7c00      	ldrb	r0, [r0, #16]
 80a0bb6:	f7ff bbe5 	b.w	80a0384 <hal_i2c_flush>

080a0bba <_ZN7TwoWireD0Ev>:
 80a0bba:	b510      	push	{r4, lr}
 80a0bbc:	4604      	mov	r4, r0
 80a0bbe:	2114      	movs	r1, #20
 80a0bc0:	f000 f9b0 	bl	80a0f24 <_ZdlPvj>
 80a0bc4:	4620      	mov	r0, r4
 80a0bc6:	bd10      	pop	{r4, pc}

080a0bc8 <_ZN7TwoWireC1E19hal_i2c_interface_tRK16hal_i2c_config_t>:
TwoWire::TwoWire(hal_i2c_interface_t i2c, const hal_i2c_config_t& conf)
 80a0bc8:	b510      	push	{r4, lr}
 80a0bca:	f44f 737a 	mov.w	r3, #1000	; 0x3e8
 80a0bce:	4604      	mov	r4, r0
 80a0bd0:	4608      	mov	r0, r1
 80a0bd2:	2100      	movs	r1, #0
 80a0bd4:	e9c4 1301 	strd	r1, r3, [r4, #4]
 80a0bd8:	4b03      	ldr	r3, [pc, #12]	; (80a0be8 <_ZN7TwoWireC1E19hal_i2c_interface_tRK16hal_i2c_config_t+0x20>)
  hal_i2c_init(_i2c, &conf);
 80a0bda:	4611      	mov	r1, r2
TwoWire::TwoWire(hal_i2c_interface_t i2c, const hal_i2c_config_t& conf)
 80a0bdc:	6023      	str	r3, [r4, #0]
  _i2c = i2c;
 80a0bde:	7420      	strb	r0, [r4, #16]
  hal_i2c_init(_i2c, &conf);
 80a0be0:	f7ff fbe0 	bl	80a03a4 <hal_i2c_init>
}
 80a0be4:	4620      	mov	r0, r4
 80a0be6:	bd10      	pop	{r4, pc}
 80a0be8:	080a1154 	.word	0x080a1154

080a0bec <_ZN5spark9WiFiClass5readyEv>:
        return network_ready(*this, 0, NULL);
 80a0bec:	2200      	movs	r2, #0
 80a0bee:	6840      	ldr	r0, [r0, #4]
 80a0bf0:	4611      	mov	r1, r2
 80a0bf2:	f7ff bc65 	b.w	80a04c0 <network_ready>

080a0bf6 <_ZN5spark9WiFiClass7resolveEPKc>:
    WLanSelectAntenna_TypeDef getAntenna() {
        return wlan_get_antenna(nullptr);
    }

#if !HAL_USE_INET_HAL_POSIX
    IPAddress resolve(const char* name)
 80a0bf6:	b5f0      	push	{r4, r5, r6, r7, lr}
 80a0bf8:	4615      	mov	r5, r2
 80a0bfa:	b089      	sub	sp, #36	; 0x24
    {
        HAL_IPAddress ip = {};
 80a0bfc:	2211      	movs	r2, #17
    IPAddress resolve(const char* name)
 80a0bfe:	460e      	mov	r6, r1
 80a0c00:	4604      	mov	r4, r0
        HAL_IPAddress ip = {};
 80a0c02:	2100      	movs	r1, #0
 80a0c04:	a803      	add	r0, sp, #12
 80a0c06:	f000 f9a5 	bl	80a0f54 <memset>
        return (inet_gethostbyname(name, strlen(name), &ip, *this, NULL) != 0) ?
 80a0c0a:	4628      	mov	r0, r5
 80a0c0c:	f000 f9ce 	bl	80a0fac <strlen>
 80a0c10:	2700      	movs	r7, #0
 80a0c12:	b281      	uxth	r1, r0
 80a0c14:	6873      	ldr	r3, [r6, #4]
 80a0c16:	4628      	mov	r0, r5
 80a0c18:	9700      	str	r7, [sp, #0]
 80a0c1a:	aa03      	add	r2, sp, #12
 80a0c1c:	f7ff fc14 	bl	80a0448 <inet_gethostbyname>
                IPAddress(uint32_t(0)) : IPAddress(ip);
 80a0c20:	b130      	cbz	r0, 80a0c30 <_ZN5spark9WiFiClass7resolveEPKc+0x3a>
 80a0c22:	4639      	mov	r1, r7
 80a0c24:	4620      	mov	r0, r4
 80a0c26:	f7ff fe41 	bl	80a08ac <_ZN9IPAddressC1Em>
    }
 80a0c2a:	4620      	mov	r0, r4
 80a0c2c:	b009      	add	sp, #36	; 0x24
 80a0c2e:	bdf0      	pop	{r4, r5, r6, r7, pc}
                IPAddress(uint32_t(0)) : IPAddress(ip);
 80a0c30:	4620      	mov	r0, r4
 80a0c32:	a903      	add	r1, sp, #12
 80a0c34:	f7ff fe28 	bl	80a0888 <_ZN9IPAddressC1ERK16_HAL_IPAddress_t>
 80a0c38:	e7f7      	b.n	80a0c2a <_ZN5spark9WiFiClass7resolveEPKc+0x34>

080a0c3a <_ZN5spark9WiFiClass9listeningEv>:
        return network_listening(*this, 0, NULL);
 80a0c3a:	2200      	movs	r2, #0
 80a0c3c:	6840      	ldr	r0, [r0, #4]
 80a0c3e:	4611      	mov	r1, r2
 80a0c40:	f7ff bc5e 	b.w	80a0500 <network_listening>

080a0c44 <_ZN5spark9WiFiClass16getListenTimeoutEv>:
        return network_get_listen_timeout(*this, 0, NULL);
 80a0c44:	2200      	movs	r2, #0
 80a0c46:	6840      	ldr	r0, [r0, #4]
 80a0c48:	4611      	mov	r1, r2
 80a0c4a:	f7ff bc69 	b.w	80a0520 <network_get_listen_timeout>

080a0c4e <_ZN5spark9WiFiClass16setListenTimeoutEt>:
        network_set_listen_timeout(*this, timeout, NULL);
 80a0c4e:	2200      	movs	r2, #0
 80a0c50:	6840      	ldr	r0, [r0, #4]
 80a0c52:	f7ff bc5d 	b.w	80a0510 <network_set_listen_timeout>

080a0c56 <_ZN5spark9WiFiClass6listenEb>:
        network_listen(*this, begin ? 0 : 1, NULL);
 80a0c56:	2200      	movs	r2, #0
 80a0c58:	6840      	ldr	r0, [r0, #4]
 80a0c5a:	f081 0101 	eor.w	r1, r1, #1
 80a0c5e:	f7ff bc47 	b.w	80a04f0 <network_listen>

080a0c62 <_ZN5spark9WiFiClass3offEv>:
        network_off(*this, 0, 0, NULL);
 80a0c62:	2300      	movs	r3, #0
 80a0c64:	6840      	ldr	r0, [r0, #4]
 80a0c66:	461a      	mov	r2, r3
 80a0c68:	4619      	mov	r1, r3
 80a0c6a:	f7ff bc39 	b.w	80a04e0 <network_off>

080a0c6e <_ZN5spark9WiFiClass10connectingEv>:
        return network_connecting(*this, 0, NULL);
 80a0c6e:	2200      	movs	r2, #0
 80a0c70:	6840      	ldr	r0, [r0, #4]
 80a0c72:	4611      	mov	r1, r2
 80a0c74:	f7ff bc14 	b.w	80a04a0 <network_connecting>

080a0c78 <_ZN5spark9WiFiClass10disconnectEv>:
        network_disconnect(*this, NETWORK_DISCONNECT_REASON_USER, NULL);
 80a0c78:	2200      	movs	r2, #0
 80a0c7a:	2102      	movs	r1, #2
 80a0c7c:	6840      	ldr	r0, [r0, #4]
 80a0c7e:	f7ff bc17 	b.w	80a04b0 <network_disconnect>

080a0c82 <_ZN5spark9WiFiClass7connectEj>:
        network_connect(*this, flags, 0, NULL);
 80a0c82:	2300      	movs	r3, #0
 80a0c84:	6840      	ldr	r0, [r0, #4]
 80a0c86:	461a      	mov	r2, r3
 80a0c88:	f7ff bc02 	b.w	80a0490 <network_connect>

080a0c8c <_GLOBAL__sub_I__ZN10WiFiSignalC2ERK21wlan_connected_info_t>:
    static NetworkClass& from(network_interface_t nif);

    virtual IPAddress resolve(const char* name);

    explicit NetworkClass(network_interface_t iface)
            : iface_(iface) {
 80a0c8c:	2204      	movs	r2, #4
 80a0c8e:	4b02      	ldr	r3, [pc, #8]	; (80a0c98 <_GLOBAL__sub_I__ZN10WiFiSignalC2ERK21wlan_connected_info_t+0xc>)
 80a0c90:	605a      	str	r2, [r3, #4]
            NetworkClass(NETWORK_INTERFACE_WIFI_STA) {
 80a0c92:	4a02      	ldr	r2, [pc, #8]	; (80a0c9c <_GLOBAL__sub_I__ZN10WiFiSignalC2ERK21wlan_connected_info_t+0x10>)
 80a0c94:	601a      	str	r2, [r3, #0]
the same way.
*****************************************************************************/

    WiFiClass WiFi;
    // NetworkClass& Network = WiFi;
}
 80a0c96:	4770      	bx	lr
 80a0c98:	20000514 	.word	0x20000514
 80a0c9c:	080a117c 	.word	0x080a117c

080a0ca0 <_ZN5spark12NetworkClass7connectEj>:
        return Network;
    }
}

void NetworkClass::connect(unsigned flags) {
    network_connect(*this, flags, 0, nullptr);
 80a0ca0:	2300      	movs	r3, #0
 80a0ca2:	6840      	ldr	r0, [r0, #4]
 80a0ca4:	461a      	mov	r2, r3
 80a0ca6:	f7ff bbf3 	b.w	80a0490 <network_connect>

080a0caa <_ZN5spark12NetworkClass10disconnectEv>:
}

void NetworkClass::disconnect() {
    network_disconnect(*this, NETWORK_DISCONNECT_REASON_USER, nullptr);
 80a0caa:	2200      	movs	r2, #0
 80a0cac:	2102      	movs	r1, #2
 80a0cae:	6840      	ldr	r0, [r0, #4]
 80a0cb0:	f7ff bbfe 	b.w	80a04b0 <network_disconnect>

080a0cb4 <_ZN5spark12NetworkClass10connectingEv>:
}

bool NetworkClass::connecting() {
    return network_connecting(*this, 0, nullptr);
 80a0cb4:	2200      	movs	r2, #0
 80a0cb6:	6840      	ldr	r0, [r0, #4]
 80a0cb8:	4611      	mov	r1, r2
 80a0cba:	f7ff bbf1 	b.w	80a04a0 <network_connecting>

080a0cbe <_ZN5spark12NetworkClass5readyEv>:
}

bool NetworkClass::ready() {
    return network_ready(*this, 0, nullptr);
 80a0cbe:	2200      	movs	r2, #0
 80a0cc0:	6840      	ldr	r0, [r0, #4]
 80a0cc2:	4611      	mov	r1, r2
 80a0cc4:	f7ff bbfc 	b.w	80a04c0 <network_ready>

080a0cc8 <_ZN5spark12NetworkClass2onEv>:
}

void NetworkClass::on() {
    network_on(*this, 0, 0, nullptr);
 80a0cc8:	2300      	movs	r3, #0
 80a0cca:	6840      	ldr	r0, [r0, #4]
 80a0ccc:	461a      	mov	r2, r3
 80a0cce:	4619      	mov	r1, r3
 80a0cd0:	f7ff bbfe 	b.w	80a04d0 <network_on>

080a0cd4 <_ZN5spark12NetworkClass3offEv>:
}

void NetworkClass::off() {
    network_off(*this, 0, 0, nullptr);
 80a0cd4:	2300      	movs	r3, #0
 80a0cd6:	6840      	ldr	r0, [r0, #4]
 80a0cd8:	461a      	mov	r2, r3
 80a0cda:	4619      	mov	r1, r3
 80a0cdc:	f7ff bc00 	b.w	80a04e0 <network_off>

080a0ce0 <_ZN5spark12NetworkClass4isOnEv>:
}

bool NetworkClass::isOn() {
    return network_is_on(*this, nullptr);
 80a0ce0:	2100      	movs	r1, #0
 80a0ce2:	6840      	ldr	r0, [r0, #4]
 80a0ce4:	f7ff bc24 	b.w	80a0530 <network_is_on>

080a0ce8 <_ZN5spark12NetworkClass5isOffEv>:
}

bool NetworkClass::isOff() {
    return network_is_off(*this, nullptr);
 80a0ce8:	2100      	movs	r1, #0
 80a0cea:	6840      	ldr	r0, [r0, #4]
 80a0cec:	f7ff bc28 	b.w	80a0540 <network_is_off>

080a0cf0 <_ZN5spark12NetworkClass6listenEb>:
}

void NetworkClass::listen(bool begin) {
    network_listen(*this, begin ? 0 : 1, nullptr);
 80a0cf0:	2200      	movs	r2, #0
 80a0cf2:	6840      	ldr	r0, [r0, #4]
 80a0cf4:	f081 0101 	eor.w	r1, r1, #1
 80a0cf8:	f7ff bbfa 	b.w	80a04f0 <network_listen>

080a0cfc <_ZN5spark12NetworkClass16setListenTimeoutEt>:
}

void NetworkClass::setListenTimeout(uint16_t timeout) {
    network_set_listen_timeout(*this, timeout, nullptr);
 80a0cfc:	2200      	movs	r2, #0
 80a0cfe:	6840      	ldr	r0, [r0, #4]
 80a0d00:	f7ff bc06 	b.w	80a0510 <network_set_listen_timeout>

080a0d04 <_ZN5spark12NetworkClass16getListenTimeoutEv>:
}

uint16_t NetworkClass::getListenTimeout() {
    return network_get_listen_timeout(*this, 0, nullptr);
 80a0d04:	2200      	movs	r2, #0
 80a0d06:	6840      	ldr	r0, [r0, #4]
 80a0d08:	4611      	mov	r1, r2
 80a0d0a:	f7ff bc09 	b.w	80a0520 <network_get_listen_timeout>

080a0d0e <_ZN5spark12NetworkClass9listeningEv>:
}

bool NetworkClass::listening() {
    return network_listening(*this, 0, nullptr);
 80a0d0e:	2200      	movs	r2, #0
 80a0d10:	6840      	ldr	r0, [r0, #4]
 80a0d12:	4611      	mov	r1, r2
 80a0d14:	f7ff bbf4 	b.w	80a0500 <network_listening>

080a0d18 <_ZN5spark12NetworkClass7resolveEPKc>:
}

IPAddress NetworkClass::resolve(const char* name) {
 80a0d18:	b570      	push	{r4, r5, r6, lr}
 80a0d1a:	4615      	mov	r5, r2
 80a0d1c:	b08e      	sub	sp, #56	; 0x38
 80a0d1e:	4604      	mov	r4, r0
    IPAddress addr;
 80a0d20:	a808      	add	r0, sp, #32
 80a0d22:	f7ff fda3 	bl	80a086c <_ZN9IPAddressC1Ev>
        HAL_IPAddress ip = {};
 80a0d26:	2211      	movs	r2, #17
 80a0d28:	2100      	movs	r1, #0
 80a0d2a:	a803      	add	r0, sp, #12
 80a0d2c:	f000 f912 	bl	80a0f54 <memset>
        return (inet_gethostbyname(name, strlen(name), &ip, *this, NULL) != 0) ?
 80a0d30:	2600      	movs	r6, #0
 80a0d32:	4628      	mov	r0, r5
 80a0d34:	f000 f93a 	bl	80a0fac <strlen>
 80a0d38:	4b0a      	ldr	r3, [pc, #40]	; (80a0d64 <_ZN5spark12NetworkClass7resolveEPKc+0x4c>)
 80a0d3a:	9600      	str	r6, [sp, #0]
 80a0d3c:	b281      	uxth	r1, r0
 80a0d3e:	685b      	ldr	r3, [r3, #4]
 80a0d40:	4628      	mov	r0, r5
 80a0d42:	aa03      	add	r2, sp, #12
 80a0d44:	f7ff fb80 	bl	80a0448 <inet_gethostbyname>
                IPAddress(uint32_t(0)) : IPAddress(ip);
 80a0d48:	b130      	cbz	r0, 80a0d58 <_ZN5spark12NetworkClass7resolveEPKc+0x40>
 80a0d4a:	4631      	mov	r1, r6
 80a0d4c:	4620      	mov	r0, r4
 80a0d4e:	f7ff fdad 	bl	80a08ac <_ZN9IPAddressC1Em>
    return Cellular.resolve(name);
#endif // Wiring_Cellular

#endif // HAL_USE_INET_HAL_POSIX
    return addr;
}
 80a0d52:	4620      	mov	r0, r4
 80a0d54:	b00e      	add	sp, #56	; 0x38
 80a0d56:	bd70      	pop	{r4, r5, r6, pc}
 80a0d58:	4620      	mov	r0, r4
 80a0d5a:	a903      	add	r1, sp, #12
 80a0d5c:	f7ff fd94 	bl	80a0888 <_ZN9IPAddressC1ERK16_HAL_IPAddress_t>
    virtual ~IPAddress() {}
 80a0d60:	e7f7      	b.n	80a0d52 <_ZN5spark12NetworkClass7resolveEPKc+0x3a>
 80a0d62:	bf00      	nop
 80a0d64:	20000514 	.word	0x20000514

080a0d68 <_GLOBAL__sub_I__ZN5spark7NetworkE>:
 80a0d68:	4b02      	ldr	r3, [pc, #8]	; (80a0d74 <_GLOBAL__sub_I__ZN5spark7NetworkE+0xc>)
 80a0d6a:	4a03      	ldr	r2, [pc, #12]	; (80a0d78 <_GLOBAL__sub_I__ZN5spark7NetworkE+0x10>)
 80a0d6c:	601a      	str	r2, [r3, #0]
 80a0d6e:	2200      	movs	r2, #0
 80a0d70:	605a      	str	r2, [r3, #4]

} // spark
 80a0d72:	4770      	bx	lr
 80a0d74:	2000051c 	.word	0x2000051c
 80a0d78:	080a11b8 	.word	0x080a11b8

080a0d7c <__tcf_0>:
        dispose();
    }

    void dispose()
    {
        if (handle_) {
 80a0d7c:	4b02      	ldr	r3, [pc, #8]	; (80a0d88 <__tcf_0+0xc>)
 80a0d7e:	6898      	ldr	r0, [r3, #8]
 80a0d80:	b108      	cbz	r0, 80a0d86 <__tcf_0+0xa>
            os_mutex_recursive_destroy(handle_);
 80a0d82:	f7ff ba97 	b.w	80a02b4 <os_mutex_recursive_destroy>

template <hal_spi_interface_t Interface>
class SpiProxy {
public:
    static SPIClass& instance() {
        static SPIClass instance(Interface);
 80a0d86:	4770      	bx	lr
 80a0d88:	20000528 	.word	0x20000528

080a0d8c <pinAvailable>:
/*
 * @brief Perform safety check on desired pin to see if it's already
 * being used.  Return 0 if used, otherwise return 1 if available.
 */
bool pinAvailable(uint16_t pin) {
  if (pin >= TOTAL_PINS) {
 80a0d8c:	2817      	cmp	r0, #23
bool pinAvailable(uint16_t pin) {
 80a0d8e:	b570      	push	{r4, r5, r6, lr}
 80a0d90:	4604      	mov	r4, r0
  if (pin >= TOTAL_PINS) {
 80a0d92:	d901      	bls.n	80a0d98 <pinAvailable+0xc>
    return false;
 80a0d94:	2000      	movs	r0, #0
    return false; // 'pin' is used
  }
#endif

  return true; // 'pin' is available
}
 80a0d96:	bd70      	pop	{r4, r5, r6, pc}
  if((pin == SCK || pin == MOSI || pin == MISO) && hal_spi_is_enabled(SPI.interface()) == true)
 80a0d98:	f1a0 030d 	sub.w	r3, r0, #13
 80a0d9c:	2b02      	cmp	r3, #2
 80a0d9e:	d90b      	bls.n	80a0db8 <pinAvailable+0x2c>
  if((pin == SCL || pin == SDA) && hal_i2c_is_enabled(Wire.interface(), nullptr) == true)
 80a0da0:	2801      	cmp	r0, #1
 80a0da2:	d824      	bhi.n	80a0dee <pinAvailable+0x62>
 80a0da4:	f000 f89a 	bl	80a0edc <_Z19__fetch_global_Wirev>
 80a0da8:	2100      	movs	r1, #0
 80a0daa:	7c00      	ldrb	r0, [r0, #16]
 80a0dac:	f7ff faf2 	bl	80a0394 <hal_i2c_is_enabled>
  if((pin == RX || pin == TX) && hal_usart_is_enabled(Serial1.interface()) == true)
 80a0db0:	f080 0001 	eor.w	r0, r0, #1
 80a0db4:	b2c0      	uxtb	r0, r0
 80a0db6:	e7ee      	b.n	80a0d96 <pinAvailable+0xa>
 80a0db8:	4e12      	ldr	r6, [pc, #72]	; (80a0e04 <pinAvailable+0x78>)
 80a0dba:	7831      	ldrb	r1, [r6, #0]
 80a0dbc:	f3bf 8f5b 	dmb	ish
 80a0dc0:	f011 0501 	ands.w	r5, r1, #1
 80a0dc4:	d10d      	bne.n	80a0de2 <pinAvailable+0x56>
 80a0dc6:	4630      	mov	r0, r6
 80a0dc8:	f7ff f969 	bl	80a009e <__cxa_guard_acquire>
 80a0dcc:	b148      	cbz	r0, 80a0de2 <pinAvailable+0x56>
 80a0dce:	4629      	mov	r1, r5
 80a0dd0:	480d      	ldr	r0, [pc, #52]	; (80a0e08 <pinAvailable+0x7c>)
 80a0dd2:	f7ff fbdd 	bl	80a0590 <_ZN8SPIClassC1E19hal_spi_interface_t>
 80a0dd6:	4630      	mov	r0, r6
 80a0dd8:	f7ff f966 	bl	80a00a8 <__cxa_guard_release>
 80a0ddc:	480b      	ldr	r0, [pc, #44]	; (80a0e0c <pinAvailable+0x80>)
 80a0dde:	f000 f8a5 	bl	80a0f2c <atexit>
  if((pin == SCK || pin == MOSI || pin == MISO) && hal_spi_is_enabled(SPI.interface()) == true)
 80a0de2:	4b09      	ldr	r3, [pc, #36]	; (80a0e08 <pinAvailable+0x7c>)
 80a0de4:	7818      	ldrb	r0, [r3, #0]
 80a0de6:	f7ff faef 	bl	80a03c8 <hal_spi_is_enabled>
 80a0dea:	2800      	cmp	r0, #0
 80a0dec:	d1d2      	bne.n	80a0d94 <pinAvailable+0x8>
  if((pin == RX || pin == TX) && hal_usart_is_enabled(Serial1.interface()) == true)
 80a0dee:	3c12      	subs	r4, #18
 80a0df0:	2c01      	cmp	r4, #1
 80a0df2:	d805      	bhi.n	80a0e00 <pinAvailable+0x74>
 80a0df4:	f7ff fe98 	bl	80a0b28 <_Z22__fetch_global_Serial1v>
 80a0df8:	7c00      	ldrb	r0, [r0, #16]
 80a0dfa:	f7ff fa93 	bl	80a0324 <hal_usart_is_enabled>
 80a0dfe:	e7d7      	b.n	80a0db0 <pinAvailable+0x24>
  return true; // 'pin' is available
 80a0e00:	2001      	movs	r0, #1
 80a0e02:	e7c8      	b.n	80a0d96 <pinAvailable+0xa>
 80a0e04:	20000524 	.word	0x20000524
 80a0e08:	20000528 	.word	0x20000528
 80a0e0c:	080a0d7d 	.word	0x080a0d7d

080a0e10 <pinMode>:
  if(pin >= TOTAL_PINS || setMode == PIN_MODE_NONE )
 80a0e10:	2817      	cmp	r0, #23
{
 80a0e12:	b538      	push	{r3, r4, r5, lr}
 80a0e14:	4604      	mov	r4, r0
 80a0e16:	460d      	mov	r5, r1
  if(pin >= TOTAL_PINS || setMode == PIN_MODE_NONE )
 80a0e18:	d80a      	bhi.n	80a0e30 <pinMode+0x20>
 80a0e1a:	29ff      	cmp	r1, #255	; 0xff
 80a0e1c:	d008      	beq.n	80a0e30 <pinMode+0x20>
  if( !pinAvailable(pin) ) {
 80a0e1e:	f7ff ffb5 	bl	80a0d8c <pinAvailable>
 80a0e22:	b128      	cbz	r0, 80a0e30 <pinMode+0x20>
  HAL_Pin_Mode(pin, setMode);
 80a0e24:	4629      	mov	r1, r5
 80a0e26:	4620      	mov	r0, r4
}
 80a0e28:	e8bd 4038 	ldmia.w	sp!, {r3, r4, r5, lr}
  HAL_Pin_Mode(pin, setMode);
 80a0e2c:	f7ff ba0a 	b.w	80a0244 <HAL_Pin_Mode>
}
 80a0e30:	bd38      	pop	{r3, r4, r5, pc}

080a0e32 <digitalWrite>:

/*
 * @brief Sets a GPIO pin to HIGH or LOW.
 */
void digitalWrite(pin_t pin, uint8_t value)
{
 80a0e32:	b538      	push	{r3, r4, r5, lr}
 80a0e34:	4604      	mov	r4, r0
 80a0e36:	460d      	mov	r5, r1
    PinMode mode = HAL_Get_Pin_Mode(pin);
 80a0e38:	f7ff fa0c 	bl	80a0254 <HAL_Get_Pin_Mode>
    if (mode==PIN_MODE_NONE || is_input_mode(mode))
 80a0e3c:	28ff      	cmp	r0, #255	; 0xff
 80a0e3e:	d010      	beq.n	80a0e62 <digitalWrite+0x30>
            mode == INPUT_PULLDOWN ||
 80a0e40:	2806      	cmp	r0, #6
 80a0e42:	d804      	bhi.n	80a0e4e <digitalWrite+0x1c>
 80a0e44:	234d      	movs	r3, #77	; 0x4d
 80a0e46:	fa23 f000 	lsr.w	r0, r3, r0
 80a0e4a:	07c3      	lsls	r3, r0, #31
 80a0e4c:	d409      	bmi.n	80a0e62 <digitalWrite+0x30>
        return;
  // Safety check
  if( !pinAvailable(pin) ) {
 80a0e4e:	4620      	mov	r0, r4
 80a0e50:	f7ff ff9c 	bl	80a0d8c <pinAvailable>
 80a0e54:	b128      	cbz	r0, 80a0e62 <digitalWrite+0x30>
    return;
  }

  HAL_GPIO_Write(pin, value);
 80a0e56:	4629      	mov	r1, r5
 80a0e58:	4620      	mov	r0, r4
}
 80a0e5a:	e8bd 4038 	ldmia.w	sp!, {r3, r4, r5, lr}
  HAL_GPIO_Write(pin, value);
 80a0e5e:	f7ff ba01 	b.w	80a0264 <HAL_GPIO_Write>
}
 80a0e62:	bd38      	pop	{r3, r4, r5, pc}

080a0e64 <digitalRead>:

/*
 * @brief Reads the value of a GPIO pin. Should return either 1 (HIGH) or 0 (LOW).
 */
int32_t digitalRead(pin_t pin)
{
 80a0e64:	b510      	push	{r4, lr}
 80a0e66:	4604      	mov	r4, r0
    PinMode mode = HAL_Get_Pin_Mode(pin);
 80a0e68:	f7ff f9f4 	bl	80a0254 <HAL_Get_Pin_Mode>
    return mode == AF_OUTPUT_PUSHPULL ||
 80a0e6c:	1f03      	subs	r3, r0, #4
    if (is_af_output_mode(mode))
 80a0e6e:	b2db      	uxtb	r3, r3
 80a0e70:	2b01      	cmp	r3, #1
 80a0e72:	d908      	bls.n	80a0e86 <digitalRead+0x22>
        return LOW;

    // Safety check
    if( !pinAvailable(pin) ) {
 80a0e74:	4620      	mov	r0, r4
 80a0e76:	f7ff ff89 	bl	80a0d8c <pinAvailable>
 80a0e7a:	b120      	cbz	r0, 80a0e86 <digitalRead+0x22>
      return LOW;
    }

    return HAL_GPIO_Read(pin);
 80a0e7c:	4620      	mov	r0, r4
}
 80a0e7e:	e8bd 4010 	ldmia.w	sp!, {r4, lr}
    return HAL_GPIO_Read(pin);
 80a0e82:	f7ff b9f7 	b.w	80a0274 <HAL_GPIO_Read>
}
 80a0e86:	2000      	movs	r0, #0
 80a0e88:	bd10      	pop	{r4, pc}
	...

080a0e8c <_GLOBAL__sub_I_INADDR_NONE>:
#include "spark_wiring_ipaddress.h"

#if !HAL_USE_SOCKET_HAL_POSIX
const IPAddress INADDR_NONE(0, 0, 0, 0);
 80a0e8c:	2300      	movs	r3, #0
 80a0e8e:	b507      	push	{r0, r1, r2, lr}
 80a0e90:	461a      	mov	r2, r3
 80a0e92:	4619      	mov	r1, r3
 80a0e94:	9300      	str	r3, [sp, #0]
 80a0e96:	4803      	ldr	r0, [pc, #12]	; (80a0ea4 <_GLOBAL__sub_I_INADDR_NONE+0x18>)
 80a0e98:	f7ff fd1e 	bl	80a08d8 <_ZN9IPAddressC1Ehhhh>
 80a0e9c:	b003      	add	sp, #12
 80a0e9e:	f85d fb04 	ldr.w	pc, [sp], #4
 80a0ea2:	bf00      	nop
 80a0ea4:	20000538 	.word	0x20000538

080a0ea8 <__tcf_0>:
}
#endif

TwoWire& __fetch_global_Wire()
{
	static TwoWire wire(HAL_I2C_INTERFACE1, acquireWireBuffer());
 80a0ea8:	4770      	bx	lr
	...

080a0eac <_Z17acquireWireBufferv>:
	hal_i2c_config_t config = {
 80a0eac:	2300      	movs	r3, #0
{
 80a0eae:	b570      	push	{r4, r5, r6, lr}
	hal_i2c_config_t config = {
 80a0eb0:	2520      	movs	r5, #32
 80a0eb2:	8043      	strh	r3, [r0, #2]
 80a0eb4:	2314      	movs	r3, #20
		.rx_buffer = new (std::nothrow) uint8_t[I2C_BUFFER_LENGTH],
 80a0eb6:	4e08      	ldr	r6, [pc, #32]	; (80a0ed8 <_Z17acquireWireBufferv+0x2c>)
{
 80a0eb8:	4604      	mov	r4, r0
	hal_i2c_config_t config = {
 80a0eba:	8003      	strh	r3, [r0, #0]
		.rx_buffer = new (std::nothrow) uint8_t[I2C_BUFFER_LENGTH],
 80a0ebc:	4631      	mov	r1, r6
	hal_i2c_config_t config = {
 80a0ebe:	6085      	str	r5, [r0, #8]
 80a0ec0:	6105      	str	r5, [r0, #16]
		.rx_buffer = new (std::nothrow) uint8_t[I2C_BUFFER_LENGTH],
 80a0ec2:	4628      	mov	r0, r5
 80a0ec4:	f000 f830 	bl	80a0f28 <_ZnajRKSt9nothrow_t>
		.tx_buffer = new (std::nothrow) uint8_t[I2C_BUFFER_LENGTH],
 80a0ec8:	4631      	mov	r1, r6
	};
 80a0eca:	6060      	str	r0, [r4, #4]
		.tx_buffer = new (std::nothrow) uint8_t[I2C_BUFFER_LENGTH],
 80a0ecc:	4628      	mov	r0, r5
 80a0ece:	f000 f82b 	bl	80a0f28 <_ZnajRKSt9nothrow_t>
	};
 80a0ed2:	60e0      	str	r0, [r4, #12]
}
 80a0ed4:	4620      	mov	r0, r4
 80a0ed6:	bd70      	pop	{r4, r5, r6, pc}
 80a0ed8:	080a11ec 	.word	0x080a11ec

080a0edc <_Z19__fetch_global_Wirev>:
{
 80a0edc:	b530      	push	{r4, r5, lr}
	static TwoWire wire(HAL_I2C_INTERFACE1, acquireWireBuffer());
 80a0ede:	4d0e      	ldr	r5, [pc, #56]	; (80a0f18 <_Z19__fetch_global_Wirev+0x3c>)
{
 80a0ee0:	b087      	sub	sp, #28
	static TwoWire wire(HAL_I2C_INTERFACE1, acquireWireBuffer());
 80a0ee2:	7829      	ldrb	r1, [r5, #0]
 80a0ee4:	f3bf 8f5b 	dmb	ish
 80a0ee8:	f011 0401 	ands.w	r4, r1, #1
 80a0eec:	d111      	bne.n	80a0f12 <_Z19__fetch_global_Wirev+0x36>
 80a0eee:	4628      	mov	r0, r5
 80a0ef0:	f7ff f8d5 	bl	80a009e <__cxa_guard_acquire>
 80a0ef4:	b168      	cbz	r0, 80a0f12 <_Z19__fetch_global_Wirev+0x36>
 80a0ef6:	a801      	add	r0, sp, #4
 80a0ef8:	f7ff ffd8 	bl	80a0eac <_Z17acquireWireBufferv>
 80a0efc:	4621      	mov	r1, r4
 80a0efe:	aa01      	add	r2, sp, #4
 80a0f00:	4806      	ldr	r0, [pc, #24]	; (80a0f1c <_Z19__fetch_global_Wirev+0x40>)
 80a0f02:	f7ff fe61 	bl	80a0bc8 <_ZN7TwoWireC1E19hal_i2c_interface_tRK16hal_i2c_config_t>
 80a0f06:	4628      	mov	r0, r5
 80a0f08:	f7ff f8ce 	bl	80a00a8 <__cxa_guard_release>
 80a0f0c:	4804      	ldr	r0, [pc, #16]	; (80a0f20 <_Z19__fetch_global_Wirev+0x44>)
 80a0f0e:	f000 f80d 	bl	80a0f2c <atexit>
	return wire;
}
 80a0f12:	4802      	ldr	r0, [pc, #8]	; (80a0f1c <_Z19__fetch_global_Wirev+0x40>)
 80a0f14:	b007      	add	sp, #28
 80a0f16:	bd30      	pop	{r4, r5, pc}
 80a0f18:	20000550 	.word	0x20000550
 80a0f1c:	20000554 	.word	0x20000554
 80a0f20:	080a0ea9 	.word	0x080a0ea9

080a0f24 <_ZdlPvj>:
 80a0f24:	f7ff b8b9 	b.w	80a009a <_ZdlPv>

080a0f28 <_ZnajRKSt9nothrow_t>:
 80a0f28:	f7ff b8b5 	b.w	80a0096 <_Znaj>

080a0f2c <atexit>:
 80a0f2c:	2300      	movs	r3, #0
 80a0f2e:	4601      	mov	r1, r0
 80a0f30:	461a      	mov	r2, r3
 80a0f32:	4618      	mov	r0, r3
 80a0f34:	f000 b842 	b.w	80a0fbc <__register_exitproc>

080a0f38 <memcpy>:
 80a0f38:	440a      	add	r2, r1
 80a0f3a:	4291      	cmp	r1, r2
 80a0f3c:	f100 33ff 	add.w	r3, r0, #4294967295
 80a0f40:	d100      	bne.n	80a0f44 <memcpy+0xc>
 80a0f42:	4770      	bx	lr
 80a0f44:	b510      	push	{r4, lr}
 80a0f46:	f811 4b01 	ldrb.w	r4, [r1], #1
 80a0f4a:	4291      	cmp	r1, r2
 80a0f4c:	f803 4f01 	strb.w	r4, [r3, #1]!
 80a0f50:	d1f9      	bne.n	80a0f46 <memcpy+0xe>
 80a0f52:	bd10      	pop	{r4, pc}

080a0f54 <memset>:
 80a0f54:	4603      	mov	r3, r0
 80a0f56:	4402      	add	r2, r0
 80a0f58:	4293      	cmp	r3, r2
 80a0f5a:	d100      	bne.n	80a0f5e <memset+0xa>
 80a0f5c:	4770      	bx	lr
 80a0f5e:	f803 1b01 	strb.w	r1, [r3], #1
 80a0f62:	e7f9      	b.n	80a0f58 <memset+0x4>

080a0f64 <srand>:
 80a0f64:	b538      	push	{r3, r4, r5, lr}
 80a0f66:	4b0d      	ldr	r3, [pc, #52]	; (80a0f9c <srand+0x38>)
 80a0f68:	4604      	mov	r4, r0
 80a0f6a:	681d      	ldr	r5, [r3, #0]
 80a0f6c:	6bab      	ldr	r3, [r5, #56]	; 0x38
 80a0f6e:	b97b      	cbnz	r3, 80a0f90 <srand+0x2c>
 80a0f70:	2018      	movs	r0, #24
 80a0f72:	f7ff faf5 	bl	80a0560 <malloc>
 80a0f76:	4a0a      	ldr	r2, [pc, #40]	; (80a0fa0 <srand+0x3c>)
 80a0f78:	4b0a      	ldr	r3, [pc, #40]	; (80a0fa4 <srand+0x40>)
 80a0f7a:	63a8      	str	r0, [r5, #56]	; 0x38
 80a0f7c:	e9c0 2300 	strd	r2, r3, [r0]
 80a0f80:	4b09      	ldr	r3, [pc, #36]	; (80a0fa8 <srand+0x44>)
 80a0f82:	2201      	movs	r2, #1
 80a0f84:	6083      	str	r3, [r0, #8]
 80a0f86:	230b      	movs	r3, #11
 80a0f88:	8183      	strh	r3, [r0, #12]
 80a0f8a:	2300      	movs	r3, #0
 80a0f8c:	e9c0 2304 	strd	r2, r3, [r0, #16]
 80a0f90:	2200      	movs	r2, #0
 80a0f92:	6bab      	ldr	r3, [r5, #56]	; 0x38
 80a0f94:	611c      	str	r4, [r3, #16]
 80a0f96:	615a      	str	r2, [r3, #20]
 80a0f98:	bd38      	pop	{r3, r4, r5, pc}
 80a0f9a:	bf00      	nop
 80a0f9c:	2000000c 	.word	0x2000000c
 80a0fa0:	abcd330e 	.word	0xabcd330e
 80a0fa4:	e66d1234 	.word	0xe66d1234
 80a0fa8:	0005deec 	.word	0x0005deec

080a0fac <strlen>:
 80a0fac:	4603      	mov	r3, r0
 80a0fae:	f813 2b01 	ldrb.w	r2, [r3], #1
 80a0fb2:	2a00      	cmp	r2, #0
 80a0fb4:	d1fb      	bne.n	80a0fae <strlen+0x2>
 80a0fb6:	1a18      	subs	r0, r3, r0
 80a0fb8:	3801      	subs	r0, #1
 80a0fba:	4770      	bx	lr

080a0fbc <__register_exitproc>:
 80a0fbc:	e92d 43f8 	stmdb	sp!, {r3, r4, r5, r6, r7, r8, r9, lr}
 80a0fc0:	f8df 80bc 	ldr.w	r8, [pc, #188]	; 80a1080 <__register_exitproc+0xc4>
 80a0fc4:	4606      	mov	r6, r0
 80a0fc6:	f8d8 0000 	ldr.w	r0, [r8]
 80a0fca:	461f      	mov	r7, r3
 80a0fcc:	460d      	mov	r5, r1
 80a0fce:	4691      	mov	r9, r2
 80a0fd0:	f000 f858 	bl	80a1084 <__retarget_lock_acquire_recursive>
 80a0fd4:	4b26      	ldr	r3, [pc, #152]	; (80a1070 <__register_exitproc+0xb4>)
 80a0fd6:	681c      	ldr	r4, [r3, #0]
 80a0fd8:	b934      	cbnz	r4, 80a0fe8 <__register_exitproc+0x2c>
 80a0fda:	4c26      	ldr	r4, [pc, #152]	; (80a1074 <__register_exitproc+0xb8>)
 80a0fdc:	601c      	str	r4, [r3, #0]
 80a0fde:	4b26      	ldr	r3, [pc, #152]	; (80a1078 <__register_exitproc+0xbc>)
 80a0fe0:	b113      	cbz	r3, 80a0fe8 <__register_exitproc+0x2c>
 80a0fe2:	681b      	ldr	r3, [r3, #0]
 80a0fe4:	f8c4 3088 	str.w	r3, [r4, #136]	; 0x88
 80a0fe8:	6863      	ldr	r3, [r4, #4]
 80a0fea:	2b1f      	cmp	r3, #31
 80a0fec:	dd07      	ble.n	80a0ffe <__register_exitproc+0x42>
 80a0fee:	f8d8 0000 	ldr.w	r0, [r8]
 80a0ff2:	f000 f849 	bl	80a1088 <__retarget_lock_release_recursive>
 80a0ff6:	f04f 30ff 	mov.w	r0, #4294967295
 80a0ffa:	e8bd 83f8 	ldmia.w	sp!, {r3, r4, r5, r6, r7, r8, r9, pc}
 80a0ffe:	b35e      	cbz	r6, 80a1058 <__register_exitproc+0x9c>
 80a1000:	f8d4 0088 	ldr.w	r0, [r4, #136]	; 0x88
 80a1004:	b988      	cbnz	r0, 80a102a <__register_exitproc+0x6e>
 80a1006:	4b1d      	ldr	r3, [pc, #116]	; (80a107c <__register_exitproc+0xc0>)
 80a1008:	b923      	cbnz	r3, 80a1014 <__register_exitproc+0x58>
 80a100a:	f8d8 0000 	ldr.w	r0, [r8]
 80a100e:	f000 f83a 	bl	80a1086 <__retarget_lock_release>
 80a1012:	e7f0      	b.n	80a0ff6 <__register_exitproc+0x3a>
 80a1014:	f44f 7084 	mov.w	r0, #264	; 0x108
 80a1018:	f7ff faa2 	bl	80a0560 <malloc>
 80a101c:	2800      	cmp	r0, #0
 80a101e:	d0f4      	beq.n	80a100a <__register_exitproc+0x4e>
 80a1020:	2300      	movs	r3, #0
 80a1022:	e9c0 3340 	strd	r3, r3, [r0, #256]	; 0x100
 80a1026:	f8c4 0088 	str.w	r0, [r4, #136]	; 0x88
 80a102a:	2201      	movs	r2, #1
 80a102c:	6863      	ldr	r3, [r4, #4]
 80a102e:	2e02      	cmp	r6, #2
 80a1030:	f840 9023 	str.w	r9, [r0, r3, lsl #2]
 80a1034:	fa02 f203 	lsl.w	r2, r2, r3
 80a1038:	eb00 0183 	add.w	r1, r0, r3, lsl #2
 80a103c:	f8d0 3100 	ldr.w	r3, [r0, #256]	; 0x100
 80a1040:	ea43 0302 	orr.w	r3, r3, r2
 80a1044:	f8c0 3100 	str.w	r3, [r0, #256]	; 0x100
 80a1048:	f8c1 7080 	str.w	r7, [r1, #128]	; 0x80
 80a104c:	bf02      	ittt	eq
 80a104e:	f8d0 3104 	ldreq.w	r3, [r0, #260]	; 0x104
 80a1052:	431a      	orreq	r2, r3
 80a1054:	f8c0 2104 	streq.w	r2, [r0, #260]	; 0x104
 80a1058:	6863      	ldr	r3, [r4, #4]
 80a105a:	f8d8 0000 	ldr.w	r0, [r8]
 80a105e:	1c5a      	adds	r2, r3, #1
 80a1060:	3302      	adds	r3, #2
 80a1062:	6062      	str	r2, [r4, #4]
 80a1064:	f844 5023 	str.w	r5, [r4, r3, lsl #2]
 80a1068:	f000 f80e 	bl	80a1088 <__retarget_lock_release_recursive>
 80a106c:	2000      	movs	r0, #0
 80a106e:	e7c4      	b.n	80a0ffa <__register_exitproc+0x3e>
 80a1070:	200005f4 	.word	0x200005f4
 80a1074:	20000568 	.word	0x20000568
 80a1078:	00000000 	.word	0x00000000
 80a107c:	080a0561 	.word	0x080a0561
 80a1080:	20000070 	.word	0x20000070

080a1084 <__retarget_lock_acquire_recursive>:
 80a1084:	4770      	bx	lr

080a1086 <__retarget_lock_release>:
 80a1086:	4770      	bx	lr

080a1088 <__retarget_lock_release_recursive>:
 80a1088:	4770      	bx	lr

080a108a <link_code_end>:
	...

080a108c <dynalib_user>:
 80a108c:	001d 080a 005d 080a 0085 080a 0089 080a     ....]...........
 80a109c:	0000 0000 7542 7474 6e6f 7020 6572 7373     ....Button press
 80a10ac:	6420 7465 6365 6574 2e64 6100 7070 2500      detected..app.%
 80a10bc:	2d59 6d25 252d 5464 4825 253a 3a4d 5325     Y-%m-%dT%H:%M:%S
 80a10cc:	7a25 6100 6373 6974 656d 0000               %z.asctime..

080a10d8 <_ZTV9IPAddress>:
	...
 80a10e0:	0839 080a 0829 080a 082b 080a               9...)...+...

080a10ec <_ZTV9USBSerial>:
	...
 80a10f4:	08f7 080a 095d 080a 0935 080a 05d5 080a     ....]...5.......
 80a1104:	0927 080a 08f9 080a 0909 080a 0957 080a     '...........W...
 80a1114:	0919 080a 08f1 080a                         ........

080a111c <_ZTV11USARTSerial>:
	...
 80a1124:	0a85 080a 0aef 080a 0acb 080a 05d5 080a     ................
 80a1134:	0a9b 080a 0ab7 080a 0aa9 080a 0ac5 080a     ................
 80a1144:	0a87 080a 0a8d 080a                         ........

080a114c <_ZTV7TwoWire>:
	...
 80a1154:	0b71 080a 0bbb 080a 0b93 080a 0b73 080a     q...........s...
 80a1164:	0b9b 080a 0ba3 080a 0bab 080a 0bb3 080a     ................

080a1174 <_ZTVN5spark9WiFiClassE>:
	...
 80a117c:	0c83 080a 0c79 080a 0c6f 080a 0bed 080a     ....y...o.......
 80a118c:	068d 080a 0c63 080a 0ce1 080a 0ce9 080a     ....c...........
 80a119c:	0c57 080a 0c4f 080a 0c45 080a 0c3b 080a     W...O...E...;...
 80a11ac:	0bf7 080a                                   ....

080a11b0 <_ZTVN5spark12NetworkClassE>:
	...
 80a11b8:	0ca1 080a 0cab 080a 0cb5 080a 0cbf 080a     ................
 80a11c8:	0cc9 080a 0cd5 080a 0ce1 080a 0ce9 080a     ................
 80a11d8:	0cf1 080a 0cfd 080a 0d05 080a 0d0f 080a     ................
 80a11e8:	0d19 080a                                   ....

080a11ec <_ZSt7nothrow>:
	...

080a11ed <link_const_variable_data_end>:
 80a11ed:	00          	.byte	0x00
	...

080a11f0 <link_constructors_location>:
 80a11f0:	080a05b1 	.word	0x080a05b1
 80a11f4:	080a0699 	.word	0x080a0699
 80a11f8:	080a06a9 	.word	0x080a06a9
 80a11fc:	080a06bd 	.word	0x080a06bd
 80a1200:	080a0c8d 	.word	0x080a0c8d
 80a1204:	080a0d69 	.word	0x080a0d69
 80a1208:	080a0e8d 	.word	0x080a0e8d

080a120c <link_constructors_end>:
 80a120c:	00000000 	.word	0x00000000
