
c:/Users/gahym/EE1301/IOT_Labs/Lan3_Internet_Connectivity/exercise3/target/2.3.0/photon/exercise3.elf:     file format elf32-littlearm

Sections:
Idx Name          Size      VMA       LMA       File off  Algn
  0 .module_info  00000018  080a0000  080a0000  00010000  2**0
                  CONTENTS, ALLOC, LOAD, READONLY, DATA
  1 .dynalib      00000004  080a0018  080a0018  00010018  2**2
                  CONTENTS, ALLOC, LOAD, READONLY, DATA
  2 .text         00003ad0  080a0020  080a0020  00010020  2**3
                  CONTENTS, ALLOC, LOAD, READONLY, CODE
  3 .backup       00000004  40024000  080a3af0  00014000  2**2
                  CONTENTS, ALLOC, LOAD, DATA
  4 .data         00000078  20000000  080a3af4  00020000  2**2
                  CONTENTS, ALLOC, LOAD, DATA
  5 .bss          000005b4  20000078  20000078  00030078  2**2
                  ALLOC
  6 .module_info_suffix 00000028  080a3b6c  080a3b6c  00023b6c  2**0
                  CONTENTS, ALLOC, LOAD, READONLY, DATA
  7 .module_info_crc 00000004  080a3b94  080a3b94  00023b94  2**0
                  CONTENTS, ALLOC, LOAD, READONLY, DATA
  8 .debug_info   0012476f  00000000  00000000  00023b98  2**0
                  CONTENTS, READONLY, DEBUGGING
  9 .debug_abbrev 000156d1  00000000  00000000  00148307  2**0
                  CONTENTS, READONLY, DEBUGGING
 10 .debug_loc    0001cd0d  00000000  00000000  0015d9d8  2**0
                  CONTENTS, READONLY, DEBUGGING
 11 .debug_aranges 00002110  00000000  00000000  0017a6e5  2**0
                  CONTENTS, READONLY, DEBUGGING
 12 .debug_ranges 00005508  00000000  00000000  0017c7f5  2**0
                  CONTENTS, READONLY, DEBUGGING
 13 .debug_macro  00027fbf  00000000  00000000  00181cfd  2**0
                  CONTENTS, READONLY, DEBUGGING
 14 .debug_line   0002fca1  00000000  00000000  001a9cbc  2**0
                  CONTENTS, READONLY, DEBUGGING
 15 .debug_str    000b304f  00000000  00000000  001d995d  2**0
                  CONTENTS, READONLY, DEBUGGING
 16 .debug_frame  00005768  00000000  00000000  0028c9ac  2**2
                  CONTENTS, READONLY, DEBUGGING

Disassembly of section .text:

080a0020 <module_user_pre_init>:
/**
 * Initializes this user module. Returns the start of the heap.
 */
void* module_user_pre_init() {

    if ( (&link_global_data_start!=&link_global_data_initial_values) && (link_global_data_size != 0))
 80a0020:	4809      	ldr	r0, [pc, #36]	; (80a0048 <module_user_pre_init+0x28>)
 80a0022:	490a      	ldr	r1, [pc, #40]	; (80a004c <module_user_pre_init+0x2c>)
void* module_user_pre_init() {
 80a0024:	b508      	push	{r3, lr}
    if ( (&link_global_data_start!=&link_global_data_initial_values) && (link_global_data_size != 0))
 80a0026:	4288      	cmp	r0, r1
 80a0028:	d005      	beq.n	80a0036 <module_user_pre_init+0x16>
 80a002a:	4a09      	ldr	r2, [pc, #36]	; (80a0050 <module_user_pre_init+0x30>)
 80a002c:	4282      	cmp	r2, r0
 80a002e:	d002      	beq.n	80a0036 <module_user_pre_init+0x16>
    {
        memcpy(&link_global_data_start, &link_global_data_initial_values, link_global_data_size);
 80a0030:	1a12      	subs	r2, r2, r0
 80a0032:	f003 fa7f 	bl	80a3534 <memcpy>
    }

    memset(&link_bss_location, 0, link_bss_size );
 80a0036:	4807      	ldr	r0, [pc, #28]	; (80a0054 <module_user_pre_init+0x34>)
 80a0038:	4a07      	ldr	r2, [pc, #28]	; (80a0058 <module_user_pre_init+0x38>)
 80a003a:	2100      	movs	r1, #0
 80a003c:	1a12      	subs	r2, r2, r0
 80a003e:	f003 fa87 	bl	80a3550 <memset>
    return &link_heap_start;
}
 80a0042:	4806      	ldr	r0, [pc, #24]	; (80a005c <module_user_pre_init+0x3c>)
 80a0044:	bd08      	pop	{r3, pc}
 80a0046:	bf00      	nop
 80a0048:	20000000 	.word	0x20000000
 80a004c:	080a3af4 	.word	0x080a3af4
 80a0050:	20000078 	.word	0x20000078
 80a0054:	20000078 	.word	0x20000078
 80a0058:	20000629 	.word	0x20000629
 80a005c:	20000629 	.word	0x20000629

080a0060 <module_user_init>:
extern constructor_ptr_t link_constructors_location[];
extern constructor_ptr_t link_constructors_end;
#define link_constructors_size   ((unsigned long)&link_constructors_end  -  (unsigned long)&link_constructors_location )

void module_user_init()
{
 80a0060:	b570      	push	{r4, r5, r6, lr}
    module_user_init_hook();
 80a0062:	f001 ffd3 	bl	80a200c <module_user_init_hook>

    // invoke constructors
    int ctor_num;
    for (ctor_num=0; ctor_num < link_constructors_size/sizeof(constructor_ptr_t); ctor_num++ )
 80a0066:	2500      	movs	r5, #0
 80a0068:	4e05      	ldr	r6, [pc, #20]	; (80a0080 <module_user_init+0x20>)
 80a006a:	4c06      	ldr	r4, [pc, #24]	; (80a0084 <module_user_init+0x24>)
 80a006c:	1ba4      	subs	r4, r4, r6
 80a006e:	08a4      	lsrs	r4, r4, #2
 80a0070:	42a5      	cmp	r5, r4
 80a0072:	d100      	bne.n	80a0076 <module_user_init+0x16>
    {
        link_constructors_location[ctor_num]();
    }
}
 80a0074:	bd70      	pop	{r4, r5, r6, pc}
        link_constructors_location[ctor_num]();
 80a0076:	f856 3b04 	ldr.w	r3, [r6], #4
 80a007a:	4798      	blx	r3
    for (ctor_num=0; ctor_num < link_constructors_size/sizeof(constructor_ptr_t); ctor_num++ )
 80a007c:	3501      	adds	r5, #1
 80a007e:	e7f7      	b.n	80a0070 <module_user_init+0x10>
 80a0080:	080a3ac8 	.word	0x080a3ac8
 80a0084:	080a3aec 	.word	0x080a3aec

080a0088 <module_user_setup>:

/**
 * Export these functions with a fuller name so they don't clash with the setup/loop wrappers in the system module.
 */
void module_user_setup() {
    setup();
 80a0088:	f000 b874 	b.w	80a0174 <setup>

080a008c <module_user_loop>:
}

void module_user_loop() {
 80a008c:	b508      	push	{r3, lr}
    loop();
 80a008e:	f000 f8c7 	bl	80a0220 <loop>
    _post_loop();
}
 80a0092:	e8bd 4008 	ldmia.w	sp!, {r3, lr}
    _post_loop();
 80a0096:	f001 bf71 	b.w	80a1f7c <_post_loop>

080a009a <_Znwj>:
 * Implement C++ new/delete operators using the heap
 */

void *operator new(size_t size)
{
	return malloc(size);
 80a009a:	f001 bd1d 	b.w	80a1ad8 <malloc>

080a009e <_Znaj>:
 80a009e:	f001 bd1b 	b.w	80a1ad8 <malloc>

080a00a2 <_ZdlPv>:
	return malloc(size);
}

void operator delete(void *p)
{
	free(p);
 80a00a2:	f001 bd21 	b.w	80a1ae8 <free>

080a00a6 <__cxa_guard_acquire>:

/* Provide default implemenation for __cxa_guard_acquire() and
 * __cxa_guard_release(). Note: these must be revisited if a multitasking
 * OS is ported to this platform. */
__extension__ typedef int __guard __attribute__((mode (__DI__)));
int __cxa_guard_acquire(__guard *g) {return !*(char *)(g);};
 80a00a6:	7800      	ldrb	r0, [r0, #0]
 80a00a8:	fab0 f080 	clz	r0, r0
 80a00ac:	0940      	lsrs	r0, r0, #5
 80a00ae:	4770      	bx	lr

080a00b0 <__cxa_guard_release>:
void __cxa_guard_release (__guard *g) {*(char *)g = 1;};
 80a00b0:	2301      	movs	r3, #1
 80a00b2:	7003      	strb	r3, [r0, #0]
 80a00b4:	4770      	bx	lr
	...

080a00b8 <_Z17setTempFromString6String>:
        return -1;
    }
}


int setTempFromString(String inputString) {
 80a00b8:	b508      	push	{r3, lr}

desiredTemp = inputString.toInt();
 80a00ba:	f001 fe81 	bl	80a1dc0 <_ZNK6String5toIntEv>
 80a00be:	4b02      	ldr	r3, [pc, #8]	; (80a00c8 <_Z17setTempFromString6String+0x10>)
 80a00c0:	6018      	str	r0, [r3, #0]
return 1;
}
 80a00c2:	2001      	movs	r0, #1
 80a00c4:	bd08      	pop	{r3, pc}
 80a00c6:	bf00      	nop
 80a00c8:	20000080 	.word	0x20000080

080a00cc <_Z17setModeFromString6String>:
{
 80a00cc:	b510      	push	{r4, lr}
	operator StringIfHelperType() const { return buffer ? &String::StringIfHelper : 0; }
	int compareTo(const String &s) const;
	unsigned char equals(const String &s) const;
	unsigned char equals(const char *cstr) const;
	unsigned char operator == (const String &rhs) const {return equals(rhs);}
	unsigned char operator == (const char *cstr) const {return equals(cstr);}
 80a00ce:	491a      	ldr	r1, [pc, #104]	; (80a0138 <_Z17setModeFromString6String+0x6c>)
 80a00d0:	4604      	mov	r4, r0
 80a00d2:	f001 fe63 	bl	80a1d9c <_ZNK6String6equalsEPKc>
    if (inputString == "Cool") {
 80a00d6:	b120      	cbz	r0, 80a00e2 <_Z17setModeFromString6String+0x16>
        mode = COOL;
 80a00d8:	2200      	movs	r2, #0
        return 1;
 80a00da:	2001      	movs	r0, #1
        mode = COOL;
 80a00dc:	4b17      	ldr	r3, [pc, #92]	; (80a013c <_Z17setModeFromString6String+0x70>)
 80a00de:	701a      	strb	r2, [r3, #0]
}
 80a00e0:	bd10      	pop	{r4, pc}
 80a00e2:	4620      	mov	r0, r4
 80a00e4:	4916      	ldr	r1, [pc, #88]	; (80a0140 <_Z17setModeFromString6String+0x74>)
 80a00e6:	f001 fe59 	bl	80a1d9c <_ZNK6String6equalsEPKc>
    } else if (inputString == "Off" ) {
 80a00ea:	b118      	cbz	r0, 80a00f4 <_Z17setModeFromString6String+0x28>
        mode = OFF;
 80a00ec:	2001      	movs	r0, #1
 80a00ee:	4b13      	ldr	r3, [pc, #76]	; (80a013c <_Z17setModeFromString6String+0x70>)
 80a00f0:	7018      	strb	r0, [r3, #0]
        return 1;
 80a00f2:	e7f5      	b.n	80a00e0 <_Z17setModeFromString6String+0x14>
 80a00f4:	4620      	mov	r0, r4
 80a00f6:	4913      	ldr	r1, [pc, #76]	; (80a0144 <_Z17setModeFromString6String+0x78>)
 80a00f8:	f001 fe50 	bl	80a1d9c <_ZNK6String6equalsEPKc>
    } else if (inputString == "Heat") {
 80a00fc:	b120      	cbz	r0, 80a0108 <_Z17setModeFromString6String+0x3c>
        mode = HEAT;
 80a00fe:	2202      	movs	r2, #2
 80a0100:	4b0e      	ldr	r3, [pc, #56]	; (80a013c <_Z17setModeFromString6String+0x70>)
        return 1;
 80a0102:	2001      	movs	r0, #1
        mode = HEAT;
 80a0104:	701a      	strb	r2, [r3, #0]
        return 1;
 80a0106:	e7eb      	b.n	80a00e0 <_Z17setModeFromString6String+0x14>
 80a0108:	4620      	mov	r0, r4
 80a010a:	490f      	ldr	r1, [pc, #60]	; (80a0148 <_Z17setModeFromString6String+0x7c>)
 80a010c:	f001 fe46 	bl	80a1d9c <_ZNK6String6equalsEPKc>
    } else if (inputString == "RedAlert") {
 80a0110:	b120      	cbz	r0, 80a011c <_Z17setModeFromString6String+0x50>
       mode = REDALERT;
 80a0112:	2203      	movs	r2, #3
 80a0114:	4b09      	ldr	r3, [pc, #36]	; (80a013c <_Z17setModeFromString6String+0x70>)
      return 1;
 80a0116:	2001      	movs	r0, #1
       mode = REDALERT;
 80a0118:	701a      	strb	r2, [r3, #0]
      return 1;
 80a011a:	e7e1      	b.n	80a00e0 <_Z17setModeFromString6String+0x14>
        Serial.print("Invalid Mode: ");
 80a011c:	f002 fb3c 	bl	80a2798 <_Z16_fetch_usbserialv>
 80a0120:	490a      	ldr	r1, [pc, #40]	; (80a014c <_Z17setModeFromString6String+0x80>)
 80a0122:	f001 fe78 	bl	80a1e16 <_ZN5Print5printEPKc>
        Serial.println(inputString);
 80a0126:	f002 fb37 	bl	80a2798 <_Z16_fetch_usbserialv>
 80a012a:	6821      	ldr	r1, [r4, #0]
 80a012c:	f001 fe86 	bl	80a1e3c <_ZN5Print7printlnEPKc>
 80a0130:	f04f 30ff 	mov.w	r0, #4294967295
 80a0134:	e7d4      	b.n	80a00e0 <_Z17setModeFromString6String+0x14>
 80a0136:	bf00      	nop
 80a0138:	080a3800 	.word	0x080a3800
 80a013c:	20000008 	.word	0x20000008
 80a0140:	080a3805 	.word	0x080a3805
 80a0144:	080a3809 	.word	0x080a3809
 80a0148:	080a380e 	.word	0x080a380e
 80a014c:	080a3817 	.word	0x080a3817

080a0150 <_ZN10CloudClass7publishEPKc.isra.0.constprop.0>:

inline bool CloudDisconnectOptions::isClearSessionSet() const {
    return (flags_ & SPARK_CLOUD_DISCONNECT_OPTION_CLEAR_SESSION);
}

inline particle::Future<bool> CloudClass::publish(const char* name) {
 80a0150:	b513      	push	{r0, r1, r4, lr}
 80a0152:	4604      	mov	r4, r0
 80a0154:	4b05      	ldr	r3, [pc, #20]	; (80a016c <_ZN10CloudClass7publishEPKc.isra.0.constprop.0+0x1c>)
        return publish_event(eventName, eventData, ttl, flags1 | flags2);
 80a0156:	2200      	movs	r2, #0
 80a0158:	781b      	ldrb	r3, [r3, #0]
 80a015a:	4905      	ldr	r1, [pc, #20]	; (80a0170 <_ZN10CloudClass7publishEPKc.isra.0.constprop.0+0x20>)
 80a015c:	f88d 3000 	strb.w	r3, [sp]
 80a0160:	233c      	movs	r3, #60	; 0x3c
 80a0162:	f002 f8d3 	bl	80a230c <_ZN10CloudClass13publish_eventEPKcS1_iN8particle5FlagsI15PublishFlagTypehEE>
    return publish(name, PUBLIC);
}
 80a0166:	4620      	mov	r0, r4
 80a0168:	b002      	add	sp, #8
 80a016a:	bd10      	pop	{r4, pc}
 80a016c:	2000007c 	.word	0x2000007c
 80a0170:	080a380e 	.word	0x080a380e

080a0174 <setup>:
{
 80a0174:	b510      	push	{r4, lr}
  strip.begin();
 80a0176:	4815      	ldr	r0, [pc, #84]	; (80a01cc <setup+0x58>)
 80a0178:	f000 f998 	bl	80a04ac <_ZN17Adafruit_NeoPixel5beginEv>
        return register_function(call_raw_user_function, (void*)func, funcKey);
 80a017c:	4c14      	ldr	r4, [pc, #80]	; (80a01d0 <setup+0x5c>)
        return spark_variable(varKey, (const void*)userVar, T::TYPE_ID, NULL);
 80a017e:	2300      	movs	r3, #0
 80a0180:	2202      	movs	r2, #2
 80a0182:	4914      	ldr	r1, [pc, #80]	; (80a01d4 <setup+0x60>)
 80a0184:	4814      	ldr	r0, [pc, #80]	; (80a01d8 <setup+0x64>)
 80a0186:	f001 fc7f 	bl	80a1a88 <spark_variable>
 80a018a:	2300      	movs	r3, #0
 80a018c:	2202      	movs	r2, #2
 80a018e:	4913      	ldr	r1, [pc, #76]	; (80a01dc <setup+0x68>)
 80a0190:	4813      	ldr	r0, [pc, #76]	; (80a01e0 <setup+0x6c>)
 80a0192:	f001 fc79 	bl	80a1a88 <spark_variable>
        return register_function(call_raw_user_function, (void*)func, funcKey);
 80a0196:	4620      	mov	r0, r4
 80a0198:	4a12      	ldr	r2, [pc, #72]	; (80a01e4 <setup+0x70>)
 80a019a:	4913      	ldr	r1, [pc, #76]	; (80a01e8 <setup+0x74>)
 80a019c:	f001 ffc3 	bl	80a2126 <_ZN10CloudClass17register_functionEPFiPvPKcS0_ES0_S2_>
 80a01a0:	4a12      	ldr	r2, [pc, #72]	; (80a01ec <setup+0x78>)
 80a01a2:	4913      	ldr	r1, [pc, #76]	; (80a01f0 <setup+0x7c>)
 80a01a4:	4620      	mov	r0, r4
 80a01a6:	f001 ffbe 	bl	80a2126 <_ZN10CloudClass17register_functionEPFiPvPKcS0_ES0_S2_>
Serial.begin(9600);
 80a01aa:	f002 faf5 	bl	80a2798 <_Z16_fetch_usbserialv>
 80a01ae:	f44f 5116 	mov.w	r1, #9600	; 0x2580
 80a01b2:	f002 fad7 	bl	80a2764 <_ZN9USBSerial5beginEl>
pinMode(D7, OUTPUT);
 80a01b6:	2101      	movs	r1, #1
 80a01b8:	2007      	movs	r0, #7
 80a01ba:	f002 fd25 	bl	80a2c08 <pinMode>
}
 80a01be:	e8bd 4010 	ldmia.w	sp!, {r4, lr}
pinMode(A0, INPUT);
 80a01c2:	2100      	movs	r1, #0
 80a01c4:	200a      	movs	r0, #10
 80a01c6:	f002 bd1f 	b.w	80a2c08 <pinMode>
 80a01ca:	bf00      	nop
 80a01cc:	20000098 	.word	0x20000098
 80a01d0:	080a20fb 	.word	0x080a20fb
 80a01d4:	200000b0 	.word	0x200000b0
 80a01d8:	080a3826 	.word	0x080a3826
 80a01dc:	20000080 	.word	0x20000080
 80a01e0:	080a3833 	.word	0x080a3833
 80a01e4:	080a3840 	.word	0x080a3840
 80a01e8:	080a00cd 	.word	0x080a00cd
 80a01ec:	080a3848 	.word	0x080a3848
 80a01f0:	080a00b9 	.word	0x080a00b9

080a01f4 <_ZNSt14__shared_countILN9__gnu_cxx12_Lock_policyE0EED1Ev>:
      explicit __shared_count(const __weak_count<_Lp>& __r);

      // Does not throw if __r._M_get_use_count() == 0, caller must check.
      explicit __shared_count(const __weak_count<_Lp>& __r, std::nothrow_t);

      ~__shared_count() noexcept
 80a01f4:	b538      	push	{r3, r4, r5, lr}
      {
	if (_M_pi != nullptr)
 80a01f6:	6804      	ldr	r4, [r0, #0]
      ~__shared_count() noexcept
 80a01f8:	4605      	mov	r5, r0
	if (_M_pi != nullptr)
 80a01fa:	b17c      	cbz	r4, 80a021c <_ZNSt14__shared_countILN9__gnu_cxx12_Lock_policyE0EED1Ev+0x28>
      if (--_M_use_count == 0)
 80a01fc:	6863      	ldr	r3, [r4, #4]
 80a01fe:	3b01      	subs	r3, #1
 80a0200:	6063      	str	r3, [r4, #4]
 80a0202:	b95b      	cbnz	r3, 80a021c <_ZNSt14__shared_countILN9__gnu_cxx12_Lock_policyE0EED1Ev+0x28>
          _M_dispose();
 80a0204:	6823      	ldr	r3, [r4, #0]
 80a0206:	4620      	mov	r0, r4
 80a0208:	689b      	ldr	r3, [r3, #8]
 80a020a:	4798      	blx	r3
          if (--_M_weak_count == 0)
 80a020c:	68a3      	ldr	r3, [r4, #8]
 80a020e:	3b01      	subs	r3, #1
 80a0210:	60a3      	str	r3, [r4, #8]
 80a0212:	b91b      	cbnz	r3, 80a021c <_ZNSt14__shared_countILN9__gnu_cxx12_Lock_policyE0EED1Ev+0x28>
            _M_destroy();
 80a0214:	6823      	ldr	r3, [r4, #0]
 80a0216:	4620      	mov	r0, r4
 80a0218:	68db      	ldr	r3, [r3, #12]
 80a021a:	4798      	blx	r3
	  _M_pi->_M_release();
      }
 80a021c:	4628      	mov	r0, r5
 80a021e:	bd38      	pop	{r3, r4, r5, pc}

080a0220 <loop>:
int PixelColorRed = strip.Color(   255 , 0, 0);
 80a0220:	2200      	movs	r2, #0
{
 80a0222:	e92d 4ff0 	stmdb	sp!, {r4, r5, r6, r7, r8, r9, sl, fp, lr}
int PixelColorRed = strip.Color(   255 , 0, 0);
 80a0226:	4611      	mov	r1, r2
{
 80a0228:	b087      	sub	sp, #28
int PixelColorRed = strip.Color(   255 , 0, 0);
 80a022a:	20ff      	movs	r0, #255	; 0xff
 80a022c:	f001 fa68 	bl	80a1700 <_ZN17Adafruit_NeoPixel5ColorEhhh>
    int PixelColorGreen  = strip.Color(  0,   255,   0);
 80a0230:	2200      	movs	r2, #0
 80a0232:	21ff      	movs	r1, #255	; 0xff
int PixelColorRed = strip.Color(   255 , 0, 0);
 80a0234:	4680      	mov	r8, r0
    int PixelColorGreen  = strip.Color(  0,   255,   0);
 80a0236:	4610      	mov	r0, r2
 80a0238:	f001 fa62 	bl	80a1700 <_ZN17Adafruit_NeoPixel5ColorEhhh>
    int PixelColorBlue = strip.Color(  0,  0,   255);
 80a023c:	2100      	movs	r1, #0
    int PixelColorGreen  = strip.Color(  0,   255,   0);
 80a023e:	4681      	mov	r9, r0
    int PixelColorBlue = strip.Color(  0,  0,   255);
 80a0240:	22ff      	movs	r2, #255	; 0xff
 80a0242:	4608      	mov	r0, r1
 80a0244:	f001 fa5c 	bl	80a1700 <_ZN17Adafruit_NeoPixel5ColorEhhh>
if (mode == COOL) {strip.setPixelColor(0, PixelColorBlue);}
 80a0248:	4c6f      	ldr	r4, [pc, #444]	; (80a0408 <loop+0x1e8>)
    int PixelColorBlue = strip.Color(  0,  0,   255);
 80a024a:	4682      	mov	sl, r0
if (mode == COOL) {strip.setPixelColor(0, PixelColorBlue);}
 80a024c:	7821      	ldrb	r1, [r4, #0]
 80a024e:	2900      	cmp	r1, #0
 80a0250:	f040 808c 	bne.w	80a036c <loop+0x14c>
 80a0254:	4602      	mov	r2, r0
 80a0256:	486d      	ldr	r0, [pc, #436]	; (80a040c <loop+0x1ec>)
 80a0258:	f001 fa0e 	bl	80a1678 <_ZN17Adafruit_NeoPixel13setPixelColorEtm>
strip.show();
 80a025c:	486b      	ldr	r0, [pc, #428]	; (80a040c <loop+0x1ec>)
 80a025e:	f000 f95b 	bl	80a0518 <_ZN17Adafruit_NeoPixel4showEv>
digitalWrite(D7, HIGH);
 80a0262:	2101      	movs	r1, #1
 80a0264:	2007      	movs	r0, #7
 80a0266:	f002 fce0 	bl	80a2c2a <digitalWrite>
delay(10);
 80a026a:	200a      	movs	r0, #10
 80a026c:	f001 fe2c 	bl	80a1ec8 <delay>
tempData = analogRead(A0);
 80a0270:	200a      	movs	r0, #10
 80a0272:	f002 fcf3 	bl	80a2c5c <analogRead>
 80a0276:	4e66      	ldr	r6, [pc, #408]	; (80a0410 <loop+0x1f0>)
tempDataConverted = ((tempData-620) / 12.4);
 80a0278:	4f66      	ldr	r7, [pc, #408]	; (80a0414 <loop+0x1f4>)
tempData = analogRead(A0);
 80a027a:	6030      	str	r0, [r6, #0]
tempDataConverted = ((tempData-620) / 12.4);
 80a027c:	f5a0 701b 	sub.w	r0, r0, #620	; 0x26c
 80a0280:	f002 feaa 	bl	80a2fd8 <__aeabi_i2d>
 80a0284:	a35e      	add	r3, pc, #376	; (adr r3, 80a0400 <loop+0x1e0>)
 80a0286:	e9d3 2300 	ldrd	r2, r3, [r3]
 80a028a:	f003 f839 	bl	80a3300 <__aeabi_ddiv>
 80a028e:	f003 f91f 	bl	80a34d0 <__aeabi_d2iz>
digitalWrite(D7, LOW);
 80a0292:	2100      	movs	r1, #0
tempDataConverted = ((tempData-620) / 12.4);
 80a0294:	6038      	str	r0, [r7, #0]
digitalWrite(D7, LOW);
 80a0296:	2007      	movs	r0, #7
 80a0298:	f002 fcc7 	bl	80a2c2a <digitalWrite>
Serial.print(tempData);
 80a029c:	f002 fa7c 	bl	80a2798 <_Z16_fetch_usbserialv>
 80a02a0:	6835      	ldr	r5, [r6, #0]
 80a02a2:	4683      	mov	fp, r0
// FIXME: avoids 'comparison of constant '0' with boolean expression is always false'
#if __GNUC__ >= 9
#pragma GCC diagnostic push
#pragma GCC diagnostic ignored "-Wbool-compare"
#endif // __GNUC__ >= 9
        if (n < 0 && base == 10) {
 80a02a4:	2d00      	cmp	r5, #0
 80a02a6:	da7b      	bge.n	80a03a0 <loop+0x180>
            t = print('-');
 80a02a8:	212d      	movs	r1, #45	; 0x2d
 80a02aa:	f001 fdb8 	bl	80a1e1e <_ZN5Print5printEc>
            val = -n;
 80a02ae:	4269      	negs	r1, r5
            val = n;
        }
#if __GNUC__ >= 9
#pragma GCC diagnostic pop
#endif // __GNUC__ >= 9
        return printNumber(val, base) + t;
 80a02b0:	220a      	movs	r2, #10
 80a02b2:	4658      	mov	r0, fp
 80a02b4:	f001 fdcc 	bl	80a1e50 <_ZN5Print11printNumberEmh>
Serial.print(",");
 80a02b8:	f002 fa6e 	bl	80a2798 <_Z16_fetch_usbserialv>
 80a02bc:	4956      	ldr	r1, [pc, #344]	; (80a0418 <loop+0x1f8>)
 80a02be:	f001 fdaa 	bl	80a1e16 <_ZN5Print5printEPKc>
Serial.print(tempDataConverted);
 80a02c2:	f002 fa69 	bl	80a2798 <_Z16_fetch_usbserialv>
 80a02c6:	683d      	ldr	r5, [r7, #0]
 80a02c8:	4683      	mov	fp, r0
        if (n < 0 && base == 10) {
 80a02ca:	2d00      	cmp	r5, #0
 80a02cc:	da6a      	bge.n	80a03a4 <loop+0x184>
            t = print('-');
 80a02ce:	212d      	movs	r1, #45	; 0x2d
 80a02d0:	f001 fda5 	bl	80a1e1e <_ZN5Print5printEc>
            val = -n;
 80a02d4:	4269      	negs	r1, r5
        return printNumber(val, base) + t;
 80a02d6:	220a      	movs	r2, #10
 80a02d8:	4658      	mov	r0, fp
 80a02da:	f001 fdb9 	bl	80a1e50 <_ZN5Print11printNumberEmh>
Serial.print(",");
 80a02de:	f002 fa5b 	bl	80a2798 <_Z16_fetch_usbserialv>
 80a02e2:	494d      	ldr	r1, [pc, #308]	; (80a0418 <loop+0x1f8>)
 80a02e4:	f001 fd97 	bl	80a1e16 <_ZN5Print5printEPKc>
Serial.print(mode);
 80a02e8:	f002 fa56 	bl	80a2798 <_Z16_fetch_usbserialv>
 80a02ec:	220a      	movs	r2, #10
 80a02ee:	7821      	ldrb	r1, [r4, #0]
 80a02f0:	f001 fdae 	bl	80a1e50 <_ZN5Print11printNumberEmh>
Serial.println(";");
 80a02f4:	f002 fa50 	bl	80a2798 <_Z16_fetch_usbserialv>
 80a02f8:	4948      	ldr	r1, [pc, #288]	; (80a041c <loop+0x1fc>)
 80a02fa:	f001 fd9f 	bl	80a1e3c <_ZN5Print7printlnEPKc>
delay(1000);
 80a02fe:	f44f 707a 	mov.w	r0, #1000	; 0x3e8
 80a0302:	f001 fde1 	bl	80a1ec8 <delay>
strTemp = String (tempDataConverted);
 80a0306:	6839      	ldr	r1, [r7, #0]
 80a0308:	4f45      	ldr	r7, [pc, #276]	; (80a0420 <loop+0x200>)
 80a030a:	220a      	movs	r2, #10
 80a030c:	a802      	add	r0, sp, #8
 80a030e:	f001 fd32 	bl	80a1d76 <_ZN6StringC1Eih>
if (sinceLastPub > 10) {
 80a0312:	4d44      	ldr	r5, [pc, #272]	; (80a0424 <loop+0x204>)
strTemp = String (tempDataConverted);
 80a0314:	a902      	add	r1, sp, #8
 80a0316:	4638      	mov	r0, r7
 80a0318:	f001 fd14 	bl	80a1d44 <_ZN6StringaSEOS_>
 80a031c:	a802      	add	r0, sp, #8
 80a031e:	f001 fc7d 	bl	80a1c1c <_ZN6StringD1Ev>
if (sinceLastPub > 10) {
 80a0322:	682b      	ldr	r3, [r5, #0]
 80a0324:	2b0a      	cmp	r3, #10
 80a0326:	dd3f      	ble.n	80a03a8 <loop+0x188>
inline particle::Flags<TagT, ValueT>::Flags(Flag<TagT, ValueT> flag) :
        val_(flag.value()) {
}

template<typename TagT, typename ValueT>
inline particle::Flags<TagT, ValueT>::Flags(ValueT val) :
 80a0328:	4b3f      	ldr	r3, [pc, #252]	; (80a0428 <loop+0x208>)
        return publish_event(eventName, eventData, ttl, flags1 | flags2);
 80a032a:	4940      	ldr	r1, [pc, #256]	; (80a042c <loop+0x20c>)
 80a032c:	781b      	ldrb	r3, [r3, #0]
 80a032e:	a802      	add	r0, sp, #8
 80a0330:	f88d 3000 	strb.w	r3, [sp]
 80a0334:	683a      	ldr	r2, [r7, #0]
 80a0336:	233c      	movs	r3, #60	; 0x3c
 80a0338:	f001 ffe8 	bl	80a230c <_ZN10CloudClass13publish_eventEPKcS1_iN8particle5FlagsI15PublishFlagTypehEE>
	: _M_ptr(__p), _M_refcount(__r._M_refcount) // never throws
	{ }

      __shared_ptr(const __shared_ptr&) noexcept = default;
      __shared_ptr& operator=(const __shared_ptr&) noexcept = default;
      ~__shared_ptr() = default;
 80a033c:	a803      	add	r0, sp, #12
 80a033e:	f7ff ff59 	bl	80a01f4 <_ZNSt14__shared_countILN9__gnu_cxx12_Lock_policyE0EED1Ev>
sinceLastPub = 0;
 80a0342:	2300      	movs	r3, #0
 80a0344:	602b      	str	r3, [r5, #0]
if (tempData < 900) {mode = HEAT;}
 80a0346:	6833      	ldr	r3, [r6, #0]
 80a0348:	f5b3 7f61 	cmp.w	r3, #900	; 0x384
 80a034c:	da2f      	bge.n	80a03ae <loop+0x18e>
 80a034e:	2302      	movs	r3, #2
 80a0350:	7023      	strb	r3, [r4, #0]
if (mode == COOL) {strip.setPixelColor(0, PixelColorBlue);}
 80a0352:	7821      	ldrb	r1, [r4, #0]
 80a0354:	2900      	cmp	r1, #0
 80a0356:	d139      	bne.n	80a03cc <loop+0x1ac>
 80a0358:	4652      	mov	r2, sl
 80a035a:	482c      	ldr	r0, [pc, #176]	; (80a040c <loop+0x1ec>)
 80a035c:	f001 f98c 	bl	80a1678 <_ZN17Adafruit_NeoPixel13setPixelColorEtm>
strip.show();
 80a0360:	482a      	ldr	r0, [pc, #168]	; (80a040c <loop+0x1ec>)
 80a0362:	f000 f8d9 	bl	80a0518 <_ZN17Adafruit_NeoPixel4showEv>
}
 80a0366:	b007      	add	sp, #28
 80a0368:	e8bd 8ff0 	ldmia.w	sp!, {r4, r5, r6, r7, r8, r9, sl, fp, pc}
else if (mode == OFF) {strip.setPixelColor(0, PixelColorGreen);}
 80a036c:	2901      	cmp	r1, #1
 80a036e:	d105      	bne.n	80a037c <loop+0x15c>
 80a0370:	464a      	mov	r2, r9
 80a0372:	2100      	movs	r1, #0
 80a0374:	4825      	ldr	r0, [pc, #148]	; (80a040c <loop+0x1ec>)
 80a0376:	f001 f97f 	bl	80a1678 <_ZN17Adafruit_NeoPixel13setPixelColorEtm>
 80a037a:	e76f      	b.n	80a025c <loop+0x3c>
else if (mode == HEAT) {strip.setPixelColor(0, PixelColorRed);}
 80a037c:	2902      	cmp	r1, #2
 80a037e:	d105      	bne.n	80a038c <loop+0x16c>
 80a0380:	4642      	mov	r2, r8
 80a0382:	2100      	movs	r1, #0
 80a0384:	4821      	ldr	r0, [pc, #132]	; (80a040c <loop+0x1ec>)
 80a0386:	f001 f977 	bl	80a1678 <_ZN17Adafruit_NeoPixel13setPixelColorEtm>
 80a038a:	e767      	b.n	80a025c <loop+0x3c>
else if (mode == REDALERT) {Particle.publish ("RedAlert");}
 80a038c:	2903      	cmp	r1, #3
 80a038e:	f47f af65 	bne.w	80a025c <loop+0x3c>
 80a0392:	a802      	add	r0, sp, #8
 80a0394:	f7ff fedc 	bl	80a0150 <_ZN10CloudClass7publishEPKc.isra.0.constprop.0>
 80a0398:	a803      	add	r0, sp, #12
 80a039a:	f7ff ff2b 	bl	80a01f4 <_ZNSt14__shared_countILN9__gnu_cxx12_Lock_policyE0EED1Ev>
 80a039e:	e75d      	b.n	80a025c <loop+0x3c>
            val = n;
 80a03a0:	4629      	mov	r1, r5
 80a03a2:	e785      	b.n	80a02b0 <loop+0x90>
 80a03a4:	4629      	mov	r1, r5
 80a03a6:	e796      	b.n	80a02d6 <loop+0xb6>
else {++sinceLastPub;}
 80a03a8:	3301      	adds	r3, #1
 80a03aa:	602b      	str	r3, [r5, #0]
 80a03ac:	e7cb      	b.n	80a0346 <loop+0x126>
else if (tempData > 930  && tempData < 990) {mode = COOL;}
 80a03ae:	f2a3 32a3 	subw	r2, r3, #931	; 0x3a3
 80a03b2:	2a3a      	cmp	r2, #58	; 0x3a
 80a03b4:	d802      	bhi.n	80a03bc <loop+0x19c>
 80a03b6:	2300      	movs	r3, #0
 80a03b8:	7023      	strb	r3, [r4, #0]
 80a03ba:	e7ca      	b.n	80a0352 <loop+0x132>
else if (tempData > 989) {mode = REDALERT;}
 80a03bc:	f240 32dd 	movw	r2, #989	; 0x3dd
 80a03c0:	4293      	cmp	r3, r2
 80a03c2:	bfcc      	ite	gt
 80a03c4:	2303      	movgt	r3, #3
else {mode = OFF;}
 80a03c6:	2301      	movle	r3, #1
 80a03c8:	7023      	strb	r3, [r4, #0]
 80a03ca:	e7c2      	b.n	80a0352 <loop+0x132>
else if (mode == OFF) {strip.setPixelColor(0, PixelColorGreen);}
 80a03cc:	2901      	cmp	r1, #1
 80a03ce:	d105      	bne.n	80a03dc <loop+0x1bc>
 80a03d0:	464a      	mov	r2, r9
 80a03d2:	2100      	movs	r1, #0
 80a03d4:	480d      	ldr	r0, [pc, #52]	; (80a040c <loop+0x1ec>)
 80a03d6:	f001 f94f 	bl	80a1678 <_ZN17Adafruit_NeoPixel13setPixelColorEtm>
 80a03da:	e7c1      	b.n	80a0360 <loop+0x140>
else if (mode == HEAT) {strip.setPixelColor(0, PixelColorRed);}
 80a03dc:	2902      	cmp	r1, #2
 80a03de:	d105      	bne.n	80a03ec <loop+0x1cc>
 80a03e0:	4642      	mov	r2, r8
 80a03e2:	2100      	movs	r1, #0
 80a03e4:	4809      	ldr	r0, [pc, #36]	; (80a040c <loop+0x1ec>)
 80a03e6:	f001 f947 	bl	80a1678 <_ZN17Adafruit_NeoPixel13setPixelColorEtm>
 80a03ea:	e7b9      	b.n	80a0360 <loop+0x140>
else if (mode == REDALERT) {Particle.publish ("RedAlert");}
 80a03ec:	2903      	cmp	r1, #3
 80a03ee:	d1b7      	bne.n	80a0360 <loop+0x140>
 80a03f0:	a802      	add	r0, sp, #8
 80a03f2:	f7ff fead 	bl	80a0150 <_ZN10CloudClass7publishEPKc.isra.0.constprop.0>
 80a03f6:	a803      	add	r0, sp, #12
 80a03f8:	f7ff fefc 	bl	80a01f4 <_ZNSt14__shared_countILN9__gnu_cxx12_Lock_policyE0EED1Ev>
 80a03fc:	e7b0      	b.n	80a0360 <loop+0x140>
 80a03fe:	bf00      	nop
 80a0400:	cccccccd 	.word	0xcccccccd
 80a0404:	4028cccc 	.word	0x4028cccc
 80a0408:	20000008 	.word	0x20000008
 80a040c:	20000098 	.word	0x20000098
 80a0410:	200000ac 	.word	0x200000ac
 80a0414:	200000b0 	.word	0x200000b0
 80a0418:	080a3851 	.word	0x080a3851
 80a041c:	080a3853 	.word	0x080a3853
 80a0420:	20000088 	.word	0x20000088
 80a0424:	20000084 	.word	0x20000084
 80a0428:	2000007c 	.word	0x2000007c
 80a042c:	080a3855 	.word	0x080a3855

080a0430 <_GLOBAL__sub_I_mode>:
        val_(val) {
 80a0430:	2200      	movs	r2, #0
}
 80a0432:	b508      	push	{r3, lr}
 80a0434:	4b08      	ldr	r3, [pc, #32]	; (80a0458 <_GLOBAL__sub_I_mode+0x28>)
Adafruit_NeoPixel strip = Adafruit_NeoPixel(PIXEL_COUNT, PIXEL_PIN, PIXEL_TYPE);
 80a0436:	4909      	ldr	r1, [pc, #36]	; (80a045c <_GLOBAL__sub_I_mode+0x2c>)
 80a0438:	701a      	strb	r2, [r3, #0]
 80a043a:	4b09      	ldr	r3, [pc, #36]	; (80a0460 <_GLOBAL__sub_I_mode+0x30>)
 80a043c:	4a09      	ldr	r2, [pc, #36]	; (80a0464 <_GLOBAL__sub_I_mode+0x34>)
 80a043e:	781b      	ldrb	r3, [r3, #0]
 80a0440:	8809      	ldrh	r1, [r1, #0]
 80a0442:	7812      	ldrb	r2, [r2, #0]
 80a0444:	4808      	ldr	r0, [pc, #32]	; (80a0468 <_GLOBAL__sub_I_mode+0x38>)
 80a0446:	f000 f856 	bl	80a04f6 <_ZN17Adafruit_NeoPixelC1Ethh>
}
 80a044a:	e8bd 4008 	ldmia.w	sp!, {r3, lr}
String strTemp;
 80a044e:	4907      	ldr	r1, [pc, #28]	; (80a046c <_GLOBAL__sub_I_mode+0x3c>)
 80a0450:	4807      	ldr	r0, [pc, #28]	; (80a0470 <_GLOBAL__sub_I_mode+0x40>)
 80a0452:	f001 bc2d 	b.w	80a1cb0 <_ZN6StringC1EPKc>
 80a0456:	bf00      	nop
 80a0458:	2000007c 	.word	0x2000007c
 80a045c:	20000000 	.word	0x20000000
 80a0460:	20000078 	.word	0x20000078
 80a0464:	20000004 	.word	0x20000004
 80a0468:	20000098 	.word	0x20000098
 80a046c:	080a3825 	.word	0x080a3825
 80a0470:	20000088 	.word	0x20000088

080a0474 <_ZN17Adafruit_NeoPixel12updateLengthEt>:
Adafruit_NeoPixel::~Adafruit_NeoPixel() {
  if (pixels) free(pixels);
  if (begun) pinMode(pin, INPUT);
}

void Adafruit_NeoPixel::updateLength(uint16_t n) {
 80a0474:	b538      	push	{r3, r4, r5, lr}
 80a0476:	4604      	mov	r4, r0
  if (pixels) free(pixels); // Free existing data (if any)
 80a0478:	68c0      	ldr	r0, [r0, #12]
void Adafruit_NeoPixel::updateLength(uint16_t n) {
 80a047a:	460d      	mov	r5, r1
  if (pixels) free(pixels); // Free existing data (if any)
 80a047c:	b108      	cbz	r0, 80a0482 <_ZN17Adafruit_NeoPixel12updateLengthEt+0xe>
 80a047e:	f001 fb33 	bl	80a1ae8 <free>

  // Allocate new data -- note: ALL PIXELS ARE CLEARED
  numBytes = n * ((type == SK6812RGBW) ? 4 : 3);
 80a0482:	79a3      	ldrb	r3, [r4, #6]
 80a0484:	2b06      	cmp	r3, #6
 80a0486:	bf0c      	ite	eq
 80a0488:	2004      	moveq	r0, #4
 80a048a:	2003      	movne	r0, #3
 80a048c:	4368      	muls	r0, r5
 80a048e:	b280      	uxth	r0, r0
 80a0490:	80a0      	strh	r0, [r4, #4]
  if ((pixels = (uint8_t *)malloc(numBytes))) {
 80a0492:	f001 fb21 	bl	80a1ad8 <malloc>
 80a0496:	60e0      	str	r0, [r4, #12]
 80a0498:	b128      	cbz	r0, 80a04a6 <_ZN17Adafruit_NeoPixel12updateLengthEt+0x32>
    memset(pixels, 0, numBytes);
 80a049a:	2100      	movs	r1, #0
 80a049c:	88a2      	ldrh	r2, [r4, #4]
 80a049e:	f003 f857 	bl	80a3550 <memset>
    numLEDs = n;
 80a04a2:	8065      	strh	r5, [r4, #2]
  } else {
    numLEDs = numBytes = 0;
  }
}
 80a04a4:	bd38      	pop	{r3, r4, r5, pc}
    numLEDs = numBytes = 0;
 80a04a6:	80a0      	strh	r0, [r4, #4]
 80a04a8:	8060      	strh	r0, [r4, #2]
}
 80a04aa:	e7fb      	b.n	80a04a4 <_ZN17Adafruit_NeoPixel12updateLengthEt+0x30>

080a04ac <_ZN17Adafruit_NeoPixel5beginEv>:

void Adafruit_NeoPixel::begin(void) {
 80a04ac:	b510      	push	{r4, lr}
 80a04ae:	4604      	mov	r4, r0
  pinMode(pin, OUTPUT);
 80a04b0:	2101      	movs	r1, #1
 80a04b2:	79c0      	ldrb	r0, [r0, #7]
 80a04b4:	f002 fba8 	bl	80a2c08 <pinMode>
  digitalWrite(pin, LOW);
 80a04b8:	2100      	movs	r1, #0
 80a04ba:	79e0      	ldrb	r0, [r4, #7]
 80a04bc:	f002 fbb5 	bl	80a2c2a <digitalWrite>
  begun = true;
 80a04c0:	2301      	movs	r3, #1
 80a04c2:	7023      	strb	r3, [r4, #0]
}
 80a04c4:	bd10      	pop	{r4, pc}

080a04c6 <_ZN17Adafruit_NeoPixel6setPinEh>:

// Set the output pin number
void Adafruit_NeoPixel::setPin(uint8_t p) {
 80a04c6:	b538      	push	{r3, r4, r5, lr}
    if (begun) {
 80a04c8:	7803      	ldrb	r3, [r0, #0]
void Adafruit_NeoPixel::setPin(uint8_t p) {
 80a04ca:	4605      	mov	r5, r0
 80a04cc:	460c      	mov	r4, r1
    if (begun) {
 80a04ce:	b11b      	cbz	r3, 80a04d8 <_ZN17Adafruit_NeoPixel6setPinEh+0x12>
        pinMode(pin, INPUT);
 80a04d0:	2100      	movs	r1, #0
 80a04d2:	79c0      	ldrb	r0, [r0, #7]
 80a04d4:	f002 fb98 	bl	80a2c08 <pinMode>
    }
    pin = p;
    if (begun) {
 80a04d8:	782b      	ldrb	r3, [r5, #0]
    pin = p;
 80a04da:	71ec      	strb	r4, [r5, #7]
    if (begun) {
 80a04dc:	b153      	cbz	r3, 80a04f4 <_ZN17Adafruit_NeoPixel6setPinEh+0x2e>
        pinMode(p, OUTPUT);
 80a04de:	b2a4      	uxth	r4, r4
 80a04e0:	4620      	mov	r0, r4
 80a04e2:	2101      	movs	r1, #1
 80a04e4:	f002 fb90 	bl	80a2c08 <pinMode>
        digitalWrite(p, LOW);
 80a04e8:	4620      	mov	r0, r4
    }
}
 80a04ea:	e8bd 4038 	ldmia.w	sp!, {r3, r4, r5, lr}
        digitalWrite(p, LOW);
 80a04ee:	2100      	movs	r1, #0
 80a04f0:	f002 bb9b 	b.w	80a2c2a <digitalWrite>
}
 80a04f4:	bd38      	pop	{r3, r4, r5, pc}

080a04f6 <_ZN17Adafruit_NeoPixelC1Ethh>:
Adafruit_NeoPixel::Adafruit_NeoPixel(uint16_t n, uint8_t p, uint8_t t) :
 80a04f6:	b570      	push	{r4, r5, r6, lr}
  begun(false), type(t), brightness(0), pixels(NULL), endTime(0)
 80a04f8:	2500      	movs	r5, #0
Adafruit_NeoPixel::Adafruit_NeoPixel(uint16_t n, uint8_t p, uint8_t t) :
 80a04fa:	4604      	mov	r4, r0
 80a04fc:	4616      	mov	r6, r2
  begun(false), type(t), brightness(0), pixels(NULL), endTime(0)
 80a04fe:	7183      	strb	r3, [r0, #6]
 80a0500:	e9c0 5503 	strd	r5, r5, [r0, #12]
 80a0504:	7005      	strb	r5, [r0, #0]
 80a0506:	7205      	strb	r5, [r0, #8]
  updateLength(n);
 80a0508:	f7ff ffb4 	bl	80a0474 <_ZN17Adafruit_NeoPixel12updateLengthEt>
  setPin(p);
 80a050c:	4620      	mov	r0, r4
 80a050e:	4631      	mov	r1, r6
 80a0510:	f7ff ffd9 	bl	80a04c6 <_ZN17Adafruit_NeoPixel6setPinEh>
}
 80a0514:	4620      	mov	r0, r4
 80a0516:	bd70      	pop	{r4, r5, r6, pc}

080a0518 <_ZN17Adafruit_NeoPixel4showEv>:

void Adafruit_NeoPixel::show(void) {
  if(!pixels) return;
 80a0518:	68c3      	ldr	r3, [r0, #12]
 80a051a:	2b00      	cmp	r3, #0
 80a051c:	f000 8441 	beq.w	80a0da2 <_ZN17Adafruit_NeoPixel4showEv+0x88a>
void Adafruit_NeoPixel::show(void) {
 80a0520:	b5f0      	push	{r4, r5, r6, r7, lr}
 80a0522:	7983      	ldrb	r3, [r0, #6]
 80a0524:	4604      	mov	r4, r0
  // the function will simply hold off (if needed) on issuing the
  // subsequent round of data until the latch time has elapsed.  This
  // allows the mainline code to start generating the next frame of data
  // rather than stalling for the latch.
  uint32_t wait_time; // wait time in microseconds.
  switch(type) {
 80a0526:	3b02      	subs	r3, #2
 80a0528:	b2db      	uxtb	r3, r3
 80a052a:	2b04      	cmp	r3, #4
 80a052c:	bf8c      	ite	hi
 80a052e:	2532      	movhi	r5, #50	; 0x32
 80a0530:	4a28      	ldrls	r2, [pc, #160]	; (80a05d4 <_ZN17Adafruit_NeoPixel4showEv+0xbc>)
void Adafruit_NeoPixel::show(void) {
 80a0532:	b087      	sub	sp, #28
 80a0534:	bf98      	it	ls
 80a0536:	f852 5023 	ldrls.w	r5, [r2, r3, lsl #2]
#ifdef __cplusplus
extern "C" {
#endif

inline system_tick_t millis(void) { return HAL_Timer_Get_Milli_Seconds(); }
inline unsigned long micros(void) { return HAL_Timer_Get_Micro_Seconds(); }
 80a053a:	f001 f927 	bl	80a178c <HAL_Timer_Get_Micro_Seconds>
    case WS2812B2_FAST:
    default: {   // default = 50us reset pulse
        wait_time = 50L;
      } break;
  }
  while((micros() - endTime) < wait_time);
 80a053e:	6923      	ldr	r3, [r4, #16]
 80a0540:	1ac0      	subs	r0, r0, r3
 80a0542:	42a8      	cmp	r0, r5
 80a0544:	d3f9      	bcc.n	80a053a <_ZN17Adafruit_NeoPixel4showEv+0x22>
  This function disables IRQ interrupts by setting the I-bit in the CPSR.
  Can only be executed in Privileged modes.
 */
__attribute__( ( always_inline ) ) __STATIC_INLINE void __disable_irq(void)
{
  __ASM volatile ("cpsid i");
 80a0546:	b672      	cpsid	i
  __disable_irq(); // Need 100% focus on instruction timing

  volatile uint32_t
    c,    // 24-bit/32-bit pixel color
    mask; // 1-bit mask
  volatile uint16_t i = numBytes; // Output loop counter
 80a0548:	88a3      	ldrh	r3, [r4, #4]
    g,              // Current green byte value
    r,              // Current red byte value
    b,              // Current blue byte value
    w;              // Current white byte value

  if(type == WS2812B || type == WS2812B_FAST) { // Same as WS2812 & WS2813, 800 KHz bitstream
 80a054a:	79a5      	ldrb	r5, [r4, #6]
  volatile uint16_t i = numBytes; // Output loop counter
 80a054c:	f8ad 300a 	strh.w	r3, [sp, #10]
    while(i) { // While bytes left... (3 bytes = 1 pixel)
 80a0550:	f8bd 300a 	ldrh.w	r3, [sp, #10]
  if(type == WS2812B || type == WS2812B_FAST) { // Same as WS2812 & WS2813, 800 KHz bitstream
 80a0554:	2d02      	cmp	r5, #2
   *ptr = pixels,   // Pointer to next byte
 80a0556:	68e1      	ldr	r1, [r4, #12]
    while(i) { // While bytes left... (3 bytes = 1 pixel)
 80a0558:	b29b      	uxth	r3, r3
  if(type == WS2812B || type == WS2812B_FAST) { // Same as WS2812 & WS2813, 800 KHz bitstream
 80a055a:	f000 826e 	beq.w	80a0a3a <_ZN17Adafruit_NeoPixel4showEv+0x522>
 80a055e:	2d07      	cmp	r5, #7
 80a0560:	f000 826b 	beq.w	80a0a3a <_ZN17Adafruit_NeoPixel4showEv+0x522>
        }
        mask >>= 1;
      } while ( ++j < 24 ); // ... pixel done
    } // end while(i) ... no more pixels
  }
  else if(type == SK6812RGBW) { // similar to WS2812, 800 KHz bitstream but with RGB+W components
 80a0564:	2d06      	cmp	r5, #6
 80a0566:	f000 841d 	beq.w	80a0da4 <_ZN17Adafruit_NeoPixel4showEv+0x88c>
        }
        mask >>= 1;
      } while ( ++j < 32 ); // ... pixel done
    } // end while(i) ... no more pixels
  }
  else if(type == WS2812B2 || type == WS2812B2_FAST) { // WS2812B with DWT timer
 80a056a:	2d05      	cmp	r5, #5
 80a056c:	f000 83a1 	beq.w	80a0cb2 <_ZN17Adafruit_NeoPixel4showEv+0x79a>
 80a0570:	2d08      	cmp	r5, #8
 80a0572:	f000 839e 	beq.w	80a0cb2 <_ZN17Adafruit_NeoPixel4showEv+0x79a>
        mask >>= 1;
      } while ( ++j < 24 ); // ... pixel done
    } // end while(i) ... no more pixels
#endif
  }
  else if(type == WS2811) { // WS2811, 400 KHz bitstream
 80a0576:	2d00      	cmp	r5, #0
 80a0578:	f040 854f 	bne.w	80a101a <_ZN17Adafruit_NeoPixel4showEv+0xb02>
    while(i) { // While bytes left... (3 bytes = 1 pixel)
 80a057c:	2b00      	cmp	r3, #0
 80a057e:	f000 8392 	beq.w	80a0ca6 <_ZN17Adafruit_NeoPixel4showEv+0x78e>
      mask = 0x800000; // reset the mask
 80a0582:	f44f 0600 	mov.w	r6, #8388608	; 0x800000
 80a0586:	4a14      	ldr	r2, [pc, #80]	; (80a05d8 <_ZN17Adafruit_NeoPixel4showEv+0xc0>)
 80a0588:	9604      	str	r6, [sp, #16]
      i = i-3;      // decrement bytes remaining
 80a058a:	f8bd 300a 	ldrh.w	r3, [sp, #10]
      r = *ptr++;   // Next red byte value
      g = *ptr++;   // Next green byte value
      b = *ptr++;   // Next blue byte value
 80a058e:	3103      	adds	r1, #3
      i = i-3;      // decrement bytes remaining
 80a0590:	3b03      	subs	r3, #3
 80a0592:	b29b      	uxth	r3, r3
 80a0594:	f8ad 300a 	strh.w	r3, [sp, #10]
      r = *ptr++;   // Next red byte value
 80a0598:	f811 3c03 	ldrb.w	r3, [r1, #-3]
 80a059c:	b2db      	uxtb	r3, r3
 80a059e:	f88d 3007 	strb.w	r3, [sp, #7]
      g = *ptr++;   // Next green byte value
 80a05a2:	f811 3c02 	ldrb.w	r3, [r1, #-2]
 80a05a6:	b2db      	uxtb	r3, r3
 80a05a8:	f88d 3006 	strb.w	r3, [sp, #6]
      b = *ptr++;   // Next blue byte value
 80a05ac:	f811 3c01 	ldrb.w	r3, [r1, #-1]
 80a05b0:	b2db      	uxtb	r3, r3
 80a05b2:	f88d 3008 	strb.w	r3, [sp, #8]
      c = ((uint32_t)r << 16) | ((uint32_t)g <<  8) | b; // Pack the next 3 bytes to keep timing tight
 80a05b6:	f89d 7007 	ldrb.w	r7, [sp, #7]
 80a05ba:	f89d 3006 	ldrb.w	r3, [sp, #6]
 80a05be:	f89d 0008 	ldrb.w	r0, [sp, #8]
 80a05c2:	021b      	lsls	r3, r3, #8
 80a05c4:	ea43 4307 	orr.w	r3, r3, r7, lsl #16
 80a05c8:	4303      	orrs	r3, r0
 80a05ca:	9303      	str	r3, [sp, #12]
      j = 0;        // reset the 24-bit counter
 80a05cc:	f88d 5005 	strb.w	r5, [sp, #5]
 80a05d0:	e11b      	b.n	80a080a <_ZN17Adafruit_NeoPixel4showEv+0x2f2>
 80a05d2:	bf00      	nop
 80a05d4:	080a3860 	.word	0x080a3860
 80a05d8:	200000b4 	.word	0x200000b4
            "nop" "\n\t" "nop" "\n\t" "nop" "\n\t" "nop" "\n\t" "nop" "\n\t"
            "nop" "\n\t" "nop" "\n\t" "nop" "\n\t" "nop" "\n\t" "nop" "\n\t"
            "nop" "\n\t" "nop" "\n\t" "nop" "\n\t" "nop" "\n\t" "nop" "\n\t"
            "nop" "\n\t" "nop" "\n\t"
#endif
            ::: "r0", "cc", "memory");
 80a05dc:	4600      	mov	r0, r0
 80a05de:	bf00      	nop
 80a05e0:	bf00      	nop
 80a05e2:	bf00      	nop
 80a05e4:	bf00      	nop
 80a05e6:	bf00      	nop
 80a05e8:	bf00      	nop
 80a05ea:	bf00      	nop
 80a05ec:	bf00      	nop
 80a05ee:	bf00      	nop
 80a05f0:	bf00      	nop
 80a05f2:	bf00      	nop
 80a05f4:	bf00      	nop
 80a05f6:	bf00      	nop
 80a05f8:	bf00      	nop
 80a05fa:	bf00      	nop
 80a05fc:	bf00      	nop
 80a05fe:	bf00      	nop
 80a0600:	bf00      	nop
 80a0602:	bf00      	nop
 80a0604:	bf00      	nop
 80a0606:	bf00      	nop
 80a0608:	bf00      	nop
 80a060a:	bf00      	nop
 80a060c:	bf00      	nop
 80a060e:	bf00      	nop
 80a0610:	bf00      	nop
 80a0612:	bf00      	nop
 80a0614:	bf00      	nop
 80a0616:	bf00      	nop
 80a0618:	bf00      	nop
 80a061a:	bf00      	nop
 80a061c:	bf00      	nop
 80a061e:	bf00      	nop
 80a0620:	bf00      	nop
 80a0622:	bf00      	nop
 80a0624:	bf00      	nop
 80a0626:	bf00      	nop
 80a0628:	bf00      	nop
 80a062a:	bf00      	nop
 80a062c:	bf00      	nop
 80a062e:	bf00      	nop
 80a0630:	bf00      	nop
 80a0632:	bf00      	nop
 80a0634:	bf00      	nop
 80a0636:	bf00      	nop
 80a0638:	bf00      	nop
 80a063a:	bf00      	nop
 80a063c:	bf00      	nop
 80a063e:	bf00      	nop
 80a0640:	bf00      	nop
 80a0642:	bf00      	nop
 80a0644:	bf00      	nop
 80a0646:	bf00      	nop
 80a0648:	bf00      	nop
 80a064a:	bf00      	nop
 80a064c:	bf00      	nop
 80a064e:	bf00      	nop
 80a0650:	bf00      	nop
 80a0652:	bf00      	nop
 80a0654:	bf00      	nop
 80a0656:	bf00      	nop
 80a0658:	bf00      	nop
 80a065a:	bf00      	nop
 80a065c:	bf00      	nop
 80a065e:	bf00      	nop
 80a0660:	bf00      	nop
 80a0662:	bf00      	nop
 80a0664:	bf00      	nop
 80a0666:	bf00      	nop
 80a0668:	bf00      	nop
 80a066a:	bf00      	nop
 80a066c:	bf00      	nop
 80a066e:	bf00      	nop
 80a0670:	bf00      	nop
 80a0672:	bf00      	nop
 80a0674:	bf00      	nop
 80a0676:	bf00      	nop
 80a0678:	bf00      	nop
 80a067a:	bf00      	nop
 80a067c:	bf00      	nop
 80a067e:	bf00      	nop
 80a0680:	bf00      	nop
 80a0682:	bf00      	nop
 80a0684:	bf00      	nop
 80a0686:	bf00      	nop
 80a0688:	bf00      	nop
 80a068a:	bf00      	nop
 80a068c:	bf00      	nop
 80a068e:	bf00      	nop
 80a0690:	bf00      	nop
 80a0692:	bf00      	nop
 80a0694:	bf00      	nop
 80a0696:	bf00      	nop
 80a0698:	bf00      	nop
 80a069a:	bf00      	nop
 80a069c:	bf00      	nop
 80a069e:	bf00      	nop
 80a06a0:	bf00      	nop
 80a06a2:	bf00      	nop
 80a06a4:	bf00      	nop
 80a06a6:	bf00      	nop
 80a06a8:	bf00      	nop
 80a06aa:	bf00      	nop
 80a06ac:	bf00      	nop
 80a06ae:	bf00      	nop
 80a06b0:	bf00      	nop
 80a06b2:	bf00      	nop
 80a06b4:	bf00      	nop
 80a06b6:	bf00      	nop
 80a06b8:	bf00      	nop
 80a06ba:	bf00      	nop
 80a06bc:	bf00      	nop
 80a06be:	bf00      	nop
 80a06c0:	bf00      	nop
 80a06c2:	bf00      	nop
 80a06c4:	bf00      	nop
 80a06c6:	bf00      	nop
 80a06c8:	bf00      	nop
 80a06ca:	bf00      	nop
 80a06cc:	bf00      	nop
 80a06ce:	bf00      	nop
 80a06d0:	bf00      	nop
 80a06d2:	bf00      	nop
 80a06d4:	bf00      	nop
 80a06d6:	bf00      	nop
 80a06d8:	bf00      	nop
 80a06da:	bf00      	nop
 80a06dc:	bf00      	nop
 80a06de:	bf00      	nop
 80a06e0:	bf00      	nop
 80a06e2:	bf00      	nop
          // WS2811 spec             1.30us LOW
          // Adafruit on Arduino    (meas. 1.25us)
          // This lib on Spark Core (meas. 1.24us)
          // This lib on Photon     (meas. 1.24us)
          pinSet(pin, LOW); // LOW
 80a06e4:	79e3      	ldrb	r3, [r4, #7]
 80a06e6:	6810      	ldr	r0, [r2, #0]
 80a06e8:	ebc3 03c3 	rsb	r3, r3, r3, lsl #3
 80a06ec:	eb00 0783 	add.w	r7, r0, r3, lsl #2
 80a06f0:	88bf      	ldrh	r7, [r7, #4]
 80a06f2:	f850 3023 	ldr.w	r3, [r0, r3, lsl #2]
 80a06f6:	835f      	strh	r7, [r3, #26]
            "nop" "\n\t" "nop" "\n\t" "nop" "\n\t" "nop" "\n\t" "nop" "\n\t"
            "nop" "\n\t" "nop" "\n\t" "nop" "\n\t" "nop" "\n\t" "nop" "\n\t"
            "nop" "\n\t" "nop" "\n\t" "nop" "\n\t" "nop" "\n\t" "nop" "\n\t"
            "nop" "\n\t" "nop" "\n\t" "nop" "\n\t"
#endif
            ::: "r0", "cc", "memory");
 80a06f8:	4600      	mov	r0, r0
 80a06fa:	bf00      	nop
 80a06fc:	bf00      	nop
 80a06fe:	bf00      	nop
 80a0700:	bf00      	nop
 80a0702:	bf00      	nop
 80a0704:	bf00      	nop
 80a0706:	bf00      	nop
 80a0708:	bf00      	nop
 80a070a:	bf00      	nop
 80a070c:	bf00      	nop
 80a070e:	bf00      	nop
 80a0710:	bf00      	nop
 80a0712:	bf00      	nop
 80a0714:	bf00      	nop
 80a0716:	bf00      	nop
 80a0718:	bf00      	nop
 80a071a:	bf00      	nop
 80a071c:	bf00      	nop
 80a071e:	bf00      	nop
 80a0720:	bf00      	nop
 80a0722:	bf00      	nop
 80a0724:	bf00      	nop
 80a0726:	bf00      	nop
 80a0728:	bf00      	nop
 80a072a:	bf00      	nop
 80a072c:	bf00      	nop
 80a072e:	bf00      	nop
 80a0730:	bf00      	nop
 80a0732:	bf00      	nop
 80a0734:	bf00      	nop
 80a0736:	bf00      	nop
 80a0738:	bf00      	nop
 80a073a:	bf00      	nop
 80a073c:	bf00      	nop
 80a073e:	bf00      	nop
 80a0740:	bf00      	nop
 80a0742:	bf00      	nop
 80a0744:	bf00      	nop
 80a0746:	bf00      	nop
 80a0748:	bf00      	nop
 80a074a:	bf00      	nop
 80a074c:	bf00      	nop
 80a074e:	bf00      	nop
 80a0750:	bf00      	nop
 80a0752:	bf00      	nop
 80a0754:	bf00      	nop
 80a0756:	bf00      	nop
 80a0758:	bf00      	nop
 80a075a:	bf00      	nop
 80a075c:	bf00      	nop
 80a075e:	bf00      	nop
 80a0760:	bf00      	nop
 80a0762:	bf00      	nop
 80a0764:	bf00      	nop
 80a0766:	bf00      	nop
 80a0768:	bf00      	nop
 80a076a:	bf00      	nop
 80a076c:	bf00      	nop
 80a076e:	bf00      	nop
 80a0770:	bf00      	nop
 80a0772:	bf00      	nop
 80a0774:	bf00      	nop
 80a0776:	bf00      	nop
 80a0778:	bf00      	nop
 80a077a:	bf00      	nop
 80a077c:	bf00      	nop
 80a077e:	bf00      	nop
 80a0780:	bf00      	nop
 80a0782:	bf00      	nop
 80a0784:	bf00      	nop
 80a0786:	bf00      	nop
 80a0788:	bf00      	nop
 80a078a:	bf00      	nop
 80a078c:	bf00      	nop
 80a078e:	bf00      	nop
 80a0790:	bf00      	nop
 80a0792:	bf00      	nop
 80a0794:	bf00      	nop
 80a0796:	bf00      	nop
 80a0798:	bf00      	nop
 80a079a:	bf00      	nop
 80a079c:	bf00      	nop
 80a079e:	bf00      	nop
 80a07a0:	bf00      	nop
 80a07a2:	bf00      	nop
 80a07a4:	bf00      	nop
 80a07a6:	bf00      	nop
 80a07a8:	bf00      	nop
 80a07aa:	bf00      	nop
 80a07ac:	bf00      	nop
 80a07ae:	bf00      	nop
 80a07b0:	bf00      	nop
 80a07b2:	bf00      	nop
 80a07b4:	bf00      	nop
 80a07b6:	bf00      	nop
 80a07b8:	bf00      	nop
 80a07ba:	bf00      	nop
 80a07bc:	bf00      	nop
 80a07be:	bf00      	nop
 80a07c0:	bf00      	nop
 80a07c2:	bf00      	nop
 80a07c4:	bf00      	nop
 80a07c6:	bf00      	nop
 80a07c8:	bf00      	nop
 80a07ca:	bf00      	nop
 80a07cc:	bf00      	nop
 80a07ce:	bf00      	nop
 80a07d0:	bf00      	nop
 80a07d2:	bf00      	nop
 80a07d4:	bf00      	nop
 80a07d6:	bf00      	nop
 80a07d8:	bf00      	nop
 80a07da:	bf00      	nop
 80a07dc:	bf00      	nop
 80a07de:	bf00      	nop
 80a07e0:	bf00      	nop
 80a07e2:	bf00      	nop
 80a07e4:	bf00      	nop
 80a07e6:	bf00      	nop
 80a07e8:	bf00      	nop
 80a07ea:	bf00      	nop
 80a07ec:	bf00      	nop
 80a07ee:	bf00      	nop
 80a07f0:	bf00      	nop
            "nop" "\n\t" "nop" "\n\t" "nop" "\n\t" "nop" "\n\t" "nop" "\n\t"
            "nop" "\n\t" "nop" "\n\t" "nop" "\n\t" "nop" "\n\t" "nop" "\n\t"
#endif
            ::: "r0", "cc", "memory");
        }
        mask >>= 1;
 80a07f2:	9b04      	ldr	r3, [sp, #16]
 80a07f4:	085b      	lsrs	r3, r3, #1
 80a07f6:	9304      	str	r3, [sp, #16]
      } while ( ++j < 24 ); // ... pixel done
 80a07f8:	f89d 3005 	ldrb.w	r3, [sp, #5]
 80a07fc:	3301      	adds	r3, #1
 80a07fe:	b2db      	uxtb	r3, r3
 80a0800:	2b17      	cmp	r3, #23
 80a0802:	f88d 3005 	strb.w	r3, [sp, #5]
 80a0806:	f200 8727 	bhi.w	80a1658 <_ZN17Adafruit_NeoPixel4showEv+0x1140>
        pinSet(pin, HIGH); // HIGH
 80a080a:	79e3      	ldrb	r3, [r4, #7]
 80a080c:	6810      	ldr	r0, [r2, #0]
 80a080e:	ebc3 03c3 	rsb	r3, r3, r3, lsl #3
 80a0812:	eb00 0783 	add.w	r7, r0, r3, lsl #2
 80a0816:	88bf      	ldrh	r7, [r7, #4]
 80a0818:	f850 3023 	ldr.w	r3, [r0, r3, lsl #2]
 80a081c:	831f      	strh	r7, [r3, #24]
        if (c & mask) { // if masked bit is high
 80a081e:	9803      	ldr	r0, [sp, #12]
 80a0820:	9b04      	ldr	r3, [sp, #16]
 80a0822:	4218      	tst	r0, r3
 80a0824:	f47f aeda 	bne.w	80a05dc <_ZN17Adafruit_NeoPixel4showEv+0xc4>
            ::: "r0", "cc", "memory");
 80a0828:	4600      	mov	r0, r0
 80a082a:	bf00      	nop
 80a082c:	bf00      	nop
 80a082e:	bf00      	nop
 80a0830:	bf00      	nop
 80a0832:	bf00      	nop
 80a0834:	bf00      	nop
 80a0836:	bf00      	nop
 80a0838:	bf00      	nop
 80a083a:	bf00      	nop
 80a083c:	bf00      	nop
 80a083e:	bf00      	nop
 80a0840:	bf00      	nop
 80a0842:	bf00      	nop
 80a0844:	bf00      	nop
 80a0846:	bf00      	nop
 80a0848:	bf00      	nop
 80a084a:	bf00      	nop
 80a084c:	bf00      	nop
 80a084e:	bf00      	nop
 80a0850:	bf00      	nop
 80a0852:	bf00      	nop
 80a0854:	bf00      	nop
 80a0856:	bf00      	nop
 80a0858:	bf00      	nop
 80a085a:	bf00      	nop
 80a085c:	bf00      	nop
 80a085e:	bf00      	nop
 80a0860:	bf00      	nop
 80a0862:	bf00      	nop
 80a0864:	bf00      	nop
 80a0866:	bf00      	nop
 80a0868:	bf00      	nop
 80a086a:	bf00      	nop
 80a086c:	bf00      	nop
 80a086e:	bf00      	nop
 80a0870:	bf00      	nop
 80a0872:	bf00      	nop
 80a0874:	bf00      	nop
 80a0876:	bf00      	nop
 80a0878:	bf00      	nop
          pinSet(pin, LOW); // LOW
 80a087a:	79e3      	ldrb	r3, [r4, #7]
 80a087c:	6810      	ldr	r0, [r2, #0]
 80a087e:	ebc3 03c3 	rsb	r3, r3, r3, lsl #3
 80a0882:	eb00 0783 	add.w	r7, r0, r3, lsl #2
 80a0886:	88bf      	ldrh	r7, [r7, #4]
 80a0888:	f850 3023 	ldr.w	r3, [r0, r3, lsl #2]
 80a088c:	835f      	strh	r7, [r3, #26]
            ::: "r0", "cc", "memory");
 80a088e:	4600      	mov	r0, r0
 80a0890:	bf00      	nop
 80a0892:	bf00      	nop
 80a0894:	bf00      	nop
 80a0896:	bf00      	nop
 80a0898:	bf00      	nop
 80a089a:	bf00      	nop
 80a089c:	bf00      	nop
 80a089e:	bf00      	nop
 80a08a0:	bf00      	nop
 80a08a2:	bf00      	nop
 80a08a4:	bf00      	nop
 80a08a6:	bf00      	nop
 80a08a8:	bf00      	nop
 80a08aa:	bf00      	nop
 80a08ac:	bf00      	nop
 80a08ae:	bf00      	nop
 80a08b0:	bf00      	nop
 80a08b2:	bf00      	nop
 80a08b4:	bf00      	nop
 80a08b6:	bf00      	nop
 80a08b8:	bf00      	nop
 80a08ba:	bf00      	nop
 80a08bc:	bf00      	nop
 80a08be:	bf00      	nop
 80a08c0:	bf00      	nop
 80a08c2:	bf00      	nop
 80a08c4:	bf00      	nop
 80a08c6:	bf00      	nop
 80a08c8:	bf00      	nop
 80a08ca:	bf00      	nop
 80a08cc:	bf00      	nop
 80a08ce:	bf00      	nop
 80a08d0:	bf00      	nop
 80a08d2:	bf00      	nop
 80a08d4:	bf00      	nop
 80a08d6:	bf00      	nop
 80a08d8:	bf00      	nop
 80a08da:	bf00      	nop
 80a08dc:	bf00      	nop
 80a08de:	bf00      	nop
 80a08e0:	bf00      	nop
 80a08e2:	bf00      	nop
 80a08e4:	bf00      	nop
 80a08e6:	bf00      	nop
 80a08e8:	bf00      	nop
 80a08ea:	bf00      	nop
 80a08ec:	bf00      	nop
 80a08ee:	bf00      	nop
 80a08f0:	bf00      	nop
 80a08f2:	bf00      	nop
 80a08f4:	bf00      	nop
 80a08f6:	bf00      	nop
 80a08f8:	bf00      	nop
 80a08fa:	bf00      	nop
 80a08fc:	bf00      	nop
 80a08fe:	bf00      	nop
 80a0900:	bf00      	nop
 80a0902:	bf00      	nop
 80a0904:	bf00      	nop
 80a0906:	bf00      	nop
 80a0908:	bf00      	nop
 80a090a:	bf00      	nop
 80a090c:	bf00      	nop
 80a090e:	bf00      	nop
 80a0910:	bf00      	nop
 80a0912:	bf00      	nop
 80a0914:	bf00      	nop
 80a0916:	bf00      	nop
 80a0918:	bf00      	nop
 80a091a:	bf00      	nop
 80a091c:	bf00      	nop
 80a091e:	bf00      	nop
 80a0920:	bf00      	nop
 80a0922:	bf00      	nop
 80a0924:	bf00      	nop
 80a0926:	bf00      	nop
 80a0928:	bf00      	nop
 80a092a:	bf00      	nop
 80a092c:	bf00      	nop
 80a092e:	bf00      	nop
 80a0930:	bf00      	nop
 80a0932:	bf00      	nop
 80a0934:	bf00      	nop
 80a0936:	bf00      	nop
 80a0938:	bf00      	nop
 80a093a:	bf00      	nop
 80a093c:	bf00      	nop
 80a093e:	bf00      	nop
 80a0940:	bf00      	nop
 80a0942:	bf00      	nop
 80a0944:	bf00      	nop
 80a0946:	bf00      	nop
 80a0948:	bf00      	nop
 80a094a:	bf00      	nop
 80a094c:	bf00      	nop
 80a094e:	bf00      	nop
 80a0950:	bf00      	nop
 80a0952:	bf00      	nop
 80a0954:	bf00      	nop
 80a0956:	bf00      	nop
 80a0958:	bf00      	nop
 80a095a:	bf00      	nop
 80a095c:	bf00      	nop
 80a095e:	bf00      	nop
 80a0960:	bf00      	nop
 80a0962:	bf00      	nop
 80a0964:	bf00      	nop
 80a0966:	bf00      	nop
 80a0968:	bf00      	nop
 80a096a:	bf00      	nop
 80a096c:	bf00      	nop
 80a096e:	bf00      	nop
 80a0970:	bf00      	nop
 80a0972:	bf00      	nop
 80a0974:	bf00      	nop
 80a0976:	bf00      	nop
 80a0978:	bf00      	nop
 80a097a:	bf00      	nop
 80a097c:	bf00      	nop
 80a097e:	bf00      	nop
 80a0980:	bf00      	nop
 80a0982:	bf00      	nop
 80a0984:	bf00      	nop
 80a0986:	bf00      	nop
 80a0988:	bf00      	nop
 80a098a:	bf00      	nop
 80a098c:	bf00      	nop
 80a098e:	bf00      	nop
 80a0990:	bf00      	nop
 80a0992:	bf00      	nop
 80a0994:	bf00      	nop
 80a0996:	bf00      	nop
 80a0998:	bf00      	nop
 80a099a:	bf00      	nop
 80a099c:	bf00      	nop
 80a099e:	bf00      	nop
 80a09a0:	bf00      	nop
 80a09a2:	bf00      	nop
 80a09a4:	bf00      	nop
 80a09a6:	bf00      	nop
 80a09a8:	bf00      	nop
 80a09aa:	bf00      	nop
 80a09ac:	bf00      	nop
 80a09ae:	bf00      	nop
 80a09b0:	bf00      	nop
 80a09b2:	bf00      	nop
 80a09b4:	bf00      	nop
 80a09b6:	bf00      	nop
 80a09b8:	bf00      	nop
 80a09ba:	bf00      	nop
 80a09bc:	bf00      	nop
 80a09be:	bf00      	nop
 80a09c0:	bf00      	nop
 80a09c2:	bf00      	nop
 80a09c4:	bf00      	nop
 80a09c6:	bf00      	nop
 80a09c8:	bf00      	nop
 80a09ca:	bf00      	nop
 80a09cc:	bf00      	nop
 80a09ce:	bf00      	nop
 80a09d0:	bf00      	nop
 80a09d2:	bf00      	nop
 80a09d4:	bf00      	nop
 80a09d6:	bf00      	nop
 80a09d8:	bf00      	nop
 80a09da:	bf00      	nop
 80a09dc:	bf00      	nop
 80a09de:	bf00      	nop
 80a09e0:	bf00      	nop
 80a09e2:	bf00      	nop
 80a09e4:	bf00      	nop
 80a09e6:	bf00      	nop
 80a09e8:	bf00      	nop
 80a09ea:	bf00      	nop
 80a09ec:	bf00      	nop
 80a09ee:	bf00      	nop
 80a09f0:	bf00      	nop
 80a09f2:	bf00      	nop
 80a09f4:	bf00      	nop
 80a09f6:	bf00      	nop
 80a09f8:	bf00      	nop
 80a09fa:	bf00      	nop
 80a09fc:	bf00      	nop
 80a09fe:	bf00      	nop
 80a0a00:	bf00      	nop
 80a0a02:	bf00      	nop
 80a0a04:	bf00      	nop
 80a0a06:	bf00      	nop
 80a0a08:	bf00      	nop
 80a0a0a:	bf00      	nop
 80a0a0c:	bf00      	nop
 80a0a0e:	bf00      	nop
 80a0a10:	bf00      	nop
 80a0a12:	bf00      	nop
 80a0a14:	bf00      	nop
 80a0a16:	bf00      	nop
 80a0a18:	bf00      	nop
 80a0a1a:	bf00      	nop
 80a0a1c:	bf00      	nop
 80a0a1e:	bf00      	nop
 80a0a20:	bf00      	nop
 80a0a22:	bf00      	nop
 80a0a24:	bf00      	nop
 80a0a26:	bf00      	nop
 80a0a28:	bf00      	nop
 80a0a2a:	bf00      	nop
 80a0a2c:	bf00      	nop
 80a0a2e:	bf00      	nop
 80a0a30:	bf00      	nop
 80a0a32:	bf00      	nop
 80a0a34:	bf00      	nop
 80a0a36:	bf00      	nop
 80a0a38:	e6db      	b.n	80a07f2 <_ZN17Adafruit_NeoPixel4showEv+0x2da>
    while(i) { // While bytes left... (3 bytes = 1 pixel)
 80a0a3a:	2b00      	cmp	r3, #0
 80a0a3c:	f000 8133 	beq.w	80a0ca6 <_ZN17Adafruit_NeoPixel4showEv+0x78e>
      mask = 0x800000; // reset the mask
 80a0a40:	f44f 0500 	mov.w	r5, #8388608	; 0x800000
      j = 0;        // reset the 24-bit counter
 80a0a44:	2600      	movs	r6, #0
 80a0a46:	4a13      	ldr	r2, [pc, #76]	; (80a0a94 <_ZN17Adafruit_NeoPixel4showEv+0x57c>)
      mask = 0x800000; // reset the mask
 80a0a48:	9504      	str	r5, [sp, #16]
      i = i-3;      // decrement bytes remaining
 80a0a4a:	f8bd 300a 	ldrh.w	r3, [sp, #10]
      b = *ptr++;   // Next blue byte value
 80a0a4e:	3103      	adds	r1, #3
      i = i-3;      // decrement bytes remaining
 80a0a50:	3b03      	subs	r3, #3
 80a0a52:	b29b      	uxth	r3, r3
 80a0a54:	f8ad 300a 	strh.w	r3, [sp, #10]
      g = *ptr++;   // Next green byte value
 80a0a58:	f811 3c03 	ldrb.w	r3, [r1, #-3]
 80a0a5c:	b2db      	uxtb	r3, r3
 80a0a5e:	f88d 3006 	strb.w	r3, [sp, #6]
      r = *ptr++;   // Next red byte value
 80a0a62:	f811 3c02 	ldrb.w	r3, [r1, #-2]
 80a0a66:	b2db      	uxtb	r3, r3
 80a0a68:	f88d 3007 	strb.w	r3, [sp, #7]
      b = *ptr++;   // Next blue byte value
 80a0a6c:	f811 3c01 	ldrb.w	r3, [r1, #-1]
 80a0a70:	b2db      	uxtb	r3, r3
 80a0a72:	f88d 3008 	strb.w	r3, [sp, #8]
      c = ((uint32_t)g << 16) | ((uint32_t)r <<  8) | b; // Pack the next 3 bytes to keep timing tight
 80a0a76:	f89d 7006 	ldrb.w	r7, [sp, #6]
 80a0a7a:	f89d 3007 	ldrb.w	r3, [sp, #7]
 80a0a7e:	f89d 0008 	ldrb.w	r0, [sp, #8]
 80a0a82:	021b      	lsls	r3, r3, #8
 80a0a84:	ea43 4307 	orr.w	r3, r3, r7, lsl #16
 80a0a88:	4303      	orrs	r3, r0
 80a0a8a:	9303      	str	r3, [sp, #12]
      j = 0;        // reset the 24-bit counter
 80a0a8c:	f88d 6005 	strb.w	r6, [sp, #5]
 80a0a90:	e080      	b.n	80a0b94 <_ZN17Adafruit_NeoPixel4showEv+0x67c>
 80a0a92:	bf00      	nop
 80a0a94:	200000b4 	.word	0x200000b4
            ::: "r0", "cc", "memory");
 80a0a98:	4600      	mov	r0, r0
 80a0a9a:	bf00      	nop
 80a0a9c:	bf00      	nop
 80a0a9e:	bf00      	nop
 80a0aa0:	bf00      	nop
 80a0aa2:	bf00      	nop
 80a0aa4:	bf00      	nop
 80a0aa6:	bf00      	nop
 80a0aa8:	bf00      	nop
 80a0aaa:	bf00      	nop
 80a0aac:	bf00      	nop
 80a0aae:	bf00      	nop
 80a0ab0:	bf00      	nop
 80a0ab2:	bf00      	nop
 80a0ab4:	bf00      	nop
 80a0ab6:	bf00      	nop
 80a0ab8:	bf00      	nop
 80a0aba:	bf00      	nop
 80a0abc:	bf00      	nop
 80a0abe:	bf00      	nop
 80a0ac0:	bf00      	nop
 80a0ac2:	bf00      	nop
 80a0ac4:	bf00      	nop
 80a0ac6:	bf00      	nop
 80a0ac8:	bf00      	nop
 80a0aca:	bf00      	nop
 80a0acc:	bf00      	nop
 80a0ace:	bf00      	nop
 80a0ad0:	bf00      	nop
 80a0ad2:	bf00      	nop
 80a0ad4:	bf00      	nop
 80a0ad6:	bf00      	nop
 80a0ad8:	bf00      	nop
 80a0ada:	bf00      	nop
 80a0adc:	bf00      	nop
 80a0ade:	bf00      	nop
 80a0ae0:	bf00      	nop
 80a0ae2:	bf00      	nop
 80a0ae4:	bf00      	nop
 80a0ae6:	bf00      	nop
 80a0ae8:	bf00      	nop
 80a0aea:	bf00      	nop
 80a0aec:	bf00      	nop
 80a0aee:	bf00      	nop
 80a0af0:	bf00      	nop
 80a0af2:	bf00      	nop
 80a0af4:	bf00      	nop
 80a0af6:	bf00      	nop
 80a0af8:	bf00      	nop
 80a0afa:	bf00      	nop
 80a0afc:	bf00      	nop
 80a0afe:	bf00      	nop
 80a0b00:	bf00      	nop
 80a0b02:	bf00      	nop
 80a0b04:	bf00      	nop
 80a0b06:	bf00      	nop
 80a0b08:	bf00      	nop
 80a0b0a:	bf00      	nop
 80a0b0c:	bf00      	nop
 80a0b0e:	bf00      	nop
 80a0b10:	bf00      	nop
 80a0b12:	bf00      	nop
 80a0b14:	bf00      	nop
 80a0b16:	bf00      	nop
 80a0b18:	bf00      	nop
 80a0b1a:	bf00      	nop
 80a0b1c:	bf00      	nop
 80a0b1e:	bf00      	nop
 80a0b20:	bf00      	nop
 80a0b22:	bf00      	nop
 80a0b24:	bf00      	nop
 80a0b26:	bf00      	nop
 80a0b28:	bf00      	nop
 80a0b2a:	bf00      	nop
 80a0b2c:	bf00      	nop
 80a0b2e:	bf00      	nop
 80a0b30:	bf00      	nop
          pinSet(pin, LOW); // LOW
 80a0b32:	79e3      	ldrb	r3, [r4, #7]
 80a0b34:	6810      	ldr	r0, [r2, #0]
 80a0b36:	ebc3 03c3 	rsb	r3, r3, r3, lsl #3
 80a0b3a:	eb00 0783 	add.w	r7, r0, r3, lsl #2
 80a0b3e:	88bf      	ldrh	r7, [r7, #4]
 80a0b40:	f850 3023 	ldr.w	r3, [r0, r3, lsl #2]
 80a0b44:	835f      	strh	r7, [r3, #26]
            ::: "r0", "cc", "memory");
 80a0b46:	4600      	mov	r0, r0
 80a0b48:	bf00      	nop
 80a0b4a:	bf00      	nop
 80a0b4c:	bf00      	nop
 80a0b4e:	bf00      	nop
 80a0b50:	bf00      	nop
 80a0b52:	bf00      	nop
 80a0b54:	bf00      	nop
 80a0b56:	bf00      	nop
 80a0b58:	bf00      	nop
 80a0b5a:	bf00      	nop
 80a0b5c:	bf00      	nop
 80a0b5e:	bf00      	nop
 80a0b60:	bf00      	nop
 80a0b62:	bf00      	nop
 80a0b64:	bf00      	nop
 80a0b66:	bf00      	nop
 80a0b68:	bf00      	nop
 80a0b6a:	bf00      	nop
 80a0b6c:	bf00      	nop
 80a0b6e:	bf00      	nop
 80a0b70:	bf00      	nop
 80a0b72:	bf00      	nop
 80a0b74:	bf00      	nop
 80a0b76:	bf00      	nop
 80a0b78:	bf00      	nop
 80a0b7a:	bf00      	nop
        mask >>= 1;
 80a0b7c:	9b04      	ldr	r3, [sp, #16]
 80a0b7e:	085b      	lsrs	r3, r3, #1
 80a0b80:	9304      	str	r3, [sp, #16]
      } while ( ++j < 24 ); // ... pixel done
 80a0b82:	f89d 3005 	ldrb.w	r3, [sp, #5]
 80a0b86:	3301      	adds	r3, #1
 80a0b88:	b2db      	uxtb	r3, r3
 80a0b8a:	2b17      	cmp	r3, #23
 80a0b8c:	f88d 3005 	strb.w	r3, [sp, #5]
 80a0b90:	f200 8083 	bhi.w	80a0c9a <_ZN17Adafruit_NeoPixel4showEv+0x782>
        pinSet(pin, HIGH); // HIGH
 80a0b94:	79e3      	ldrb	r3, [r4, #7]
 80a0b96:	6810      	ldr	r0, [r2, #0]
 80a0b98:	ebc3 03c3 	rsb	r3, r3, r3, lsl #3
 80a0b9c:	eb00 0783 	add.w	r7, r0, r3, lsl #2
 80a0ba0:	88bf      	ldrh	r7, [r7, #4]
 80a0ba2:	f850 3023 	ldr.w	r3, [r0, r3, lsl #2]
 80a0ba6:	831f      	strh	r7, [r3, #24]
        if (c & mask) { // if masked bit is high
 80a0ba8:	9803      	ldr	r0, [sp, #12]
 80a0baa:	9b04      	ldr	r3, [sp, #16]
 80a0bac:	4218      	tst	r0, r3
 80a0bae:	f47f af73 	bne.w	80a0a98 <_ZN17Adafruit_NeoPixel4showEv+0x580>
            ::: "r0", "cc", "memory");
 80a0bb2:	4600      	mov	r0, r0
 80a0bb4:	bf00      	nop
 80a0bb6:	bf00      	nop
 80a0bb8:	bf00      	nop
 80a0bba:	bf00      	nop
 80a0bbc:	bf00      	nop
 80a0bbe:	bf00      	nop
 80a0bc0:	bf00      	nop
 80a0bc2:	bf00      	nop
 80a0bc4:	bf00      	nop
 80a0bc6:	bf00      	nop
 80a0bc8:	bf00      	nop
 80a0bca:	bf00      	nop
 80a0bcc:	bf00      	nop
 80a0bce:	bf00      	nop
 80a0bd0:	bf00      	nop
 80a0bd2:	bf00      	nop
 80a0bd4:	bf00      	nop
 80a0bd6:	bf00      	nop
 80a0bd8:	bf00      	nop
          pinSet(pin, LOW); // LOW
 80a0bda:	79e3      	ldrb	r3, [r4, #7]
 80a0bdc:	6810      	ldr	r0, [r2, #0]
 80a0bde:	ebc3 03c3 	rsb	r3, r3, r3, lsl #3
 80a0be2:	eb00 0783 	add.w	r7, r0, r3, lsl #2
 80a0be6:	88bf      	ldrh	r7, [r7, #4]
 80a0be8:	f850 3023 	ldr.w	r3, [r0, r3, lsl #2]
 80a0bec:	835f      	strh	r7, [r3, #26]
            ::: "r0", "cc", "memory");
 80a0bee:	4600      	mov	r0, r0
 80a0bf0:	bf00      	nop
 80a0bf2:	bf00      	nop
 80a0bf4:	bf00      	nop
 80a0bf6:	bf00      	nop
 80a0bf8:	bf00      	nop
 80a0bfa:	bf00      	nop
 80a0bfc:	bf00      	nop
 80a0bfe:	bf00      	nop
 80a0c00:	bf00      	nop
 80a0c02:	bf00      	nop
 80a0c04:	bf00      	nop
 80a0c06:	bf00      	nop
 80a0c08:	bf00      	nop
 80a0c0a:	bf00      	nop
 80a0c0c:	bf00      	nop
 80a0c0e:	bf00      	nop
 80a0c10:	bf00      	nop
 80a0c12:	bf00      	nop
 80a0c14:	bf00      	nop
 80a0c16:	bf00      	nop
 80a0c18:	bf00      	nop
 80a0c1a:	bf00      	nop
 80a0c1c:	bf00      	nop
 80a0c1e:	bf00      	nop
 80a0c20:	bf00      	nop
 80a0c22:	bf00      	nop
 80a0c24:	bf00      	nop
 80a0c26:	bf00      	nop
 80a0c28:	bf00      	nop
 80a0c2a:	bf00      	nop
 80a0c2c:	bf00      	nop
 80a0c2e:	bf00      	nop
 80a0c30:	bf00      	nop
 80a0c32:	bf00      	nop
 80a0c34:	bf00      	nop
 80a0c36:	bf00      	nop
 80a0c38:	bf00      	nop
 80a0c3a:	bf00      	nop
 80a0c3c:	bf00      	nop
 80a0c3e:	bf00      	nop
 80a0c40:	bf00      	nop
 80a0c42:	bf00      	nop
 80a0c44:	bf00      	nop
 80a0c46:	bf00      	nop
 80a0c48:	bf00      	nop
 80a0c4a:	bf00      	nop
 80a0c4c:	bf00      	nop
 80a0c4e:	bf00      	nop
 80a0c50:	bf00      	nop
 80a0c52:	bf00      	nop
 80a0c54:	bf00      	nop
 80a0c56:	bf00      	nop
 80a0c58:	bf00      	nop
 80a0c5a:	bf00      	nop
 80a0c5c:	bf00      	nop
 80a0c5e:	bf00      	nop
 80a0c60:	bf00      	nop
 80a0c62:	bf00      	nop
 80a0c64:	bf00      	nop
 80a0c66:	bf00      	nop
 80a0c68:	bf00      	nop
 80a0c6a:	bf00      	nop
 80a0c6c:	bf00      	nop
 80a0c6e:	bf00      	nop
 80a0c70:	bf00      	nop
 80a0c72:	bf00      	nop
 80a0c74:	bf00      	nop
 80a0c76:	bf00      	nop
 80a0c78:	bf00      	nop
 80a0c7a:	bf00      	nop
 80a0c7c:	bf00      	nop
 80a0c7e:	bf00      	nop
 80a0c80:	bf00      	nop
 80a0c82:	bf00      	nop
 80a0c84:	bf00      	nop
 80a0c86:	bf00      	nop
 80a0c88:	bf00      	nop
 80a0c8a:	bf00      	nop
 80a0c8c:	bf00      	nop
 80a0c8e:	bf00      	nop
 80a0c90:	bf00      	nop
 80a0c92:	bf00      	nop
 80a0c94:	bf00      	nop
 80a0c96:	bf00      	nop
 80a0c98:	e770      	b.n	80a0b7c <_ZN17Adafruit_NeoPixel4showEv+0x664>
    while(i) { // While bytes left... (3 bytes = 1 pixel)
 80a0c9a:	f8bd 300a 	ldrh.w	r3, [sp, #10]
 80a0c9e:	b29b      	uxth	r3, r3
 80a0ca0:	2b00      	cmp	r3, #0
 80a0ca2:	f47f aed1 	bne.w	80a0a48 <_ZN17Adafruit_NeoPixel4showEv+0x530>
  __ASM volatile ("cpsie i");
 80a0ca6:	b662      	cpsie	i
 80a0ca8:	f000 fd70 	bl	80a178c <HAL_Timer_Get_Micro_Seconds>
  }
// END of NRF52 implementation


#endif
  endTime = micros(); // Save EOD time for latch on next call
 80a0cac:	6120      	str	r0, [r4, #16]
}
 80a0cae:	b007      	add	sp, #28
 80a0cb0:	bdf0      	pop	{r4, r5, r6, r7, pc}
    while(i) { // While bytes left... (3 bytes = 1 pixel)
 80a0cb2:	2b00      	cmp	r3, #0
 80a0cb4:	d0f7      	beq.n	80a0ca6 <_ZN17Adafruit_NeoPixel4showEv+0x78e>
      mask = 0x800000; // reset the mask
 80a0cb6:	f44f 0e00 	mov.w	lr, #8388608	; 0x800000
      j = 0;        // reset the 24-bit counter
 80a0cba:	2600      	movs	r6, #0
        pinSet(pin, HIGH); // HIGH
 80a0cbc:	4b54      	ldr	r3, [pc, #336]	; (80a0e10 <_ZN17Adafruit_NeoPixel4showEv+0x8f8>)
 80a0cbe:	6818      	ldr	r0, [r3, #0]
        cyc = DWT->CYCCNT;
 80a0cc0:	4b54      	ldr	r3, [pc, #336]	; (80a0e14 <_ZN17Adafruit_NeoPixel4showEv+0x8fc>)
      mask = 0x800000; // reset the mask
 80a0cc2:	f8cd e010 	str.w	lr, [sp, #16]
      i = i-3;      // decrement bytes remaining
 80a0cc6:	f8bd 200a 	ldrh.w	r2, [sp, #10]
      b = *ptr++;   // Next blue byte value
 80a0cca:	3103      	adds	r1, #3
      i = i-3;      // decrement bytes remaining
 80a0ccc:	3a03      	subs	r2, #3
 80a0cce:	b292      	uxth	r2, r2
 80a0cd0:	f8ad 200a 	strh.w	r2, [sp, #10]
      g = *ptr++;   // Next green byte value
 80a0cd4:	f811 2c03 	ldrb.w	r2, [r1, #-3]
 80a0cd8:	b2d2      	uxtb	r2, r2
 80a0cda:	f88d 2006 	strb.w	r2, [sp, #6]
      r = *ptr++;   // Next red byte value
 80a0cde:	f811 2c02 	ldrb.w	r2, [r1, #-2]
 80a0ce2:	b2d2      	uxtb	r2, r2
 80a0ce4:	f88d 2007 	strb.w	r2, [sp, #7]
      b = *ptr++;   // Next blue byte value
 80a0ce8:	f811 2c01 	ldrb.w	r2, [r1, #-1]
 80a0cec:	b2d2      	uxtb	r2, r2
 80a0cee:	f88d 2008 	strb.w	r2, [sp, #8]
      c = ((uint32_t)g << 16) | ((uint32_t)r <<  8) | b; // Pack the next 3 bytes to keep timing tight
 80a0cf2:	f89d c006 	ldrb.w	ip, [sp, #6]
 80a0cf6:	f89d 2007 	ldrb.w	r2, [sp, #7]
 80a0cfa:	f89d 7008 	ldrb.w	r7, [sp, #8]
 80a0cfe:	0212      	lsls	r2, r2, #8
 80a0d00:	ea42 420c 	orr.w	r2, r2, ip, lsl #16
 80a0d04:	433a      	orrs	r2, r7
 80a0d06:	9203      	str	r2, [sp, #12]
      j = 0;        // reset the 24-bit counter
 80a0d08:	f88d 6005 	strb.w	r6, [sp, #5]
        pinSet(pin, HIGH); // HIGH
 80a0d0c:	79e2      	ldrb	r2, [r4, #7]
        cyc = DWT->CYCCNT;
 80a0d0e:	685d      	ldr	r5, [r3, #4]
        pinSet(pin, HIGH); // HIGH
 80a0d10:	ebc2 02c2 	rsb	r2, r2, r2, lsl #3
 80a0d14:	eb00 0782 	add.w	r7, r0, r2, lsl #2
 80a0d18:	88bf      	ldrh	r7, [r7, #4]
 80a0d1a:	f850 2022 	ldr.w	r2, [r0, r2, lsl #2]
        cyc = DWT->CYCCNT;
 80a0d1e:	9505      	str	r5, [sp, #20]
        pinSet(pin, HIGH); // HIGH
 80a0d20:	8317      	strh	r7, [r2, #24]
        if (c & mask) { // if masked bit is high
 80a0d22:	9f03      	ldr	r7, [sp, #12]
 80a0d24:	9a04      	ldr	r2, [sp, #16]
 80a0d26:	4217      	tst	r7, r2
 80a0d28:	d025      	beq.n	80a0d76 <_ZN17Adafruit_NeoPixel4showEv+0x85e>
          while(DWT->CYCCNT - cyc < CYCLES_800_T1H);
 80a0d2a:	685a      	ldr	r2, [r3, #4]
 80a0d2c:	9f05      	ldr	r7, [sp, #20]
 80a0d2e:	1bd2      	subs	r2, r2, r7
 80a0d30:	2a4f      	cmp	r2, #79	; 0x4f
 80a0d32:	d9fa      	bls.n	80a0d2a <_ZN17Adafruit_NeoPixel4showEv+0x812>
          pinSet(pin, LOW);
 80a0d34:	79e2      	ldrb	r2, [r4, #7]
 80a0d36:	ebc2 02c2 	rsb	r2, r2, r2, lsl #3
 80a0d3a:	eb00 0782 	add.w	r7, r0, r2, lsl #2
 80a0d3e:	88bf      	ldrh	r7, [r7, #4]
 80a0d40:	f850 2022 	ldr.w	r2, [r0, r2, lsl #2]
 80a0d44:	8357      	strh	r7, [r2, #26]
          cyc = DWT->CYCCNT;
 80a0d46:	685a      	ldr	r2, [r3, #4]
 80a0d48:	9205      	str	r2, [sp, #20]
          while(DWT->CYCCNT - cyc < CYCLES_800_T1L);
 80a0d4a:	685a      	ldr	r2, [r3, #4]
 80a0d4c:	9f05      	ldr	r7, [sp, #20]
 80a0d4e:	1bd2      	subs	r2, r2, r7
 80a0d50:	2a07      	cmp	r2, #7
 80a0d52:	d9fa      	bls.n	80a0d4a <_ZN17Adafruit_NeoPixel4showEv+0x832>
        mask >>= 1;
 80a0d54:	9a04      	ldr	r2, [sp, #16]
 80a0d56:	0852      	lsrs	r2, r2, #1
 80a0d58:	9204      	str	r2, [sp, #16]
      } while ( ++j < 24 ); // ... pixel done
 80a0d5a:	f89d 2005 	ldrb.w	r2, [sp, #5]
 80a0d5e:	3201      	adds	r2, #1
 80a0d60:	b2d2      	uxtb	r2, r2
 80a0d62:	2a17      	cmp	r2, #23
 80a0d64:	f88d 2005 	strb.w	r2, [sp, #5]
 80a0d68:	d9d0      	bls.n	80a0d0c <_ZN17Adafruit_NeoPixel4showEv+0x7f4>
    while(i) { // While bytes left... (3 bytes = 1 pixel)
 80a0d6a:	f8bd 200a 	ldrh.w	r2, [sp, #10]
 80a0d6e:	b292      	uxth	r2, r2
 80a0d70:	2a00      	cmp	r2, #0
 80a0d72:	d1a6      	bne.n	80a0cc2 <_ZN17Adafruit_NeoPixel4showEv+0x7aa>
 80a0d74:	e797      	b.n	80a0ca6 <_ZN17Adafruit_NeoPixel4showEv+0x78e>
          while(DWT->CYCCNT - cyc < CYCLES_800_T0H);
 80a0d76:	685a      	ldr	r2, [r3, #4]
 80a0d78:	9f05      	ldr	r7, [sp, #20]
 80a0d7a:	1bd2      	subs	r2, r2, r7
 80a0d7c:	2a18      	cmp	r2, #24
 80a0d7e:	d9fa      	bls.n	80a0d76 <_ZN17Adafruit_NeoPixel4showEv+0x85e>
          pinSet(pin, LOW);
 80a0d80:	79e2      	ldrb	r2, [r4, #7]
 80a0d82:	ebc2 02c2 	rsb	r2, r2, r2, lsl #3
 80a0d86:	eb00 0782 	add.w	r7, r0, r2, lsl #2
 80a0d8a:	88bf      	ldrh	r7, [r7, #4]
 80a0d8c:	f850 2022 	ldr.w	r2, [r0, r2, lsl #2]
 80a0d90:	8357      	strh	r7, [r2, #26]
          cyc = DWT->CYCCNT;
 80a0d92:	685a      	ldr	r2, [r3, #4]
 80a0d94:	9205      	str	r2, [sp, #20]
          while(DWT->CYCCNT - cyc < CYCLES_800_T0L);
 80a0d96:	685a      	ldr	r2, [r3, #4]
 80a0d98:	9f05      	ldr	r7, [sp, #20]
 80a0d9a:	1bd2      	subs	r2, r2, r7
 80a0d9c:	2a45      	cmp	r2, #69	; 0x45
 80a0d9e:	d9fa      	bls.n	80a0d96 <_ZN17Adafruit_NeoPixel4showEv+0x87e>
 80a0da0:	e7d8      	b.n	80a0d54 <_ZN17Adafruit_NeoPixel4showEv+0x83c>
 80a0da2:	4770      	bx	lr
    while(i) { // While bytes left... (4 bytes = 1 pixel)
 80a0da4:	2b00      	cmp	r3, #0
 80a0da6:	f43f af7e 	beq.w	80a0ca6 <_ZN17Adafruit_NeoPixel4showEv+0x78e>
      mask = 0x80000000; // reset the mask
 80a0daa:	f04f 4500 	mov.w	r5, #2147483648	; 0x80000000
      j = 0;        // reset the 32-bit counter
 80a0dae:	2600      	movs	r6, #0
 80a0db0:	4a17      	ldr	r2, [pc, #92]	; (80a0e10 <_ZN17Adafruit_NeoPixel4showEv+0x8f8>)
      mask = 0x80000000; // reset the mask
 80a0db2:	9504      	str	r5, [sp, #16]
      i = i-4;      // decrement bytes remaining
 80a0db4:	f8bd 300a 	ldrh.w	r3, [sp, #10]
      w = *ptr++;   // Next white byte value
 80a0db8:	3104      	adds	r1, #4
      i = i-4;      // decrement bytes remaining
 80a0dba:	3b04      	subs	r3, #4
 80a0dbc:	b29b      	uxth	r3, r3
 80a0dbe:	f8ad 300a 	strh.w	r3, [sp, #10]
      r = *ptr++;   // Next red byte value
 80a0dc2:	f811 3c04 	ldrb.w	r3, [r1, #-4]
 80a0dc6:	b2db      	uxtb	r3, r3
 80a0dc8:	f88d 3007 	strb.w	r3, [sp, #7]
      g = *ptr++;   // Next green byte value
 80a0dcc:	f811 3c03 	ldrb.w	r3, [r1, #-3]
 80a0dd0:	b2db      	uxtb	r3, r3
 80a0dd2:	f88d 3006 	strb.w	r3, [sp, #6]
      b = *ptr++;   // Next blue byte value
 80a0dd6:	f811 3c02 	ldrb.w	r3, [r1, #-2]
 80a0dda:	b2db      	uxtb	r3, r3
 80a0ddc:	f88d 3008 	strb.w	r3, [sp, #8]
      w = *ptr++;   // Next white byte value
 80a0de0:	f811 3c01 	ldrb.w	r3, [r1, #-1]
 80a0de4:	b2db      	uxtb	r3, r3
 80a0de6:	f88d 3009 	strb.w	r3, [sp, #9]
      c = ((uint32_t)r << 24) | ((uint32_t)g << 16) | ((uint32_t)b <<  8) | w; // Pack the next 4 bytes to keep timing tight
 80a0dea:	f89d c007 	ldrb.w	ip, [sp, #7]
 80a0dee:	f89d 3006 	ldrb.w	r3, [sp, #6]
 80a0df2:	f89d 0008 	ldrb.w	r0, [sp, #8]
 80a0df6:	041b      	lsls	r3, r3, #16
 80a0df8:	f89d 7009 	ldrb.w	r7, [sp, #9]
 80a0dfc:	ea43 630c 	orr.w	r3, r3, ip, lsl #24
 80a0e00:	433b      	orrs	r3, r7
 80a0e02:	ea43 2300 	orr.w	r3, r3, r0, lsl #8
 80a0e06:	9303      	str	r3, [sp, #12]
      j = 0;        // reset the 32-bit counter
 80a0e08:	f88d 6005 	strb.w	r6, [sp, #5]
 80a0e0c:	e07f      	b.n	80a0f0e <_ZN17Adafruit_NeoPixel4showEv+0x9f6>
 80a0e0e:	bf00      	nop
 80a0e10:	200000b4 	.word	0x200000b4
 80a0e14:	e0001000 	.word	0xe0001000
            ::: "r0", "cc", "memory");
 80a0e18:	4600      	mov	r0, r0
 80a0e1a:	bf00      	nop
 80a0e1c:	bf00      	nop
 80a0e1e:	bf00      	nop
 80a0e20:	bf00      	nop
 80a0e22:	bf00      	nop
 80a0e24:	bf00      	nop
 80a0e26:	bf00      	nop
 80a0e28:	bf00      	nop
 80a0e2a:	bf00      	nop
 80a0e2c:	bf00      	nop
 80a0e2e:	bf00      	nop
 80a0e30:	bf00      	nop
 80a0e32:	bf00      	nop
 80a0e34:	bf00      	nop
 80a0e36:	bf00      	nop
 80a0e38:	bf00      	nop
 80a0e3a:	bf00      	nop
 80a0e3c:	bf00      	nop
 80a0e3e:	bf00      	nop
 80a0e40:	bf00      	nop
 80a0e42:	bf00      	nop
 80a0e44:	bf00      	nop
 80a0e46:	bf00      	nop
 80a0e48:	bf00      	nop
 80a0e4a:	bf00      	nop
 80a0e4c:	bf00      	nop
 80a0e4e:	bf00      	nop
 80a0e50:	bf00      	nop
 80a0e52:	bf00      	nop
 80a0e54:	bf00      	nop
 80a0e56:	bf00      	nop
 80a0e58:	bf00      	nop
 80a0e5a:	bf00      	nop
 80a0e5c:	bf00      	nop
 80a0e5e:	bf00      	nop
 80a0e60:	bf00      	nop
 80a0e62:	bf00      	nop
 80a0e64:	bf00      	nop
 80a0e66:	bf00      	nop
 80a0e68:	bf00      	nop
 80a0e6a:	bf00      	nop
 80a0e6c:	bf00      	nop
 80a0e6e:	bf00      	nop
 80a0e70:	bf00      	nop
 80a0e72:	bf00      	nop
 80a0e74:	bf00      	nop
 80a0e76:	bf00      	nop
 80a0e78:	bf00      	nop
 80a0e7a:	bf00      	nop
 80a0e7c:	bf00      	nop
 80a0e7e:	bf00      	nop
 80a0e80:	bf00      	nop
 80a0e82:	bf00      	nop
 80a0e84:	bf00      	nop
          pinSet(pin, LOW); // LOW
 80a0e86:	79e3      	ldrb	r3, [r4, #7]
 80a0e88:	6810      	ldr	r0, [r2, #0]
 80a0e8a:	ebc3 03c3 	rsb	r3, r3, r3, lsl #3
 80a0e8e:	eb00 0783 	add.w	r7, r0, r3, lsl #2
 80a0e92:	88bf      	ldrh	r7, [r7, #4]
 80a0e94:	f850 3023 	ldr.w	r3, [r0, r3, lsl #2]
 80a0e98:	835f      	strh	r7, [r3, #26]
            ::: "r0", "cc", "memory");
 80a0e9a:	4600      	mov	r0, r0
 80a0e9c:	bf00      	nop
 80a0e9e:	bf00      	nop
 80a0ea0:	bf00      	nop
 80a0ea2:	bf00      	nop
 80a0ea4:	bf00      	nop
 80a0ea6:	bf00      	nop
 80a0ea8:	bf00      	nop
 80a0eaa:	bf00      	nop
 80a0eac:	bf00      	nop
 80a0eae:	bf00      	nop
 80a0eb0:	bf00      	nop
 80a0eb2:	bf00      	nop
 80a0eb4:	bf00      	nop
 80a0eb6:	bf00      	nop
 80a0eb8:	bf00      	nop
 80a0eba:	bf00      	nop
 80a0ebc:	bf00      	nop
 80a0ebe:	bf00      	nop
 80a0ec0:	bf00      	nop
 80a0ec2:	bf00      	nop
 80a0ec4:	bf00      	nop
 80a0ec6:	bf00      	nop
 80a0ec8:	bf00      	nop
 80a0eca:	bf00      	nop
 80a0ecc:	bf00      	nop
 80a0ece:	bf00      	nop
 80a0ed0:	bf00      	nop
 80a0ed2:	bf00      	nop
 80a0ed4:	bf00      	nop
 80a0ed6:	bf00      	nop
 80a0ed8:	bf00      	nop
 80a0eda:	bf00      	nop
 80a0edc:	bf00      	nop
 80a0ede:	bf00      	nop
 80a0ee0:	bf00      	nop
 80a0ee2:	bf00      	nop
 80a0ee4:	bf00      	nop
 80a0ee6:	bf00      	nop
 80a0ee8:	bf00      	nop
 80a0eea:	bf00      	nop
 80a0eec:	bf00      	nop
 80a0eee:	bf00      	nop
 80a0ef0:	bf00      	nop
 80a0ef2:	bf00      	nop
 80a0ef4:	bf00      	nop
 80a0ef6:	bf00      	nop
        mask >>= 1;
 80a0ef8:	9b04      	ldr	r3, [sp, #16]
 80a0efa:	085b      	lsrs	r3, r3, #1
 80a0efc:	9304      	str	r3, [sp, #16]
      } while ( ++j < 32 ); // ... pixel done
 80a0efe:	f89d 3005 	ldrb.w	r3, [sp, #5]
 80a0f02:	3301      	adds	r3, #1
 80a0f04:	b2db      	uxtb	r3, r3
 80a0f06:	2b1f      	cmp	r3, #31
 80a0f08:	f88d 3005 	strb.w	r3, [sp, #5]
 80a0f0c:	d87e      	bhi.n	80a100c <_ZN17Adafruit_NeoPixel4showEv+0xaf4>
        pinSet(pin, HIGH); // HIGH
 80a0f0e:	79e3      	ldrb	r3, [r4, #7]
 80a0f10:	6810      	ldr	r0, [r2, #0]
 80a0f12:	ebc3 03c3 	rsb	r3, r3, r3, lsl #3
 80a0f16:	eb00 0783 	add.w	r7, r0, r3, lsl #2
 80a0f1a:	88bf      	ldrh	r7, [r7, #4]
 80a0f1c:	f850 3023 	ldr.w	r3, [r0, r3, lsl #2]
 80a0f20:	831f      	strh	r7, [r3, #24]
        if (c & mask) { // if masked bit is high
 80a0f22:	9803      	ldr	r0, [sp, #12]
 80a0f24:	9b04      	ldr	r3, [sp, #16]
 80a0f26:	4218      	tst	r0, r3
 80a0f28:	f47f af76 	bne.w	80a0e18 <_ZN17Adafruit_NeoPixel4showEv+0x900>
            ::: "r0", "cc", "memory");
 80a0f2c:	4600      	mov	r0, r0
 80a0f2e:	bf00      	nop
 80a0f30:	bf00      	nop
 80a0f32:	bf00      	nop
 80a0f34:	bf00      	nop
 80a0f36:	bf00      	nop
 80a0f38:	bf00      	nop
 80a0f3a:	bf00      	nop
 80a0f3c:	bf00      	nop
 80a0f3e:	bf00      	nop
 80a0f40:	bf00      	nop
 80a0f42:	bf00      	nop
 80a0f44:	bf00      	nop
 80a0f46:	bf00      	nop
 80a0f48:	bf00      	nop
 80a0f4a:	bf00      	nop
 80a0f4c:	bf00      	nop
 80a0f4e:	bf00      	nop
 80a0f50:	bf00      	nop
 80a0f52:	bf00      	nop
          pinSet(pin, LOW); // LOW
 80a0f54:	79e3      	ldrb	r3, [r4, #7]
 80a0f56:	6810      	ldr	r0, [r2, #0]
 80a0f58:	ebc3 03c3 	rsb	r3, r3, r3, lsl #3
 80a0f5c:	eb00 0783 	add.w	r7, r0, r3, lsl #2
 80a0f60:	88bf      	ldrh	r7, [r7, #4]
 80a0f62:	f850 3023 	ldr.w	r3, [r0, r3, lsl #2]
 80a0f66:	835f      	strh	r7, [r3, #26]
            ::: "r0", "cc", "memory");
 80a0f68:	4600      	mov	r0, r0
 80a0f6a:	bf00      	nop
 80a0f6c:	bf00      	nop
 80a0f6e:	bf00      	nop
 80a0f70:	bf00      	nop
 80a0f72:	bf00      	nop
 80a0f74:	bf00      	nop
 80a0f76:	bf00      	nop
 80a0f78:	bf00      	nop
 80a0f7a:	bf00      	nop
 80a0f7c:	bf00      	nop
 80a0f7e:	bf00      	nop
 80a0f80:	bf00      	nop
 80a0f82:	bf00      	nop
 80a0f84:	bf00      	nop
 80a0f86:	bf00      	nop
 80a0f88:	bf00      	nop
 80a0f8a:	bf00      	nop
 80a0f8c:	bf00      	nop
 80a0f8e:	bf00      	nop
 80a0f90:	bf00      	nop
 80a0f92:	bf00      	nop
 80a0f94:	bf00      	nop
 80a0f96:	bf00      	nop
 80a0f98:	bf00      	nop
 80a0f9a:	bf00      	nop
 80a0f9c:	bf00      	nop
 80a0f9e:	bf00      	nop
 80a0fa0:	bf00      	nop
 80a0fa2:	bf00      	nop
 80a0fa4:	bf00      	nop
 80a0fa6:	bf00      	nop
 80a0fa8:	bf00      	nop
 80a0faa:	bf00      	nop
 80a0fac:	bf00      	nop
 80a0fae:	bf00      	nop
 80a0fb0:	bf00      	nop
 80a0fb2:	bf00      	nop
 80a0fb4:	bf00      	nop
 80a0fb6:	bf00      	nop
 80a0fb8:	bf00      	nop
 80a0fba:	bf00      	nop
 80a0fbc:	bf00      	nop
 80a0fbe:	bf00      	nop
 80a0fc0:	bf00      	nop
 80a0fc2:	bf00      	nop
 80a0fc4:	bf00      	nop
 80a0fc6:	bf00      	nop
 80a0fc8:	bf00      	nop
 80a0fca:	bf00      	nop
 80a0fcc:	bf00      	nop
 80a0fce:	bf00      	nop
 80a0fd0:	bf00      	nop
 80a0fd2:	bf00      	nop
 80a0fd4:	bf00      	nop
 80a0fd6:	bf00      	nop
 80a0fd8:	bf00      	nop
 80a0fda:	bf00      	nop
 80a0fdc:	bf00      	nop
 80a0fde:	bf00      	nop
 80a0fe0:	bf00      	nop
 80a0fe2:	bf00      	nop
 80a0fe4:	bf00      	nop
 80a0fe6:	bf00      	nop
 80a0fe8:	bf00      	nop
 80a0fea:	bf00      	nop
 80a0fec:	bf00      	nop
 80a0fee:	bf00      	nop
 80a0ff0:	bf00      	nop
 80a0ff2:	bf00      	nop
 80a0ff4:	bf00      	nop
 80a0ff6:	bf00      	nop
 80a0ff8:	bf00      	nop
 80a0ffa:	bf00      	nop
 80a0ffc:	bf00      	nop
 80a0ffe:	bf00      	nop
 80a1000:	bf00      	nop
 80a1002:	bf00      	nop
 80a1004:	bf00      	nop
 80a1006:	bf00      	nop
 80a1008:	bf00      	nop
 80a100a:	e775      	b.n	80a0ef8 <_ZN17Adafruit_NeoPixel4showEv+0x9e0>
    while(i) { // While bytes left... (4 bytes = 1 pixel)
 80a100c:	f8bd 300a 	ldrh.w	r3, [sp, #10]
 80a1010:	b29b      	uxth	r3, r3
 80a1012:	2b00      	cmp	r3, #0
 80a1014:	f47f aecd 	bne.w	80a0db2 <_ZN17Adafruit_NeoPixel4showEv+0x89a>
 80a1018:	e645      	b.n	80a0ca6 <_ZN17Adafruit_NeoPixel4showEv+0x78e>
  else if(type == TM1803) { // TM1803 (Radio Shack Tri-Color Strip), 400 KHz bitstream
 80a101a:	2d03      	cmp	r5, #3
 80a101c:	f000 812b 	beq.w	80a1276 <_ZN17Adafruit_NeoPixel4showEv+0xd5e>
    while(i) { // While bytes left... (3 bytes = 1 pixel)
 80a1020:	2b00      	cmp	r3, #0
 80a1022:	f43f ae40 	beq.w	80a0ca6 <_ZN17Adafruit_NeoPixel4showEv+0x78e>
      mask = 0x800000; // reset the mask
 80a1026:	f44f 0500 	mov.w	r5, #8388608	; 0x800000
      j = 0;        // reset the 24-bit counter
 80a102a:	2600      	movs	r6, #0
 80a102c:	4a17      	ldr	r2, [pc, #92]	; (80a108c <_ZN17Adafruit_NeoPixel4showEv+0xb74>)
      mask = 0x800000; // reset the mask
 80a102e:	9504      	str	r5, [sp, #16]
      i = i-3;      // decrement bytes remaining
 80a1030:	f8bd 300a 	ldrh.w	r3, [sp, #10]
      pinSet(pin, LOW); // LOW
 80a1034:	79e0      	ldrb	r0, [r4, #7]
      i = i-3;      // decrement bytes remaining
 80a1036:	3b03      	subs	r3, #3
 80a1038:	b29b      	uxth	r3, r3
 80a103a:	f8ad 300a 	strh.w	r3, [sp, #10]
      r = *ptr++;   // Next red byte value
 80a103e:	780b      	ldrb	r3, [r1, #0]
      pinSet(pin, LOW); // LOW
 80a1040:	6817      	ldr	r7, [r2, #0]
      r = *ptr++;   // Next red byte value
 80a1042:	b2db      	uxtb	r3, r3
 80a1044:	f88d 3007 	strb.w	r3, [sp, #7]
      b = *ptr++;   // Next blue byte value
 80a1048:	784b      	ldrb	r3, [r1, #1]
      pinSet(pin, LOW); // LOW
 80a104a:	ebc0 00c0 	rsb	r0, r0, r0, lsl #3
      b = *ptr++;   // Next blue byte value
 80a104e:	b2db      	uxtb	r3, r3
 80a1050:	f88d 3008 	strb.w	r3, [sp, #8]
      g = *ptr++;   // Next green byte value
 80a1054:	788b      	ldrb	r3, [r1, #2]
      pinSet(pin, LOW); // LOW
 80a1056:	eb07 0c80 	add.w	ip, r7, r0, lsl #2
      g = *ptr++;   // Next green byte value
 80a105a:	b2db      	uxtb	r3, r3
 80a105c:	f88d 3006 	strb.w	r3, [sp, #6]
      c = ((uint32_t)r << 16) | ((uint32_t)b <<  8) | g; // Pack the next 3 bytes to keep timing tight
 80a1060:	f89d e007 	ldrb.w	lr, [sp, #7]
 80a1064:	f89d 3008 	ldrb.w	r3, [sp, #8]
      pinSet(pin, LOW); // LOW
 80a1068:	f8bc c004 	ldrh.w	ip, [ip, #4]
      c = ((uint32_t)r << 16) | ((uint32_t)b <<  8) | g; // Pack the next 3 bytes to keep timing tight
 80a106c:	021b      	lsls	r3, r3, #8
 80a106e:	ea43 430e 	orr.w	r3, r3, lr, lsl #16
 80a1072:	f89d e006 	ldrb.w	lr, [sp, #6]
      pinSet(pin, LOW); // LOW
 80a1076:	f857 0020 	ldr.w	r0, [r7, r0, lsl #2]
      c = ((uint32_t)r << 16) | ((uint32_t)b <<  8) | g; // Pack the next 3 bytes to keep timing tight
 80a107a:	ea43 030e 	orr.w	r3, r3, lr
 80a107e:	9303      	str	r3, [sp, #12]
      g = *ptr++;   // Next green byte value
 80a1080:	3103      	adds	r1, #3
      j = 0;        // reset the 24-bit counter
 80a1082:	f88d 6005 	strb.w	r6, [sp, #5]
      pinSet(pin, LOW); // LOW
 80a1086:	f8a0 c01a 	strh.w	ip, [r0, #26]
 80a108a:	e07c      	b.n	80a1186 <_ZN17Adafruit_NeoPixel4showEv+0xc6e>
 80a108c:	200000b4 	.word	0x200000b4
          mask >>= 1; // Do this task during the long delay of this bit
 80a1090:	9b04      	ldr	r3, [sp, #16]
 80a1092:	085b      	lsrs	r3, r3, #1
 80a1094:	9304      	str	r3, [sp, #16]
            ::: "r0", "cc", "memory");
 80a1096:	4600      	mov	r0, r0
 80a1098:	bf00      	nop
 80a109a:	bf00      	nop
 80a109c:	bf00      	nop
 80a109e:	bf00      	nop
 80a10a0:	bf00      	nop
 80a10a2:	bf00      	nop
 80a10a4:	bf00      	nop
 80a10a6:	bf00      	nop
 80a10a8:	bf00      	nop
 80a10aa:	bf00      	nop
 80a10ac:	bf00      	nop
 80a10ae:	bf00      	nop
 80a10b0:	bf00      	nop
 80a10b2:	bf00      	nop
 80a10b4:	bf00      	nop
 80a10b6:	bf00      	nop
 80a10b8:	bf00      	nop
 80a10ba:	bf00      	nop
 80a10bc:	bf00      	nop
 80a10be:	bf00      	nop
 80a10c0:	bf00      	nop
 80a10c2:	bf00      	nop
 80a10c4:	bf00      	nop
 80a10c6:	bf00      	nop
 80a10c8:	bf00      	nop
 80a10ca:	bf00      	nop
 80a10cc:	bf00      	nop
 80a10ce:	bf00      	nop
 80a10d0:	bf00      	nop
 80a10d2:	bf00      	nop
 80a10d4:	bf00      	nop
 80a10d6:	bf00      	nop
 80a10d8:	bf00      	nop
 80a10da:	bf00      	nop
 80a10dc:	bf00      	nop
 80a10de:	bf00      	nop
 80a10e0:	bf00      	nop
 80a10e2:	bf00      	nop
 80a10e4:	bf00      	nop
 80a10e6:	bf00      	nop
 80a10e8:	bf00      	nop
 80a10ea:	bf00      	nop
 80a10ec:	bf00      	nop
 80a10ee:	bf00      	nop
 80a10f0:	bf00      	nop
 80a10f2:	bf00      	nop
 80a10f4:	bf00      	nop
 80a10f6:	bf00      	nop
 80a10f8:	bf00      	nop
 80a10fa:	bf00      	nop
 80a10fc:	bf00      	nop
 80a10fe:	bf00      	nop
 80a1100:	bf00      	nop
 80a1102:	bf00      	nop
 80a1104:	bf00      	nop
 80a1106:	bf00      	nop
 80a1108:	bf00      	nop
 80a110a:	bf00      	nop
 80a110c:	bf00      	nop
 80a110e:	bf00      	nop
 80a1110:	bf00      	nop
 80a1112:	bf00      	nop
 80a1114:	bf00      	nop
 80a1116:	bf00      	nop
 80a1118:	bf00      	nop
 80a111a:	bf00      	nop
          pinSet(pin, HIGH); // HIGH
 80a111c:	79e0      	ldrb	r0, [r4, #7]
 80a111e:	6817      	ldr	r7, [r2, #0]
          j++;
 80a1120:	f89d 3005 	ldrb.w	r3, [sp, #5]
          pinSet(pin, HIGH); // HIGH
 80a1124:	ebc0 00c0 	rsb	r0, r0, r0, lsl #3
 80a1128:	eb07 0c80 	add.w	ip, r7, r0, lsl #2
 80a112c:	f8bc c004 	ldrh.w	ip, [ip, #4]
 80a1130:	f857 0020 	ldr.w	r0, [r7, r0, lsl #2]
          j++;
 80a1134:	3301      	adds	r3, #1
 80a1136:	b2db      	uxtb	r3, r3
 80a1138:	f88d 3005 	strb.w	r3, [sp, #5]
          pinSet(pin, HIGH); // HIGH
 80a113c:	f8a0 c018 	strh.w	ip, [r0, #24]
            ::: "r0", "cc", "memory");
 80a1140:	4600      	mov	r0, r0
 80a1142:	bf00      	nop
 80a1144:	bf00      	nop
 80a1146:	bf00      	nop
 80a1148:	bf00      	nop
 80a114a:	bf00      	nop
 80a114c:	bf00      	nop
 80a114e:	bf00      	nop
 80a1150:	bf00      	nop
 80a1152:	bf00      	nop
 80a1154:	bf00      	nop
 80a1156:	bf00      	nop
 80a1158:	bf00      	nop
 80a115a:	bf00      	nop
 80a115c:	bf00      	nop
 80a115e:	bf00      	nop
 80a1160:	bf00      	nop
 80a1162:	bf00      	nop
 80a1164:	bf00      	nop
 80a1166:	bf00      	nop
 80a1168:	bf00      	nop
          if(j==24) break;
 80a116a:	f89d 3005 	ldrb.w	r3, [sp, #5]
 80a116e:	2b18      	cmp	r3, #24
 80a1170:	d07a      	beq.n	80a1268 <_ZN17Adafruit_NeoPixel4showEv+0xd50>
          pinSet(pin, LOW); // LOW
 80a1172:	79e3      	ldrb	r3, [r4, #7]
 80a1174:	6810      	ldr	r0, [r2, #0]
 80a1176:	ebc3 03c3 	rsb	r3, r3, r3, lsl #3
 80a117a:	eb00 0783 	add.w	r7, r0, r3, lsl #2
 80a117e:	88bf      	ldrh	r7, [r7, #4]
 80a1180:	f850 3023 	ldr.w	r3, [r0, r3, lsl #2]
 80a1184:	835f      	strh	r7, [r3, #26]
        if (c & mask) { // if masked bit is high
 80a1186:	9803      	ldr	r0, [sp, #12]
 80a1188:	9b04      	ldr	r3, [sp, #16]
 80a118a:	4218      	tst	r0, r3
 80a118c:	d180      	bne.n	80a1090 <_ZN17Adafruit_NeoPixel4showEv+0xb78>
            ::: "r0", "cc", "memory");
 80a118e:	4600      	mov	r0, r0
 80a1190:	bf00      	nop
 80a1192:	bf00      	nop
 80a1194:	bf00      	nop
 80a1196:	bf00      	nop
 80a1198:	bf00      	nop
 80a119a:	bf00      	nop
 80a119c:	bf00      	nop
 80a119e:	bf00      	nop
 80a11a0:	bf00      	nop
 80a11a2:	bf00      	nop
 80a11a4:	bf00      	nop
 80a11a6:	bf00      	nop
 80a11a8:	bf00      	nop
 80a11aa:	bf00      	nop
 80a11ac:	bf00      	nop
 80a11ae:	bf00      	nop
          pinSet(pin, HIGH); // HIGH
 80a11b0:	79e3      	ldrb	r3, [r4, #7]
 80a11b2:	6810      	ldr	r0, [r2, #0]
 80a11b4:	ebc3 03c3 	rsb	r3, r3, r3, lsl #3
 80a11b8:	eb00 0783 	add.w	r7, r0, r3, lsl #2
 80a11bc:	88bf      	ldrh	r7, [r7, #4]
 80a11be:	f850 3023 	ldr.w	r3, [r0, r3, lsl #2]
 80a11c2:	831f      	strh	r7, [r3, #24]
          j++;
 80a11c4:	f89d 3005 	ldrb.w	r3, [sp, #5]
 80a11c8:	3301      	adds	r3, #1
 80a11ca:	b2db      	uxtb	r3, r3
 80a11cc:	f88d 3005 	strb.w	r3, [sp, #5]
          mask >>= 1; // Do this task during the long delay of this bit
 80a11d0:	9b04      	ldr	r3, [sp, #16]
 80a11d2:	085b      	lsrs	r3, r3, #1
 80a11d4:	9304      	str	r3, [sp, #16]
            ::: "r0", "cc", "memory");
 80a11d6:	4600      	mov	r0, r0
 80a11d8:	bf00      	nop
 80a11da:	bf00      	nop
 80a11dc:	bf00      	nop
 80a11de:	bf00      	nop
 80a11e0:	bf00      	nop
 80a11e2:	bf00      	nop
 80a11e4:	bf00      	nop
 80a11e6:	bf00      	nop
 80a11e8:	bf00      	nop
 80a11ea:	bf00      	nop
 80a11ec:	bf00      	nop
 80a11ee:	bf00      	nop
 80a11f0:	bf00      	nop
 80a11f2:	bf00      	nop
 80a11f4:	bf00      	nop
 80a11f6:	bf00      	nop
 80a11f8:	bf00      	nop
 80a11fa:	bf00      	nop
 80a11fc:	bf00      	nop
 80a11fe:	bf00      	nop
 80a1200:	bf00      	nop
 80a1202:	bf00      	nop
 80a1204:	bf00      	nop
 80a1206:	bf00      	nop
 80a1208:	bf00      	nop
 80a120a:	bf00      	nop
 80a120c:	bf00      	nop
 80a120e:	bf00      	nop
 80a1210:	bf00      	nop
 80a1212:	bf00      	nop
 80a1214:	bf00      	nop
 80a1216:	bf00      	nop
 80a1218:	bf00      	nop
 80a121a:	bf00      	nop
 80a121c:	bf00      	nop
 80a121e:	bf00      	nop
 80a1220:	bf00      	nop
 80a1222:	bf00      	nop
 80a1224:	bf00      	nop
 80a1226:	bf00      	nop
 80a1228:	bf00      	nop
 80a122a:	bf00      	nop
 80a122c:	bf00      	nop
 80a122e:	bf00      	nop
 80a1230:	bf00      	nop
 80a1232:	bf00      	nop
 80a1234:	bf00      	nop
 80a1236:	bf00      	nop
 80a1238:	bf00      	nop
 80a123a:	bf00      	nop
 80a123c:	bf00      	nop
 80a123e:	bf00      	nop
 80a1240:	bf00      	nop
 80a1242:	bf00      	nop
 80a1244:	bf00      	nop
 80a1246:	bf00      	nop
 80a1248:	bf00      	nop
 80a124a:	bf00      	nop
 80a124c:	bf00      	nop
 80a124e:	bf00      	nop
 80a1250:	bf00      	nop
 80a1252:	bf00      	nop
 80a1254:	bf00      	nop
 80a1256:	bf00      	nop
 80a1258:	bf00      	nop
 80a125a:	bf00      	nop
 80a125c:	bf00      	nop
 80a125e:	bf00      	nop
          if(j==24) break;
 80a1260:	f89d 3005 	ldrb.w	r3, [sp, #5]
 80a1264:	2b18      	cmp	r3, #24
 80a1266:	d184      	bne.n	80a1172 <_ZN17Adafruit_NeoPixel4showEv+0xc5a>
    while(i) { // While bytes left... (3 bytes = 1 pixel)
 80a1268:	f8bd 300a 	ldrh.w	r3, [sp, #10]
 80a126c:	b29b      	uxth	r3, r3
 80a126e:	2b00      	cmp	r3, #0
 80a1270:	f47f aedd 	bne.w	80a102e <_ZN17Adafruit_NeoPixel4showEv+0xb16>
 80a1274:	e517      	b.n	80a0ca6 <_ZN17Adafruit_NeoPixel4showEv+0x78e>
    while(i) { // While bytes left... (3 bytes = 1 pixel)
 80a1276:	2b00      	cmp	r3, #0
 80a1278:	f43f ad15 	beq.w	80a0ca6 <_ZN17Adafruit_NeoPixel4showEv+0x78e>
      mask = 0x800000; // reset the mask
 80a127c:	f44f 0500 	mov.w	r5, #8388608	; 0x800000
      j = 0;        // reset the 24-bit counter
 80a1280:	2600      	movs	r6, #0
 80a1282:	4a13      	ldr	r2, [pc, #76]	; (80a12d0 <_ZN17Adafruit_NeoPixel4showEv+0xdb8>)
      mask = 0x800000; // reset the mask
 80a1284:	9504      	str	r5, [sp, #16]
      i = i-3;      // decrement bytes remaining
 80a1286:	f8bd 300a 	ldrh.w	r3, [sp, #10]
      b = *ptr++;   // Next green byte value
 80a128a:	3103      	adds	r1, #3
      i = i-3;      // decrement bytes remaining
 80a128c:	3b03      	subs	r3, #3
 80a128e:	b29b      	uxth	r3, r3
 80a1290:	f8ad 300a 	strh.w	r3, [sp, #10]
      r = *ptr++;   // Next red byte value
 80a1294:	f811 3c03 	ldrb.w	r3, [r1, #-3]
 80a1298:	b2db      	uxtb	r3, r3
 80a129a:	f88d 3007 	strb.w	r3, [sp, #7]
      g = *ptr++;   // Next blue byte value
 80a129e:	f811 3c02 	ldrb.w	r3, [r1, #-2]
 80a12a2:	b2db      	uxtb	r3, r3
 80a12a4:	f88d 3006 	strb.w	r3, [sp, #6]
      b = *ptr++;   // Next green byte value
 80a12a8:	f811 3c01 	ldrb.w	r3, [r1, #-1]
 80a12ac:	b2db      	uxtb	r3, r3
 80a12ae:	f88d 3008 	strb.w	r3, [sp, #8]
      c = ((uint32_t)r << 16) | ((uint32_t)g <<  8) | b; // Pack the next 3 bytes to keep timing tight
 80a12b2:	f89d 7007 	ldrb.w	r7, [sp, #7]
 80a12b6:	f89d 3006 	ldrb.w	r3, [sp, #6]
 80a12ba:	f89d 0008 	ldrb.w	r0, [sp, #8]
 80a12be:	021b      	lsls	r3, r3, #8
 80a12c0:	ea43 4307 	orr.w	r3, r3, r7, lsl #16
 80a12c4:	4303      	orrs	r3, r0
 80a12c6:	9303      	str	r3, [sp, #12]
      j = 0;        // reset the 24-bit counter
 80a12c8:	f88d 6005 	strb.w	r6, [sp, #5]
 80a12cc:	e0e1      	b.n	80a1492 <_ZN17Adafruit_NeoPixel4showEv+0xf7a>
 80a12ce:	bf00      	nop
 80a12d0:	200000b4 	.word	0x200000b4
            ::: "r0", "cc", "memory");
 80a12d4:	4600      	mov	r0, r0
 80a12d6:	bf00      	nop
 80a12d8:	bf00      	nop
 80a12da:	bf00      	nop
 80a12dc:	bf00      	nop
 80a12de:	bf00      	nop
 80a12e0:	bf00      	nop
 80a12e2:	bf00      	nop
 80a12e4:	bf00      	nop
 80a12e6:	bf00      	nop
 80a12e8:	bf00      	nop
 80a12ea:	bf00      	nop
 80a12ec:	bf00      	nop
 80a12ee:	bf00      	nop
 80a12f0:	bf00      	nop
 80a12f2:	bf00      	nop
 80a12f4:	bf00      	nop
 80a12f6:	bf00      	nop
 80a12f8:	bf00      	nop
 80a12fa:	bf00      	nop
 80a12fc:	bf00      	nop
 80a12fe:	bf00      	nop
 80a1300:	bf00      	nop
 80a1302:	bf00      	nop
 80a1304:	bf00      	nop
 80a1306:	bf00      	nop
 80a1308:	bf00      	nop
 80a130a:	bf00      	nop
 80a130c:	bf00      	nop
 80a130e:	bf00      	nop
 80a1310:	bf00      	nop
 80a1312:	bf00      	nop
 80a1314:	bf00      	nop
 80a1316:	bf00      	nop
 80a1318:	bf00      	nop
 80a131a:	bf00      	nop
 80a131c:	bf00      	nop
 80a131e:	bf00      	nop
 80a1320:	bf00      	nop
 80a1322:	bf00      	nop
 80a1324:	bf00      	nop
 80a1326:	bf00      	nop
 80a1328:	bf00      	nop
 80a132a:	bf00      	nop
 80a132c:	bf00      	nop
 80a132e:	bf00      	nop
 80a1330:	bf00      	nop
 80a1332:	bf00      	nop
 80a1334:	bf00      	nop
 80a1336:	bf00      	nop
 80a1338:	bf00      	nop
 80a133a:	bf00      	nop
 80a133c:	bf00      	nop
 80a133e:	bf00      	nop
 80a1340:	bf00      	nop
 80a1342:	bf00      	nop
 80a1344:	bf00      	nop
 80a1346:	bf00      	nop
 80a1348:	bf00      	nop
 80a134a:	bf00      	nop
 80a134c:	bf00      	nop
 80a134e:	bf00      	nop
 80a1350:	bf00      	nop
 80a1352:	bf00      	nop
 80a1354:	bf00      	nop
 80a1356:	bf00      	nop
 80a1358:	bf00      	nop
 80a135a:	bf00      	nop
 80a135c:	bf00      	nop
 80a135e:	bf00      	nop
 80a1360:	bf00      	nop
 80a1362:	bf00      	nop
 80a1364:	bf00      	nop
 80a1366:	bf00      	nop
 80a1368:	bf00      	nop
 80a136a:	bf00      	nop
 80a136c:	bf00      	nop
 80a136e:	bf00      	nop
 80a1370:	bf00      	nop
 80a1372:	bf00      	nop
 80a1374:	bf00      	nop
 80a1376:	bf00      	nop
 80a1378:	bf00      	nop
 80a137a:	bf00      	nop
 80a137c:	bf00      	nop
 80a137e:	bf00      	nop
 80a1380:	bf00      	nop
 80a1382:	bf00      	nop
 80a1384:	bf00      	nop
 80a1386:	bf00      	nop
 80a1388:	bf00      	nop
 80a138a:	bf00      	nop
 80a138c:	bf00      	nop
 80a138e:	bf00      	nop
 80a1390:	bf00      	nop
 80a1392:	bf00      	nop
 80a1394:	bf00      	nop
 80a1396:	bf00      	nop
 80a1398:	bf00      	nop
 80a139a:	bf00      	nop
 80a139c:	bf00      	nop
 80a139e:	bf00      	nop
 80a13a0:	bf00      	nop
 80a13a2:	bf00      	nop
 80a13a4:	bf00      	nop
 80a13a6:	bf00      	nop
 80a13a8:	bf00      	nop
 80a13aa:	bf00      	nop
 80a13ac:	bf00      	nop
 80a13ae:	bf00      	nop
 80a13b0:	bf00      	nop
 80a13b2:	bf00      	nop
 80a13b4:	bf00      	nop
 80a13b6:	bf00      	nop
 80a13b8:	bf00      	nop
 80a13ba:	bf00      	nop
 80a13bc:	bf00      	nop
 80a13be:	bf00      	nop
 80a13c0:	bf00      	nop
 80a13c2:	bf00      	nop
 80a13c4:	bf00      	nop
 80a13c6:	bf00      	nop
 80a13c8:	bf00      	nop
 80a13ca:	bf00      	nop
 80a13cc:	bf00      	nop
 80a13ce:	bf00      	nop
 80a13d0:	bf00      	nop
 80a13d2:	bf00      	nop
 80a13d4:	bf00      	nop
 80a13d6:	bf00      	nop
 80a13d8:	bf00      	nop
 80a13da:	bf00      	nop
 80a13dc:	bf00      	nop
 80a13de:	bf00      	nop
 80a13e0:	bf00      	nop
 80a13e2:	bf00      	nop
 80a13e4:	bf00      	nop
 80a13e6:	bf00      	nop
 80a13e8:	bf00      	nop
 80a13ea:	bf00      	nop
 80a13ec:	bf00      	nop
 80a13ee:	bf00      	nop
 80a13f0:	bf00      	nop
 80a13f2:	bf00      	nop
 80a13f4:	bf00      	nop
          pinSet(pin, LOW); // LOW
 80a13f6:	79e3      	ldrb	r3, [r4, #7]
 80a13f8:	6810      	ldr	r0, [r2, #0]
 80a13fa:	ebc3 03c3 	rsb	r3, r3, r3, lsl #3
 80a13fe:	eb00 0783 	add.w	r7, r0, r3, lsl #2
 80a1402:	88bf      	ldrh	r7, [r7, #4]
 80a1404:	f850 3023 	ldr.w	r3, [r0, r3, lsl #2]
 80a1408:	835f      	strh	r7, [r3, #26]
            ::: "r0", "cc", "memory");
 80a140a:	4600      	mov	r0, r0
 80a140c:	bf00      	nop
 80a140e:	bf00      	nop
 80a1410:	bf00      	nop
 80a1412:	bf00      	nop
 80a1414:	bf00      	nop
 80a1416:	bf00      	nop
 80a1418:	bf00      	nop
 80a141a:	bf00      	nop
 80a141c:	bf00      	nop
 80a141e:	bf00      	nop
 80a1420:	bf00      	nop
 80a1422:	bf00      	nop
 80a1424:	bf00      	nop
 80a1426:	bf00      	nop
 80a1428:	bf00      	nop
 80a142a:	bf00      	nop
 80a142c:	bf00      	nop
 80a142e:	bf00      	nop
 80a1430:	bf00      	nop
 80a1432:	bf00      	nop
 80a1434:	bf00      	nop
 80a1436:	bf00      	nop
 80a1438:	bf00      	nop
 80a143a:	bf00      	nop
 80a143c:	bf00      	nop
 80a143e:	bf00      	nop
 80a1440:	bf00      	nop
 80a1442:	bf00      	nop
 80a1444:	bf00      	nop
 80a1446:	bf00      	nop
 80a1448:	bf00      	nop
 80a144a:	bf00      	nop
 80a144c:	bf00      	nop
 80a144e:	bf00      	nop
 80a1450:	bf00      	nop
 80a1452:	bf00      	nop
 80a1454:	bf00      	nop
 80a1456:	bf00      	nop
 80a1458:	bf00      	nop
 80a145a:	bf00      	nop
 80a145c:	bf00      	nop
 80a145e:	bf00      	nop
 80a1460:	bf00      	nop
 80a1462:	bf00      	nop
 80a1464:	bf00      	nop
 80a1466:	bf00      	nop
 80a1468:	bf00      	nop
 80a146a:	bf00      	nop
 80a146c:	bf00      	nop
 80a146e:	bf00      	nop
 80a1470:	bf00      	nop
 80a1472:	bf00      	nop
 80a1474:	bf00      	nop
 80a1476:	bf00      	nop
 80a1478:	bf00      	nop
        mask >>= 1;
 80a147a:	9b04      	ldr	r3, [sp, #16]
 80a147c:	085b      	lsrs	r3, r3, #1
 80a147e:	9304      	str	r3, [sp, #16]
      } while ( ++j < 24 ); // ... pixel done
 80a1480:	f89d 3005 	ldrb.w	r3, [sp, #5]
 80a1484:	3301      	adds	r3, #1
 80a1486:	b2db      	uxtb	r3, r3
 80a1488:	2b17      	cmp	r3, #23
 80a148a:	f88d 3005 	strb.w	r3, [sp, #5]
 80a148e:	f200 80eb 	bhi.w	80a1668 <_ZN17Adafruit_NeoPixel4showEv+0x1150>
        pinSet(pin, HIGH); // HIGH
 80a1492:	79e3      	ldrb	r3, [r4, #7]
 80a1494:	6810      	ldr	r0, [r2, #0]
 80a1496:	ebc3 03c3 	rsb	r3, r3, r3, lsl #3
 80a149a:	eb00 0783 	add.w	r7, r0, r3, lsl #2
 80a149e:	88bf      	ldrh	r7, [r7, #4]
 80a14a0:	f850 3023 	ldr.w	r3, [r0, r3, lsl #2]
 80a14a4:	831f      	strh	r7, [r3, #24]
        if (c & mask) { // if masked bit is high
 80a14a6:	9803      	ldr	r0, [sp, #12]
 80a14a8:	9b04      	ldr	r3, [sp, #16]
 80a14aa:	4218      	tst	r0, r3
 80a14ac:	f47f af12 	bne.w	80a12d4 <_ZN17Adafruit_NeoPixel4showEv+0xdbc>
            ::: "r0", "cc", "memory");
 80a14b0:	4600      	mov	r0, r0
 80a14b2:	bf00      	nop
 80a14b4:	bf00      	nop
 80a14b6:	bf00      	nop
 80a14b8:	bf00      	nop
 80a14ba:	bf00      	nop
 80a14bc:	bf00      	nop
 80a14be:	bf00      	nop
 80a14c0:	bf00      	nop
 80a14c2:	bf00      	nop
 80a14c4:	bf00      	nop
 80a14c6:	bf00      	nop
 80a14c8:	bf00      	nop
 80a14ca:	bf00      	nop
 80a14cc:	bf00      	nop
 80a14ce:	bf00      	nop
 80a14d0:	bf00      	nop
 80a14d2:	bf00      	nop
 80a14d4:	bf00      	nop
 80a14d6:	bf00      	nop
 80a14d8:	bf00      	nop
 80a14da:	bf00      	nop
 80a14dc:	bf00      	nop
 80a14de:	bf00      	nop
 80a14e0:	bf00      	nop
 80a14e2:	bf00      	nop
 80a14e4:	bf00      	nop
 80a14e6:	bf00      	nop
 80a14e8:	bf00      	nop
 80a14ea:	bf00      	nop
 80a14ec:	bf00      	nop
 80a14ee:	bf00      	nop
 80a14f0:	bf00      	nop
 80a14f2:	bf00      	nop
 80a14f4:	bf00      	nop
 80a14f6:	bf00      	nop
 80a14f8:	bf00      	nop
 80a14fa:	bf00      	nop
 80a14fc:	bf00      	nop
 80a14fe:	bf00      	nop
 80a1500:	bf00      	nop
 80a1502:	bf00      	nop
 80a1504:	bf00      	nop
 80a1506:	bf00      	nop
 80a1508:	bf00      	nop
 80a150a:	bf00      	nop
 80a150c:	bf00      	nop
 80a150e:	bf00      	nop
 80a1510:	bf00      	nop
 80a1512:	bf00      	nop
 80a1514:	bf00      	nop
 80a1516:	bf00      	nop
 80a1518:	bf00      	nop
 80a151a:	bf00      	nop
 80a151c:	bf00      	nop
 80a151e:	bf00      	nop
 80a1520:	bf00      	nop
 80a1522:	bf00      	nop
 80a1524:	bf00      	nop
 80a1526:	bf00      	nop
 80a1528:	bf00      	nop
 80a152a:	bf00      	nop
 80a152c:	bf00      	nop
 80a152e:	bf00      	nop
 80a1530:	bf00      	nop
          pinSet(pin, LOW); // LOW
 80a1532:	79e3      	ldrb	r3, [r4, #7]
 80a1534:	6810      	ldr	r0, [r2, #0]
 80a1536:	ebc3 03c3 	rsb	r3, r3, r3, lsl #3
 80a153a:	eb00 0783 	add.w	r7, r0, r3, lsl #2
 80a153e:	88bf      	ldrh	r7, [r7, #4]
 80a1540:	f850 3023 	ldr.w	r3, [r0, r3, lsl #2]
 80a1544:	835f      	strh	r7, [r3, #26]
            ::: "r0", "cc", "memory");
 80a1546:	4600      	mov	r0, r0
 80a1548:	bf00      	nop
 80a154a:	bf00      	nop
 80a154c:	bf00      	nop
 80a154e:	bf00      	nop
 80a1550:	bf00      	nop
 80a1552:	bf00      	nop
 80a1554:	bf00      	nop
 80a1556:	bf00      	nop
 80a1558:	bf00      	nop
 80a155a:	bf00      	nop
 80a155c:	bf00      	nop
 80a155e:	bf00      	nop
 80a1560:	bf00      	nop
 80a1562:	bf00      	nop
 80a1564:	bf00      	nop
 80a1566:	bf00      	nop
 80a1568:	bf00      	nop
 80a156a:	bf00      	nop
 80a156c:	bf00      	nop
 80a156e:	bf00      	nop
 80a1570:	bf00      	nop
 80a1572:	bf00      	nop
 80a1574:	bf00      	nop
 80a1576:	bf00      	nop
 80a1578:	bf00      	nop
 80a157a:	bf00      	nop
 80a157c:	bf00      	nop
 80a157e:	bf00      	nop
 80a1580:	bf00      	nop
 80a1582:	bf00      	nop
 80a1584:	bf00      	nop
 80a1586:	bf00      	nop
 80a1588:	bf00      	nop
 80a158a:	bf00      	nop
 80a158c:	bf00      	nop
 80a158e:	bf00      	nop
 80a1590:	bf00      	nop
 80a1592:	bf00      	nop
 80a1594:	bf00      	nop
 80a1596:	bf00      	nop
 80a1598:	bf00      	nop
 80a159a:	bf00      	nop
 80a159c:	bf00      	nop
 80a159e:	bf00      	nop
 80a15a0:	bf00      	nop
 80a15a2:	bf00      	nop
 80a15a4:	bf00      	nop
 80a15a6:	bf00      	nop
 80a15a8:	bf00      	nop
 80a15aa:	bf00      	nop
 80a15ac:	bf00      	nop
 80a15ae:	bf00      	nop
 80a15b0:	bf00      	nop
 80a15b2:	bf00      	nop
 80a15b4:	bf00      	nop
 80a15b6:	bf00      	nop
 80a15b8:	bf00      	nop
 80a15ba:	bf00      	nop
 80a15bc:	bf00      	nop
 80a15be:	bf00      	nop
 80a15c0:	bf00      	nop
 80a15c2:	bf00      	nop
 80a15c4:	bf00      	nop
 80a15c6:	bf00      	nop
 80a15c8:	bf00      	nop
 80a15ca:	bf00      	nop
 80a15cc:	bf00      	nop
 80a15ce:	bf00      	nop
 80a15d0:	bf00      	nop
 80a15d2:	bf00      	nop
 80a15d4:	bf00      	nop
 80a15d6:	bf00      	nop
 80a15d8:	bf00      	nop
 80a15da:	bf00      	nop
 80a15dc:	bf00      	nop
 80a15de:	bf00      	nop
 80a15e0:	bf00      	nop
 80a15e2:	bf00      	nop
 80a15e4:	bf00      	nop
 80a15e6:	bf00      	nop
 80a15e8:	bf00      	nop
 80a15ea:	bf00      	nop
 80a15ec:	bf00      	nop
 80a15ee:	bf00      	nop
 80a15f0:	bf00      	nop
 80a15f2:	bf00      	nop
 80a15f4:	bf00      	nop
 80a15f6:	bf00      	nop
 80a15f8:	bf00      	nop
 80a15fa:	bf00      	nop
 80a15fc:	bf00      	nop
 80a15fe:	bf00      	nop
 80a1600:	bf00      	nop
 80a1602:	bf00      	nop
 80a1604:	bf00      	nop
 80a1606:	bf00      	nop
 80a1608:	bf00      	nop
 80a160a:	bf00      	nop
 80a160c:	bf00      	nop
 80a160e:	bf00      	nop
 80a1610:	bf00      	nop
 80a1612:	bf00      	nop
 80a1614:	bf00      	nop
 80a1616:	bf00      	nop
 80a1618:	bf00      	nop
 80a161a:	bf00      	nop
 80a161c:	bf00      	nop
 80a161e:	bf00      	nop
 80a1620:	bf00      	nop
 80a1622:	bf00      	nop
 80a1624:	bf00      	nop
 80a1626:	bf00      	nop
 80a1628:	bf00      	nop
 80a162a:	bf00      	nop
 80a162c:	bf00      	nop
 80a162e:	bf00      	nop
 80a1630:	bf00      	nop
 80a1632:	bf00      	nop
 80a1634:	bf00      	nop
 80a1636:	bf00      	nop
 80a1638:	bf00      	nop
 80a163a:	bf00      	nop
 80a163c:	bf00      	nop
 80a163e:	bf00      	nop
 80a1640:	bf00      	nop
 80a1642:	bf00      	nop
 80a1644:	bf00      	nop
 80a1646:	bf00      	nop
 80a1648:	bf00      	nop
 80a164a:	bf00      	nop
 80a164c:	bf00      	nop
 80a164e:	bf00      	nop
 80a1650:	bf00      	nop
 80a1652:	bf00      	nop
 80a1654:	bf00      	nop
 80a1656:	e710      	b.n	80a147a <_ZN17Adafruit_NeoPixel4showEv+0xf62>
    while(i) { // While bytes left... (3 bytes = 1 pixel)
 80a1658:	f8bd 300a 	ldrh.w	r3, [sp, #10]
 80a165c:	b29b      	uxth	r3, r3
 80a165e:	2b00      	cmp	r3, #0
 80a1660:	f47e af92 	bne.w	80a0588 <_ZN17Adafruit_NeoPixel4showEv+0x70>
 80a1664:	f7ff bb1f 	b.w	80a0ca6 <_ZN17Adafruit_NeoPixel4showEv+0x78e>
    while(i) { // While bytes left... (3 bytes = 1 pixel)
 80a1668:	f8bd 300a 	ldrh.w	r3, [sp, #10]
 80a166c:	b29b      	uxth	r3, r3
 80a166e:	2b00      	cmp	r3, #0
 80a1670:	f47f ae08 	bne.w	80a1284 <_ZN17Adafruit_NeoPixel4showEv+0xd6c>
 80a1674:	f7ff bb17 	b.w	80a0ca6 <_ZN17Adafruit_NeoPixel4showEv+0x78e>

080a1678 <_ZN17Adafruit_NeoPixel13setPixelColorEtm>:
}

// Set pixel color from 'packed' 32-bit RGB color:
// If RGB+W color, order of bytes is WRGB in packed 32-bit form
void Adafruit_NeoPixel::setPixelColor(uint16_t n, uint32_t c) {
  if(n < numLEDs) {
 80a1678:	8843      	ldrh	r3, [r0, #2]
void Adafruit_NeoPixel::setPixelColor(uint16_t n, uint32_t c) {
 80a167a:	b5f0      	push	{r4, r5, r6, r7, lr}
  if(n < numLEDs) {
 80a167c:	428b      	cmp	r3, r1
 80a167e:	d926      	bls.n	80a16ce <_ZN17Adafruit_NeoPixel13setPixelColorEtm+0x56>
    uint8_t
      r = (uint8_t)(c >> 16),
      g = (uint8_t)(c >>  8),
      b = (uint8_t)c;
    if(brightness) { // See notes in setBrightness()
 80a1680:	7a05      	ldrb	r5, [r0, #8]
 80a1682:	f3c2 4307 	ubfx	r3, r2, #16, #8
 80a1686:	f3c2 2407 	ubfx	r4, r2, #8, #8
 80a168a:	b2d6      	uxtb	r6, r2
 80a168c:	b13d      	cbz	r5, 80a169e <_ZN17Adafruit_NeoPixel13setPixelColorEtm+0x26>
      r = (r * brightness) >> 8;
 80a168e:	436b      	muls	r3, r5
      g = (g * brightness) >> 8;
 80a1690:	436c      	muls	r4, r5
      b = (b * brightness) >> 8;
 80a1692:	436e      	muls	r6, r5
      r = (r * brightness) >> 8;
 80a1694:	f3c3 2307 	ubfx	r3, r3, #8, #8
      g = (g * brightness) >> 8;
 80a1698:	f3c4 2407 	ubfx	r4, r4, #8, #8
      b = (b * brightness) >> 8;
 80a169c:	0a36      	lsrs	r6, r6, #8
    }
    uint8_t *p = &pixels[n * (type==SK6812RGBW?4:3)];
 80a169e:	f890 c006 	ldrb.w	ip, [r0, #6]
 80a16a2:	68c7      	ldr	r7, [r0, #12]
 80a16a4:	f1bc 0f06 	cmp.w	ip, #6
 80a16a8:	bf0c      	ite	eq
 80a16aa:	2504      	moveq	r5, #4
 80a16ac:	2503      	movne	r5, #3
 80a16ae:	4369      	muls	r1, r5
 80a16b0:	f1ac 0c02 	sub.w	ip, ip, #2
 80a16b4:	187d      	adds	r5, r7, r1
    switch(type) {
 80a16b6:	f1bc 0f06 	cmp.w	ip, #6
 80a16ba:	d81d      	bhi.n	80a16f8 <_ZN17Adafruit_NeoPixel13setPixelColorEtm+0x80>
 80a16bc:	e8df f00c 	tbb	[pc, ip]
 80a16c0:	04081c04 	.word	0x04081c04
 80a16c4:	040f      	.short	0x040f
 80a16c6:	04          	.byte	0x04
 80a16c7:	00          	.byte	0x00
      case WS2812B: // WS2812, WS2812B & WS2813 is GRB order.
      case WS2812B_FAST:
      case WS2812B2:
      case WS2812B2_FAST: {
          *p++ = g;
 80a16c8:	547c      	strb	r4, [r7, r1]
          *p++ = r;
 80a16ca:	706b      	strb	r3, [r5, #1]
          *p = b;
 80a16cc:	70ae      	strb	r6, [r5, #2]
          *p++ = g;
          *p = b;
        } break;
    }
  }
}
 80a16ce:	bdf0      	pop	{r4, r5, r6, r7, pc}
          *p++ = r;
 80a16d0:	2bfe      	cmp	r3, #254	; 0xfe
 80a16d2:	bf28      	it	cs
 80a16d4:	23fe      	movcs	r3, #254	; 0xfe
 80a16d6:	547b      	strb	r3, [r7, r1]
          *p++ = b;
 80a16d8:	706e      	strb	r6, [r5, #1]
          *p = g;
 80a16da:	70ac      	strb	r4, [r5, #2]
        } break;
 80a16dc:	e7f7      	b.n	80a16ce <_ZN17Adafruit_NeoPixel13setPixelColorEtm+0x56>
          *p++ = r;
 80a16de:	547b      	strb	r3, [r7, r1]
          *p++ = g;
 80a16e0:	706c      	strb	r4, [r5, #1]
          *p++ = b;
 80a16e2:	70ae      	strb	r6, [r5, #2]
          *p = brightness ? ((w * brightness) >> 8) : w;
 80a16e4:	7a03      	ldrb	r3, [r0, #8]
          uint8_t w = (uint8_t)(c >> 24);
 80a16e6:	0e12      	lsrs	r2, r2, #24
          *p = brightness ? ((w * brightness) >> 8) : w;
 80a16e8:	b913      	cbnz	r3, 80a16f0 <_ZN17Adafruit_NeoPixel13setPixelColorEtm+0x78>
          uint8_t w = (uint8_t)(c >> 24);
 80a16ea:	b2d2      	uxtb	r2, r2
          *p = brightness ? ((w * brightness) >> 8) : w;
 80a16ec:	70ea      	strb	r2, [r5, #3]
        } break;
 80a16ee:	e7ee      	b.n	80a16ce <_ZN17Adafruit_NeoPixel13setPixelColorEtm+0x56>
          *p = brightness ? ((w * brightness) >> 8) : w;
 80a16f0:	435a      	muls	r2, r3
 80a16f2:	f3c2 2207 	ubfx	r2, r2, #8, #8
 80a16f6:	e7f9      	b.n	80a16ec <_ZN17Adafruit_NeoPixel13setPixelColorEtm+0x74>
          *p++ = r;
 80a16f8:	547b      	strb	r3, [r7, r1]
          *p++ = g;
 80a16fa:	706c      	strb	r4, [r5, #1]
          *p = b;
 80a16fc:	70ae      	strb	r6, [r5, #2]
}
 80a16fe:	e7e6      	b.n	80a16ce <_ZN17Adafruit_NeoPixel13setPixelColorEtm+0x56>

080a1700 <_ZN17Adafruit_NeoPixel5ColorEhhh>:
}

// Convert separate R,G,B into packed 32-bit RGB color.
// Packed format is always RGB, regardless of LED strand color order.
uint32_t Adafruit_NeoPixel::Color(uint8_t r, uint8_t g, uint8_t b) {
  return ((uint32_t)r << 16) | ((uint32_t)g <<  8) | b;
 80a1700:	ea42 2201 	orr.w	r2, r2, r1, lsl #8
}
 80a1704:	ea42 4000 	orr.w	r0, r2, r0, lsl #16
 80a1708:	4770      	bx	lr
	...

080a170c <_GLOBAL__sub_I_PIN_MAP2>:
  return brightness - 1;
}

void Adafruit_NeoPixel::clear(void) {
  memset(pixels, 0, numBytes);
}
 80a170c:	b508      	push	{r3, lr}
  STM32_Pin_Info* PIN_MAP2 = HAL_Pin_Map(); // Pointer required for highest access speed
 80a170e:	f000 f805 	bl	80a171c <HAL_Pin_Map>
 80a1712:	4b01      	ldr	r3, [pc, #4]	; (80a1718 <_GLOBAL__sub_I_PIN_MAP2+0xc>)
 80a1714:	6018      	str	r0, [r3, #0]
}
 80a1716:	bd08      	pop	{r3, pc}
 80a1718:	200000b4 	.word	0x200000b4

080a171c <HAL_Pin_Map>:
// New HAL functions must be added to the end of this list.
// GNINRAW

DYNALIB_BEGIN(hal_gpio)

DYNALIB_FN(0, hal_gpio, HAL_Pin_Map, Hal_Pin_Info*(void))
 80a171c:	b508      	push	{r3, lr}
 80a171e:	4b02      	ldr	r3, [pc, #8]	; (80a1728 <HAL_Pin_Map+0xc>)
 80a1720:	681b      	ldr	r3, [r3, #0]
 80a1722:	681b      	ldr	r3, [r3, #0]
 80a1724:	9301      	str	r3, [sp, #4]
 80a1726:	bd08      	pop	{r3, pc}
 80a1728:	080601b0 	.word	0x080601b0

080a172c <HAL_Validate_Pin_Function>:
DYNALIB_FN(1, hal_gpio, HAL_Validate_Pin_Function, PinFunction(pin_t, PinFunction))
 80a172c:	b508      	push	{r3, lr}
 80a172e:	4b02      	ldr	r3, [pc, #8]	; (80a1738 <HAL_Validate_Pin_Function+0xc>)
 80a1730:	681b      	ldr	r3, [r3, #0]
 80a1732:	685b      	ldr	r3, [r3, #4]
 80a1734:	9301      	str	r3, [sp, #4]
 80a1736:	bd08      	pop	{r3, pc}
 80a1738:	080601b0 	.word	0x080601b0

080a173c <HAL_Pin_Mode>:
DYNALIB_FN(2, hal_gpio, HAL_Pin_Mode, void(pin_t, PinMode))
 80a173c:	b508      	push	{r3, lr}
 80a173e:	4b02      	ldr	r3, [pc, #8]	; (80a1748 <HAL_Pin_Mode+0xc>)
 80a1740:	681b      	ldr	r3, [r3, #0]
 80a1742:	689b      	ldr	r3, [r3, #8]
 80a1744:	9301      	str	r3, [sp, #4]
 80a1746:	bd08      	pop	{r3, pc}
 80a1748:	080601b0 	.word	0x080601b0

080a174c <HAL_Get_Pin_Mode>:
DYNALIB_FN(3, hal_gpio, HAL_Get_Pin_Mode, PinMode(pin_t))
 80a174c:	b508      	push	{r3, lr}
 80a174e:	4b02      	ldr	r3, [pc, #8]	; (80a1758 <HAL_Get_Pin_Mode+0xc>)
 80a1750:	681b      	ldr	r3, [r3, #0]
 80a1752:	68db      	ldr	r3, [r3, #12]
 80a1754:	9301      	str	r3, [sp, #4]
 80a1756:	bd08      	pop	{r3, pc}
 80a1758:	080601b0 	.word	0x080601b0

080a175c <HAL_GPIO_Write>:
DYNALIB_FN(4, hal_gpio, HAL_GPIO_Write, void(pin_t, uint8_t))
 80a175c:	b508      	push	{r3, lr}
 80a175e:	4b02      	ldr	r3, [pc, #8]	; (80a1768 <HAL_GPIO_Write+0xc>)
 80a1760:	681b      	ldr	r3, [r3, #0]
 80a1762:	691b      	ldr	r3, [r3, #16]
 80a1764:	9301      	str	r3, [sp, #4]
 80a1766:	bd08      	pop	{r3, pc}
 80a1768:	080601b0 	.word	0x080601b0

080a176c <hal_adc_read>:
DYNALIB_FN(8, hal_gpio, HAL_Interrupts_Enable_All, void(void))
DYNALIB_FN(9, hal_gpio, HAL_Interrupts_Disable_All, void(void))

DYNALIB_FN(10, hal_gpio, HAL_DAC_Write, void(pin_t, uint16_t))
DYNALIB_FN(11, hal_gpio, hal_adc_set_sample_time, void(uint8_t))
DYNALIB_FN(12, hal_gpio, hal_adc_read, int32_t(uint16_t))
 80a176c:	b508      	push	{r3, lr}
 80a176e:	4b02      	ldr	r3, [pc, #8]	; (80a1778 <hal_adc_read+0xc>)
 80a1770:	681b      	ldr	r3, [r3, #0]
 80a1772:	6b1b      	ldr	r3, [r3, #48]	; 0x30
 80a1774:	9301      	str	r3, [sp, #4]
 80a1776:	bd08      	pop	{r3, pc}
 80a1778:	080601b0 	.word	0x080601b0

080a177c <HAL_RNG_GetRandomNumber>:

DYNALIB_BEGIN(hal)

#if PLATFORM_ID > 3
DYNALIB_FN(0, hal, HAL_RNG_Configuration, void(void))
DYNALIB_FN(1, hal, HAL_RNG_GetRandomNumber, uint32_t(void))
 80a177c:	b508      	push	{r3, lr}
 80a177e:	4b02      	ldr	r3, [pc, #8]	; (80a1788 <HAL_RNG_GetRandomNumber+0xc>)
 80a1780:	681b      	ldr	r3, [r3, #0]
 80a1782:	685b      	ldr	r3, [r3, #4]
 80a1784:	9301      	str	r3, [sp, #4]
 80a1786:	bd08      	pop	{r3, pc}
 80a1788:	0806019c 	.word	0x0806019c

080a178c <HAL_Timer_Get_Micro_Seconds>:
#define BASE_IDX 0
#endif

DYNALIB_FN(BASE_IDX + 0, hal, HAL_Delay_Milliseconds, void(uint32_t))
DYNALIB_FN(BASE_IDX + 1, hal, HAL_Delay_Microseconds, void(uint32_t))
DYNALIB_FN(BASE_IDX + 2, hal, HAL_Timer_Get_Micro_Seconds, system_tick_t(void))
 80a178c:	b508      	push	{r3, lr}
 80a178e:	4b02      	ldr	r3, [pc, #8]	; (80a1798 <HAL_Timer_Get_Micro_Seconds+0xc>)
 80a1790:	681b      	ldr	r3, [r3, #0]
 80a1792:	691b      	ldr	r3, [r3, #16]
 80a1794:	9301      	str	r3, [sp, #4]
 80a1796:	bd08      	pop	{r3, pc}
 80a1798:	0806019c 	.word	0x0806019c

080a179c <HAL_Timer_Get_Milli_Seconds>:
DYNALIB_FN(BASE_IDX + 3, hal, HAL_Timer_Get_Milli_Seconds, system_tick_t(void))
 80a179c:	b508      	push	{r3, lr}
 80a179e:	4b02      	ldr	r3, [pc, #8]	; (80a17a8 <HAL_Timer_Get_Milli_Seconds+0xc>)
 80a17a0:	681b      	ldr	r3, [r3, #0]
 80a17a2:	695b      	ldr	r3, [r3, #20]
 80a17a4:	9301      	str	r3, [sp, #4]
 80a17a6:	bd08      	pop	{r3, pc}
 80a17a8:	0806019c 	.word	0x0806019c

080a17ac <os_mutex_recursive_create>:
DYNALIB_FN(13, hal_concurrent, os_mutex_destroy, int(os_mutex_t))
DYNALIB_FN(14, hal_concurrent, os_mutex_lock, int(os_mutex_t))
DYNALIB_FN(15, hal_concurrent, os_mutex_trylock, int(os_mutex_t))
DYNALIB_FN(16, hal_concurrent, os_mutex_unlock, int(os_mutex_t))

DYNALIB_FN(17, hal_concurrent, os_mutex_recursive_create, int(os_mutex_recursive_t*))
 80a17ac:	b508      	push	{r3, lr}
 80a17ae:	4b02      	ldr	r3, [pc, #8]	; (80a17b8 <os_mutex_recursive_create+0xc>)
 80a17b0:	681b      	ldr	r3, [r3, #0]
 80a17b2:	6c5b      	ldr	r3, [r3, #68]	; 0x44
 80a17b4:	9301      	str	r3, [sp, #4]
 80a17b6:	bd08      	pop	{r3, pc}
 80a17b8:	080601d0 	.word	0x080601d0

080a17bc <os_mutex_recursive_destroy>:
DYNALIB_FN(18, hal_concurrent, os_mutex_recursive_destroy, int(os_mutex_recursive_t))
 80a17bc:	b508      	push	{r3, lr}
 80a17be:	4b02      	ldr	r3, [pc, #8]	; (80a17c8 <os_mutex_recursive_destroy+0xc>)
 80a17c0:	681b      	ldr	r3, [r3, #0]
 80a17c2:	6c9b      	ldr	r3, [r3, #72]	; 0x48
 80a17c4:	9301      	str	r3, [sp, #4]
 80a17c6:	bd08      	pop	{r3, pc}
 80a17c8:	080601d0 	.word	0x080601d0

080a17cc <hal_usart_init>:
#define BASE_IDX 6 // Base index for all subsequent functions
#else
#define BASE_IDX 0
#endif

DYNALIB_FN(BASE_IDX + 0, hal_usart, hal_usart_init, void(hal_usart_interface_t, hal_usart_ring_buffer_t*, hal_usart_ring_buffer_t*))
 80a17cc:	b508      	push	{r3, lr}
 80a17ce:	4b02      	ldr	r3, [pc, #8]	; (80a17d8 <hal_usart_init+0xc>)
 80a17d0:	681b      	ldr	r3, [r3, #0]
 80a17d2:	699b      	ldr	r3, [r3, #24]
 80a17d4:	9301      	str	r3, [sp, #4]
 80a17d6:	bd08      	pop	{r3, pc}
 80a17d8:	080601c4 	.word	0x080601c4

080a17dc <hal_usart_write>:
DYNALIB_FN(BASE_IDX + 1, hal_usart, hal_usart_begin, void(hal_usart_interface_t, uint32_t))
DYNALIB_FN(BASE_IDX + 2, hal_usart, hal_usart_end, void(hal_usart_interface_t))
DYNALIB_FN(BASE_IDX + 3, hal_usart, hal_usart_write, uint32_t(hal_usart_interface_t, uint8_t))
 80a17dc:	b508      	push	{r3, lr}
 80a17de:	4b02      	ldr	r3, [pc, #8]	; (80a17e8 <hal_usart_write+0xc>)
 80a17e0:	681b      	ldr	r3, [r3, #0]
 80a17e2:	6a5b      	ldr	r3, [r3, #36]	; 0x24
 80a17e4:	9301      	str	r3, [sp, #4]
 80a17e6:	bd08      	pop	{r3, pc}
 80a17e8:	080601c4 	.word	0x080601c4

080a17ec <hal_usart_available>:
DYNALIB_FN(BASE_IDX + 4, hal_usart, hal_usart_available, int32_t(hal_usart_interface_t))
 80a17ec:	b508      	push	{r3, lr}
 80a17ee:	4b02      	ldr	r3, [pc, #8]	; (80a17f8 <hal_usart_available+0xc>)
 80a17f0:	681b      	ldr	r3, [r3, #0]
 80a17f2:	6a9b      	ldr	r3, [r3, #40]	; 0x28
 80a17f4:	9301      	str	r3, [sp, #4]
 80a17f6:	bd08      	pop	{r3, pc}
 80a17f8:	080601c4 	.word	0x080601c4

080a17fc <hal_usart_read>:
DYNALIB_FN(BASE_IDX + 5, hal_usart, hal_usart_read, int32_t(hal_usart_interface_t))
 80a17fc:	b508      	push	{r3, lr}
 80a17fe:	4b02      	ldr	r3, [pc, #8]	; (80a1808 <hal_usart_read+0xc>)
 80a1800:	681b      	ldr	r3, [r3, #0]
 80a1802:	6adb      	ldr	r3, [r3, #44]	; 0x2c
 80a1804:	9301      	str	r3, [sp, #4]
 80a1806:	bd08      	pop	{r3, pc}
 80a1808:	080601c4 	.word	0x080601c4

080a180c <hal_usart_peek>:
DYNALIB_FN(BASE_IDX + 6, hal_usart, hal_usart_peek, int32_t(hal_usart_interface_t))
 80a180c:	b508      	push	{r3, lr}
 80a180e:	4b02      	ldr	r3, [pc, #8]	; (80a1818 <hal_usart_peek+0xc>)
 80a1810:	681b      	ldr	r3, [r3, #0]
 80a1812:	6b1b      	ldr	r3, [r3, #48]	; 0x30
 80a1814:	9301      	str	r3, [sp, #4]
 80a1816:	bd08      	pop	{r3, pc}
 80a1818:	080601c4 	.word	0x080601c4

080a181c <hal_usart_flush>:
DYNALIB_FN(BASE_IDX + 7, hal_usart, hal_usart_flush, void(hal_usart_interface_t))
 80a181c:	b508      	push	{r3, lr}
 80a181e:	4b02      	ldr	r3, [pc, #8]	; (80a1828 <hal_usart_flush+0xc>)
 80a1820:	681b      	ldr	r3, [r3, #0]
 80a1822:	6b5b      	ldr	r3, [r3, #52]	; 0x34
 80a1824:	9301      	str	r3, [sp, #4]
 80a1826:	bd08      	pop	{r3, pc}
 80a1828:	080601c4 	.word	0x080601c4

080a182c <hal_usart_is_enabled>:
DYNALIB_FN(BASE_IDX + 8, hal_usart, hal_usart_is_enabled, bool(hal_usart_interface_t))
 80a182c:	b508      	push	{r3, lr}
 80a182e:	4b02      	ldr	r3, [pc, #8]	; (80a1838 <hal_usart_is_enabled+0xc>)
 80a1830:	681b      	ldr	r3, [r3, #0]
 80a1832:	6b9b      	ldr	r3, [r3, #56]	; 0x38
 80a1834:	9301      	str	r3, [sp, #4]
 80a1836:	bd08      	pop	{r3, pc}
 80a1838:	080601c4 	.word	0x080601c4

080a183c <hal_usart_available_data_for_write>:
DYNALIB_FN(BASE_IDX + 9, hal_usart, hal_usart_half_duplex, void(hal_usart_interface_t, bool))
DYNALIB_FN(BASE_IDX + 10, hal_usart, hal_usart_available_data_for_write, int32_t(hal_usart_interface_t))
 80a183c:	b508      	push	{r3, lr}
 80a183e:	4b02      	ldr	r3, [pc, #8]	; (80a1848 <hal_usart_available_data_for_write+0xc>)
 80a1840:	681b      	ldr	r3, [r3, #0]
 80a1842:	6c1b      	ldr	r3, [r3, #64]	; 0x40
 80a1844:	9301      	str	r3, [sp, #4]
 80a1846:	bd08      	pop	{r3, pc}
 80a1848:	080601c4 	.word	0x080601c4

080a184c <hal_i2c_write>:
DYNALIB_FN(BASE_IDX + 3, hal_i2c, hal_i2c_begin, void(hal_i2c_interface_t, hal_i2c_mode_t, uint8_t, void*))
DYNALIB_FN(BASE_IDX + 4, hal_i2c, hal_i2c_end, void(hal_i2c_interface_t, void*))
DYNALIB_FN(BASE_IDX + 5, hal_i2c, hal_i2c_request, uint32_t(hal_i2c_interface_t, uint8_t, uint8_t, uint8_t, void*))
DYNALIB_FN(BASE_IDX + 6, hal_i2c, hal_i2c_begin_transmission, void(hal_i2c_interface_t, uint8_t, const hal_i2c_transmission_config_t*))
DYNALIB_FN(BASE_IDX + 7, hal_i2c, hal_i2c_end_transmission, uint8_t(hal_i2c_interface_t, uint8_t, void*))
DYNALIB_FN(BASE_IDX + 8, hal_i2c, hal_i2c_write, uint32_t(hal_i2c_interface_t, uint8_t, void*))
 80a184c:	b508      	push	{r3, lr}
 80a184e:	4b02      	ldr	r3, [pc, #8]	; (80a1858 <hal_i2c_write+0xc>)
 80a1850:	681b      	ldr	r3, [r3, #0]
 80a1852:	6e1b      	ldr	r3, [r3, #96]	; 0x60
 80a1854:	9301      	str	r3, [sp, #4]
 80a1856:	bd08      	pop	{r3, pc}
 80a1858:	080601ac 	.word	0x080601ac

080a185c <hal_i2c_available>:
DYNALIB_FN(BASE_IDX + 9, hal_i2c, hal_i2c_available, int32_t(hal_i2c_interface_t, void*))
 80a185c:	b508      	push	{r3, lr}
 80a185e:	4b02      	ldr	r3, [pc, #8]	; (80a1868 <hal_i2c_available+0xc>)
 80a1860:	681b      	ldr	r3, [r3, #0]
 80a1862:	6e5b      	ldr	r3, [r3, #100]	; 0x64
 80a1864:	9301      	str	r3, [sp, #4]
 80a1866:	bd08      	pop	{r3, pc}
 80a1868:	080601ac 	.word	0x080601ac

080a186c <hal_i2c_read>:
DYNALIB_FN(BASE_IDX + 10, hal_i2c, hal_i2c_read, int32_t(hal_i2c_interface_t, void*))
 80a186c:	b508      	push	{r3, lr}
 80a186e:	4b02      	ldr	r3, [pc, #8]	; (80a1878 <hal_i2c_read+0xc>)
 80a1870:	681b      	ldr	r3, [r3, #0]
 80a1872:	6e9b      	ldr	r3, [r3, #104]	; 0x68
 80a1874:	9301      	str	r3, [sp, #4]
 80a1876:	bd08      	pop	{r3, pc}
 80a1878:	080601ac 	.word	0x080601ac

080a187c <hal_i2c_peek>:
DYNALIB_FN(BASE_IDX + 11, hal_i2c, hal_i2c_peek, int32_t(hal_i2c_interface_t, void*))
 80a187c:	b508      	push	{r3, lr}
 80a187e:	4b02      	ldr	r3, [pc, #8]	; (80a1888 <hal_i2c_peek+0xc>)
 80a1880:	681b      	ldr	r3, [r3, #0]
 80a1882:	6edb      	ldr	r3, [r3, #108]	; 0x6c
 80a1884:	9301      	str	r3, [sp, #4]
 80a1886:	bd08      	pop	{r3, pc}
 80a1888:	080601ac 	.word	0x080601ac

080a188c <hal_i2c_flush>:
DYNALIB_FN(BASE_IDX + 12, hal_i2c, hal_i2c_flush, void(hal_i2c_interface_t, void*))
 80a188c:	b508      	push	{r3, lr}
 80a188e:	4b02      	ldr	r3, [pc, #8]	; (80a1898 <hal_i2c_flush+0xc>)
 80a1890:	681b      	ldr	r3, [r3, #0]
 80a1892:	6f1b      	ldr	r3, [r3, #112]	; 0x70
 80a1894:	9301      	str	r3, [sp, #4]
 80a1896:	bd08      	pop	{r3, pc}
 80a1898:	080601ac 	.word	0x080601ac

080a189c <hal_i2c_is_enabled>:
DYNALIB_FN(BASE_IDX + 13, hal_i2c, hal_i2c_is_enabled, bool(hal_i2c_interface_t, void*))
 80a189c:	b508      	push	{r3, lr}
 80a189e:	4b02      	ldr	r3, [pc, #8]	; (80a18a8 <hal_i2c_is_enabled+0xc>)
 80a18a0:	681b      	ldr	r3, [r3, #0]
 80a18a2:	6f5b      	ldr	r3, [r3, #116]	; 0x74
 80a18a4:	9301      	str	r3, [sp, #4]
 80a18a6:	bd08      	pop	{r3, pc}
 80a18a8:	080601ac 	.word	0x080601ac

080a18ac <hal_i2c_init>:
DYNALIB_FN(BASE_IDX + 14, hal_i2c, hal_i2c_set_callback_on_received, void(hal_i2c_interface_t, void(*)(int), void*))
DYNALIB_FN(BASE_IDX + 15, hal_i2c, hal_i2c_set_callback_on_requested, void(hal_i2c_interface_t, void(*)(void), void*))
DYNALIB_FN(BASE_IDX + 16, hal_i2c, hal_i2c_init, int(hal_i2c_interface_t, const hal_i2c_config_t*))
 80a18ac:	b508      	push	{r3, lr}
 80a18ae:	4b03      	ldr	r3, [pc, #12]	; (80a18bc <hal_i2c_init+0x10>)
 80a18b0:	681b      	ldr	r3, [r3, #0]
 80a18b2:	f8d3 3080 	ldr.w	r3, [r3, #128]	; 0x80
 80a18b6:	9301      	str	r3, [sp, #4]
 80a18b8:	bd08      	pop	{r3, pc}
 80a18ba:	0000      	.short	0x0000
 80a18bc:	080601ac 	.word	0x080601ac

080a18c0 <hal_spi_init>:
DYNALIB_FN(2, hal_spi, hal_spi_set_bit_order, void(hal_spi_interface_t, uint8_t))
DYNALIB_FN(3, hal_spi, hal_spi_set_data_mode, void(hal_spi_interface_t, uint8_t))
DYNALIB_FN(4, hal_spi, hal_spi_set_clock_divider, void(hal_spi_interface_t, uint8_t))
DYNALIB_FN(5, hal_spi, hal_spi_transfer, uint16_t(hal_spi_interface_t, uint16_t))
DYNALIB_FN(6, hal_spi, hal_spi_is_enabled_deprecated, bool(void))
DYNALIB_FN(7, hal_spi, hal_spi_init, void(hal_spi_interface_t))
 80a18c0:	b508      	push	{r3, lr}
 80a18c2:	4b02      	ldr	r3, [pc, #8]	; (80a18cc <hal_spi_init+0xc>)
 80a18c4:	681b      	ldr	r3, [r3, #0]
 80a18c6:	69db      	ldr	r3, [r3, #28]
 80a18c8:	9301      	str	r3, [sp, #4]
 80a18ca:	bd08      	pop	{r3, pc}
 80a18cc:	080601b4 	.word	0x080601b4

080a18d0 <hal_spi_is_enabled>:
DYNALIB_FN(8, hal_spi, hal_spi_is_enabled, bool(hal_spi_interface_t))
 80a18d0:	b508      	push	{r3, lr}
 80a18d2:	4b02      	ldr	r3, [pc, #8]	; (80a18dc <hal_spi_is_enabled+0xc>)
 80a18d4:	681b      	ldr	r3, [r3, #0]
 80a18d6:	6a1b      	ldr	r3, [r3, #32]
 80a18d8:	9301      	str	r3, [sp, #4]
 80a18da:	bd08      	pop	{r3, pc}
 80a18dc:	080601b4 	.word	0x080601b4

080a18e0 <HAL_USB_USART_Init>:
#endif

DYNALIB_BEGIN(hal_usb)

#ifdef USB_CDC_ENABLE
DYNALIB_FN(0, hal_usb, HAL_USB_USART_Init, void(HAL_USB_USART_Serial, const HAL_USB_USART_Config*))
 80a18e0:	b508      	push	{r3, lr}
 80a18e2:	4b02      	ldr	r3, [pc, #8]	; (80a18ec <HAL_USB_USART_Init+0xc>)
 80a18e4:	681b      	ldr	r3, [r3, #0]
 80a18e6:	681b      	ldr	r3, [r3, #0]
 80a18e8:	9301      	str	r3, [sp, #4]
 80a18ea:	bd08      	pop	{r3, pc}
 80a18ec:	080601d8 	.word	0x080601d8

080a18f0 <HAL_USB_USART_Begin>:
DYNALIB_FN(1, hal_usb, HAL_USB_USART_Begin, void(HAL_USB_USART_Serial, uint32_t, void *))
 80a18f0:	b508      	push	{r3, lr}
 80a18f2:	4b02      	ldr	r3, [pc, #8]	; (80a18fc <HAL_USB_USART_Begin+0xc>)
 80a18f4:	681b      	ldr	r3, [r3, #0]
 80a18f6:	685b      	ldr	r3, [r3, #4]
 80a18f8:	9301      	str	r3, [sp, #4]
 80a18fa:	bd08      	pop	{r3, pc}
 80a18fc:	080601d8 	.word	0x080601d8

080a1900 <HAL_USB_USART_Available_Data>:
DYNALIB_FN(2, hal_usb, HAL_USB_USART_End, void(HAL_USB_USART_Serial))
DYNALIB_FN(3, hal_usb, HAL_USB_USART_Baud_Rate, unsigned int(HAL_USB_USART_Serial))
DYNALIB_FN(4, hal_usb, HAL_USB_USART_Available_Data, int32_t(HAL_USB_USART_Serial))
 80a1900:	b508      	push	{r3, lr}
 80a1902:	4b02      	ldr	r3, [pc, #8]	; (80a190c <HAL_USB_USART_Available_Data+0xc>)
 80a1904:	681b      	ldr	r3, [r3, #0]
 80a1906:	691b      	ldr	r3, [r3, #16]
 80a1908:	9301      	str	r3, [sp, #4]
 80a190a:	bd08      	pop	{r3, pc}
 80a190c:	080601d8 	.word	0x080601d8

080a1910 <HAL_USB_USART_Available_Data_For_Write>:
DYNALIB_FN(5, hal_usb, HAL_USB_USART_Available_Data_For_Write, int32_t(HAL_USB_USART_Serial))
 80a1910:	b508      	push	{r3, lr}
 80a1912:	4b02      	ldr	r3, [pc, #8]	; (80a191c <HAL_USB_USART_Available_Data_For_Write+0xc>)
 80a1914:	681b      	ldr	r3, [r3, #0]
 80a1916:	695b      	ldr	r3, [r3, #20]
 80a1918:	9301      	str	r3, [sp, #4]
 80a191a:	bd08      	pop	{r3, pc}
 80a191c:	080601d8 	.word	0x080601d8

080a1920 <HAL_USB_USART_Receive_Data>:
DYNALIB_FN(6, hal_usb, HAL_USB_USART_Receive_Data, int32_t(HAL_USB_USART_Serial, uint8_t))
 80a1920:	b508      	push	{r3, lr}
 80a1922:	4b02      	ldr	r3, [pc, #8]	; (80a192c <HAL_USB_USART_Receive_Data+0xc>)
 80a1924:	681b      	ldr	r3, [r3, #0]
 80a1926:	699b      	ldr	r3, [r3, #24]
 80a1928:	9301      	str	r3, [sp, #4]
 80a192a:	bd08      	pop	{r3, pc}
 80a192c:	080601d8 	.word	0x080601d8

080a1930 <HAL_USB_USART_Send_Data>:
DYNALIB_FN(7, hal_usb, HAL_USB_USART_Send_Data, int32_t(HAL_USB_USART_Serial, uint8_t))
 80a1930:	b508      	push	{r3, lr}
 80a1932:	4b02      	ldr	r3, [pc, #8]	; (80a193c <HAL_USB_USART_Send_Data+0xc>)
 80a1934:	681b      	ldr	r3, [r3, #0]
 80a1936:	69db      	ldr	r3, [r3, #28]
 80a1938:	9301      	str	r3, [sp, #4]
 80a193a:	bd08      	pop	{r3, pc}
 80a193c:	080601d8 	.word	0x080601d8

080a1940 <HAL_USB_USART_Flush_Data>:
DYNALIB_FN(8, hal_usb, HAL_USB_USART_Flush_Data, void(HAL_USB_USART_Serial))
 80a1940:	b508      	push	{r3, lr}
 80a1942:	4b02      	ldr	r3, [pc, #8]	; (80a194c <HAL_USB_USART_Flush_Data+0xc>)
 80a1944:	681b      	ldr	r3, [r3, #0]
 80a1946:	6a1b      	ldr	r3, [r3, #32]
 80a1948:	9301      	str	r3, [sp, #4]
 80a194a:	bd08      	pop	{r3, pc}
 80a194c:	080601d8 	.word	0x080601d8

080a1950 <inet_gethostbyname>:
DYNALIB_FN(14, hal_wlan, wlan_set_error_count, void(uint32_t))
DYNALIB_FN(15, hal_wlan, wlan_fetch_ipconfig, int(WLanConfig*))
DYNALIB_FN(16, hal_wlan, wlan_setup, void(void))

DYNALIB_FN(17, hal_wlan, HAL_NET_SetNetWatchDog, uint32_t(uint32_t))
DYNALIB_FN(18, hal_wlan, inet_gethostbyname, int(const char*, uint16_t, HAL_IPAddress*, network_interface_t, void*))
 80a1950:	b508      	push	{r3, lr}
 80a1952:	4b02      	ldr	r3, [pc, #8]	; (80a195c <inet_gethostbyname+0xc>)
 80a1954:	681b      	ldr	r3, [r3, #0]
 80a1956:	6c9b      	ldr	r3, [r3, #72]	; 0x48
 80a1958:	9301      	str	r3, [sp, #4]
 80a195a:	bd08      	pop	{r3, pc}
 80a195c:	080601c0 	.word	0x080601c0

080a1960 <set_system_mode>:
#endif

DYNALIB_BEGIN(system)

DYNALIB_FN(0, system, system_mode, System_Mode_TypeDef(void))
DYNALIB_FN(1, system, set_system_mode, void(System_Mode_TypeDef))
 80a1960:	b508      	push	{r3, lr}
 80a1962:	4b02      	ldr	r3, [pc, #8]	; (80a196c <set_system_mode+0xc>)
 80a1964:	681b      	ldr	r3, [r3, #0]
 80a1966:	685b      	ldr	r3, [r3, #4]
 80a1968:	9301      	str	r3, [sp, #4]
 80a196a:	bd08      	pop	{r3, pc}
 80a196c:	080601a4 	.word	0x080601a4

080a1970 <system_delay_ms>:

DYNALIB_FN(2, system, set_ymodem_serial_flash_update_handler, void(ymodem_serial_flash_update_handler))
DYNALIB_FN(3, system, system_firmwareUpdate, bool(Stream*, void*))
DYNALIB_FN(4, system, system_fileTransfer, bool(system_file_transfer_t*, void*))

DYNALIB_FN(5, system, system_delay_ms, void(unsigned long, bool))
 80a1970:	b508      	push	{r3, lr}
 80a1972:	4b02      	ldr	r3, [pc, #8]	; (80a197c <system_delay_ms+0xc>)
 80a1974:	681b      	ldr	r3, [r3, #0]
 80a1976:	695b      	ldr	r3, [r3, #20]
 80a1978:	9301      	str	r3, [sp, #4]
 80a197a:	bd08      	pop	{r3, pc}
 80a197c:	080601a4 	.word	0x080601a4

080a1980 <application_thread_current>:
DYNALIB_FN(15, system, system_get_flag, int(system_flag_t, uint8_t*, void*))
DYNALIB_FN(16, system, Spark_Prepare_For_Firmware_Update, int(FileTransfer::Descriptor&, uint32_t, void*))
DYNALIB_FN(17, system, Spark_Save_Firmware_Chunk, int(FileTransfer::Descriptor&, const uint8_t*, void*))
DYNALIB_FN(18, system, Spark_Finish_Firmware_Update, int(FileTransfer::Descriptor&, uint32_t, void*))

DYNALIB_FN(19, system, application_thread_current, uint8_t(void*))
 80a1980:	b508      	push	{r3, lr}
 80a1982:	4b02      	ldr	r3, [pc, #8]	; (80a198c <application_thread_current+0xc>)
 80a1984:	681b      	ldr	r3, [r3, #0]
 80a1986:	6cdb      	ldr	r3, [r3, #76]	; 0x4c
 80a1988:	9301      	str	r3, [sp, #4]
 80a198a:	bd08      	pop	{r3, pc}
 80a198c:	080601a4 	.word	0x080601a4

080a1990 <application_thread_invoke>:
DYNALIB_FN(20, system, system_thread_current, uint8_t(void*))
DYNALIB_FN(21, system, application_thread_invoke, uint8_t(void(*)(void*), void*, void*))
 80a1990:	b508      	push	{r3, lr}
 80a1992:	4b02      	ldr	r3, [pc, #8]	; (80a199c <application_thread_invoke+0xc>)
 80a1994:	681b      	ldr	r3, [r3, #0]
 80a1996:	6d5b      	ldr	r3, [r3, #84]	; 0x54
 80a1998:	9301      	str	r3, [sp, #4]
 80a199a:	bd08      	pop	{r3, pc}
 80a199c:	080601a4 	.word	0x080601a4

080a19a0 <system_ctrl_set_app_request_handler>:
DYNALIB_FN(BASE_IDX + 6, system, led_pattern_period, uint16_t(int, int, void*))
DYNALIB_FN(BASE_IDX + 7, system, system_set_tester_handlers, int(system_tester_handlers_t*, void*))
DYNALIB_FN(BASE_IDX + 8, system, system_format_diag_data, int(const uint16_t*, size_t, unsigned, appender_fn, void*, void*))

// Control requests
DYNALIB_FN(BASE_IDX + 9, system, system_ctrl_set_app_request_handler, int(ctrl_request_handler_fn, void*))
 80a19a0:	b508      	push	{r3, lr}
 80a19a2:	4b03      	ldr	r3, [pc, #12]	; (80a19b0 <system_ctrl_set_app_request_handler+0x10>)
 80a19a4:	681b      	ldr	r3, [r3, #0]
 80a19a6:	f8d3 3090 	ldr.w	r3, [r3, #144]	; 0x90
 80a19aa:	9301      	str	r3, [sp, #4]
 80a19ac:	bd08      	pop	{r3, pc}
 80a19ae:	0000      	.short	0x0000
 80a19b0:	080601a4 	.word	0x080601a4

080a19b4 <system_ctrl_set_result>:
DYNALIB_FN(BASE_IDX + 10, system, system_ctrl_alloc_reply_data, int(ctrl_request*, size_t, void*))
DYNALIB_FN(BASE_IDX + 11, system, system_ctrl_free_request_data, void(ctrl_request*, void*))
DYNALIB_FN(BASE_IDX + 12, system, system_ctrl_set_result, void(ctrl_request*, int, ctrl_completion_handler_fn, void*, void*))
 80a19b4:	b508      	push	{r3, lr}
 80a19b6:	4b03      	ldr	r3, [pc, #12]	; (80a19c4 <system_ctrl_set_result+0x10>)
 80a19b8:	681b      	ldr	r3, [r3, #0]
 80a19ba:	f8d3 309c 	ldr.w	r3, [r3, #156]	; 0x9c
 80a19be:	9301      	str	r3, [sp, #4]
 80a19c0:	bd08      	pop	{r3, pc}
 80a19c2:	0000      	.short	0x0000
 80a19c4:	080601a4 	.word	0x080601a4

080a19c8 <network_connect>:
#endif

DYNALIB_BEGIN(system_net)

DYNALIB_FN(0, system_net, network_config, const void*(network_handle_t, uint32_t, void*))
DYNALIB_FN(1, system_net, network_connect, void(network_handle_t, uint32_t, uint32_t, void*))
 80a19c8:	b508      	push	{r3, lr}
 80a19ca:	4b02      	ldr	r3, [pc, #8]	; (80a19d4 <network_connect+0xc>)
 80a19cc:	681b      	ldr	r3, [r3, #0]
 80a19ce:	685b      	ldr	r3, [r3, #4]
 80a19d0:	9301      	str	r3, [sp, #4]
 80a19d2:	bd08      	pop	{r3, pc}
 80a19d4:	080601c8 	.word	0x080601c8

080a19d8 <network_connecting>:
DYNALIB_FN(2, system_net, network_connecting, bool(network_handle_t, uint32_t, void*))
 80a19d8:	b508      	push	{r3, lr}
 80a19da:	4b02      	ldr	r3, [pc, #8]	; (80a19e4 <network_connecting+0xc>)
 80a19dc:	681b      	ldr	r3, [r3, #0]
 80a19de:	689b      	ldr	r3, [r3, #8]
 80a19e0:	9301      	str	r3, [sp, #4]
 80a19e2:	bd08      	pop	{r3, pc}
 80a19e4:	080601c8 	.word	0x080601c8

080a19e8 <network_disconnect>:
DYNALIB_FN(3, system_net, network_disconnect, void(network_handle_t, uint32_t, void*))
 80a19e8:	b508      	push	{r3, lr}
 80a19ea:	4b02      	ldr	r3, [pc, #8]	; (80a19f4 <network_disconnect+0xc>)
 80a19ec:	681b      	ldr	r3, [r3, #0]
 80a19ee:	68db      	ldr	r3, [r3, #12]
 80a19f0:	9301      	str	r3, [sp, #4]
 80a19f2:	bd08      	pop	{r3, pc}
 80a19f4:	080601c8 	.word	0x080601c8

080a19f8 <network_ready>:
DYNALIB_FN(4, system_net, network_ready, bool(network_handle_t, uint32_t, void*))
 80a19f8:	b508      	push	{r3, lr}
 80a19fa:	4b02      	ldr	r3, [pc, #8]	; (80a1a04 <network_ready+0xc>)
 80a19fc:	681b      	ldr	r3, [r3, #0]
 80a19fe:	691b      	ldr	r3, [r3, #16]
 80a1a00:	9301      	str	r3, [sp, #4]
 80a1a02:	bd08      	pop	{r3, pc}
 80a1a04:	080601c8 	.word	0x080601c8

080a1a08 <network_on>:
DYNALIB_FN(5, system_net, network_on, void(network_handle_t, uint32_t, uint32_t, void*))
 80a1a08:	b508      	push	{r3, lr}
 80a1a0a:	4b02      	ldr	r3, [pc, #8]	; (80a1a14 <network_on+0xc>)
 80a1a0c:	681b      	ldr	r3, [r3, #0]
 80a1a0e:	695b      	ldr	r3, [r3, #20]
 80a1a10:	9301      	str	r3, [sp, #4]
 80a1a12:	bd08      	pop	{r3, pc}
 80a1a14:	080601c8 	.word	0x080601c8

080a1a18 <network_off>:
DYNALIB_FN(6, system_net, network_off, void(network_handle_t, uint32_t, uint32_t, void*))
 80a1a18:	b508      	push	{r3, lr}
 80a1a1a:	4b02      	ldr	r3, [pc, #8]	; (80a1a24 <network_off+0xc>)
 80a1a1c:	681b      	ldr	r3, [r3, #0]
 80a1a1e:	699b      	ldr	r3, [r3, #24]
 80a1a20:	9301      	str	r3, [sp, #4]
 80a1a22:	bd08      	pop	{r3, pc}
 80a1a24:	080601c8 	.word	0x080601c8

080a1a28 <network_listen>:
DYNALIB_FN(7, system_net, network_listen, void(network_handle_t, uint32_t, void*))
 80a1a28:	b508      	push	{r3, lr}
 80a1a2a:	4b02      	ldr	r3, [pc, #8]	; (80a1a34 <network_listen+0xc>)
 80a1a2c:	681b      	ldr	r3, [r3, #0]
 80a1a2e:	69db      	ldr	r3, [r3, #28]
 80a1a30:	9301      	str	r3, [sp, #4]
 80a1a32:	bd08      	pop	{r3, pc}
 80a1a34:	080601c8 	.word	0x080601c8

080a1a38 <network_listening>:
DYNALIB_FN(8, system_net, network_listening, bool(network_handle_t, uint32_t, void*))
 80a1a38:	b508      	push	{r3, lr}
 80a1a3a:	4b02      	ldr	r3, [pc, #8]	; (80a1a44 <network_listening+0xc>)
 80a1a3c:	681b      	ldr	r3, [r3, #0]
 80a1a3e:	6a1b      	ldr	r3, [r3, #32]
 80a1a40:	9301      	str	r3, [sp, #4]
 80a1a42:	bd08      	pop	{r3, pc}
 80a1a44:	080601c8 	.word	0x080601c8

080a1a48 <network_set_listen_timeout>:
DYNALIB_FN(9, system_net, network_has_credentials, bool(network_handle_t, uint32_t, void*))
DYNALIB_FN(10, system_net, network_set_credentials, int(network_handle_t, uint32_t, NetworkCredentials*, void*))
DYNALIB_FN(11, system_net, network_clear_credentials, bool(network_handle_t, uint32_t, NetworkCredentials*, void*))
DYNALIB_FN(12, system_net, network_set_listen_timeout, void(network_handle_t, uint16_t, void*))
 80a1a48:	b508      	push	{r3, lr}
 80a1a4a:	4b02      	ldr	r3, [pc, #8]	; (80a1a54 <network_set_listen_timeout+0xc>)
 80a1a4c:	681b      	ldr	r3, [r3, #0]
 80a1a4e:	6b1b      	ldr	r3, [r3, #48]	; 0x30
 80a1a50:	9301      	str	r3, [sp, #4]
 80a1a52:	bd08      	pop	{r3, pc}
 80a1a54:	080601c8 	.word	0x080601c8

080a1a58 <network_get_listen_timeout>:
DYNALIB_FN(13, system_net, network_get_listen_timeout, uint16_t(network_handle_t, uint32_t, void*))
 80a1a58:	b508      	push	{r3, lr}
 80a1a5a:	4b02      	ldr	r3, [pc, #8]	; (80a1a64 <network_get_listen_timeout+0xc>)
 80a1a5c:	681b      	ldr	r3, [r3, #0]
 80a1a5e:	6b5b      	ldr	r3, [r3, #52]	; 0x34
 80a1a60:	9301      	str	r3, [sp, #4]
 80a1a62:	bd08      	pop	{r3, pc}
 80a1a64:	080601c8 	.word	0x080601c8

080a1a68 <network_is_on>:
DYNALIB_FN(14, system_net, network_set_hostname, int(network_handle_t, uint32_t, const char*, void*))
DYNALIB_FN(15, system_net, network_get_hostname, int(network_handle_t, uint32_t, char*, size_t, void*))
DYNALIB_FN(16, system_net, network_is_on, bool(network_handle_t, void*))
 80a1a68:	b508      	push	{r3, lr}
 80a1a6a:	4b02      	ldr	r3, [pc, #8]	; (80a1a74 <network_is_on+0xc>)
 80a1a6c:	681b      	ldr	r3, [r3, #0]
 80a1a6e:	6c1b      	ldr	r3, [r3, #64]	; 0x40
 80a1a70:	9301      	str	r3, [sp, #4]
 80a1a72:	bd08      	pop	{r3, pc}
 80a1a74:	080601c8 	.word	0x080601c8

080a1a78 <network_is_off>:
DYNALIB_FN(17, system_net, network_is_off, bool(network_handle_t, void*))
 80a1a78:	b508      	push	{r3, lr}
 80a1a7a:	4b02      	ldr	r3, [pc, #8]	; (80a1a84 <network_is_off+0xc>)
 80a1a7c:	681b      	ldr	r3, [r3, #0]
 80a1a7e:	6c5b      	ldr	r3, [r3, #68]	; 0x44
 80a1a80:	9301      	str	r3, [sp, #4]
 80a1a82:	bd08      	pop	{r3, pc}
 80a1a84:	080601c8 	.word	0x080601c8

080a1a88 <spark_variable>:
#endif


DYNALIB_BEGIN(system_cloud)

DYNALIB_FN(0, system_cloud, spark_variable, bool(const char*, const void*, Spark_Data_TypeDef, spark_variable_t*))
 80a1a88:	b508      	push	{r3, lr}
 80a1a8a:	4b02      	ldr	r3, [pc, #8]	; (80a1a94 <spark_variable+0xc>)
 80a1a8c:	681b      	ldr	r3, [r3, #0]
 80a1a8e:	681b      	ldr	r3, [r3, #0]
 80a1a90:	9301      	str	r3, [sp, #4]
 80a1a92:	bd08      	pop	{r3, pc}
 80a1a94:	080601cc 	.word	0x080601cc

080a1a98 <spark_function>:
DYNALIB_FN(1, system_cloud, spark_function, bool(const char*, p_user_function_int_str_t, void*))
 80a1a98:	b508      	push	{r3, lr}
 80a1a9a:	4b02      	ldr	r3, [pc, #8]	; (80a1aa4 <spark_function+0xc>)
 80a1a9c:	681b      	ldr	r3, [r3, #0]
 80a1a9e:	685b      	ldr	r3, [r3, #4]
 80a1aa0:	9301      	str	r3, [sp, #4]
 80a1aa2:	bd08      	pop	{r3, pc}
 80a1aa4:	080601cc 	.word	0x080601cc

080a1aa8 <spark_cloud_flag_connected>:
DYNALIB_FN(2, system_cloud, spark_process, void(void))
DYNALIB_FN(3, system_cloud, spark_cloud_flag_connect, void(void))
DYNALIB_FN(4, system_cloud, spark_cloud_flag_disconnect, void(void))
DYNALIB_FN(5, system_cloud, spark_cloud_flag_connected, bool(void))
 80a1aa8:	b508      	push	{r3, lr}
 80a1aaa:	4b02      	ldr	r3, [pc, #8]	; (80a1ab4 <spark_cloud_flag_connected+0xc>)
 80a1aac:	681b      	ldr	r3, [r3, #0]
 80a1aae:	695b      	ldr	r3, [r3, #20]
 80a1ab0:	9301      	str	r3, [sp, #4]
 80a1ab2:	bd08      	pop	{r3, pc}
 80a1ab4:	080601cc 	.word	0x080601cc

080a1ab8 <spark_send_event>:
DYNALIB_FN(6, system_cloud, system_cloud_protocol_instance, ProtocolFacade*(void))
DYNALIB_FN(7, system_cloud, spark_deviceID, String(void))
DYNALIB_FN(8, system_cloud, spark_send_event, bool(const char*, const char*, int, uint32_t, void*))
 80a1ab8:	b508      	push	{r3, lr}
 80a1aba:	4b02      	ldr	r3, [pc, #8]	; (80a1ac4 <spark_send_event+0xc>)
 80a1abc:	681b      	ldr	r3, [r3, #0]
 80a1abe:	6a1b      	ldr	r3, [r3, #32]
 80a1ac0:	9301      	str	r3, [sp, #4]
 80a1ac2:	bd08      	pop	{r3, pc}
 80a1ac4:	080601cc 	.word	0x080601cc

080a1ac8 <spark_set_random_seed_from_cloud_handler>:
DYNALIB_FN(10, system_cloud, spark_unsubscribe, void(void*))
DYNALIB_FN(11, system_cloud, spark_sync_time, bool(void*))
DYNALIB_FN(12, system_cloud, spark_sync_time_pending, bool(void*))
DYNALIB_FN(13, system_cloud, spark_sync_time_last, system_tick_t(time32_t*, time_t*))
DYNALIB_FN(14, system_cloud, spark_set_connection_property, int(unsigned, unsigned, const void*, void*))
DYNALIB_FN(15, system_cloud, spark_set_random_seed_from_cloud_handler, int(void (*handler)(unsigned int), void*))
 80a1ac8:	b508      	push	{r3, lr}
 80a1aca:	4b02      	ldr	r3, [pc, #8]	; (80a1ad4 <spark_set_random_seed_from_cloud_handler+0xc>)
 80a1acc:	681b      	ldr	r3, [r3, #0]
 80a1ace:	6bdb      	ldr	r3, [r3, #60]	; 0x3c
 80a1ad0:	9301      	str	r3, [sp, #4]
 80a1ad2:	bd08      	pop	{r3, pc}
 80a1ad4:	080601cc 	.word	0x080601cc

080a1ad8 <malloc>:
#include "hal_platform.h"
#endif // defined(DYNALIB_EXPORT) || (defined(DYNALIB_IMPORT) && !defined(RT_DYNALIB_NO_DEPENDENCY_BREAKING_IMPORTS))

DYNALIB_BEGIN(rt)

DYNALIB_FN(0, rt, malloc, void*(size_t))
 80a1ad8:	b508      	push	{r3, lr}
 80a1ada:	4b02      	ldr	r3, [pc, #8]	; (80a1ae4 <malloc+0xc>)
 80a1adc:	681b      	ldr	r3, [r3, #0]
 80a1ade:	681b      	ldr	r3, [r3, #0]
 80a1ae0:	9301      	str	r3, [sp, #4]
 80a1ae2:	bd08      	pop	{r3, pc}
 80a1ae4:	080601a0 	.word	0x080601a0

080a1ae8 <free>:
DYNALIB_FN(1, rt, free, void(void*))
 80a1ae8:	b508      	push	{r3, lr}
 80a1aea:	4b02      	ldr	r3, [pc, #8]	; (80a1af4 <free+0xc>)
 80a1aec:	681b      	ldr	r3, [r3, #0]
 80a1aee:	685b      	ldr	r3, [r3, #4]
 80a1af0:	9301      	str	r3, [sp, #4]
 80a1af2:	bd08      	pop	{r3, pc}
 80a1af4:	080601a0 	.word	0x080601a0

080a1af8 <realloc>:
DYNALIB_FN(2, rt, realloc, void*(void*, size_t))
 80a1af8:	b508      	push	{r3, lr}
 80a1afa:	4b02      	ldr	r3, [pc, #8]	; (80a1b04 <realloc+0xc>)
 80a1afc:	681b      	ldr	r3, [r3, #0]
 80a1afe:	689b      	ldr	r3, [r3, #8]
 80a1b00:	9301      	str	r3, [sp, #4]
 80a1b02:	bd08      	pop	{r3, pc}
 80a1b04:	080601a0 	.word	0x080601a0

080a1b08 <abort>:
DYNALIB_FN(6, rt, siscanf, int(const char*, const char*, ...))
DYNALIB_FN(7, rt, snprintf, int(char*, size_t, const char*, ...))
DYNALIB_FN(8, rt, sniprintf, int(char*, size_t, const char*, ...))
DYNALIB_FN(9, rt, vsnprintf, int(char*, size_t, const char*, va_list))
DYNALIB_FN(10, rt, vsniprintf, int(char*, size_t, const char*, va_list))
DYNALIB_FN(11, rt, abort, void(void))
 80a1b08:	b508      	push	{r3, lr}
 80a1b0a:	4b02      	ldr	r3, [pc, #8]	; (80a1b14 <abort+0xc>)
 80a1b0c:	681b      	ldr	r3, [r3, #0]
 80a1b0e:	6adb      	ldr	r3, [r3, #44]	; 0x2c
 80a1b10:	9301      	str	r3, [sp, #4]
 80a1b12:	bd08      	pop	{r3, pc}
 80a1b14:	080601a0 	.word	0x080601a0

080a1b18 <_malloc_r>:
DYNALIB_FN(12, rt, _malloc_r, void*(struct _reent*, size_t))
 80a1b18:	b508      	push	{r3, lr}
 80a1b1a:	4b02      	ldr	r3, [pc, #8]	; (80a1b24 <_malloc_r+0xc>)
 80a1b1c:	681b      	ldr	r3, [r3, #0]
 80a1b1e:	6b1b      	ldr	r3, [r3, #48]	; 0x30
 80a1b20:	9301      	str	r3, [sp, #4]
 80a1b22:	bd08      	pop	{r3, pc}
 80a1b24:	080601a0 	.word	0x080601a0

080a1b28 <newlib_impure_ptr_callback>:
// RT is currently being imported into system-part1 from system-part2,
// which is the reverse direction.

#if defined(DYNALIB_EXPORT) || (defined(DYNALIB_IMPORT) && !defined(RT_DYNALIB_NO_DEPENDENCY_BREAKING_IMPORTS))
DYNALIB_FN(16, rt, __assert_func, void(const char*, int, const char*, const char*))
DYNALIB_FN(17, rt, newlib_impure_ptr_callback, void(void (*)(struct _reent*, size_t, uint32_t, void*), void*))
 80a1b28:	b508      	push	{r3, lr}
 80a1b2a:	4b02      	ldr	r3, [pc, #8]	; (80a1b34 <newlib_impure_ptr_callback+0xc>)
 80a1b2c:	681b      	ldr	r3, [r3, #0]
 80a1b2e:	6c5b      	ldr	r3, [r3, #68]	; 0x44
 80a1b30:	9301      	str	r3, [sp, #4]
 80a1b32:	bd08      	pop	{r3, pc}
 80a1b34:	080601a0 	.word	0x080601a0

080a1b38 <_ZN8SPIClassC1E19hal_spi_interface_t>:
    }
    return particle::SPISettings(info->clock, info->bit_order, info->data_mode);
}
} // namespace

SPIClass::SPIClass(hal_spi_interface_t spi)
 80a1b38:	b570      	push	{r4, r5, r6, lr}
    /**
     * Creates a shared mutex.
     */
    RecursiveMutex(os_mutex_recursive_t handle) : handle_(handle) {}

    RecursiveMutex() : handle_(nullptr)
 80a1b3a:	2600      	movs	r6, #0
 80a1b3c:	4604      	mov	r4, r0
 80a1b3e:	460d      	mov	r5, r1
 80a1b40:	f840 6f08 	str.w	r6, [r0, #8]!
    {
        os_mutex_recursive_create(&handle_);
 80a1b44:	f7ff fe32 	bl	80a17ac <os_mutex_recursive_create>
{
    _spi = spi;
    hal_spi_init(_spi);
 80a1b48:	4628      	mov	r0, r5
    _spi = spi;
 80a1b4a:	7025      	strb	r5, [r4, #0]
    hal_spi_init(_spi);
 80a1b4c:	f7ff feb8 	bl	80a18c0 <hal_spi_init>
    _dividerReference = SPI_CLK_SYSTEM; // 0 indicates the system clock
}
 80a1b50:	4620      	mov	r0, r4
    _dividerReference = SPI_CLK_SYSTEM; // 0 indicates the system clock
 80a1b52:	6066      	str	r6, [r4, #4]
}
 80a1b54:	bd70      	pop	{r4, r5, r6, pc}
	...

080a1b58 <_GLOBAL__sub_I_System>:
} // namespace particle

// particle::Flag<TagT, ValueT>
template<typename TagT, typename ValueT>
inline particle::Flag<TagT, ValueT>::Flag(ValueT val) :
        val_(val) {
 80a1b58:	2202      	movs	r2, #2

class SystemSleepResult {
public:
    SystemSleepResult()
            : wakeupSource_(nullptr),
              error_(SYSTEM_ERROR_NONE) {
 80a1b5a:	2000      	movs	r0, #0
 80a1b5c:	4b04      	ldr	r3, [pc, #16]	; (80a1b70 <_GLOBAL__sub_I_System+0x18>)
 80a1b5e:	601a      	str	r2, [r3, #0]
 80a1b60:	4b04      	ldr	r3, [pc, #16]	; (80a1b74 <_GLOBAL__sub_I_System+0x1c>)
    SleepResult() {}
 80a1b62:	4a05      	ldr	r2, [pc, #20]	; (80a1b78 <_GLOBAL__sub_I_System+0x20>)
              error_(SYSTEM_ERROR_NONE) {
 80a1b64:	6018      	str	r0, [r3, #0]
 80a1b66:	8098      	strh	r0, [r3, #4]
    SleepResult() {}
 80a1b68:	7198      	strb	r0, [r3, #6]
 80a1b6a:	609a      	str	r2, [r3, #8]

class SystemClass {
public:

    SystemClass(System_Mode_TypeDef mode = DEFAULT) {
        set_system_mode(mode);
 80a1b6c:	f7ff bef8 	b.w	80a1960 <set_system_mode>
 80a1b70:	200000c4 	.word	0x200000c4
 80a1b74:	200000b8 	.word	0x200000b8
 80a1b78:	ffff0000 	.word	0xffff0000

080a1b7c <_Z11str_reversePc>:

//------------------------------------------------------------------------------------------
#define BUFSIZE (sizeof(long) * 8 + 1)

//utility function used by ultoa()
__attribute__((weak)) void str_reverse(char* buffer){
 80a1b7c:	b510      	push	{r4, lr}
 80a1b7e:	4604      	mov	r4, r0
	char *i, *j;
	char c;
	i=buffer;
	j=buffer + strlen(buffer)-1;
 80a1b80:	f001 fd3f 	bl	80a3602 <strlen>
 80a1b84:	1e43      	subs	r3, r0, #1
 80a1b86:	4620      	mov	r0, r4
 80a1b88:	4423      	add	r3, r4
	while(i<j){
 80a1b8a:	4283      	cmp	r3, r0
 80a1b8c:	d906      	bls.n	80a1b9c <_Z11str_reversePc+0x20>
		c = *i;
 80a1b8e:	7802      	ldrb	r2, [r0, #0]
		*i = *j;
 80a1b90:	7819      	ldrb	r1, [r3, #0]
 80a1b92:	f800 1b01 	strb.w	r1, [r0], #1
		*j = c;
 80a1b96:	f803 2901 	strb.w	r2, [r3], #-1
	while(i<j){
 80a1b9a:	e7f6      	b.n	80a1b8a <_Z11str_reversePc+0xe>
		++i;
		--j;
	}
}
 80a1b9c:	bd10      	pop	{r4, pc}

080a1b9e <ultoa>:
      memcpy(head, ++tail, i);
      return str;
}

//convert unsigned long to string
__attribute__((weak)) char* ultoa(unsigned long a, char* buffer, int radix, char pad){
 80a1b9e:	b570      	push	{r4, r5, r6, lr}
 80a1ba0:	460c      	mov	r4, r1
	if(radix<2 || radix>36){
 80a1ba2:	1e91      	subs	r1, r2, #2
 80a1ba4:	2922      	cmp	r1, #34	; 0x22
 80a1ba6:	d822      	bhi.n	80a1bee <ultoa+0x50>
		return NULL;
	}
	char* ptr=buffer;
 80a1ba8:	4625      	mov	r5, r4

	div_t result;
	while(a){
 80a1baa:	b168      	cbz	r0, 80a1bc8 <ultoa+0x2a>
            /* toolchain bug??
            result = div(a, radix);
            */
            result.quot = a/radix;
 80a1bac:	fbb0 f6f2 	udiv	r6, r0, r2
            result.rem = a%radix;
 80a1bb0:	fb02 0016 	mls	r0, r2, r6, r0
            *ptr = result.rem;
 80a1bb4:	b2c1      	uxtb	r1, r0
            if(result.rem<10){
 80a1bb6:	2809      	cmp	r0, #9
                *ptr += '0';
 80a1bb8:	bf94      	ite	ls
 80a1bba:	3130      	addls	r1, #48	; 0x30
            }else{
                *ptr += 'a'-10;
 80a1bbc:	3157      	addhi	r1, #87	; 0x57
 80a1bbe:	b2c9      	uxtb	r1, r1
            }
            ++ptr;
            a = result.quot;
 80a1bc0:	4630      	mov	r0, r6
 80a1bc2:	f805 1b01 	strb.w	r1, [r5], #1
	while(a){
 80a1bc6:	e7f0      	b.n	80a1baa <ultoa+0xc>
 80a1bc8:	462a      	mov	r2, r5
	}
        while (ptr < buffer+pad)
            *ptr++ = '0';
 80a1bca:	2130      	movs	r1, #48	; 0x30
        while (ptr < buffer+pad)
 80a1bcc:	4423      	add	r3, r4
 80a1bce:	4293      	cmp	r3, r2
 80a1bd0:	d902      	bls.n	80a1bd8 <ultoa+0x3a>
            *ptr++ = '0';
 80a1bd2:	f802 1b01 	strb.w	r1, [r2], #1
        while (ptr < buffer+pad)
 80a1bd6:	e7fa      	b.n	80a1bce <ultoa+0x30>
 80a1bd8:	1b5a      	subs	r2, r3, r5
 80a1bda:	42ab      	cmp	r3, r5
 80a1bdc:	bf38      	it	cc
 80a1bde:	2200      	movcc	r2, #0

	*ptr = '\0';
 80a1be0:	2300      	movs	r3, #0
	str_reverse(buffer);
 80a1be2:	4620      	mov	r0, r4
	*ptr = '\0';
 80a1be4:	54ab      	strb	r3, [r5, r2]
	str_reverse(buffer);
 80a1be6:	f7ff ffc9 	bl	80a1b7c <_Z11str_reversePc>
	return buffer;
 80a1bea:	4620      	mov	r0, r4
}
 80a1bec:	bd70      	pop	{r4, r5, r6, pc}
		return NULL;
 80a1bee:	2000      	movs	r0, #0
 80a1bf0:	e7fc      	b.n	80a1bec <ultoa+0x4e>

080a1bf2 <itoa>:

__attribute__((weak)) char* itoa(int a, char* buffer, int radix){
 80a1bf2:	b538      	push	{r3, r4, r5, lr}
	if(a<0){
 80a1bf4:	1e03      	subs	r3, r0, #0
__attribute__((weak)) char* itoa(int a, char* buffer, int radix){
 80a1bf6:	460c      	mov	r4, r1
 80a1bf8:	4615      	mov	r5, r2
	if(a<0){
 80a1bfa:	da0d      	bge.n	80a1c18 <itoa+0x26>
		*buffer = '-';
 80a1bfc:	222d      	movs	r2, #45	; 0x2d
		unsigned v = a==INT_MIN ? ((unsigned)INT_MAX+1) : -a;
 80a1bfe:	f1b3 4f00 	cmp.w	r3, #2147483648	; 0x80000000
 80a1c02:	bf0c      	ite	eq
 80a1c04:	4618      	moveq	r0, r3
 80a1c06:	4258      	negne	r0, r3
		ultoa((unsigned)v, buffer + 1, radix);
 80a1c08:	2301      	movs	r3, #1
		*buffer = '-';
 80a1c0a:	700a      	strb	r2, [r1, #0]
		ultoa((unsigned)v, buffer + 1, radix);
 80a1c0c:	462a      	mov	r2, r5
 80a1c0e:	4419      	add	r1, r3
	}else{
		ultoa(a, buffer, radix);
 80a1c10:	f7ff ffc5 	bl	80a1b9e <ultoa>
	}
	return buffer;
}
 80a1c14:	4620      	mov	r0, r4
 80a1c16:	bd38      	pop	{r3, r4, r5, pc}
		ultoa(a, buffer, radix);
 80a1c18:	2301      	movs	r3, #1
 80a1c1a:	e7f9      	b.n	80a1c10 <itoa+0x1e>

080a1c1c <_ZN6StringD1Ev>:
	init();
	char buf[33];
	dtoa(value, decimalPlaces, buf);
        *this = buf;
}
String::~String()
 80a1c1c:	b510      	push	{r4, lr}
 80a1c1e:	4604      	mov	r4, r0
{
	free(buffer);
 80a1c20:	6800      	ldr	r0, [r0, #0]
 80a1c22:	f7ff ff61 	bl	80a1ae8 <free>
}
 80a1c26:	4620      	mov	r0, r4
 80a1c28:	bd10      	pop	{r4, pc}

080a1c2a <_ZN6String10invalidateEv>:
	len = 0;
	flags = 0;
}

void String::invalidate(void)
{
 80a1c2a:	b510      	push	{r4, lr}
 80a1c2c:	4604      	mov	r4, r0
	if (buffer) free(buffer);
 80a1c2e:	6800      	ldr	r0, [r0, #0]
 80a1c30:	b108      	cbz	r0, 80a1c36 <_ZN6String10invalidateEv+0xc>
 80a1c32:	f7ff ff59 	bl	80a1ae8 <free>
	buffer = NULL;
 80a1c36:	2300      	movs	r3, #0
	capacity = len = 0;
 80a1c38:	e9c4 3301 	strd	r3, r3, [r4, #4]
	buffer = NULL;
 80a1c3c:	6023      	str	r3, [r4, #0]
}
 80a1c3e:	bd10      	pop	{r4, pc}

080a1c40 <_ZN6String12changeBufferEj>:
	}
	return 0;
}

unsigned char String::changeBuffer(unsigned int maxStrLen)
{
 80a1c40:	b538      	push	{r3, r4, r5, lr}
 80a1c42:	4604      	mov	r4, r0
 80a1c44:	460d      	mov	r5, r1
	char *newbuffer = (char *)realloc(buffer, maxStrLen + 1);
 80a1c46:	6800      	ldr	r0, [r0, #0]
 80a1c48:	3101      	adds	r1, #1
 80a1c4a:	f7ff ff55 	bl	80a1af8 <realloc>
	if (newbuffer) {
 80a1c4e:	b110      	cbz	r0, 80a1c56 <_ZN6String12changeBufferEj+0x16>
		buffer = newbuffer;
		capacity = maxStrLen;
 80a1c50:	e9c4 0500 	strd	r0, r5, [r4]
		return 1;
 80a1c54:	2001      	movs	r0, #1
	}
	return 0;
}
 80a1c56:	bd38      	pop	{r3, r4, r5, pc}

080a1c58 <_ZN6String7reserveEj>:
{
 80a1c58:	b510      	push	{r4, lr}
	if (buffer && capacity >= size) return 1;
 80a1c5a:	6803      	ldr	r3, [r0, #0]
{
 80a1c5c:	4604      	mov	r4, r0
	if (buffer && capacity >= size) return 1;
 80a1c5e:	b123      	cbz	r3, 80a1c6a <_ZN6String7reserveEj+0x12>
 80a1c60:	6843      	ldr	r3, [r0, #4]
 80a1c62:	428b      	cmp	r3, r1
 80a1c64:	d301      	bcc.n	80a1c6a <_ZN6String7reserveEj+0x12>
 80a1c66:	2001      	movs	r0, #1
}
 80a1c68:	bd10      	pop	{r4, pc}
	if (changeBuffer(size)) {
 80a1c6a:	4620      	mov	r0, r4
 80a1c6c:	f7ff ffe8 	bl	80a1c40 <_ZN6String12changeBufferEj>
 80a1c70:	2800      	cmp	r0, #0
 80a1c72:	d0f9      	beq.n	80a1c68 <_ZN6String7reserveEj+0x10>
		if (len == 0) buffer[0] = 0;
 80a1c74:	68a3      	ldr	r3, [r4, #8]
 80a1c76:	2b00      	cmp	r3, #0
 80a1c78:	d1f5      	bne.n	80a1c66 <_ZN6String7reserveEj+0xe>
 80a1c7a:	6822      	ldr	r2, [r4, #0]
 80a1c7c:	7013      	strb	r3, [r2, #0]
 80a1c7e:	e7f2      	b.n	80a1c66 <_ZN6String7reserveEj+0xe>

080a1c80 <_ZN6String4copyEPKcj>:
/*********************************************/
/*  Copy and Move                            */
/*********************************************/

String & String::copy(const char *cstr, unsigned int length)
{
 80a1c80:	b570      	push	{r4, r5, r6, lr}
 80a1c82:	460e      	mov	r6, r1
	if (!reserve(length)) {
 80a1c84:	4611      	mov	r1, r2
{
 80a1c86:	4604      	mov	r4, r0
 80a1c88:	4615      	mov	r5, r2
	if (!reserve(length)) {
 80a1c8a:	f7ff ffe5 	bl	80a1c58 <_ZN6String7reserveEj>
 80a1c8e:	b920      	cbnz	r0, 80a1c9a <_ZN6String4copyEPKcj+0x1a>
		invalidate();
 80a1c90:	4620      	mov	r0, r4
 80a1c92:	f7ff ffca 	bl	80a1c2a <_ZN6String10invalidateEv>
	}
	len = length;
	memcpy(buffer, cstr, length);
	buffer[len] = 0;
	return *this;
}
 80a1c96:	4620      	mov	r0, r4
 80a1c98:	bd70      	pop	{r4, r5, r6, pc}
	memcpy(buffer, cstr, length);
 80a1c9a:	462a      	mov	r2, r5
 80a1c9c:	4631      	mov	r1, r6
 80a1c9e:	6820      	ldr	r0, [r4, #0]
	len = length;
 80a1ca0:	60a5      	str	r5, [r4, #8]
	memcpy(buffer, cstr, length);
 80a1ca2:	f001 fc47 	bl	80a3534 <memcpy>
	buffer[len] = 0;
 80a1ca6:	2100      	movs	r1, #0
 80a1ca8:	6822      	ldr	r2, [r4, #0]
 80a1caa:	68a3      	ldr	r3, [r4, #8]
 80a1cac:	54d1      	strb	r1, [r2, r3]
	return *this;
 80a1cae:	e7f2      	b.n	80a1c96 <_ZN6String4copyEPKcj+0x16>

080a1cb0 <_ZN6StringC1EPKc>:
String::String(const char *cstr)
 80a1cb0:	b538      	push	{r3, r4, r5, lr}
	buffer = NULL;
 80a1cb2:	2300      	movs	r3, #0
String::String(const char *cstr)
 80a1cb4:	4604      	mov	r4, r0
	if (cstr) copy(cstr, strlen(cstr));
 80a1cb6:	460d      	mov	r5, r1
	capacity = 0;
 80a1cb8:	e9c0 3300 	strd	r3, r3, [r0]
	len = 0;
 80a1cbc:	6083      	str	r3, [r0, #8]
	flags = 0;
 80a1cbe:	7303      	strb	r3, [r0, #12]
	if (cstr) copy(cstr, strlen(cstr));
 80a1cc0:	b139      	cbz	r1, 80a1cd2 <_ZN6StringC1EPKc+0x22>
 80a1cc2:	4608      	mov	r0, r1
 80a1cc4:	f001 fc9d 	bl	80a3602 <strlen>
 80a1cc8:	4629      	mov	r1, r5
 80a1cca:	4602      	mov	r2, r0
 80a1ccc:	4620      	mov	r0, r4
 80a1cce:	f7ff ffd7 	bl	80a1c80 <_ZN6String4copyEPKcj>
}
 80a1cd2:	4620      	mov	r0, r4
 80a1cd4:	bd38      	pop	{r3, r4, r5, pc}

080a1cd6 <_ZN6String4moveERS_>:
    return copy(reinterpret_cast<const char*>(pstr), length);
}

#ifdef __GXX_EXPERIMENTAL_CXX0X__
void String::move(String &rhs)
{
 80a1cd6:	b538      	push	{r3, r4, r5, lr}
 80a1cd8:	4605      	mov	r5, r0
	if (buffer) {
 80a1cda:	6800      	ldr	r0, [r0, #0]
{
 80a1cdc:	460c      	mov	r4, r1
	if (buffer) {
 80a1cde:	b168      	cbz	r0, 80a1cfc <_ZN6String4moveERS_+0x26>
		if (capacity >= rhs.len) {
 80a1ce0:	686a      	ldr	r2, [r5, #4]
 80a1ce2:	688b      	ldr	r3, [r1, #8]
 80a1ce4:	429a      	cmp	r2, r3
 80a1ce6:	d307      	bcc.n	80a1cf8 <_ZN6String4moveERS_+0x22>
			strcpy(buffer, rhs.buffer);
 80a1ce8:	6809      	ldr	r1, [r1, #0]
 80a1cea:	f001 fc67 	bl	80a35bc <strcpy>
			len = rhs.len;
 80a1cee:	68a3      	ldr	r3, [r4, #8]
 80a1cf0:	60ab      	str	r3, [r5, #8]
			rhs.len = 0;
 80a1cf2:	2300      	movs	r3, #0
	buffer = rhs.buffer;
	capacity = rhs.capacity;
	len = rhs.len;
	rhs.buffer = NULL;
	rhs.capacity = 0;
	rhs.len = 0;
 80a1cf4:	60a3      	str	r3, [r4, #8]
}
 80a1cf6:	bd38      	pop	{r3, r4, r5, pc}
			free(buffer);
 80a1cf8:	f7ff fef6 	bl	80a1ae8 <free>
	buffer = rhs.buffer;
 80a1cfc:	6823      	ldr	r3, [r4, #0]
 80a1cfe:	602b      	str	r3, [r5, #0]
	capacity = rhs.capacity;
 80a1d00:	6863      	ldr	r3, [r4, #4]
 80a1d02:	606b      	str	r3, [r5, #4]
	len = rhs.len;
 80a1d04:	68a3      	ldr	r3, [r4, #8]
 80a1d06:	60ab      	str	r3, [r5, #8]
	rhs.buffer = NULL;
 80a1d08:	2300      	movs	r3, #0
	rhs.capacity = 0;
 80a1d0a:	e9c4 3300 	strd	r3, r3, [r4]
 80a1d0e:	e7f1      	b.n	80a1cf4 <_ZN6String4moveERS_+0x1e>

080a1d10 <_ZN6StringaSERKS_>:
#endif

String & String::operator = (const String &rhs)
{
	if (this == &rhs) return *this;
 80a1d10:	4288      	cmp	r0, r1
{
 80a1d12:	b510      	push	{r4, lr}
 80a1d14:	460b      	mov	r3, r1
 80a1d16:	4604      	mov	r4, r0
	if (this == &rhs) return *this;
 80a1d18:	d004      	beq.n	80a1d24 <_ZN6StringaSERKS_+0x14>

	if (rhs.buffer) copy(rhs.buffer, rhs.len);
 80a1d1a:	6809      	ldr	r1, [r1, #0]
 80a1d1c:	b121      	cbz	r1, 80a1d28 <_ZN6StringaSERKS_+0x18>
 80a1d1e:	689a      	ldr	r2, [r3, #8]
 80a1d20:	f7ff ffae 	bl	80a1c80 <_ZN6String4copyEPKcj>
	else invalidate();

	return *this;
}
 80a1d24:	4620      	mov	r0, r4
 80a1d26:	bd10      	pop	{r4, pc}
	else invalidate();
 80a1d28:	f7ff ff7f 	bl	80a1c2a <_ZN6String10invalidateEv>
 80a1d2c:	e7fa      	b.n	80a1d24 <_ZN6StringaSERKS_+0x14>

080a1d2e <_ZN6StringC1ERKS_>:
	buffer = NULL;
 80a1d2e:	2300      	movs	r3, #0
String::String(const String &value)
 80a1d30:	b510      	push	{r4, lr}
 80a1d32:	4604      	mov	r4, r0
	capacity = 0;
 80a1d34:	e9c0 3300 	strd	r3, r3, [r0]
	len = 0;
 80a1d38:	6083      	str	r3, [r0, #8]
	flags = 0;
 80a1d3a:	7303      	strb	r3, [r0, #12]
	*this = value;
 80a1d3c:	f7ff ffe8 	bl	80a1d10 <_ZN6StringaSERKS_>
}
 80a1d40:	4620      	mov	r0, r4
 80a1d42:	bd10      	pop	{r4, pc}

080a1d44 <_ZN6StringaSEOS_>:
}

#ifdef __GXX_EXPERIMENTAL_CXX0X__
String & String::operator = (String &&rval)
{
	if (this != &rval) move(rval);
 80a1d44:	4288      	cmp	r0, r1
{
 80a1d46:	b510      	push	{r4, lr}
 80a1d48:	4604      	mov	r4, r0
	if (this != &rval) move(rval);
 80a1d4a:	d001      	beq.n	80a1d50 <_ZN6StringaSEOS_+0xc>
 80a1d4c:	f7ff ffc3 	bl	80a1cd6 <_ZN6String4moveERS_>
	return *this;
}
 80a1d50:	4620      	mov	r0, r4
 80a1d52:	bd10      	pop	{r4, pc}

080a1d54 <_ZN6StringaSEPKc>:
	return *this;
}
#endif

String & String::operator = (const char *cstr)
{
 80a1d54:	b538      	push	{r3, r4, r5, lr}
 80a1d56:	4605      	mov	r5, r0
	if (cstr) copy(cstr, strlen(cstr));
 80a1d58:	460c      	mov	r4, r1
 80a1d5a:	b149      	cbz	r1, 80a1d70 <_ZN6StringaSEPKc+0x1c>
 80a1d5c:	4608      	mov	r0, r1
 80a1d5e:	f001 fc50 	bl	80a3602 <strlen>
 80a1d62:	4621      	mov	r1, r4
 80a1d64:	4602      	mov	r2, r0
 80a1d66:	4628      	mov	r0, r5
 80a1d68:	f7ff ff8a 	bl	80a1c80 <_ZN6String4copyEPKcj>
	else invalidate();

	return *this;
}
 80a1d6c:	4628      	mov	r0, r5
 80a1d6e:	bd38      	pop	{r3, r4, r5, pc}
	else invalidate();
 80a1d70:	f7ff ff5b 	bl	80a1c2a <_ZN6String10invalidateEv>
 80a1d74:	e7fa      	b.n	80a1d6c <_ZN6StringaSEPKc+0x18>

080a1d76 <_ZN6StringC1Eih>:
String::String(int value, unsigned char base)
 80a1d76:	b510      	push	{r4, lr}
	buffer = NULL;
 80a1d78:	2300      	movs	r3, #0
String::String(int value, unsigned char base)
 80a1d7a:	4604      	mov	r4, r0
 80a1d7c:	b08a      	sub	sp, #40	; 0x28
	capacity = 0;
 80a1d7e:	e9c4 3300 	strd	r3, r3, [r4]
	len = 0;
 80a1d82:	60a3      	str	r3, [r4, #8]
	flags = 0;
 80a1d84:	7323      	strb	r3, [r4, #12]
String::String(int value, unsigned char base)
 80a1d86:	4608      	mov	r0, r1
	itoa(value, buf, base);
 80a1d88:	a901      	add	r1, sp, #4
 80a1d8a:	f7ff ff32 	bl	80a1bf2 <itoa>
	*this = buf;
 80a1d8e:	4620      	mov	r0, r4
 80a1d90:	a901      	add	r1, sp, #4
 80a1d92:	f7ff ffdf 	bl	80a1d54 <_ZN6StringaSEPKc>
}
 80a1d96:	4620      	mov	r0, r4
 80a1d98:	b00a      	add	sp, #40	; 0x28
 80a1d9a:	bd10      	pop	{r4, pc}

080a1d9c <_ZNK6String6equalsEPKc>:
{
	return (len == s2.len && compareTo(s2) == 0);
}

unsigned char String::equals(const char *cstr) const
{
 80a1d9c:	b508      	push	{r3, lr}
	if (len == 0) return (cstr == NULL || *cstr == 0);
 80a1d9e:	6882      	ldr	r2, [r0, #8]
 80a1da0:	b93a      	cbnz	r2, 80a1db2 <_ZNK6String6equalsEPKc+0x16>
 80a1da2:	b121      	cbz	r1, 80a1dae <_ZNK6String6equalsEPKc+0x12>
 80a1da4:	7808      	ldrb	r0, [r1, #0]
	if (cstr == NULL) return buffer[0] == 0;
	return strcmp(buffer, cstr) == 0;
 80a1da6:	fab0 f080 	clz	r0, r0
 80a1daa:	0940      	lsrs	r0, r0, #5
 80a1dac:	e000      	b.n	80a1db0 <_ZNK6String6equalsEPKc+0x14>
	if (len == 0) return (cstr == NULL || *cstr == 0);
 80a1dae:	2001      	movs	r0, #1
}
 80a1db0:	bd08      	pop	{r3, pc}
	if (cstr == NULL) return buffer[0] == 0;
 80a1db2:	6800      	ldr	r0, [r0, #0]
 80a1db4:	b909      	cbnz	r1, 80a1dba <_ZNK6String6equalsEPKc+0x1e>
 80a1db6:	7800      	ldrb	r0, [r0, #0]
 80a1db8:	e7f5      	b.n	80a1da6 <_ZNK6String6equalsEPKc+0xa>
	return strcmp(buffer, cstr) == 0;
 80a1dba:	f001 fbf5 	bl	80a35a8 <strcmp>
 80a1dbe:	e7f2      	b.n	80a1da6 <_ZNK6String6equalsEPKc+0xa>

080a1dc0 <_ZNK6String5toIntEv>:
/*  Parsing / Conversion                     */
/*********************************************/

long String::toInt(void) const
{
	if (buffer) return atol(buffer);
 80a1dc0:	6800      	ldr	r0, [r0, #0]
 80a1dc2:	b108      	cbz	r0, 80a1dc8 <_ZNK6String5toIntEv+0x8>
 80a1dc4:	f001 bbb2 	b.w	80a352c <atol>
	return 0;
}
 80a1dc8:	4770      	bx	lr

080a1dca <_ZN5Print5writeEPKhj>:

// Public Methods //////////////////////////////////////////////////////////////

/* default implementation: may be overridden */
size_t Print::write(const uint8_t *buffer, size_t size)
{
 80a1dca:	b5f8      	push	{r3, r4, r5, r6, r7, lr}
 80a1dcc:	4606      	mov	r6, r0
 80a1dce:	460d      	mov	r5, r1
  size_t n = 0;
 80a1dd0:	2400      	movs	r4, #0
 80a1dd2:	188f      	adds	r7, r1, r2
  while (size--) {
 80a1dd4:	42bd      	cmp	r5, r7
 80a1dd6:	d00c      	beq.n	80a1df2 <_ZN5Print5writeEPKhj+0x28>
     int chunk = write(*buffer++);
 80a1dd8:	6833      	ldr	r3, [r6, #0]
 80a1dda:	4630      	mov	r0, r6
 80a1ddc:	689b      	ldr	r3, [r3, #8]
 80a1dde:	f815 1b01 	ldrb.w	r1, [r5], #1
 80a1de2:	4798      	blx	r3
     if (chunk>=0)
 80a1de4:	1e03      	subs	r3, r0, #0
 80a1de6:	db01      	blt.n	80a1dec <_ZN5Print5writeEPKhj+0x22>
         n += chunk;
 80a1de8:	441c      	add	r4, r3
  while (size--) {
 80a1dea:	e7f3      	b.n	80a1dd4 <_ZN5Print5writeEPKhj+0xa>
     int chunk = write(*buffer++);
 80a1dec:	2c00      	cmp	r4, #0
 80a1dee:	bf08      	it	eq
 80a1df0:	461c      	moveq	r4, r3
             n = chunk;
         break;
     }
  }
  return n;
}
 80a1df2:	4620      	mov	r0, r4
 80a1df4:	bdf8      	pop	{r3, r4, r5, r6, r7, pc}

080a1df6 <_ZN5Print5writeEPKc>:

    int getWriteError() { return write_error; }
    void clearWriteError() { setWriteError(0); }

    virtual size_t write(uint8_t) = 0;
    size_t write(const char *str) {
 80a1df6:	b570      	push	{r4, r5, r6, lr}
 80a1df8:	4605      	mov	r5, r0
      if (str == NULL) return 0;
 80a1dfa:	460c      	mov	r4, r1
      return write((const uint8_t *)str, strlen(str));
    }
 80a1dfc:	4608      	mov	r0, r1
      if (str == NULL) return 0;
 80a1dfe:	b149      	cbz	r1, 80a1e14 <_ZN5Print5writeEPKc+0x1e>
      return write((const uint8_t *)str, strlen(str));
 80a1e00:	f001 fbff 	bl	80a3602 <strlen>
 80a1e04:	682b      	ldr	r3, [r5, #0]
 80a1e06:	4602      	mov	r2, r0
 80a1e08:	4621      	mov	r1, r4
 80a1e0a:	4628      	mov	r0, r5
    }
 80a1e0c:	e8bd 4070 	ldmia.w	sp!, {r4, r5, r6, lr}
      return write((const uint8_t *)str, strlen(str));
 80a1e10:	68db      	ldr	r3, [r3, #12]
 80a1e12:	4718      	bx	r3
    }
 80a1e14:	bd70      	pop	{r4, r5, r6, pc}

080a1e16 <_ZN5Print5printEPKc>:

size_t Print::print(const char str[])
{
 80a1e16:	b508      	push	{r3, lr}
  return write(str);
 80a1e18:	f7ff ffed 	bl	80a1df6 <_ZN5Print5writeEPKc>
}
 80a1e1c:	bd08      	pop	{r3, pc}

080a1e1e <_ZN5Print5printEc>:

size_t Print::print(char c)
{
  return write(c);
 80a1e1e:	6803      	ldr	r3, [r0, #0]
 80a1e20:	689b      	ldr	r3, [r3, #8]
 80a1e22:	4718      	bx	r3

080a1e24 <_ZN5Print7printlnEv>:
{
  return print(reinterpret_cast<const char*>(str));
}

size_t Print::println(void)
{
 80a1e24:	b538      	push	{r3, r4, r5, lr}
  size_t n = print('\r');
 80a1e26:	210d      	movs	r1, #13
{
 80a1e28:	4605      	mov	r5, r0
  size_t n = print('\r');
 80a1e2a:	f7ff fff8 	bl	80a1e1e <_ZN5Print5printEc>
  n += print('\n');
 80a1e2e:	210a      	movs	r1, #10
  size_t n = print('\r');
 80a1e30:	4604      	mov	r4, r0
  n += print('\n');
 80a1e32:	4628      	mov	r0, r5
 80a1e34:	f7ff fff3 	bl	80a1e1e <_ZN5Print5printEc>
  return n;
}
 80a1e38:	4420      	add	r0, r4
 80a1e3a:	bd38      	pop	{r3, r4, r5, pc}

080a1e3c <_ZN5Print7printlnEPKc>:

size_t Print::println(const char c[])
{
 80a1e3c:	b538      	push	{r3, r4, r5, lr}
 80a1e3e:	4605      	mov	r5, r0
  return write(str);
 80a1e40:	f7ff ffd9 	bl	80a1df6 <_ZN5Print5writeEPKc>
 80a1e44:	4604      	mov	r4, r0
  size_t n = print(c);
  n += println();
 80a1e46:	4628      	mov	r0, r5
 80a1e48:	f7ff ffec 	bl	80a1e24 <_ZN5Print7printlnEv>
  return n;
}
 80a1e4c:	4420      	add	r0, r4
 80a1e4e:	bd38      	pop	{r3, r4, r5, pc}

080a1e50 <_ZN5Print11printNumberEmh>:

size_t Print::printNumber(unsigned long n, uint8_t base) {
  char buf[8 * sizeof(n) + 1]; // Assumes 8-bit chars plus zero byte.
  char *str = &buf[sizeof(buf) - 1];

  *str = '\0';
 80a1e50:	2300      	movs	r3, #0

  // prevent crash if called with base == 1
  if (base < 2) base = 10;
 80a1e52:	2a01      	cmp	r2, #1
 80a1e54:	bf98      	it	ls
 80a1e56:	220a      	movls	r2, #10
size_t Print::printNumber(unsigned long n, uint8_t base) {
 80a1e58:	b530      	push	{r4, r5, lr}
 80a1e5a:	b08b      	sub	sp, #44	; 0x2c
 80a1e5c:	460c      	mov	r4, r1
  *str = '\0';
 80a1e5e:	f88d 3024 	strb.w	r3, [sp, #36]	; 0x24
  if (base < 2) base = 10;
 80a1e62:	a909      	add	r1, sp, #36	; 0x24

  do {
   decltype(n) m = n;
   n /= base;
 80a1e64:	4625      	mov	r5, r4
 80a1e66:	fbb4 f4f2 	udiv	r4, r4, r2
   char c = m - base * n;
 80a1e6a:	fb04 5312 	mls	r3, r4, r2, r5
 80a1e6e:	b2db      	uxtb	r3, r3
   *--str = c < 10 ? c + '0' : c + 'A' - 10;
 80a1e70:	2b09      	cmp	r3, #9
 80a1e72:	bf94      	ite	ls
 80a1e74:	3330      	addls	r3, #48	; 0x30
 80a1e76:	3337      	addhi	r3, #55	; 0x37
 80a1e78:	b2db      	uxtb	r3, r3
  } while(n);
 80a1e7a:	42aa      	cmp	r2, r5
   *--str = c < 10 ? c + '0' : c + 'A' - 10;
 80a1e7c:	f801 3d01 	strb.w	r3, [r1, #-1]!
  } while(n);
 80a1e80:	d9f0      	bls.n	80a1e64 <_ZN5Print11printNumberEmh+0x14>

  return write(str);
 80a1e82:	f7ff ffb8 	bl	80a1df6 <_ZN5Print5writeEPKc>
}
 80a1e86:	b00b      	add	sp, #44	; 0x2c
 80a1e88:	bd30      	pop	{r4, r5, pc}

080a1e8a <_ZN5spark9WiFiClass2onEv>:
    bool ready(void) {
        return network_ready(*this, 0, NULL);
    }

    void on(void) {
        network_on(*this, 0, 0, NULL);
 80a1e8a:	2300      	movs	r3, #0
 80a1e8c:	6840      	ldr	r0, [r0, #4]
 80a1e8e:	461a      	mov	r2, r3
 80a1e90:	4619      	mov	r1, r3
 80a1e92:	f7ff bdb9 	b.w	80a1a08 <network_on>

080a1e96 <_ZNSt14__shared_countILN9__gnu_cxx12_Lock_policyE0EEC1ERKS2_>:
      : _M_pi(__r._M_pi)
 80a1e96:	680b      	ldr	r3, [r1, #0]
 80a1e98:	6003      	str	r3, [r0, #0]
	if (_M_pi != 0)
 80a1e9a:	b113      	cbz	r3, 80a1ea2 <_ZNSt14__shared_countILN9__gnu_cxx12_Lock_policyE0EEC1ERKS2_+0xc>
    { ++_M_use_count; }
 80a1e9c:	685a      	ldr	r2, [r3, #4]
 80a1e9e:	3201      	adds	r2, #1
 80a1ea0:	605a      	str	r2, [r3, #4]
      }
 80a1ea2:	4770      	bx	lr

080a1ea4 <_GLOBAL__sub_I__ZN5spark3LogE>:
    // This handler doesn't support direct logging
}

// spark::Logger
inline spark::Logger::Logger(const char *name) :
        name_(name) {
 80a1ea4:	4b01      	ldr	r3, [pc, #4]	; (80a1eac <_GLOBAL__sub_I__ZN5spark3LogE+0x8>)
 80a1ea6:	4a02      	ldr	r2, [pc, #8]	; (80a1eb0 <_GLOBAL__sub_I__ZN5spark3LogE+0xc>)
 80a1ea8:	601a      	str	r2, [r3, #0]
#if Wiring_LogConfig

// spark::
void spark::logProcessControlRequest(ctrl_request* req) {
    JSONRequestHandler::process(req);
}
 80a1eaa:	4770      	bx	lr
 80a1eac:	200000c8 	.word	0x200000c8
 80a1eb0:	080a3874 	.word	0x080a3874

080a1eb4 <_GLOBAL__sub_I_TIME_FORMAT_DEFAULT>:
            calendar_time_cache = Convert_UnixTime_To_CalendarTime(unix_time);
            unix_time_cache = unix_time;
    }
}

const char* TimeClass::format_spec = TIME_FORMAT_DEFAULT;
 80a1eb4:	4b02      	ldr	r3, [pc, #8]	; (80a1ec0 <_GLOBAL__sub_I_TIME_FORMAT_DEFAULT+0xc>)
 80a1eb6:	681a      	ldr	r2, [r3, #0]
 80a1eb8:	4b02      	ldr	r3, [pc, #8]	; (80a1ec4 <_GLOBAL__sub_I_TIME_FORMAT_DEFAULT+0x10>)
 80a1eba:	601a      	str	r2, [r3, #0]
{
  return isValid();
}


TimeClass Time;
 80a1ebc:	4770      	bx	lr
 80a1ebe:	bf00      	nop
 80a1ec0:	2000000c 	.word	0x2000000c
 80a1ec4:	200000cc 	.word	0x200000cc

080a1ec8 <delay>:
    return (value - fromStart) * (toEnd - toStart) / (fromEnd - fromStart) + toStart;
}

void delay(unsigned long ms)
{
    system_delay_ms(ms, false);
 80a1ec8:	2100      	movs	r1, #0
 80a1eca:	f7ff bd51 	b.w	80a1970 <system_delay_ms>

080a1ece <_ZNSt14_Function_baseD1Ev>:
	{ __functor._M_access<_Functor*>() = new _Functor(std::move(__f)); }
      };

    _Function_base() : _M_manager(nullptr) { }

    ~_Function_base()
 80a1ece:	b510      	push	{r4, lr}
    {
      if (_M_manager)
 80a1ed0:	6883      	ldr	r3, [r0, #8]
    ~_Function_base()
 80a1ed2:	4604      	mov	r4, r0
      if (_M_manager)
 80a1ed4:	b113      	cbz	r3, 80a1edc <_ZNSt14_Function_baseD1Ev+0xe>
	_M_manager(_M_functor, _M_functor, __destroy_functor);
 80a1ed6:	2203      	movs	r2, #3
 80a1ed8:	4601      	mov	r1, r0
 80a1eda:	4798      	blx	r3
    }
 80a1edc:	4620      	mov	r0, r4
 80a1ede:	bd10      	pop	{r4, pc}

080a1ee0 <_ZSt4swapISt9_Any_dataENSt9enable_ifIXsrSt6__and_IJSt6__not_ISt15__is_tuple_likeIT_EESt21is_move_constructibleIS5_ESt18is_move_assignableIS5_EEE5valueEvE4typeERS5_SF_>:
    inline
#if __cplusplus >= 201103L
    typename enable_if<__and_<__not_<__is_tuple_like<_Tp>>,
			      is_move_constructible<_Tp>,
			      is_move_assignable<_Tp>>::value>::type
    swap(_Tp& __a, _Tp& __b)
 80a1ee0:	b513      	push	{r0, r1, r4, lr}
#endif
    {
      // concept requirements
      __glibcxx_function_requires(_SGIAssignableConcept<_Tp>)

      _Tp __tmp = _GLIBCXX_MOVE(__a);
 80a1ee2:	466c      	mov	r4, sp
    swap(_Tp& __a, _Tp& __b)
 80a1ee4:	460b      	mov	r3, r1
 80a1ee6:	4602      	mov	r2, r0
      _Tp __tmp = _GLIBCXX_MOVE(__a);
 80a1ee8:	c803      	ldmia	r0, {r0, r1}
 80a1eea:	e884 0003 	stmia.w	r4, {r0, r1}
      __a = _GLIBCXX_MOVE(__b);
 80a1eee:	e893 0003 	ldmia.w	r3, {r0, r1}
 80a1ef2:	e882 0003 	stmia.w	r2, {r0, r1}
      __b = _GLIBCXX_MOVE(__tmp);
 80a1ef6:	e894 0003 	ldmia.w	r4, {r0, r1}
 80a1efa:	e883 0003 	stmia.w	r3, {r0, r1}
    }
 80a1efe:	b002      	add	sp, #8
 80a1f00:	bd10      	pop	{r4, pc}
	...

080a1f04 <_GLOBAL__sub_I_RGB>:
    _Function_base() : _M_manager(nullptr) { }
 80a1f04:	2200      	movs	r2, #0
 80a1f06:	4b01      	ldr	r3, [pc, #4]	; (80a1f0c <_GLOBAL__sub_I_RGB+0x8>)
 80a1f08:	609a      	str	r2, [r3, #8]
{
    RGBClass* const d = static_cast<RGBClass*>(data);
    if (d->changeHandler_) {
        d->changeHandler_(r, g, b);
    }
}
 80a1f0a:	4770      	bx	lr
 80a1f0c:	200000d0 	.word	0x200000d0

080a1f10 <_ZZ21module_user_init_hookENUlP6_reentjmPvE_4_FUNES0_jmS1_>:

void module_user_init_hook()
{
#if HAL_PLATFORM_NEWLIB
    newlib_impure_ptr_callback([](struct _reent* r, size_t size, uint32_t version, void* ctx) -> void {
        _impure_ptr = r;
 80a1f10:	4b01      	ldr	r3, [pc, #4]	; (80a1f18 <_ZZ21module_user_init_hookENUlP6_reentjmPvE_4_FUNES0_jmS1_+0x8>)
 80a1f12:	6018      	str	r0, [r3, #0]
    }, nullptr);
 80a1f14:	4770      	bx	lr
 80a1f16:	bf00      	nop
 80a1f18:	20000010 	.word	0x20000010

080a1f1c <serialEventRun>:
{
 80a1f1c:	b508      	push	{r3, lr}
    if (serialEvent && Serial.available()>0)
 80a1f1e:	4b13      	ldr	r3, [pc, #76]	; (80a1f6c <serialEventRun+0x50>)
 80a1f20:	b143      	cbz	r3, 80a1f34 <serialEventRun+0x18>
 80a1f22:	f000 fc39 	bl	80a2798 <_Z16_fetch_usbserialv>
 80a1f26:	6803      	ldr	r3, [r0, #0]
 80a1f28:	691b      	ldr	r3, [r3, #16]
 80a1f2a:	4798      	blx	r3
 80a1f2c:	2800      	cmp	r0, #0
 80a1f2e:	dd01      	ble.n	80a1f34 <serialEventRun+0x18>
        serialEvent();
 80a1f30:	f3af 8000 	nop.w
    if (serialEvent1 && Serial1.available()>0)
 80a1f34:	4b0e      	ldr	r3, [pc, #56]	; (80a1f70 <serialEventRun+0x54>)
 80a1f36:	b143      	cbz	r3, 80a1f4a <serialEventRun+0x2e>
 80a1f38:	f000 fcde 	bl	80a28f8 <_Z22__fetch_global_Serial1v>
 80a1f3c:	6803      	ldr	r3, [r0, #0]
 80a1f3e:	691b      	ldr	r3, [r3, #16]
 80a1f40:	4798      	blx	r3
 80a1f42:	2800      	cmp	r0, #0
 80a1f44:	dd01      	ble.n	80a1f4a <serialEventRun+0x2e>
        serialEvent1();
 80a1f46:	f3af 8000 	nop.w
    if (serialEventRun2) serialEventRun2();
 80a1f4a:	4b0a      	ldr	r3, [pc, #40]	; (80a1f74 <serialEventRun+0x58>)
 80a1f4c:	b10b      	cbz	r3, 80a1f52 <serialEventRun+0x36>
 80a1f4e:	f3af 8000 	nop.w
    if (usbSerialEvent1 && USBSerial1.available()>0)
 80a1f52:	4b09      	ldr	r3, [pc, #36]	; (80a1f78 <serialEventRun+0x5c>)
 80a1f54:	b143      	cbz	r3, 80a1f68 <serialEventRun+0x4c>
 80a1f56:	f000 fc59 	bl	80a280c <_Z17_fetch_usbserial1v>
 80a1f5a:	6803      	ldr	r3, [r0, #0]
 80a1f5c:	691b      	ldr	r3, [r3, #16]
 80a1f5e:	4798      	blx	r3
 80a1f60:	2800      	cmp	r0, #0
 80a1f62:	dd01      	ble.n	80a1f68 <serialEventRun+0x4c>
        usbSerialEvent1();
 80a1f64:	f3af 8000 	nop.w
}
 80a1f68:	bd08      	pop	{r3, pc}
 80a1f6a:	bf00      	nop
	...

080a1f7c <_post_loop>:
{
 80a1f7c:	b508      	push	{r3, lr}
	serialEventRun();
 80a1f7e:	f7ff ffcd 	bl	80a1f1c <serialEventRun>
		return !timeout_fn;
	}

	static inline system_tick_t current_time()
	{
		return HAL_Timer_Get_Milli_Seconds();
 80a1f82:	f7ff fc0b 	bl	80a179c <HAL_Timer_Get_Milli_Seconds>
	/**
	 * Lifesign that the application is still working normally.
	 */
	static void checkin()
	{
		last_checkin = current_time();
 80a1f86:	4b01      	ldr	r3, [pc, #4]	; (80a1f8c <_post_loop+0x10>)
 80a1f88:	6018      	str	r0, [r3, #0]
}
 80a1f8a:	bd08      	pop	{r3, pc}
 80a1f8c:	2000055c 	.word	0x2000055c

080a1f90 <_Z33system_initialize_user_backup_ramv>:
    memcpy(&link_global_retained_start, &link_global_retained_initial_values, len);
 80a1f90:	4805      	ldr	r0, [pc, #20]	; (80a1fa8 <_Z33system_initialize_user_backup_ramv+0x18>)
 80a1f92:	4a06      	ldr	r2, [pc, #24]	; (80a1fac <_Z33system_initialize_user_backup_ramv+0x1c>)
{
 80a1f94:	b508      	push	{r3, lr}
    memcpy(&link_global_retained_start, &link_global_retained_initial_values, len);
 80a1f96:	1a12      	subs	r2, r2, r0
 80a1f98:	4905      	ldr	r1, [pc, #20]	; (80a1fb0 <_Z33system_initialize_user_backup_ramv+0x20>)
 80a1f9a:	f001 facb 	bl	80a3534 <memcpy>
    __backup_sram_signature = signature;
 80a1f9e:	4b05      	ldr	r3, [pc, #20]	; (80a1fb4 <_Z33system_initialize_user_backup_ramv+0x24>)
 80a1fa0:	4a05      	ldr	r2, [pc, #20]	; (80a1fb8 <_Z33system_initialize_user_backup_ramv+0x28>)
 80a1fa2:	601a      	str	r2, [r3, #0]
}
 80a1fa4:	bd08      	pop	{r3, pc}
 80a1fa6:	bf00      	nop
 80a1fa8:	40024000 	.word	0x40024000
 80a1fac:	40024004 	.word	0x40024004
 80a1fb0:	080a3af0 	.word	0x080a3af0
 80a1fb4:	40024000 	.word	0x40024000
 80a1fb8:	9a271c1e 	.word	0x9a271c1e

080a1fbc <_Z27ctrl_request_custom_handlerP12ctrl_request>:
    system_ctrl_set_result(req, SYSTEM_ERROR_NOT_SUPPORTED, nullptr, nullptr, nullptr);
 80a1fbc:	2300      	movs	r3, #0
void __attribute((weak)) ctrl_request_custom_handler(ctrl_request* req) {
 80a1fbe:	b507      	push	{r0, r1, r2, lr}
    system_ctrl_set_result(req, SYSTEM_ERROR_NOT_SUPPORTED, nullptr, nullptr, nullptr);
 80a1fc0:	461a      	mov	r2, r3
 80a1fc2:	f06f 0177 	mvn.w	r1, #119	; 0x77
 80a1fc6:	9300      	str	r3, [sp, #0]
 80a1fc8:	f7ff fcf4 	bl	80a19b4 <system_ctrl_set_result>
}
 80a1fcc:	b003      	add	sp, #12
 80a1fce:	f85d fb04 	ldr.w	pc, [sp], #4
	...

080a1fd4 <_ZL20ctrl_request_handlerP12ctrl_request>:
static void ctrl_request_handler(ctrl_request* req) {
 80a1fd4:	b507      	push	{r0, r1, r2, lr}
    switch (req->type) {
 80a1fd6:	8843      	ldrh	r3, [r0, #2]
 80a1fd8:	2b0a      	cmp	r3, #10
 80a1fda:	d008      	beq.n	80a1fee <_ZL20ctrl_request_handlerP12ctrl_request+0x1a>
 80a1fdc:	2b50      	cmp	r3, #80	; 0x50
 80a1fde:	d10b      	bne.n	80a1ff8 <_ZL20ctrl_request_handlerP12ctrl_request+0x24>
        if (log_process_ctrl_request_callback) {
 80a1fe0:	4b09      	ldr	r3, [pc, #36]	; (80a2008 <_ZL20ctrl_request_handlerP12ctrl_request+0x34>)
 80a1fe2:	681b      	ldr	r3, [r3, #0]
 80a1fe4:	b14b      	cbz	r3, 80a1ffa <_ZL20ctrl_request_handlerP12ctrl_request+0x26>
}
 80a1fe6:	b003      	add	sp, #12
 80a1fe8:	f85d eb04 	ldr.w	lr, [sp], #4
            log_process_ctrl_request_callback(req);
 80a1fec:	4718      	bx	r3
        ctrl_request_custom_handler(req);
 80a1fee:	f7ff ffe5 	bl	80a1fbc <_Z27ctrl_request_custom_handlerP12ctrl_request>
}
 80a1ff2:	b003      	add	sp, #12
 80a1ff4:	f85d fb04 	ldr.w	pc, [sp], #4
        system_ctrl_set_result(req, SYSTEM_ERROR_NOT_SUPPORTED, nullptr, nullptr, nullptr);
 80a1ff8:	2300      	movs	r3, #0
 80a1ffa:	461a      	mov	r2, r3
 80a1ffc:	f06f 0177 	mvn.w	r1, #119	; 0x77
 80a2000:	9300      	str	r3, [sp, #0]
 80a2002:	f7ff fcd7 	bl	80a19b4 <system_ctrl_set_result>
}
 80a2006:	e7f4      	b.n	80a1ff2 <_ZL20ctrl_request_handlerP12ctrl_request+0x1e>
 80a2008:	200000e4 	.word	0x200000e4

080a200c <module_user_init_hook>:
    newlib_impure_ptr_callback([](struct _reent* r, size_t size, uint32_t version, void* ctx) -> void {
 80a200c:	2100      	movs	r1, #0
{
 80a200e:	b510      	push	{r4, lr}
    newlib_impure_ptr_callback([](struct _reent* r, size_t size, uint32_t version, void* ctx) -> void {
 80a2010:	4811      	ldr	r0, [pc, #68]	; (80a2058 <module_user_init_hook+0x4c>)
 80a2012:	f7ff fd89 	bl	80a1b28 <newlib_impure_ptr_callback>
#endif // HAL_PLATFORM_NEWLIB

#if HAL_PLATFORM_BACKUP_RAM
    backup_ram_was_valid_ = __backup_sram_signature == signature;
 80a2016:	4b11      	ldr	r3, [pc, #68]	; (80a205c <module_user_init_hook+0x50>)
 80a2018:	681a      	ldr	r2, [r3, #0]
 80a201a:	4b11      	ldr	r3, [pc, #68]	; (80a2060 <module_user_init_hook+0x54>)
 80a201c:	429a      	cmp	r2, r3
 80a201e:	bf0c      	ite	eq
 80a2020:	2201      	moveq	r2, #1
 80a2022:	2200      	movne	r2, #0
 80a2024:	4b0f      	ldr	r3, [pc, #60]	; (80a2064 <module_user_init_hook+0x58>)
 80a2026:	701a      	strb	r2, [r3, #0]
    if (!backup_ram_was_valid_) {
 80a2028:	d001      	beq.n	80a202e <module_user_init_hook+0x22>
        system_initialize_user_backup_ram();
 80a202a:	f7ff ffb1 	bl	80a1f90 <_Z33system_initialize_user_backup_ramv>
    }
#endif

#if HAL_PLATFORM_RNG
    // Initialize the default stdlib PRNG using hardware RNG as a seed
    const uint32_t seed = HAL_RNG_GetRandomNumber();
 80a202e:	f7ff fba5 	bl	80a177c <HAL_RNG_GetRandomNumber>
 80a2032:	4604      	mov	r4, r0
    srand(seed);
 80a2034:	f001 fa94 	bl	80a3560 <srand>

    // If the user defines random_seed_from_cloud, call it with a seed value
    // generated by a hardware RNG as well.
    if (random_seed_from_cloud) {
 80a2038:	4b0b      	ldr	r3, [pc, #44]	; (80a2068 <module_user_init_hook+0x5c>)
 80a203a:	b113      	cbz	r3, 80a2042 <module_user_init_hook+0x36>
        random_seed_from_cloud(seed);
 80a203c:	4620      	mov	r0, r4
 80a203e:	f3af 8000 	nop.w
    }
#endif
    // Register the random_seed_from_cloud handler
    spark_set_random_seed_from_cloud_handler(&random_seed_from_cloud, nullptr);
 80a2042:	2100      	movs	r1, #0
 80a2044:	4808      	ldr	r0, [pc, #32]	; (80a2068 <module_user_init_hook+0x5c>)
 80a2046:	f7ff fd3f 	bl	80a1ac8 <spark_set_random_seed_from_cloud_handler>

    // Register application handler for the control requests
    system_ctrl_set_app_request_handler(ctrl_request_handler, nullptr);
}
 80a204a:	e8bd 4010 	ldmia.w	sp!, {r4, lr}
    system_ctrl_set_app_request_handler(ctrl_request_handler, nullptr);
 80a204e:	2100      	movs	r1, #0
 80a2050:	4806      	ldr	r0, [pc, #24]	; (80a206c <module_user_init_hook+0x60>)
 80a2052:	f7ff bca5 	b.w	80a19a0 <system_ctrl_set_app_request_handler>
 80a2056:	bf00      	nop
 80a2058:	080a1f11 	.word	0x080a1f11
 80a205c:	40024000 	.word	0x40024000
 80a2060:	9a271c1e 	.word	0x9a271c1e
 80a2064:	200000e0 	.word	0x200000e0
 80a2068:	00000000 	.word	0x00000000
 80a206c:	080a1fd5 	.word	0x080a1fd5

080a2070 <_ZNSt15_Sp_counted_ptrIPN8particle6detail10FutureImplIbNS1_13FutureContextEEELN9__gnu_cxx12_Lock_policyE0EED1Ev>:
    class _Sp_counted_ptr final : public _Sp_counted_base<_Lp>
 80a2070:	4770      	bx	lr

080a2072 <_ZNSt15_Sp_counted_ptrIPN8particle6detail10FutureImplIbNS1_13FutureContextEEELN9__gnu_cxx12_Lock_policyE0EE14_M_get_deleterERKSt9type_info>:
      { return nullptr; }
 80a2072:	2000      	movs	r0, #0
 80a2074:	4770      	bx	lr

080a2076 <_ZNSt15_Sp_counted_ptrIPN8particle6detail10FutureImplIbNS1_13FutureContextEEELN9__gnu_cxx12_Lock_policyE0EED0Ev>:
    class _Sp_counted_ptr final : public _Sp_counted_base<_Lp>
 80a2076:	b510      	push	{r4, lr}
 80a2078:	4604      	mov	r4, r0
 80a207a:	2110      	movs	r1, #16
 80a207c:	f000 fe52 	bl	80a2d24 <_ZdlPvj>
 80a2080:	4620      	mov	r0, r4
 80a2082:	bd10      	pop	{r4, pc}

080a2084 <_ZNSt15_Sp_counted_ptrIPN8particle6detail10FutureImplIbNS1_13FutureContextEEELN9__gnu_cxx12_Lock_policyE0EE10_M_destroyEv>:
      _M_destroy() noexcept
 80a2084:	b508      	push	{r3, lr}
      { delete this; }
 80a2086:	f7ff fff6 	bl	80a2076 <_ZNSt15_Sp_counted_ptrIPN8particle6detail10FutureImplIbNS1_13FutureContextEEELN9__gnu_cxx12_Lock_policyE0EED0Ev>
 80a208a:	bd08      	pop	{r3, pc}

080a208c <_ZN8particle5ErrorC1EOS0_>:

} // namespace particle

inline particle::Error::Error(Type type) :
        msg_(nullptr),
        type_(type) {
 80a208c:	2200      	movs	r2, #0

inline particle::Error::Error(const Error& error) :
        Error(error.type_, error.msg_) {
}

inline particle::Error::Error(Error&& error) :
 80a208e:	b530      	push	{r4, r5, lr}
        type_(type) {
 80a2090:	f64f 749c 	movw	r4, #65436	; 0xff9c
 80a2094:	6002      	str	r2, [r0, #0]
 80a2096:	8084      	strh	r4, [r0, #4]
      __a = _GLIBCXX_MOVE(__b);
 80a2098:	888d      	ldrh	r5, [r1, #4]
      __b = _GLIBCXX_MOVE(__tmp);
 80a209a:	808c      	strh	r4, [r1, #4]
      __a = _GLIBCXX_MOVE(__b);
 80a209c:	680c      	ldr	r4, [r1, #0]
 80a209e:	8085      	strh	r5, [r0, #4]
 80a20a0:	6004      	str	r4, [r0, #0]
      __b = _GLIBCXX_MOVE(__tmp);
 80a20a2:	600a      	str	r2, [r1, #0]
        Error() {
    swap(*this, error);
}
 80a20a4:	bd30      	pop	{r4, r5, pc}

080a20a6 <_ZN8particle5ErrorD1Ev>:

inline particle::Error::~Error() {
 80a20a6:	b510      	push	{r4, lr}
 80a20a8:	4604      	mov	r4, r0
    free((void*)msg_);
 80a20aa:	6800      	ldr	r0, [r0, #0]
 80a20ac:	f7ff fd1c 	bl	80a1ae8 <free>
}
 80a20b0:	4620      	mov	r0, r4
 80a20b2:	bd10      	pop	{r4, pc}

080a20b4 <_ZNSt15_Sp_counted_ptrIPN8particle6detail10FutureImplIbNS1_13FutureContextEEELN9__gnu_cxx12_Lock_policyE0EE10_M_disposeEv>:
      _M_dispose() noexcept
 80a20b4:	b538      	push	{r3, r4, r5, lr}
      { delete _M_ptr; }
 80a20b6:	68c4      	ldr	r4, [r0, #12]
 80a20b8:	b1f4      	cbz	r4, 80a20f8 <_ZNSt15_Sp_counted_ptrIPN8particle6detail10FutureImplIbNS1_13FutureContextEEELN9__gnu_cxx12_Lock_policyE0EE10_M_disposeEv+0x44>
      _Tp
      load(memory_order __m = memory_order_seq_cst) const noexcept
      {
	alignas(_Tp) unsigned char __buf[sizeof(_Tp)];
	_Tp* __ptr = reinterpret_cast<_Tp*>(__buf);
	__atomic_load(std::__addressof(_M_i), __ptr, int(__m));
 80a20ba:	7823      	ldrb	r3, [r4, #0]
    ~FutureImpl() {
        // Call destructor of the appropriate unnamed enum's field
        const State s = this->state();
        if (s == State::SUCCEEDED) {
            result_.~ResultT();
        } else if (s == State::FAILED) {
 80a20bc:	2b02      	cmp	r3, #2
 80a20be:	d103      	bne.n	80a20c8 <_ZNSt15_Sp_counted_ptrIPN8particle6detail10FutureImplIbNS1_13FutureContextEEELN9__gnu_cxx12_Lock_policyE0EE10_M_disposeEv+0x14>
            error_.~Error();
 80a20c0:	f104 000c 	add.w	r0, r4, #12
 80a20c4:	f7ff ffef 	bl	80a20a6 <_ZN8particle5ErrorD1Ev>
      {
	memory_order __b = __m & __memory_order_mask;
	__glibcxx_assert(__b != memory_order_release);
	__glibcxx_assert(__b != memory_order_acq_rel);

	return __atomic_load_n(&_M_p, int(__m));
 80a20c8:	6865      	ldr	r5, [r4, #4]
        delete onSuccess_.load(std::memory_order_relaxed);
 80a20ca:	b135      	cbz	r5, 80a20da <_ZNSt15_Sp_counted_ptrIPN8particle6detail10FutureImplIbNS1_13FutureContextEEELN9__gnu_cxx12_Lock_policyE0EE10_M_disposeEv+0x26>
   *  @ingroup functors
   *
   *  Polymorphic function wrapper.
   */
  template<typename _Res, typename... _ArgTypes>
    class function<_Res(_ArgTypes...)>
 80a20cc:	4628      	mov	r0, r5
 80a20ce:	f7ff fefe 	bl	80a1ece <_ZNSt14_Function_baseD1Ev>
 80a20d2:	2110      	movs	r1, #16
 80a20d4:	4628      	mov	r0, r5
 80a20d6:	f000 fe25 	bl	80a2d24 <_ZdlPvj>
 80a20da:	68a5      	ldr	r5, [r4, #8]
        delete onError_.load(std::memory_order_relaxed);
 80a20dc:	b135      	cbz	r5, 80a20ec <_ZNSt15_Sp_counted_ptrIPN8particle6detail10FutureImplIbNS1_13FutureContextEEELN9__gnu_cxx12_Lock_policyE0EE10_M_disposeEv+0x38>
 80a20de:	4628      	mov	r0, r5
 80a20e0:	f7ff fef5 	bl	80a1ece <_ZNSt14_Function_baseD1Ev>
 80a20e4:	2110      	movs	r1, #16
 80a20e6:	4628      	mov	r0, r5
 80a20e8:	f000 fe1c 	bl	80a2d24 <_ZdlPvj>
 80a20ec:	4620      	mov	r0, r4
 80a20ee:	e8bd 4038 	ldmia.w	sp!, {r3, r4, r5, lr}
 80a20f2:	2114      	movs	r1, #20
 80a20f4:	f000 be16 	b.w	80a2d24 <_ZdlPvj>
 80a20f8:	bd38      	pop	{r3, r4, r5, pc}

080a20fa <_ZN10CloudClass22call_raw_user_functionEPvPKcS0_>:
    }
    return CloudDisconnectOptions(options->flags, options->timeout, options->graceful, clearSession);
}

int CloudClass::call_raw_user_function(void* data, const char* param, void* reserved)
{
 80a20fa:	b510      	push	{r4, lr}
 80a20fc:	b088      	sub	sp, #32
 80a20fe:	4604      	mov	r4, r0
    user_function_int_str_t* fn = (user_function_int_str_t*)(data);
    String p(param);
 80a2100:	4668      	mov	r0, sp
 80a2102:	f7ff fdd5 	bl	80a1cb0 <_ZN6StringC1EPKc>
    return (*fn)(p);
 80a2106:	4669      	mov	r1, sp
 80a2108:	a804      	add	r0, sp, #16
 80a210a:	f7ff fe10 	bl	80a1d2e <_ZN6StringC1ERKS_>
 80a210e:	a804      	add	r0, sp, #16
 80a2110:	47a0      	blx	r4
 80a2112:	4604      	mov	r4, r0
 80a2114:	a804      	add	r0, sp, #16
 80a2116:	f7ff fd81 	bl	80a1c1c <_ZN6StringD1Ev>
    String p(param);
 80a211a:	4668      	mov	r0, sp
 80a211c:	f7ff fd7e 	bl	80a1c1c <_ZN6StringD1Ev>
}
 80a2120:	4620      	mov	r0, r4
 80a2122:	b008      	add	sp, #32
 80a2124:	bd10      	pop	{r4, pc}

080a2126 <_ZN10CloudClass17register_functionEPFiPvPKcS0_ES0_S2_>:
    wiring_event_handler_t* fn = (wiring_event_handler_t*)(handler_data);
    (*fn)(event_name, data);
}

bool CloudClass::register_function(cloud_function_t fn, void* data, const char* funcKey)
{
 80a2126:	b51f      	push	{r0, r1, r2, r3, r4, lr}
    const char *funcKey;
    cloud_function_t fn;
    void* data;

     cloud_function_descriptor() {
         memset(this, 0, sizeof(*this));
 80a2128:	2300      	movs	r3, #0
         size = sizeof(*this);
 80a212a:	2410      	movs	r4, #16
    cloud_function_descriptor desc = {};
    desc.size = sizeof(desc);
    desc.fn = fn;
    desc.data = (void*)data;
 80a212c:	e9cd 0102 	strd	r0, r1, [sp, #8]
    desc.funcKey = funcKey;
 80a2130:	9201      	str	r2, [sp, #4]
    return spark_function(NULL, (user_function_int_str_t*)&desc, NULL);
 80a2132:	4669      	mov	r1, sp
 80a2134:	461a      	mov	r2, r3
 80a2136:	4618      	mov	r0, r3
         memset(this, 0, sizeof(*this));
 80a2138:	f8ad 3002 	strh.w	r3, [sp, #2]
         size = sizeof(*this);
 80a213c:	f8ad 4000 	strh.w	r4, [sp]
 80a2140:	f7ff fcaa 	bl	80a1a98 <spark_function>
}
 80a2144:	b004      	add	sp, #16
 80a2146:	bd10      	pop	{r4, pc}

080a2148 <_ZN8particle11PromiseBaseIbNS_6detail13FutureContextEE11fromDataPtrEPv>:
        // TODO: Use custom reference counting object to avoid unnecessary memory allocation
        return new detail::FutureImplPtr<ResultT, ContextT>(p_);
    }

    // Unwraps promise from an object pointer created via dataPtr() method
    static Promise<ResultT, ContextT> fromDataPtr(void* data) {
 80a2148:	b573      	push	{r0, r1, r4, r5, r6, lr}
      __shared_ptr(const __shared_ptr&) noexcept = default;
 80a214a:	460e      	mov	r6, r1
 80a214c:	4604      	mov	r4, r0
 80a214e:	f856 3b04 	ldr.w	r3, [r6], #4
 80a2152:	460d      	mov	r5, r1
 80a2154:	a801      	add	r0, sp, #4
 80a2156:	4631      	mov	r1, r6
 80a2158:	9300      	str	r3, [sp, #0]
 80a215a:	f7ff fe9c 	bl	80a1e96 <_ZNSt14__shared_countILN9__gnu_cxx12_Lock_policyE0EEC1ERKS2_>
	__shared_ptr(const __shared_ptr<_Yp, _Lp>& __r) noexcept
	: _M_ptr(__r._M_ptr), _M_refcount(__r._M_refcount)
	{ }

      __shared_ptr(__shared_ptr&& __r) noexcept
      : _M_ptr(__r._M_ptr), _M_refcount()
 80a215e:	9b00      	ldr	r3, [sp, #0]
	_Sp_counted_base<_Lp>* __tmp = __r._M_pi;
 80a2160:	9a01      	ldr	r2, [sp, #4]
      : _M_ptr(__r._M_ptr), _M_refcount()
 80a2162:	6023      	str	r3, [r4, #0]
	__r._M_pi = _M_pi;
 80a2164:	2300      	movs	r3, #0
	_M_pi = __tmp;
 80a2166:	6062      	str	r2, [r4, #4]
      ~__shared_ptr() = default;
 80a2168:	a801      	add	r0, sp, #4
	__r._M_pi = _M_pi;
 80a216a:	9301      	str	r3, [sp, #4]
      {
	_M_refcount._M_swap(__r._M_refcount);
	__r._M_ptr = 0;
 80a216c:	9300      	str	r3, [sp, #0]
      ~__shared_ptr() = default;
 80a216e:	f7fe f841 	bl	80a01f4 <_ZNSt14__shared_countILN9__gnu_cxx12_Lock_policyE0EED1Ev>
 80a2172:	4630      	mov	r0, r6
 80a2174:	f7fe f83e 	bl	80a01f4 <_ZNSt14__shared_countILN9__gnu_cxx12_Lock_policyE0EED1Ev>
        auto d = static_cast<detail::FutureImplPtr<ResultT, ContextT>*>(data);
        const Promise<ResultT, ContextT> p(*d);
        delete d;
 80a2178:	4628      	mov	r0, r5
 80a217a:	2108      	movs	r1, #8
 80a217c:	f000 fdd2 	bl	80a2d24 <_ZdlPvj>
        return p;
    }
 80a2180:	4620      	mov	r0, r4
 80a2182:	b002      	add	sp, #8
 80a2184:	bd70      	pop	{r4, r5, r6, pc}

080a2186 <_ZNKSt8functionIFvRKN8particle5ErrorEEEclES3_>:
  template<typename _Res, typename... _ArgTypes>
    _Res
    function<_Res(_ArgTypes...)>::
    operator()(_ArgTypes... __args) const
    {
      if (_M_empty())
 80a2186:	6882      	ldr	r2, [r0, #8]
    function<_Res(_ArgTypes...)>::
 80a2188:	b510      	push	{r4, lr}
      if (_M_empty())
 80a218a:	b90a      	cbnz	r2, 80a2190 <_ZNKSt8functionIFvRKN8particle5ErrorEEEclES3_+0xa>
	__throw_bad_function_call();
 80a218c:	f000 fdce 	bl	80a2d2c <_ZSt25__throw_bad_function_callv>
      return _M_invoker(_M_functor, std::forward<_ArgTypes>(__args)...);
 80a2190:	68c3      	ldr	r3, [r0, #12]
    }
 80a2192:	e8bd 4010 	ldmia.w	sp!, {r4, lr}
      return _M_invoker(_M_functor, std::forward<_ArgTypes>(__args)...);
 80a2196:	4718      	bx	r3

080a2198 <_ZNSt17_Function_handlerIFvvESt5_BindIFSt8functionIFvRKN8particle5ErrorEEES4_EEE9_M_invokeERKSt9_Any_data>:
      _M_invoke(const _Any_data& __functor, _ArgTypes&&... __args)
 80a2198:	b508      	push	{r3, lr}
	    return __source._M_access<_Functor*>();
 80a219a:	6800      	ldr	r0, [r0, #0]
    { return static_cast<_Up&&>(__t); }

  template<typename _Res, typename _Fn, typename... _Args>
    constexpr _Res
    __invoke_impl(__invoke_other, _Fn&& __f, _Args&&... __args)
    { return std::forward<_Fn>(__f)(std::forward<_Args>(__args)...); }
 80a219c:	f100 0110 	add.w	r1, r0, #16
 80a21a0:	f7ff fff1 	bl	80a2186 <_ZNKSt8functionIFvRKN8particle5ErrorEEEclES3_>
      }
 80a21a4:	bd08      	pop	{r3, pc}

080a21a6 <_ZNKSt8functionIFvRKbEEclES1_>:
      if (_M_empty())
 80a21a6:	6882      	ldr	r2, [r0, #8]
    function<_Res(_ArgTypes...)>::
 80a21a8:	b510      	push	{r4, lr}
      if (_M_empty())
 80a21aa:	b90a      	cbnz	r2, 80a21b0 <_ZNKSt8functionIFvRKbEEclES1_+0xa>
	__throw_bad_function_call();
 80a21ac:	f000 fdbe 	bl	80a2d2c <_ZSt25__throw_bad_function_callv>
      return _M_invoker(_M_functor, std::forward<_ArgTypes>(__args)...);
 80a21b0:	68c3      	ldr	r3, [r0, #12]
    }
 80a21b2:	e8bd 4010 	ldmia.w	sp!, {r4, lr}
      return _M_invoker(_M_functor, std::forward<_ArgTypes>(__args)...);
 80a21b6:	4718      	bx	r3

080a21b8 <_ZNSt17_Function_handlerIFvvESt5_BindIFSt8functionIFvRKbEEbEEE9_M_invokeERKSt9_Any_data>:
      _M_invoke(const _Any_data& __functor, _ArgTypes&&... __args)
 80a21b8:	b508      	push	{r3, lr}
	    return __source._M_access<_Functor*>();
 80a21ba:	6800      	ldr	r0, [r0, #0]
 80a21bc:	f100 0110 	add.w	r1, r0, #16
 80a21c0:	f7ff fff1 	bl	80a21a6 <_ZNKSt8functionIFvRKbEEclES1_>
      }
 80a21c4:	bd08      	pop	{r3, pc}
	...

080a21c8 <_ZNSt14__shared_countILN9__gnu_cxx12_Lock_policyE0EEC1IPN8particle6detail10FutureImplIbNS5_13FutureContextEEEEET_>:
	__shared_count(_Ptr __p) : _M_pi(0)
 80a21c8:	b538      	push	{r3, r4, r5, lr}
 80a21ca:	2300      	movs	r3, #0
 80a21cc:	4604      	mov	r4, r0
 80a21ce:	6003      	str	r3, [r0, #0]
	      _M_pi = new _Sp_counted_ptr<_Ptr, _Lp>(__p);
 80a21d0:	2010      	movs	r0, #16
	__shared_count(_Ptr __p) : _M_pi(0)
 80a21d2:	460d      	mov	r5, r1
	      _M_pi = new _Sp_counted_ptr<_Ptr, _Lp>(__p);
 80a21d4:	f7fd ff61 	bl	80a009a <_Znwj>
 80a21d8:	b128      	cbz	r0, 80a21e6 <_ZNSt14__shared_countILN9__gnu_cxx12_Lock_policyE0EEC1IPN8particle6detail10FutureImplIbNS5_13FutureContextEEEEET_+0x1e>
      : _M_use_count(1), _M_weak_count(1) { }
 80a21da:	2301      	movs	r3, #1
 80a21dc:	e9c0 3301 	strd	r3, r3, [r0, #4]
      : _M_ptr(__p) { }
 80a21e0:	4b02      	ldr	r3, [pc, #8]	; (80a21ec <_ZNSt14__shared_countILN9__gnu_cxx12_Lock_policyE0EEC1IPN8particle6detail10FutureImplIbNS5_13FutureContextEEEEET_+0x24>)
 80a21e2:	60c5      	str	r5, [r0, #12]
 80a21e4:	6003      	str	r3, [r0, #0]
	      _M_pi = new _Sp_counted_ptr<_Ptr, _Lp>(__p);
 80a21e6:	6020      	str	r0, [r4, #0]
	}
 80a21e8:	4620      	mov	r0, r4
 80a21ea:	bd38      	pop	{r3, r4, r5, pc}
 80a21ec:	080a389c 	.word	0x080a389c

080a21f0 <_ZNSt8functionIFvRKN8particle5ErrorEEEC1ERKS5_>:
    function<_Res(_ArgTypes...)>::
 80a21f0:	b538      	push	{r3, r4, r5, lr}
    _Function_base() : _M_manager(nullptr) { }
 80a21f2:	2300      	movs	r3, #0
 80a21f4:	6083      	str	r3, [r0, #8]
      { return !_M_empty(); }
 80a21f6:	688b      	ldr	r3, [r1, #8]
    function<_Res(_ArgTypes...)>::
 80a21f8:	4604      	mov	r4, r0
 80a21fa:	460d      	mov	r5, r1
      if (static_cast<bool>(__x))
 80a21fc:	b12b      	cbz	r3, 80a220a <_ZNSt8functionIFvRKN8particle5ErrorEEEC1ERKS5_+0x1a>
	  __x._M_manager(_M_functor, __x._M_functor, __clone_functor);
 80a21fe:	2202      	movs	r2, #2
 80a2200:	4798      	blx	r3
	  _M_invoker = __x._M_invoker;
 80a2202:	68eb      	ldr	r3, [r5, #12]
 80a2204:	60e3      	str	r3, [r4, #12]
	  _M_manager = __x._M_manager;
 80a2206:	68ab      	ldr	r3, [r5, #8]
 80a2208:	60a3      	str	r3, [r4, #8]
    }
 80a220a:	4620      	mov	r0, r4
 80a220c:	bd38      	pop	{r3, r4, r5, pc}
	...

080a2210 <_ZN8particle11PromiseBaseIbNS_6detail13FutureContextEE8setErrorENS_5ErrorE>:
    void setError(Error error) {
 80a2210:	b5f0      	push	{r4, r5, r6, r7, lr}
 80a2212:	b089      	sub	sp, #36	; 0x24
      { return static_cast<const __shared_ptr<_Tp, _Lp>*>(this)->get(); }
 80a2214:	6804      	ldr	r4, [r0, #0]
        p_->setError(std::move(error));
 80a2216:	4668      	mov	r0, sp
 80a2218:	f7ff ff38 	bl	80a208c <_ZN8particle5ErrorC1EOS0_>

      bool
      compare_exchange_strong(_Tp& __e, _Tp __i, memory_order __s,
			      memory_order __f) noexcept
      {
	return __atomic_compare_exchange(std::__addressof(_M_i),
 80a221c:	f04f 0302 	mov.w	r3, #2
 80a2220:	e8d4 2f4f 	ldrexb	r2, [r4]
 80a2224:	2a00      	cmp	r2, #0
 80a2226:	d103      	bne.n	80a2230 <_ZN8particle11PromiseBaseIbNS_6detail13FutureContextEE8setErrorENS_5ErrorE+0x20>
 80a2228:	e8c4 3f41 	strexb	r1, r3, [r4]
 80a222c:	2900      	cmp	r1, #0
 80a222e:	d1f7      	bne.n	80a2220 <_ZN8particle11PromiseBaseIbNS_6detail13FutureContextEE8setErrorENS_5ErrorE+0x10>
        if (this->changeState(State::FAILED)) {
 80a2230:	d125      	bne.n	80a227e <_ZN8particle11PromiseBaseIbNS_6detail13FutureContextEE8setErrorENS_5ErrorE+0x6e>
            new(&error_) Error(std::move(error));
 80a2232:	f104 050c 	add.w	r5, r4, #12
 80a2236:	4669      	mov	r1, sp
 80a2238:	4628      	mov	r0, r5
 80a223a:	f7ff ff27 	bl	80a208c <_ZN8particle5ErrorC1EOS0_>
	__atomic_store_n(&_M_i, __i, int(__m));
 80a223e:	2301      	movs	r3, #1
 80a2240:	f3bf 8f5b 	dmb	ish
 80a2244:	7063      	strb	r3, [r4, #1]

      _GLIBCXX_ALWAYS_INLINE __pointer_type
      exchange(__pointer_type __p,
	       memory_order __m = memory_order_seq_cst) noexcept
      {
	return __atomic_exchange_n(&_M_p, __p, int(__m));
 80a2246:	2000      	movs	r0, #0
 80a2248:	f3bf 8f5b 	dmb	ish
 80a224c:	f104 0308 	add.w	r3, r4, #8
 80a2250:	e853 6f00 	ldrex	r6, [r3]
 80a2254:	e843 0200 	strex	r2, r0, [r3]
 80a2258:	2a00      	cmp	r2, #0
 80a225a:	d1f9      	bne.n	80a2250 <_ZN8particle11PromiseBaseIbNS_6detail13FutureContextEE8setErrorENS_5ErrorE+0x40>
 80a225c:	f3bf 8f5b 	dmb	ish
        if (callbackPtr) {
 80a2260:	b16e      	cbz	r6, 80a227e <_ZN8particle11PromiseBaseIbNS_6detail13FutureContextEE8setErrorENS_5ErrorE+0x6e>
        return (application_thread_current(nullptr) != 0);
 80a2262:	f7ff fb8d 	bl	80a1980 <application_thread_current>
        if (ContextT::isApplicationThreadCurrent()) {
 80a2266:	b178      	cbz	r0, 80a2288 <_ZN8particle11PromiseBaseIbNS_6detail13FutureContextEE8setErrorENS_5ErrorE+0x78>
            callback(std::forward<ArgsT>(args)...); // Synchronous call
 80a2268:	4629      	mov	r1, r5
 80a226a:	4630      	mov	r0, r6
 80a226c:	f7ff ff8b 	bl	80a2186 <_ZNKSt8functionIFvRKN8particle5ErrorEEEclES3_>
    class function<_Res(_ArgTypes...)>
 80a2270:	4630      	mov	r0, r6
 80a2272:	f7ff fe2c 	bl	80a1ece <_ZNSt14_Function_baseD1Ev>
            delete callbackPtr;
 80a2276:	2110      	movs	r1, #16
 80a2278:	4630      	mov	r0, r6
 80a227a:	f000 fd53 	bl	80a2d24 <_ZdlPvj>
        p_->setError(std::move(error));
 80a227e:	4668      	mov	r0, sp
 80a2280:	f7ff ff11 	bl	80a20a6 <_ZN8particle5ErrorD1Ev>
    }
 80a2284:	b009      	add	sp, #36	; 0x24
 80a2286:	bdf0      	pop	{r4, r5, r6, r7, pc}
	  typename __cv_quals<_Bound_args>::type...>;

     public:
      template<typename... _Args>
	explicit _Bind(const _Functor& __f, _Args&&... __args)
	: _M_f(__f), _M_bound_args(std::forward<_Args>(__args)...)
 80a2288:	4631      	mov	r1, r6
 80a228a:	a802      	add	r0, sp, #8
 80a228c:	f7ff ffb0 	bl	80a21f0 <_ZNSt8functionIFvRKN8particle5ErrorEEEC1ERKS5_>
        Error(error.type_, error.msg_) {
 80a2290:	68e0      	ldr	r0, [r4, #12]
 80a2292:	f9b4 5010 	ldrsh.w	r5, [r4, #16]
        msg_(msg ? (const char*)strdup(msg) : nullptr),
 80a2296:	b108      	cbz	r0, 80a229c <_ZN8particle11PromiseBaseIbNS_6detail13FutureContextEE8setErrorENS_5ErrorE+0x8c>
 80a2298:	f001 f998 	bl	80a35cc <strdup>
        type_(type) {
 80a229c:	9006      	str	r0, [sp, #24]
            auto callbackPtr = new std::function<void()>(std::bind(callback, std::forward<ArgsT>(args)...));
 80a229e:	2010      	movs	r0, #16
 80a22a0:	f8ad 501c 	strh.w	r5, [sp, #28]
 80a22a4:	f7fd fef9 	bl	80a009a <_Znwj>
 80a22a8:	4605      	mov	r5, r0
 80a22aa:	b1e8      	cbz	r0, 80a22e8 <_ZN8particle11PromiseBaseIbNS_6detail13FutureContextEE8setErrorENS_5ErrorE+0xd8>
    _Function_base() : _M_manager(nullptr) { }
 80a22ac:	2700      	movs	r7, #0
 80a22ae:	6087      	str	r7, [r0, #8]
	{ __functor._M_access<_Functor*>() = new _Functor(std::move(__f)); }
 80a22b0:	2018      	movs	r0, #24
 80a22b2:	f7fd fef2 	bl	80a009a <_Znwj>
 80a22b6:	4604      	mov	r4, r0
 80a22b8:	b188      	cbz	r0, 80a22de <_ZN8particle11PromiseBaseIbNS_6detail13FutureContextEE8setErrorENS_5ErrorE+0xce>
	std::swap(_M_functor, __x._M_functor);
 80a22ba:	4601      	mov	r1, r0
    _Function_base() : _M_manager(nullptr) { }
 80a22bc:	6087      	str	r7, [r0, #8]
	std::swap(_M_functor, __x._M_functor);
 80a22be:	a802      	add	r0, sp, #8
 80a22c0:	f7ff fe0e 	bl	80a1ee0 <_ZSt4swapISt9_Any_dataENSt9enable_ifIXsrSt6__and_IJSt6__not_ISt15__is_tuple_likeIT_EESt21is_move_constructibleIS5_ESt18is_move_assignableIS5_EEE5valueEvE4typeERS5_SF_>
      _Tp __tmp = _GLIBCXX_MOVE(__a);
 80a22c4:	9b04      	ldr	r3, [sp, #16]
      __a = _GLIBCXX_MOVE(__b);
 80a22c6:	68a2      	ldr	r2, [r4, #8]
      __b = _GLIBCXX_MOVE(__tmp);
 80a22c8:	60a3      	str	r3, [r4, #8]
      _Tp __tmp = _GLIBCXX_MOVE(__a);
 80a22ca:	9b05      	ldr	r3, [sp, #20]
      __a = _GLIBCXX_MOVE(__b);
 80a22cc:	9204      	str	r2, [sp, #16]
 80a22ce:	68e2      	ldr	r2, [r4, #12]
      constexpr _Head_base(const _Head_base&) = default;
      constexpr _Head_base(_Head_base&&) = default;

      template<typename _UHead>
        constexpr _Head_base(_UHead&& __h)
	: _M_head_impl(std::forward<_UHead>(__h)) { }
 80a22d0:	a906      	add	r1, sp, #24
      __b = _GLIBCXX_MOVE(__tmp);
 80a22d2:	60e3      	str	r3, [r4, #12]
 80a22d4:	f104 0010 	add.w	r0, r4, #16
      __a = _GLIBCXX_MOVE(__b);
 80a22d8:	9205      	str	r2, [sp, #20]
 80a22da:	f7ff fed7 	bl	80a208c <_ZN8particle5ErrorC1EOS0_>
	    _M_invoker = &_My_handler::_M_invoke;
 80a22de:	4b08      	ldr	r3, [pc, #32]	; (80a2300 <_ZN8particle11PromiseBaseIbNS_6detail13FutureContextEE8setErrorENS_5ErrorE+0xf0>)
	{ __functor._M_access<_Functor*>() = new _Functor(std::move(__f)); }
 80a22e0:	602c      	str	r4, [r5, #0]
	    _M_invoker = &_My_handler::_M_invoke;
 80a22e2:	60eb      	str	r3, [r5, #12]
	    _M_manager = &_My_handler::_M_manager;
 80a22e4:	4b07      	ldr	r3, [pc, #28]	; (80a2304 <_ZN8particle11PromiseBaseIbNS_6detail13FutureContextEE8setErrorENS_5ErrorE+0xf4>)
 80a22e6:	60ab      	str	r3, [r5, #8]
    struct _Head_base<_Idx, _Head, false>
 80a22e8:	a806      	add	r0, sp, #24
 80a22ea:	f7ff fedc 	bl	80a20a6 <_ZN8particle5ErrorD1Ev>
    class function<_Res(_ArgTypes...)>
 80a22ee:	a802      	add	r0, sp, #8
 80a22f0:	f7ff fded 	bl	80a1ece <_ZNSt14_Function_baseD1Ev>
        return (application_thread_invoke(callback, data, nullptr) == 0);
 80a22f4:	2200      	movs	r2, #0
 80a22f6:	4629      	mov	r1, r5
 80a22f8:	4803      	ldr	r0, [pc, #12]	; (80a2308 <_ZN8particle11PromiseBaseIbNS_6detail13FutureContextEE8setErrorENS_5ErrorE+0xf8>)
 80a22fa:	f7ff fb49 	bl	80a1990 <application_thread_invoke>
 80a22fe:	e7b7      	b.n	80a2270 <_ZN8particle11PromiseBaseIbNS_6detail13FutureContextEE8setErrorENS_5ErrorE+0x60>
 80a2300:	080a2199 	.word	0x080a2199
 80a2304:	080a2431 	.word	0x080a2431
 80a2308:	080a2941 	.word	0x080a2941

080a230c <_ZN10CloudClass13publish_eventEPKcS1_iN8particle5FlagsI15PublishFlagTypehEE>:

Future<bool> CloudClass::publish_event(const char *eventName, const char *eventData, int ttl, PublishFlags flags) {
 80a230c:	e92d 47f0 	stmdb	sp!, {r4, r5, r6, r7, r8, r9, sl, lr}
 80a2310:	b08a      	sub	sp, #40	; 0x28
 80a2312:	4605      	mov	r5, r0
 80a2314:	460c      	mov	r4, r1
 80a2316:	4617      	mov	r7, r2
 80a2318:	4698      	mov	r8, r3
 80a231a:	f89d 9048 	ldrb.w	r9, [sp, #72]	; 0x48
    static void sleep(Spark_Sleep_TypeDef sleepMode, long seconds=0) __attribute__ ((deprecated("Please use System.sleep() instead.")))
    { SystemClass::sleep(sleepMode, seconds); }
    static void sleep(uint16_t wakeUpPin, InterruptMode edgeTriggerMode, long seconds=0) __attribute__ ((deprecated("Please use System.sleep() instead.")))
    { SystemClass::sleep(wakeUpPin, edgeTriggerMode, seconds); }

    static bool connected(void) { return spark_cloud_flag_connected(); }
 80a231e:	f7ff fbc3 	bl	80a1aa8 <spark_cloud_flag_connected>
 80a2322:	ae07      	add	r6, sp, #28
    if (!connected()) {
 80a2324:	4682      	mov	sl, r0
 80a2326:	bb38      	cbnz	r0, 80a2378 <_ZN10CloudClass13publish_eventEPKcS1_iN8particle5FlagsI15PublishFlagTypehEE+0x6c>
        type_(type) {
 80a2328:	f64f 732e 	movw	r3, #65326	; 0xff2e
 80a232c:	9005      	str	r0, [sp, #20]
    typedef typename detail::FutureImpl<ResultT, ContextT>::OnSuccessCallback OnSuccessCallback;
    typedef typename detail::FutureImpl<ResultT, ContextT>::OnErrorCallback OnErrorCallback;

    // Construct failed future
    explicit FutureBase(Error error) :
            p_(new detail::FutureImpl<ResultT, ContextT>(std::move(error))) {
 80a232e:	a905      	add	r1, sp, #20
 80a2330:	4630      	mov	r0, r6
 80a2332:	f8ad 3018 	strh.w	r3, [sp, #24]
 80a2336:	f7ff fea9 	bl	80a208c <_ZN8particle5ErrorC1EOS0_>
 80a233a:	2014      	movs	r0, #20
 80a233c:	f7fd fead 	bl	80a009a <_Znwj>
 80a2340:	4604      	mov	r4, r0
 80a2342:	b148      	cbz	r0, 80a2358 <_ZN10CloudClass13publish_eventEPKcS1_iN8particle5FlagsI15PublishFlagTypehEE+0x4c>
      constexpr atomic(_Tp __i) noexcept : _M_i(__i) { }
 80a2344:	2302      	movs	r3, #2
 80a2346:	7003      	strb	r3, [r0, #0]
      constexpr __atomic_base(__int_type __i) noexcept : _M_i (__i) { }
 80a2348:	2301      	movs	r3, #1
      constexpr __atomic_base(__pointer_type __p) noexcept : _M_p (__p) { }
 80a234a:	e9c0 aa01 	strd	sl, sl, [r0, #4]
      constexpr __atomic_base(__int_type __i) noexcept : _M_i (__i) { }
 80a234e:	7043      	strb	r3, [r0, #1]
            error_(std::move(error)) {
 80a2350:	4631      	mov	r1, r6
 80a2352:	300c      	adds	r0, #12
 80a2354:	f7ff fe9a 	bl	80a208c <_ZN8particle5ErrorC1EOS0_>
	: _M_ptr(__p), _M_refcount(__p, typename is_array<_Tp>::type())
 80a2358:	4628      	mov	r0, r5
	: __shared_count(__p)
 80a235a:	4621      	mov	r1, r4
	: _M_ptr(__p), _M_refcount(__p, typename is_array<_Tp>::type())
 80a235c:	f840 4b04 	str.w	r4, [r0], #4
	: __shared_count(__p)
 80a2360:	f7ff ff32 	bl	80a21c8 <_ZNSt14__shared_countILN9__gnu_cxx12_Lock_policyE0EEC1IPN8particle6detail10FutureImplIbNS5_13FutureContextEEEEET_>
            p_(new detail::FutureImpl<ResultT, ContextT>(std::move(error))) {
 80a2364:	4630      	mov	r0, r6
 80a2366:	f7ff fe9e 	bl	80a20a6 <_ZN8particle5ErrorD1Ev>
    }

    explicit FutureBase(Error::Type error) :
            FutureBase(Error(error)) {
 80a236a:	a805      	add	r0, sp, #20
 80a236c:	f7ff fe9b 	bl	80a20a6 <_ZN8particle5ErrorD1Ev>
        p.setError(Error::UNKNOWN);
        p.fromDataPtr(d.handler_data); // Free wrapper object
    }

    return p.future();
}
 80a2370:	4628      	mov	r0, r5
 80a2372:	b00a      	add	sp, #40	; 0x28
 80a2374:	e8bd 87f0 	ldmia.w	sp!, {r4, r5, r6, r7, r8, r9, sl, pc}
    spark_send_event_data d = { sizeof(spark_send_event_data) };
 80a2378:	230c      	movs	r3, #12
 80a237a:	f04f 0a00 	mov.w	sl, #0
            p_(new detail::FutureImpl<ResultT, ContextT>(State::RUNNING)) {
 80a237e:	2014      	movs	r0, #20
 80a2380:	e9cd aa08 	strd	sl, sl, [sp, #32]
 80a2384:	9307      	str	r3, [sp, #28]
 80a2386:	f7fd fe88 	bl	80a009a <_Znwj>
 80a238a:	4601      	mov	r1, r0
 80a238c:	b128      	cbz	r0, 80a239a <_ZN10CloudClass13publish_eventEPKcS1_iN8particle5FlagsI15PublishFlagTypehEE+0x8e>
      constexpr __atomic_base(__pointer_type __p) noexcept : _M_p (__p) { }
 80a238e:	e9c0 aa01 	strd	sl, sl, [r0, #4]
 80a2392:	f880 a000 	strb.w	sl, [r0]
      constexpr __atomic_base(__int_type __i) noexcept : _M_i (__i) { }
 80a2396:	f880 a001 	strb.w	sl, [r0, #1]
 80a239a:	a804      	add	r0, sp, #16
	: _M_ptr(__p), _M_refcount(__p, typename is_array<_Tp>::type())
 80a239c:	9103      	str	r1, [sp, #12]
	: __shared_count(__p)
 80a239e:	f7ff ff13 	bl	80a21c8 <_ZNSt14__shared_countILN9__gnu_cxx12_Lock_policyE0EEC1IPN8particle6detail10FutureImplIbNS5_13FutureContextEEEEET_>
    d.handler_callback = publishCompletionCallback;
 80a23a2:	4b22      	ldr	r3, [pc, #136]	; (80a242c <_ZN10CloudClass13publish_eventEPKcS1_iN8particle5FlagsI15PublishFlagTypehEE+0x120>)
        return new detail::FutureImplPtr<ResultT, ContextT>(p_);
 80a23a4:	2008      	movs	r0, #8
 80a23a6:	9308      	str	r3, [sp, #32]
 80a23a8:	f7fd fe77 	bl	80a009a <_Znwj>
 80a23ac:	4682      	mov	sl, r0
 80a23ae:	b128      	cbz	r0, 80a23bc <_ZN10CloudClass13publish_eventEPKcS1_iN8particle5FlagsI15PublishFlagTypehEE+0xb0>
      __shared_ptr(const __shared_ptr&) noexcept = default;
 80a23b0:	9b03      	ldr	r3, [sp, #12]
 80a23b2:	a904      	add	r1, sp, #16
 80a23b4:	f840 3b04 	str.w	r3, [r0], #4
 80a23b8:	f7ff fd6d 	bl	80a1e96 <_ZNSt14__shared_countILN9__gnu_cxx12_Lock_policyE0EEC1ERKS2_>
    if (!spark_send_event(eventName, eventData, ttl, flags.value(), &d) && !p.isDone()) {
 80a23bc:	4642      	mov	r2, r8
 80a23be:	4639      	mov	r1, r7
 80a23c0:	4620      	mov	r0, r4
 80a23c2:	9600      	str	r6, [sp, #0]
 80a23c4:	fa5f f389 	uxtb.w	r3, r9
    d.handler_data = p.dataPtr();
 80a23c8:	f8cd a024 	str.w	sl, [sp, #36]	; 0x24
    if (!spark_send_event(eventName, eventData, ttl, flags.value(), &d) && !p.isDone()) {
 80a23cc:	f7ff fb74 	bl	80a1ab8 <spark_send_event>
 80a23d0:	b9b8      	cbnz	r0, 80a2402 <_ZN10CloudClass13publish_eventEPKcS1_iN8particle5FlagsI15PublishFlagTypehEE+0xf6>
	return __atomic_load_n(&_M_i, int(__m));
 80a23d2:	9b03      	ldr	r3, [sp, #12]
 80a23d4:	785b      	ldrb	r3, [r3, #1]
 80a23d6:	f003 02ff 	and.w	r2, r3, #255	; 0xff
 80a23da:	b993      	cbnz	r3, 80a2402 <_ZN10CloudClass13publish_eventEPKcS1_iN8particle5FlagsI15PublishFlagTypehEE+0xf6>
 80a23dc:	f64f 739c 	movw	r3, #65436	; 0xff9c
        p.setError(Error::UNKNOWN);
 80a23e0:	a905      	add	r1, sp, #20
 80a23e2:	a803      	add	r0, sp, #12
 80a23e4:	9205      	str	r2, [sp, #20]
 80a23e6:	f8ad 3018 	strh.w	r3, [sp, #24]
 80a23ea:	f7ff ff11 	bl	80a2210 <_ZN8particle11PromiseBaseIbNS_6detail13FutureContextEE8setErrorENS_5ErrorE>
 80a23ee:	a805      	add	r0, sp, #20
 80a23f0:	f7ff fe59 	bl	80a20a6 <_ZN8particle5ErrorD1Ev>
        p.fromDataPtr(d.handler_data); // Free wrapper object
 80a23f4:	a805      	add	r0, sp, #20
 80a23f6:	9909      	ldr	r1, [sp, #36]	; 0x24
 80a23f8:	f7ff fea6 	bl	80a2148 <_ZN8particle11PromiseBaseIbNS_6detail13FutureContextEE11fromDataPtrEPv>
      ~__shared_ptr() = default;
 80a23fc:	a806      	add	r0, sp, #24
 80a23fe:	f7fd fef9 	bl	80a01f4 <_ZNSt14__shared_countILN9__gnu_cxx12_Lock_policyE0EED1Ev>
      __shared_ptr(const __shared_ptr&) noexcept = default;
 80a2402:	9b03      	ldr	r3, [sp, #12]
 80a2404:	a904      	add	r1, sp, #16
 80a2406:	a806      	add	r0, sp, #24
 80a2408:	9305      	str	r3, [sp, #20]
 80a240a:	f7ff fd44 	bl	80a1e96 <_ZNSt14__shared_countILN9__gnu_cxx12_Lock_policyE0EEC1ERKS2_>
      : _M_ptr(__r._M_ptr), _M_refcount()
 80a240e:	9b05      	ldr	r3, [sp, #20]
	_Sp_counted_base<_Lp>* __tmp = __r._M_pi;
 80a2410:	9a06      	ldr	r2, [sp, #24]
      : _M_ptr(__r._M_ptr), _M_refcount()
 80a2412:	602b      	str	r3, [r5, #0]
	__r._M_pi = _M_pi;
 80a2414:	2300      	movs	r3, #0
	_M_pi = __tmp;
 80a2416:	606a      	str	r2, [r5, #4]
      ~__shared_ptr() = default;
 80a2418:	a806      	add	r0, sp, #24
	__r._M_pi = _M_pi;
 80a241a:	9306      	str	r3, [sp, #24]
	__r._M_ptr = 0;
 80a241c:	9305      	str	r3, [sp, #20]
      ~__shared_ptr() = default;
 80a241e:	f7fd fee9 	bl	80a01f4 <_ZNSt14__shared_countILN9__gnu_cxx12_Lock_policyE0EED1Ev>
 80a2422:	a804      	add	r0, sp, #16
 80a2424:	f7fd fee6 	bl	80a01f4 <_ZNSt14__shared_countILN9__gnu_cxx12_Lock_policyE0EED1Ev>
class Promise: public PromiseBase<ResultT, ContextT> {
 80a2428:	e7a2      	b.n	80a2370 <_ZN10CloudClass13publish_eventEPKcS1_iN8particle5FlagsI15PublishFlagTypehEE+0x64>
 80a242a:	bf00      	nop
 80a242c:	080a24f5 	.word	0x080a24f5

080a2430 <_ZNSt14_Function_base13_Base_managerISt5_BindIFSt8functionIFvRKN8particle5ErrorEEES4_EEE10_M_managerERSt9_Any_dataRKSC_St18_Manager_operation>:
	  switch (__op)
 80a2430:	2a02      	cmp	r2, #2
	_M_manager(_Any_data& __dest, const _Any_data& __source,
 80a2432:	b5f8      	push	{r3, r4, r5, r6, r7, lr}
 80a2434:	4605      	mov	r5, r0
	  switch (__op)
 80a2436:	d007      	beq.n	80a2448 <_ZNSt14_Function_base13_Base_managerISt5_BindIFSt8functionIFvRKN8particle5ErrorEEES4_EEE10_M_managerERSt9_Any_dataRKSC_St18_Manager_operation+0x18>
 80a2438:	2a03      	cmp	r2, #3
 80a243a:	d018      	beq.n	80a246e <_ZNSt14_Function_base13_Base_managerISt5_BindIFSt8functionIFvRKN8particle5ErrorEEES4_EEE10_M_managerERSt9_Any_dataRKSC_St18_Manager_operation+0x3e>
 80a243c:	2a01      	cmp	r2, #1
 80a243e:	d101      	bne.n	80a2444 <_ZNSt14_Function_base13_Base_managerISt5_BindIFSt8functionIFvRKN8particle5ErrorEEES4_EEE10_M_managerERSt9_Any_dataRKSC_St18_Manager_operation+0x14>
	    return __source._M_access<_Functor*>();
 80a2440:	680b      	ldr	r3, [r1, #0]
	      __dest._M_access<_Functor*>() = _M_get_pointer(__source);
 80a2442:	6003      	str	r3, [r0, #0]
	}
 80a2444:	2000      	movs	r0, #0
 80a2446:	bdf8      	pop	{r3, r4, r5, r6, r7, pc}
	    new _Functor(*__source._M_access<const _Functor*>());
 80a2448:	2018      	movs	r0, #24
	  __dest._M_access<_Functor*>() =
 80a244a:	680e      	ldr	r6, [r1, #0]
	    new _Functor(*__source._M_access<const _Functor*>());
 80a244c:	f7fd fe25 	bl	80a009a <_Znwj>
 80a2450:	4604      	mov	r4, r0
 80a2452:	b150      	cbz	r0, 80a246a <_ZNSt14_Function_base13_Base_managerISt5_BindIFSt8functionIFvRKN8particle5ErrorEEES4_EEE10_M_managerERSt9_Any_dataRKSC_St18_Manager_operation+0x3a>
      template<typename... _Args>
	explicit _Bind(_Functor&& __f, _Args&&... __args)
	: _M_f(std::move(__f)), _M_bound_args(std::forward<_Args>(__args)...)
	{ }

      _Bind(const _Bind&) = default;
 80a2454:	4631      	mov	r1, r6
 80a2456:	f7ff fecb 	bl	80a21f0 <_ZNSt8functionIFvRKN8particle5ErrorEEEC1ERKS5_>
        Error(error.type_, error.msg_) {
 80a245a:	6930      	ldr	r0, [r6, #16]
 80a245c:	f9b6 7014 	ldrsh.w	r7, [r6, #20]
        msg_(msg ? (const char*)strdup(msg) : nullptr),
 80a2460:	b108      	cbz	r0, 80a2466 <_ZNSt14_Function_base13_Base_managerISt5_BindIFSt8functionIFvRKN8particle5ErrorEEES4_EEE10_M_managerERSt9_Any_dataRKSC_St18_Manager_operation+0x36>
 80a2462:	f001 f8b3 	bl	80a35cc <strdup>
        type_(type) {
 80a2466:	6120      	str	r0, [r4, #16]
 80a2468:	82a7      	strh	r7, [r4, #20]
	  __dest._M_access<_Functor*>() =
 80a246a:	602c      	str	r4, [r5, #0]
	}
 80a246c:	e7ea      	b.n	80a2444 <_ZNSt14_Function_base13_Base_managerISt5_BindIFSt8functionIFvRKN8particle5ErrorEEES4_EEE10_M_managerERSt9_Any_dataRKSC_St18_Manager_operation+0x14>
	  delete __victim._M_access<_Functor*>();
 80a246e:	6804      	ldr	r4, [r0, #0]
 80a2470:	2c00      	cmp	r4, #0
 80a2472:	d0e7      	beq.n	80a2444 <_ZNSt14_Function_base13_Base_managerISt5_BindIFSt8functionIFvRKN8particle5ErrorEEES4_EEE10_M_managerERSt9_Any_dataRKSC_St18_Manager_operation+0x14>
 80a2474:	f104 0010 	add.w	r0, r4, #16
 80a2478:	f7ff fe15 	bl	80a20a6 <_ZN8particle5ErrorD1Ev>
    class function<_Res(_ArgTypes...)>
 80a247c:	4620      	mov	r0, r4
 80a247e:	f7ff fd26 	bl	80a1ece <_ZNSt14_Function_baseD1Ev>
	  delete __victim._M_access<_Functor*>();
 80a2482:	2118      	movs	r1, #24
 80a2484:	4620      	mov	r0, r4
 80a2486:	f000 fc4d 	bl	80a2d24 <_ZdlPvj>
 80a248a:	e7db      	b.n	80a2444 <_ZNSt14_Function_base13_Base_managerISt5_BindIFSt8functionIFvRKN8particle5ErrorEEES4_EEE10_M_managerERSt9_Any_dataRKSC_St18_Manager_operation+0x14>

080a248c <_ZNSt8functionIFvRKbEEC1ERKS3_>:
    function<_Res(_ArgTypes...)>::
 80a248c:	b538      	push	{r3, r4, r5, lr}
    _Function_base() : _M_manager(nullptr) { }
 80a248e:	2300      	movs	r3, #0
 80a2490:	6083      	str	r3, [r0, #8]
      { return !_M_empty(); }
 80a2492:	688b      	ldr	r3, [r1, #8]
    function<_Res(_ArgTypes...)>::
 80a2494:	4604      	mov	r4, r0
 80a2496:	460d      	mov	r5, r1
      if (static_cast<bool>(__x))
 80a2498:	b12b      	cbz	r3, 80a24a6 <_ZNSt8functionIFvRKbEEC1ERKS3_+0x1a>
	  __x._M_manager(_M_functor, __x._M_functor, __clone_functor);
 80a249a:	2202      	movs	r2, #2
 80a249c:	4798      	blx	r3
	  _M_invoker = __x._M_invoker;
 80a249e:	68eb      	ldr	r3, [r5, #12]
 80a24a0:	60e3      	str	r3, [r4, #12]
	  _M_manager = __x._M_manager;
 80a24a2:	68ab      	ldr	r3, [r5, #8]
 80a24a4:	60a3      	str	r3, [r4, #8]
    }
 80a24a6:	4620      	mov	r0, r4
 80a24a8:	bd38      	pop	{r3, r4, r5, pc}

080a24aa <_ZNSt14_Function_base13_Base_managerISt5_BindIFSt8functionIFvRKbEEbEEE10_M_managerERSt9_Any_dataRKSA_St18_Manager_operation>:
	  switch (__op)
 80a24aa:	2a02      	cmp	r2, #2
	_M_manager(_Any_data& __dest, const _Any_data& __source,
 80a24ac:	b570      	push	{r4, r5, r6, lr}
 80a24ae:	4604      	mov	r4, r0
	  switch (__op)
 80a24b0:	d007      	beq.n	80a24c2 <_ZNSt14_Function_base13_Base_managerISt5_BindIFSt8functionIFvRKbEEbEEE10_M_managerERSt9_Any_dataRKSA_St18_Manager_operation+0x18>
 80a24b2:	2a03      	cmp	r2, #3
 80a24b4:	d012      	beq.n	80a24dc <_ZNSt14_Function_base13_Base_managerISt5_BindIFSt8functionIFvRKbEEbEEE10_M_managerERSt9_Any_dataRKSA_St18_Manager_operation+0x32>
 80a24b6:	2a01      	cmp	r2, #1
 80a24b8:	d101      	bne.n	80a24be <_ZNSt14_Function_base13_Base_managerISt5_BindIFSt8functionIFvRKbEEbEEE10_M_managerERSt9_Any_dataRKSA_St18_Manager_operation+0x14>
	    return __source._M_access<_Functor*>();
 80a24ba:	680b      	ldr	r3, [r1, #0]
	      __dest._M_access<_Functor*>() = _M_get_pointer(__source);
 80a24bc:	6003      	str	r3, [r0, #0]
	}
 80a24be:	2000      	movs	r0, #0
 80a24c0:	bd70      	pop	{r4, r5, r6, pc}
	    new _Functor(*__source._M_access<const _Functor*>());
 80a24c2:	2014      	movs	r0, #20
	  __dest._M_access<_Functor*>() =
 80a24c4:	680e      	ldr	r6, [r1, #0]
	    new _Functor(*__source._M_access<const _Functor*>());
 80a24c6:	f7fd fde8 	bl	80a009a <_Znwj>
 80a24ca:	4605      	mov	r5, r0
 80a24cc:	b120      	cbz	r0, 80a24d8 <_ZNSt14_Function_base13_Base_managerISt5_BindIFSt8functionIFvRKbEEbEEE10_M_managerERSt9_Any_dataRKSA_St18_Manager_operation+0x2e>
 80a24ce:	4631      	mov	r1, r6
 80a24d0:	f7ff ffdc 	bl	80a248c <_ZNSt8functionIFvRKbEEC1ERKS3_>
 80a24d4:	7c33      	ldrb	r3, [r6, #16]
 80a24d6:	742b      	strb	r3, [r5, #16]
	  __dest._M_access<_Functor*>() =
 80a24d8:	6025      	str	r5, [r4, #0]
	}
 80a24da:	e7f0      	b.n	80a24be <_ZNSt14_Function_base13_Base_managerISt5_BindIFSt8functionIFvRKbEEbEEE10_M_managerERSt9_Any_dataRKSA_St18_Manager_operation+0x14>
	  delete __victim._M_access<_Functor*>();
 80a24dc:	6804      	ldr	r4, [r0, #0]
 80a24de:	2c00      	cmp	r4, #0
 80a24e0:	d0ed      	beq.n	80a24be <_ZNSt14_Function_base13_Base_managerISt5_BindIFSt8functionIFvRKbEEbEEE10_M_managerERSt9_Any_dataRKSA_St18_Manager_operation+0x14>
    class function<_Res(_ArgTypes...)>
 80a24e2:	4620      	mov	r0, r4
 80a24e4:	f7ff fcf3 	bl	80a1ece <_ZNSt14_Function_baseD1Ev>
	  delete __victim._M_access<_Functor*>();
 80a24e8:	2114      	movs	r1, #20
 80a24ea:	4620      	mov	r0, r4
 80a24ec:	f000 fc1a 	bl	80a2d24 <_ZdlPvj>
 80a24f0:	e7e5      	b.n	80a24be <_ZNSt14_Function_base13_Base_managerISt5_BindIFSt8functionIFvRKbEEbEEE10_M_managerERSt9_Any_dataRKSA_St18_Manager_operation+0x14>
	...

080a24f4 <_ZN12_GLOBAL__N_125publishCompletionCallbackEiPKvPvS2_>:
void publishCompletionCallback(int error, const void* data, void* callbackData, void* reserved) {
 80a24f4:	b5f0      	push	{r4, r5, r6, r7, lr}
 80a24f6:	4604      	mov	r4, r0
 80a24f8:	b089      	sub	sp, #36	; 0x24
 80a24fa:	460d      	mov	r5, r1
    auto p = Promise<bool>::fromDataPtr(callbackData);
 80a24fc:	a801      	add	r0, sp, #4
 80a24fe:	4611      	mov	r1, r2
 80a2500:	f7ff fe22 	bl	80a2148 <_ZN8particle11PromiseBaseIbNS_6detail13FutureContextEE11fromDataPtrEPv>
    if (error != Error::NONE) {
 80a2504:	b1a4      	cbz	r4, 80a2530 <_ZN12_GLOBAL__N_125publishCompletionCallbackEiPKvPvS2_+0x3c>
        p.setError(Error((Error::Type)error, (const char*)data));
 80a2506:	b224      	sxth	r4, r4
        msg_(msg ? (const char*)strdup(msg) : nullptr),
 80a2508:	b11d      	cbz	r5, 80a2512 <_ZN12_GLOBAL__N_125publishCompletionCallbackEiPKvPvS2_+0x1e>
 80a250a:	4628      	mov	r0, r5
 80a250c:	f001 f85e 	bl	80a35cc <strdup>
 80a2510:	4605      	mov	r5, r0
 80a2512:	a801      	add	r0, sp, #4
 80a2514:	a903      	add	r1, sp, #12
        type_(type) {
 80a2516:	9503      	str	r5, [sp, #12]
 80a2518:	f8ad 4010 	strh.w	r4, [sp, #16]
 80a251c:	f7ff fe78 	bl	80a2210 <_ZN8particle11PromiseBaseIbNS_6detail13FutureContextEE8setErrorENS_5ErrorE>
 80a2520:	a803      	add	r0, sp, #12
 80a2522:	f7ff fdc0 	bl	80a20a6 <_ZN8particle5ErrorD1Ev>
 80a2526:	a802      	add	r0, sp, #8
 80a2528:	f7fd fe64 	bl	80a01f4 <_ZNSt14__shared_countILN9__gnu_cxx12_Lock_policyE0EED1Ev>
}
 80a252c:	b009      	add	sp, #36	; 0x24
 80a252e:	bdf0      	pop	{r4, r5, r6, r7, pc}
	return __atomic_compare_exchange(std::__addressof(_M_i),
 80a2530:	2301      	movs	r3, #1
      { return static_cast<const __shared_ptr<_Tp, _Lp>*>(this)->get(); }
 80a2532:	9d01      	ldr	r5, [sp, #4]
 80a2534:	e8d5 2f4f 	ldrexb	r2, [r5]
 80a2538:	2a00      	cmp	r2, #0
 80a253a:	d103      	bne.n	80a2544 <_ZN12_GLOBAL__N_125publishCompletionCallbackEiPKvPvS2_+0x50>
 80a253c:	e8c5 3f41 	strexb	r1, r3, [r5]
 80a2540:	2900      	cmp	r1, #0
 80a2542:	d1f7      	bne.n	80a2534 <_ZN12_GLOBAL__N_125publishCompletionCallbackEiPKvPvS2_+0x40>
        if (this->changeState(State::SUCCEEDED)) {
 80a2544:	d1ef      	bne.n	80a2526 <_ZN12_GLOBAL__N_125publishCompletionCallbackEiPKvPvS2_+0x32>
            new(&result_) ResultT(std::move(result));
 80a2546:	732b      	strb	r3, [r5, #12]
	__atomic_store_n(&_M_i, __i, int(__m));
 80a2548:	f3bf 8f5b 	dmb	ish
 80a254c:	706b      	strb	r3, [r5, #1]
	return __atomic_exchange_n(&_M_p, __p, int(__m));
 80a254e:	f3bf 8f5b 	dmb	ish
 80a2552:	1d2b      	adds	r3, r5, #4
 80a2554:	e853 6f00 	ldrex	r6, [r3]
 80a2558:	e843 4200 	strex	r2, r4, [r3]
 80a255c:	2a00      	cmp	r2, #0
 80a255e:	d1f9      	bne.n	80a2554 <_ZN12_GLOBAL__N_125publishCompletionCallbackEiPKvPvS2_+0x60>
 80a2560:	f3bf 8f5b 	dmb	ish
        if (callbackPtr) {
 80a2564:	2e00      	cmp	r6, #0
 80a2566:	d0de      	beq.n	80a2526 <_ZN12_GLOBAL__N_125publishCompletionCallbackEiPKvPvS2_+0x32>
        return (application_thread_current(nullptr) != 0);
 80a2568:	4620      	mov	r0, r4
 80a256a:	f7ff fa09 	bl	80a1980 <application_thread_current>
        if (ContextT::isApplicationThreadCurrent()) {
 80a256e:	4607      	mov	r7, r0
 80a2570:	b160      	cbz	r0, 80a258c <_ZN12_GLOBAL__N_125publishCompletionCallbackEiPKvPvS2_+0x98>
            callback(std::forward<ArgsT>(args)...); // Synchronous call
 80a2572:	4630      	mov	r0, r6
 80a2574:	f105 010c 	add.w	r1, r5, #12
 80a2578:	f7ff fe15 	bl	80a21a6 <_ZNKSt8functionIFvRKbEEclES1_>
    class function<_Res(_ArgTypes...)>
 80a257c:	4630      	mov	r0, r6
 80a257e:	f7ff fca6 	bl	80a1ece <_ZNSt14_Function_baseD1Ev>
            delete callbackPtr;
 80a2582:	2110      	movs	r1, #16
 80a2584:	4630      	mov	r0, r6
 80a2586:	f000 fbcd 	bl	80a2d24 <_ZdlPvj>
 80a258a:	e7cc      	b.n	80a2526 <_ZN12_GLOBAL__N_125publishCompletionCallbackEiPKvPvS2_+0x32>
	: _M_f(__f), _M_bound_args(std::forward<_Args>(__args)...)
 80a258c:	4631      	mov	r1, r6
 80a258e:	a803      	add	r0, sp, #12
 80a2590:	f7ff ff7c 	bl	80a248c <_ZNSt8functionIFvRKbEEC1ERKS3_>
	: _M_head_impl(std::forward<_UHead>(__h)) { }
 80a2594:	7b2b      	ldrb	r3, [r5, #12]
            auto callbackPtr = new std::function<void()>(std::bind(callback, std::forward<ArgsT>(args)...));
 80a2596:	2010      	movs	r0, #16
 80a2598:	f88d 301c 	strb.w	r3, [sp, #28]
 80a259c:	f7fd fd7d 	bl	80a009a <_Znwj>
 80a25a0:	4605      	mov	r5, r0
 80a25a2:	b1d0      	cbz	r0, 80a25da <_ZN12_GLOBAL__N_125publishCompletionCallbackEiPKvPvS2_+0xe6>
    _Function_base() : _M_manager(nullptr) { }
 80a25a4:	6087      	str	r7, [r0, #8]
	{ __functor._M_access<_Functor*>() = new _Functor(std::move(__f)); }
 80a25a6:	2014      	movs	r0, #20
 80a25a8:	f7fd fd77 	bl	80a009a <_Znwj>
 80a25ac:	4604      	mov	r4, r0
 80a25ae:	b178      	cbz	r0, 80a25d0 <_ZN12_GLOBAL__N_125publishCompletionCallbackEiPKvPvS2_+0xdc>
	std::swap(_M_functor, __x._M_functor);
 80a25b0:	4601      	mov	r1, r0
    _Function_base() : _M_manager(nullptr) { }
 80a25b2:	6087      	str	r7, [r0, #8]
	std::swap(_M_functor, __x._M_functor);
 80a25b4:	a803      	add	r0, sp, #12
 80a25b6:	f7ff fc93 	bl	80a1ee0 <_ZSt4swapISt9_Any_dataENSt9enable_ifIXsrSt6__and_IJSt6__not_ISt15__is_tuple_likeIT_EESt21is_move_constructibleIS5_ESt18is_move_assignableIS5_EEE5valueEvE4typeERS5_SF_>
      _Tp __tmp = _GLIBCXX_MOVE(__a);
 80a25ba:	9b05      	ldr	r3, [sp, #20]
      __a = _GLIBCXX_MOVE(__b);
 80a25bc:	68a2      	ldr	r2, [r4, #8]
      __b = _GLIBCXX_MOVE(__tmp);
 80a25be:	60a3      	str	r3, [r4, #8]
      _Tp __tmp = _GLIBCXX_MOVE(__a);
 80a25c0:	9b06      	ldr	r3, [sp, #24]
      __a = _GLIBCXX_MOVE(__b);
 80a25c2:	9205      	str	r2, [sp, #20]
 80a25c4:	68e2      	ldr	r2, [r4, #12]
      __b = _GLIBCXX_MOVE(__tmp);
 80a25c6:	60e3      	str	r3, [r4, #12]
 80a25c8:	f89d 301c 	ldrb.w	r3, [sp, #28]
      __a = _GLIBCXX_MOVE(__b);
 80a25cc:	9206      	str	r2, [sp, #24]
 80a25ce:	7423      	strb	r3, [r4, #16]
	    _M_invoker = &_My_handler::_M_invoke;
 80a25d0:	4b06      	ldr	r3, [pc, #24]	; (80a25ec <_ZN12_GLOBAL__N_125publishCompletionCallbackEiPKvPvS2_+0xf8>)
	{ __functor._M_access<_Functor*>() = new _Functor(std::move(__f)); }
 80a25d2:	602c      	str	r4, [r5, #0]
	    _M_invoker = &_My_handler::_M_invoke;
 80a25d4:	60eb      	str	r3, [r5, #12]
	    _M_manager = &_My_handler::_M_manager;
 80a25d6:	4b06      	ldr	r3, [pc, #24]	; (80a25f0 <_ZN12_GLOBAL__N_125publishCompletionCallbackEiPKvPvS2_+0xfc>)
 80a25d8:	60ab      	str	r3, [r5, #8]
    class function<_Res(_ArgTypes...)>
 80a25da:	a803      	add	r0, sp, #12
 80a25dc:	f7ff fc77 	bl	80a1ece <_ZNSt14_Function_baseD1Ev>
        return (application_thread_invoke(callback, data, nullptr) == 0);
 80a25e0:	2200      	movs	r2, #0
 80a25e2:	4629      	mov	r1, r5
 80a25e4:	4803      	ldr	r0, [pc, #12]	; (80a25f4 <_ZN12_GLOBAL__N_125publishCompletionCallbackEiPKvPvS2_+0x100>)
 80a25e6:	f7ff f9d3 	bl	80a1990 <application_thread_invoke>
 80a25ea:	e7c7      	b.n	80a257c <_ZN12_GLOBAL__N_125publishCompletionCallbackEiPKvPvS2_+0x88>
 80a25ec:	080a21b9 	.word	0x080a21b9
 80a25f0:	080a24ab 	.word	0x080a24ab
 80a25f4:	080a2941 	.word	0x080a2941

080a25f8 <_ZN9IPAddressD1Ev>:
    IPAddress(uint8_t first_octet, uint8_t second_octet, uint8_t third_octet, uint8_t fourth_octet);
    IPAddress(uint32_t address);
    IPAddress(const uint8_t* address);
    IPAddress(const HAL_IPAddress& address);

    virtual ~IPAddress() {}
 80a25f8:	4770      	bx	lr

080a25fa <_ZN9IPAddressD0Ev>:
 80a25fa:	b510      	push	{r4, lr}
 80a25fc:	4604      	mov	r4, r0
 80a25fe:	2118      	movs	r1, #24
 80a2600:	f000 fb90 	bl	80a2d24 <_ZdlPvj>
 80a2604:	4620      	mov	r0, r4
 80a2606:	bd10      	pop	{r4, pc}

080a2608 <_ZNK9IPAddress7printToER5Print>:
#endif // Wiring_IPv6
	return address.ipv4==that.address.ipv4;
}

size_t IPAddress::printTo(Print& p) const
{
 80a2608:	b5f8      	push	{r3, r4, r5, r6, r7, lr}
 80a260a:	460e      	mov	r6, r1
 80a260c:	2400      	movs	r4, #0
 80a260e:	f100 0708 	add.w	r7, r0, #8
 80a2612:	1d05      	adds	r5, r0, #4
            val = n;
        }
#if __GNUC__ >= 9
#pragma GCC diagnostic pop
#endif // __GNUC__ >= 9
        return printNumber(val, base) + t;
 80a2614:	f817 1d01 	ldrb.w	r1, [r7, #-1]!
 80a2618:	220a      	movs	r2, #10
 80a261a:	4630      	mov	r0, r6
 80a261c:	f7ff fc18 	bl	80a1e50 <_ZN5Print11printNumberEmh>
#else
#pragma message "HAL_USE_INET_HAL_POSIX is required for IPv6 support in IPAddress::printTo()"
#endif // HAL_USE_INET_HAL_POSIX
#endif // Wiring_IPv6
    size_t n = 0;
    for (int i = 0; i < 4; i++)
 80a2620:	42af      	cmp	r7, r5
    {
        if (n)
            n += p.print('.');
        n += p.print((*this)[i], DEC);
 80a2622:	4404      	add	r4, r0
    for (int i = 0; i < 4; i++)
 80a2624:	d101      	bne.n	80a262a <_ZNK9IPAddress7printToER5Print+0x22>
    }
    return n;
}
 80a2626:	4620      	mov	r0, r4
 80a2628:	bdf8      	pop	{r3, r4, r5, r6, r7, pc}
        if (n)
 80a262a:	2c00      	cmp	r4, #0
 80a262c:	d0f2      	beq.n	80a2614 <_ZNK9IPAddress7printToER5Print+0xc>
            n += p.print('.');
 80a262e:	212e      	movs	r1, #46	; 0x2e
 80a2630:	4630      	mov	r0, r6
 80a2632:	f7ff fbf4 	bl	80a1e1e <_ZN5Print5printEc>
 80a2636:	4404      	add	r4, r0
 80a2638:	e7ec      	b.n	80a2614 <_ZNK9IPAddress7printToER5Print+0xc>
	...

080a263c <_ZN9IPAddressC1Ev>:
IPAddress::IPAddress()
 80a263c:	b510      	push	{r4, lr}
 80a263e:	4604      	mov	r4, r0
 80a2640:	4b04      	ldr	r3, [pc, #16]	; (80a2654 <_ZN9IPAddressC1Ev+0x18>)
        return address;
    }

    virtual size_t printTo(Print& p) const;

    void clear() { memset(&address, 0, sizeof (address)); }
 80a2642:	2211      	movs	r2, #17
 80a2644:	2100      	movs	r1, #0
 80a2646:	f840 3b04 	str.w	r3, [r0], #4
 80a264a:	f000 ff81 	bl	80a3550 <memset>
}
 80a264e:	4620      	mov	r0, r4
 80a2650:	bd10      	pop	{r4, pc}
 80a2652:	bf00      	nop
 80a2654:	080a38b8 	.word	0x080a38b8

080a2658 <_ZN9IPAddressC1ERK16_HAL_IPAddress_t>:
IPAddress::IPAddress(const HAL_IPAddress& address)
 80a2658:	4603      	mov	r3, r0
 80a265a:	4a07      	ldr	r2, [pc, #28]	; (80a2678 <_ZN9IPAddressC1ERK16_HAL_IPAddress_t+0x20>)
 80a265c:	b510      	push	{r4, lr}
 80a265e:	f843 2b04 	str.w	r2, [r3], #4
    memcpy(&this->address, &address, sizeof(address));
 80a2662:	f101 0210 	add.w	r2, r1, #16
 80a2666:	f851 4b04 	ldr.w	r4, [r1], #4
 80a266a:	4291      	cmp	r1, r2
 80a266c:	f843 4b04 	str.w	r4, [r3], #4
 80a2670:	d1f9      	bne.n	80a2666 <_ZN9IPAddressC1ERK16_HAL_IPAddress_t+0xe>
 80a2672:	780a      	ldrb	r2, [r1, #0]
 80a2674:	701a      	strb	r2, [r3, #0]
}
 80a2676:	bd10      	pop	{r4, pc}
 80a2678:	080a38b8 	.word	0x080a38b8

080a267c <_ZN9IPAddressC1Em>:
IPAddress::IPAddress(uint32_t address)
 80a267c:	4a02      	ldr	r2, [pc, #8]	; (80a2688 <_ZN9IPAddressC1Em+0xc>)
    address.ipv4 = ipv4;
 80a267e:	e9c0 2100 	strd	r2, r1, [r0]
        address.v = version;
 80a2682:	2204      	movs	r2, #4
 80a2684:	7502      	strb	r2, [r0, #20]
}
 80a2686:	4770      	bx	lr
 80a2688:	080a38b8 	.word	0x080a38b8

080a268c <_ZN9IPAddress8set_ipv4Ehhhh>:
{
 80a268c:	b510      	push	{r4, lr}
    address.ipv4 = b0<<24 | b1 << 16 | b2 << 8 | b3;
 80a268e:	f89d 4008 	ldrb.w	r4, [sp, #8]
 80a2692:	ea44 2403 	orr.w	r4, r4, r3, lsl #8
 80a2696:	2304      	movs	r3, #4
 80a2698:	ea44 4402 	orr.w	r4, r4, r2, lsl #16
 80a269c:	ea44 6401 	orr.w	r4, r4, r1, lsl #24
 80a26a0:	6044      	str	r4, [r0, #4]
 80a26a2:	7503      	strb	r3, [r0, #20]
}
 80a26a4:	bd10      	pop	{r4, pc}
	...

080a26a8 <_ZN9IPAddressC1Ehhhh>:
IPAddress::IPAddress(uint8_t first_octet, uint8_t second_octet, uint8_t third_octet, uint8_t fourth_octet)
 80a26a8:	b537      	push	{r0, r1, r2, r4, r5, lr}
 80a26aa:	4d04      	ldr	r5, [pc, #16]	; (80a26bc <_ZN9IPAddressC1Ehhhh+0x14>)
 80a26ac:	6005      	str	r5, [r0, #0]
    set_ipv4(first_octet, second_octet, third_octet, fourth_octet);
 80a26ae:	f89d 5018 	ldrb.w	r5, [sp, #24]
 80a26b2:	9500      	str	r5, [sp, #0]
 80a26b4:	f7ff ffea 	bl	80a268c <_ZN9IPAddress8set_ipv4Ehhhh>
}
 80a26b8:	b003      	add	sp, #12
 80a26ba:	bd30      	pop	{r4, r5, pc}
 80a26bc:	080a38b8 	.word	0x080a38b8

080a26c0 <_ZN9USBSerial14blockOnOverrunEb>:
  HAL_USB_USART_Flush_Data(_serial);
}

void USBSerial::blockOnOverrun(bool block)
{
  _blocking = block;
 80a26c0:	7441      	strb	r1, [r0, #17]
}
 80a26c2:	4770      	bx	lr

080a26c4 <__tcf_0>:
}

USBSerial& _fetch_usbserial()
{
  HAL_USB_USART_Config conf = acquireSerialBuffer();
	static USBSerial _usbserial(HAL_USB_USART_SERIAL, conf);
 80a26c4:	4770      	bx	lr

080a26c6 <_ZN9USBSerialD1Ev>:
#include "usb_hal.h"
#include "system_task.h"
#include "spark_wiring_startup.h"
#include "concurrent_hal.h"

class USBSerial : public Stream
 80a26c6:	4770      	bx	lr

080a26c8 <_ZN9USBSerial4readEv>:
{
 80a26c8:	b508      	push	{r3, lr}
	return std::max(-1, (int)HAL_USB_USART_Receive_Data(_serial, false));
 80a26ca:	2100      	movs	r1, #0
 80a26cc:	7c00      	ldrb	r0, [r0, #16]
 80a26ce:	f7ff f927 	bl	80a1920 <HAL_USB_USART_Receive_Data>
}
 80a26d2:	ea40 70e0 	orr.w	r0, r0, r0, asr #31
 80a26d6:	bd08      	pop	{r3, pc}

080a26d8 <_ZN9USBSerial4peekEv>:
{
 80a26d8:	b508      	push	{r3, lr}
	return std::max(-1, (int)HAL_USB_USART_Receive_Data(_serial, true));
 80a26da:	2101      	movs	r1, #1
 80a26dc:	7c00      	ldrb	r0, [r0, #16]
 80a26de:	f7ff f91f 	bl	80a1920 <HAL_USB_USART_Receive_Data>
}
 80a26e2:	ea40 70e0 	orr.w	r0, r0, r0, asr #31
 80a26e6:	bd08      	pop	{r3, pc}

080a26e8 <_ZN9USBSerial17availableForWriteEv>:
{
 80a26e8:	b508      	push	{r3, lr}
  return std::max(0, (int)HAL_USB_USART_Available_Data_For_Write(_serial));
 80a26ea:	7c00      	ldrb	r0, [r0, #16]
 80a26ec:	f7ff f910 	bl	80a1910 <HAL_USB_USART_Available_Data_For_Write>
}
 80a26f0:	ea20 70e0 	bic.w	r0, r0, r0, asr #31
 80a26f4:	bd08      	pop	{r3, pc}

080a26f6 <_ZN9USBSerial9availableEv>:
{
 80a26f6:	b508      	push	{r3, lr}
	return std::max(0, (int)HAL_USB_USART_Available_Data(_serial));
 80a26f8:	7c00      	ldrb	r0, [r0, #16]
 80a26fa:	f7ff f901 	bl	80a1900 <HAL_USB_USART_Available_Data>
}
 80a26fe:	ea20 70e0 	bic.w	r0, r0, r0, asr #31
 80a2702:	bd08      	pop	{r3, pc}

080a2704 <_ZN9USBSerial5writeEh>:
{
 80a2704:	b538      	push	{r3, r4, r5, lr}
 80a2706:	4604      	mov	r4, r0
  if (HAL_USB_USART_Available_Data_For_Write(_serial) > 0 || _blocking) {
 80a2708:	7c00      	ldrb	r0, [r0, #16]
{
 80a270a:	460d      	mov	r5, r1
  if (HAL_USB_USART_Available_Data_For_Write(_serial) > 0 || _blocking) {
 80a270c:	f7ff f900 	bl	80a1910 <HAL_USB_USART_Available_Data_For_Write>
 80a2710:	2800      	cmp	r0, #0
 80a2712:	dc01      	bgt.n	80a2718 <_ZN9USBSerial5writeEh+0x14>
 80a2714:	7c60      	ldrb	r0, [r4, #17]
 80a2716:	b128      	cbz	r0, 80a2724 <_ZN9USBSerial5writeEh+0x20>
    return std::max(0, (int)HAL_USB_USART_Send_Data(_serial, byte));
 80a2718:	4629      	mov	r1, r5
 80a271a:	7c20      	ldrb	r0, [r4, #16]
 80a271c:	f7ff f908 	bl	80a1930 <HAL_USB_USART_Send_Data>
 80a2720:	ea20 70e0 	bic.w	r0, r0, r0, asr #31
}
 80a2724:	bd38      	pop	{r3, r4, r5, pc}

080a2726 <_ZN9USBSerial5flushEv>:
  HAL_USB_USART_Flush_Data(_serial);
 80a2726:	7c00      	ldrb	r0, [r0, #16]
 80a2728:	f7ff b90a 	b.w	80a1940 <HAL_USB_USART_Flush_Data>

080a272c <_ZN9USBSerialD0Ev>:
 80a272c:	b510      	push	{r4, lr}
 80a272e:	4604      	mov	r4, r0
 80a2730:	2114      	movs	r1, #20
 80a2732:	f000 faf7 	bl	80a2d24 <_ZdlPvj>
 80a2736:	4620      	mov	r0, r4
 80a2738:	bd10      	pop	{r4, pc}

080a273a <__tcf_1>:
 80a273a:	4770      	bx	lr

080a273c <_ZN9USBSerialC1E20HAL_USB_USART_SerialRK20HAL_USB_USART_Config>:
USBSerial::USBSerial(HAL_USB_USART_Serial serial, const HAL_USB_USART_Config& conf)
 80a273c:	b510      	push	{r4, lr}
    virtual int available() = 0;
    virtual int read() = 0;
    virtual int peek() = 0;
    virtual void flush() = 0;

    Stream() {_timeout=1000;}
 80a273e:	f44f 737a 	mov.w	r3, #1000	; 0x3e8
 80a2742:	4604      	mov	r4, r0
 80a2744:	4608      	mov	r0, r1
 80a2746:	2100      	movs	r1, #0
 80a2748:	e9c4 1301 	strd	r1, r3, [r4, #4]
 80a274c:	4b04      	ldr	r3, [pc, #16]	; (80a2760 <_ZN9USBSerialC1E20HAL_USB_USART_SerialRK20HAL_USB_USART_Config+0x24>)
  _serial = serial;
 80a274e:	7420      	strb	r0, [r4, #16]
USBSerial::USBSerial(HAL_USB_USART_Serial serial, const HAL_USB_USART_Config& conf)
 80a2750:	6023      	str	r3, [r4, #0]
  _blocking = true;
 80a2752:	2301      	movs	r3, #1
  HAL_USB_USART_Init(_serial, &conf);
 80a2754:	4611      	mov	r1, r2
  _blocking = true;
 80a2756:	7463      	strb	r3, [r4, #17]
  HAL_USB_USART_Init(_serial, &conf);
 80a2758:	f7ff f8c2 	bl	80a18e0 <HAL_USB_USART_Init>
}
 80a275c:	4620      	mov	r0, r4
 80a275e:	bd10      	pop	{r4, pc}
 80a2760:	080a38cc 	.word	0x080a38cc

080a2764 <_ZN9USBSerial5beginEl>:
    HAL_USB_USART_Begin(_serial, speed, NULL);
 80a2764:	2200      	movs	r2, #0
 80a2766:	7c00      	ldrb	r0, [r0, #16]
 80a2768:	f7ff b8c2 	b.w	80a18f0 <HAL_USB_USART_Begin>

080a276c <_Z19acquireSerialBufferv>:
{
 80a276c:	b510      	push	{r4, lr}
 80a276e:	4604      	mov	r4, r0
  HAL_USB_USART_Config conf = {0};
 80a2770:	2214      	movs	r2, #20
 80a2772:	2100      	movs	r1, #0
 80a2774:	f000 feec 	bl	80a3550 <memset>
  conf.rx_buffer = serial_rx_buffer;
 80a2778:	4b05      	ldr	r3, [pc, #20]	; (80a2790 <_Z19acquireSerialBufferv+0x24>)
}
 80a277a:	4620      	mov	r0, r4
  conf.rx_buffer = serial_rx_buffer;
 80a277c:	6063      	str	r3, [r4, #4]
  conf.tx_buffer = serial_tx_buffer;
 80a277e:	4b05      	ldr	r3, [pc, #20]	; (80a2794 <_Z19acquireSerialBufferv+0x28>)
 80a2780:	60e3      	str	r3, [r4, #12]
  conf.rx_buffer_size = USB_RX_BUFFER_SIZE;
 80a2782:	f240 1301 	movw	r3, #257	; 0x101
 80a2786:	8123      	strh	r3, [r4, #8]
  conf.tx_buffer_size = USB_TX_BUFFER_SIZE;
 80a2788:	2381      	movs	r3, #129	; 0x81
 80a278a:	8223      	strh	r3, [r4, #16]
}
 80a278c:	bd10      	pop	{r4, pc}
 80a278e:	bf00      	nop
 80a2790:	20000118 	.word	0x20000118
 80a2794:	20000219 	.word	0x20000219

080a2798 <_Z16_fetch_usbserialv>:
{
 80a2798:	b530      	push	{r4, r5, lr}
	static USBSerial _usbserial(HAL_USB_USART_SERIAL, conf);
 80a279a:	4d0e      	ldr	r5, [pc, #56]	; (80a27d4 <_Z16_fetch_usbserialv+0x3c>)
{
 80a279c:	b087      	sub	sp, #28
  HAL_USB_USART_Config conf = acquireSerialBuffer();
 80a279e:	a801      	add	r0, sp, #4
 80a27a0:	f7ff ffe4 	bl	80a276c <_Z19acquireSerialBufferv>
	static USBSerial _usbserial(HAL_USB_USART_SERIAL, conf);
 80a27a4:	7829      	ldrb	r1, [r5, #0]
 80a27a6:	f3bf 8f5b 	dmb	ish
 80a27aa:	f011 0401 	ands.w	r4, r1, #1
 80a27ae:	d10e      	bne.n	80a27ce <_Z16_fetch_usbserialv+0x36>
 80a27b0:	4628      	mov	r0, r5
 80a27b2:	f7fd fc78 	bl	80a00a6 <__cxa_guard_acquire>
 80a27b6:	b150      	cbz	r0, 80a27ce <_Z16_fetch_usbserialv+0x36>
 80a27b8:	4621      	mov	r1, r4
 80a27ba:	aa01      	add	r2, sp, #4
 80a27bc:	4806      	ldr	r0, [pc, #24]	; (80a27d8 <_Z16_fetch_usbserialv+0x40>)
 80a27be:	f7ff ffbd 	bl	80a273c <_ZN9USBSerialC1E20HAL_USB_USART_SerialRK20HAL_USB_USART_Config>
 80a27c2:	4628      	mov	r0, r5
 80a27c4:	f7fd fc74 	bl	80a00b0 <__cxa_guard_release>
 80a27c8:	4804      	ldr	r0, [pc, #16]	; (80a27dc <_Z16_fetch_usbserialv+0x44>)
 80a27ca:	f000 fea9 	bl	80a3520 <atexit>
	return _usbserial;
}
 80a27ce:	4802      	ldr	r0, [pc, #8]	; (80a27d8 <_Z16_fetch_usbserialv+0x40>)
 80a27d0:	b007      	add	sp, #28
 80a27d2:	bd30      	pop	{r4, r5, pc}
 80a27d4:	200000e8 	.word	0x200000e8
 80a27d8:	200000f0 	.word	0x200000f0
 80a27dc:	080a26c5 	.word	0x080a26c5

080a27e0 <_Z23acquireUSBSerial1Bufferv>:

#if Wiring_USBSerial1

HAL_USB_USART_Config __attribute__((weak)) acquireUSBSerial1Buffer()
{
 80a27e0:	b510      	push	{r4, lr}
 80a27e2:	4604      	mov	r4, r0
  HAL_USB_USART_Config conf = {0};
 80a27e4:	2214      	movs	r2, #20
 80a27e6:	2100      	movs	r1, #0
 80a27e8:	f000 feb2 	bl	80a3550 <memset>

#if defined(USB_SERIAL_USERSPACE_BUFFERS) && ((MODULE_FUNCTION == MOD_FUNC_USER_PART) || (MODULE_FUNCTION == MOD_FUNC_MONO_FIRMWARE))
  static uint8_t usbserial1_rx_buffer[USB_RX_BUFFER_SIZE];
  static uint8_t usbserial1_tx_buffer[USB_TX_BUFFER_SIZE];

  conf.rx_buffer = usbserial1_rx_buffer;
 80a27ec:	4b05      	ldr	r3, [pc, #20]	; (80a2804 <_Z23acquireUSBSerial1Bufferv+0x24>)
  conf.rx_buffer_size = USB_RX_BUFFER_SIZE;
  conf.tx_buffer_size = USB_TX_BUFFER_SIZE;
#endif

  return conf;
}
 80a27ee:	4620      	mov	r0, r4
  conf.rx_buffer = usbserial1_rx_buffer;
 80a27f0:	6063      	str	r3, [r4, #4]
  conf.tx_buffer = usbserial1_tx_buffer;
 80a27f2:	4b05      	ldr	r3, [pc, #20]	; (80a2808 <_Z23acquireUSBSerial1Bufferv+0x28>)
 80a27f4:	60e3      	str	r3, [r4, #12]
  conf.rx_buffer_size = USB_RX_BUFFER_SIZE;
 80a27f6:	f240 1301 	movw	r3, #257	; 0x101
 80a27fa:	8123      	strh	r3, [r4, #8]
  conf.tx_buffer_size = USB_TX_BUFFER_SIZE;
 80a27fc:	2381      	movs	r3, #129	; 0x81
 80a27fe:	8223      	strh	r3, [r4, #16]
}
 80a2800:	bd10      	pop	{r4, pc}
 80a2802:	bf00      	nop
 80a2804:	2000029a 	.word	0x2000029a
 80a2808:	2000039b 	.word	0x2000039b

080a280c <_Z17_fetch_usbserial1v>:

USBSerial& _fetch_usbserial1()
{
 80a280c:	b510      	push	{r4, lr}
  HAL_USB_USART_Config conf = acquireUSBSerial1Buffer();
  static USBSerial _usbserial1(HAL_USB_USART_SERIAL1, conf);
 80a280e:	4c0e      	ldr	r4, [pc, #56]	; (80a2848 <_Z17_fetch_usbserial1v+0x3c>)
{
 80a2810:	b086      	sub	sp, #24
  HAL_USB_USART_Config conf = acquireUSBSerial1Buffer();
 80a2812:	a801      	add	r0, sp, #4
 80a2814:	f7ff ffe4 	bl	80a27e0 <_Z23acquireUSBSerial1Bufferv>
  static USBSerial _usbserial1(HAL_USB_USART_SERIAL1, conf);
 80a2818:	7823      	ldrb	r3, [r4, #0]
 80a281a:	f3bf 8f5b 	dmb	ish
 80a281e:	07db      	lsls	r3, r3, #31
 80a2820:	d40e      	bmi.n	80a2840 <_Z17_fetch_usbserial1v+0x34>
 80a2822:	4620      	mov	r0, r4
 80a2824:	f7fd fc3f 	bl	80a00a6 <__cxa_guard_acquire>
 80a2828:	b150      	cbz	r0, 80a2840 <_Z17_fetch_usbserial1v+0x34>
 80a282a:	2101      	movs	r1, #1
 80a282c:	aa01      	add	r2, sp, #4
 80a282e:	4807      	ldr	r0, [pc, #28]	; (80a284c <_Z17_fetch_usbserial1v+0x40>)
 80a2830:	f7ff ff84 	bl	80a273c <_ZN9USBSerialC1E20HAL_USB_USART_SerialRK20HAL_USB_USART_Config>
 80a2834:	4620      	mov	r0, r4
 80a2836:	f7fd fc3b 	bl	80a00b0 <__cxa_guard_release>
 80a283a:	4805      	ldr	r0, [pc, #20]	; (80a2850 <_Z17_fetch_usbserial1v+0x44>)
 80a283c:	f000 fe70 	bl	80a3520 <atexit>
  return _usbserial1;
}
 80a2840:	4802      	ldr	r0, [pc, #8]	; (80a284c <_Z17_fetch_usbserial1v+0x40>)
 80a2842:	b006      	add	sp, #24
 80a2844:	bd10      	pop	{r4, pc}
 80a2846:	bf00      	nop
 80a2848:	200000ec 	.word	0x200000ec
 80a284c:	20000104 	.word	0x20000104
 80a2850:	080a273b 	.word	0x080a273b

080a2854 <_ZN11USARTSerialD1Ev>:
private:
  hal_usart_interface_t _serial;
  bool _blocking;
public:
  USARTSerial(hal_usart_interface_t serial, hal_usart_ring_buffer_t *rx_buffer, hal_usart_ring_buffer_t *tx_buffer);
  virtual ~USARTSerial() {};
 80a2854:	4770      	bx	lr

080a2856 <_ZN11USARTSerial14blockOnOverrunEb>:
    hal_usart_half_duplex(_serial, Enable);
}

void USARTSerial::blockOnOverrun(bool block)
{
  _blocking = block;
 80a2856:	7441      	strb	r1, [r0, #17]
}
 80a2858:	4770      	bx	lr

080a285a <__tcf_0>:
#endif

USARTSerial& __fetch_global_Serial1()
{
#if ((MODULE_FUNCTION == MOD_FUNC_USER_PART) || (MODULE_FUNCTION == MOD_FUNC_MONO_FIRMWARE))
	static USARTSerial serial1(HAL_USART_SERIAL1, &serial1_rx_buffer, &serial1_tx_buffer);
 80a285a:	4770      	bx	lr

080a285c <_ZN11USARTSerial17availableForWriteEv>:
{
 80a285c:	b508      	push	{r3, lr}
  return std::max(0, (int)hal_usart_available_data_for_write(_serial));
 80a285e:	7c00      	ldrb	r0, [r0, #16]
 80a2860:	f7fe ffec 	bl	80a183c <hal_usart_available_data_for_write>
}
 80a2864:	ea20 70e0 	bic.w	r0, r0, r0, asr #31
 80a2868:	bd08      	pop	{r3, pc}

080a286a <_ZN11USARTSerial9availableEv>:
{
 80a286a:	b508      	push	{r3, lr}
  return std::max(0, (int)hal_usart_available(_serial));
 80a286c:	7c00      	ldrb	r0, [r0, #16]
 80a286e:	f7fe ffbd 	bl	80a17ec <hal_usart_available>
}
 80a2872:	ea20 70e0 	bic.w	r0, r0, r0, asr #31
 80a2876:	bd08      	pop	{r3, pc}

080a2878 <_ZN11USARTSerial4peekEv>:
{
 80a2878:	b508      	push	{r3, lr}
  return std::max(-1, (int)hal_usart_peek(_serial));
 80a287a:	7c00      	ldrb	r0, [r0, #16]
 80a287c:	f7fe ffc6 	bl	80a180c <hal_usart_peek>
}
 80a2880:	ea40 70e0 	orr.w	r0, r0, r0, asr #31
 80a2884:	bd08      	pop	{r3, pc}

080a2886 <_ZN11USARTSerial4readEv>:
{
 80a2886:	b508      	push	{r3, lr}
  return std::max(-1, (int)hal_usart_read(_serial));
 80a2888:	7c00      	ldrb	r0, [r0, #16]
 80a288a:	f7fe ffb7 	bl	80a17fc <hal_usart_read>
}
 80a288e:	ea40 70e0 	orr.w	r0, r0, r0, asr #31
 80a2892:	bd08      	pop	{r3, pc}

080a2894 <_ZN11USARTSerial5flushEv>:
  hal_usart_flush(_serial);
 80a2894:	7c00      	ldrb	r0, [r0, #16]
 80a2896:	f7fe bfc1 	b.w	80a181c <hal_usart_flush>

080a289a <_ZN11USARTSerial5writeEh>:
{
 80a289a:	b570      	push	{r4, r5, r6, lr}
  if (_blocking || hal_usart_available_data_for_write(_serial) > 0) {
 80a289c:	7c46      	ldrb	r6, [r0, #17]
{
 80a289e:	4604      	mov	r4, r0
 80a28a0:	460d      	mov	r5, r1
  if (_blocking || hal_usart_available_data_for_write(_serial) > 0) {
 80a28a2:	b12e      	cbz	r6, 80a28b0 <_ZN11USARTSerial5writeEh+0x16>
	  return hal_usart_write(_serial, c);
 80a28a4:	4629      	mov	r1, r5
 80a28a6:	7c20      	ldrb	r0, [r4, #16]
}
 80a28a8:	e8bd 4070 	ldmia.w	sp!, {r4, r5, r6, lr}
	  return hal_usart_write(_serial, c);
 80a28ac:	f7fe bf96 	b.w	80a17dc <hal_usart_write>
  if (_blocking || hal_usart_available_data_for_write(_serial) > 0) {
 80a28b0:	7c00      	ldrb	r0, [r0, #16]
 80a28b2:	f7fe ffc3 	bl	80a183c <hal_usart_available_data_for_write>
 80a28b6:	2800      	cmp	r0, #0
 80a28b8:	dcf4      	bgt.n	80a28a4 <_ZN11USARTSerial5writeEh+0xa>
}
 80a28ba:	4630      	mov	r0, r6
 80a28bc:	bd70      	pop	{r4, r5, r6, pc}

080a28be <_ZN11USARTSerialD0Ev>:
 80a28be:	b510      	push	{r4, lr}
 80a28c0:	4604      	mov	r4, r0
 80a28c2:	2114      	movs	r1, #20
 80a28c4:	f000 fa2e 	bl	80a2d24 <_ZdlPvj>
 80a28c8:	4620      	mov	r0, r4
 80a28ca:	bd10      	pop	{r4, pc}

080a28cc <_ZN11USARTSerialC1E21hal_usart_interface_tP23hal_usart_ring_buffer_tS2_>:
 80a28cc:	f04f 0c00 	mov.w	ip, #0
USARTSerial::USARTSerial(hal_usart_interface_t serial, hal_usart_ring_buffer_t *rx_buffer, hal_usart_ring_buffer_t *tx_buffer)
 80a28d0:	b510      	push	{r4, lr}
 80a28d2:	4604      	mov	r4, r0
 80a28d4:	4608      	mov	r0, r1
 80a28d6:	4611      	mov	r1, r2
 80a28d8:	f44f 727a 	mov.w	r2, #1000	; 0x3e8
 80a28dc:	e9c4 c201 	strd	ip, r2, [r4, #4]
 80a28e0:	4a04      	ldr	r2, [pc, #16]	; (80a28f4 <_ZN11USARTSerialC1E21hal_usart_interface_tP23hal_usart_ring_buffer_tS2_+0x28>)
  _serial = serial;
 80a28e2:	7420      	strb	r0, [r4, #16]
USARTSerial::USARTSerial(hal_usart_interface_t serial, hal_usart_ring_buffer_t *rx_buffer, hal_usart_ring_buffer_t *tx_buffer)
 80a28e4:	6022      	str	r2, [r4, #0]
  _blocking = true;
 80a28e6:	2201      	movs	r2, #1
 80a28e8:	7462      	strb	r2, [r4, #17]
  hal_usart_init(serial, rx_buffer, tx_buffer);
 80a28ea:	461a      	mov	r2, r3
 80a28ec:	f7fe ff6e 	bl	80a17cc <hal_usart_init>
}
 80a28f0:	4620      	mov	r0, r4
 80a28f2:	bd10      	pop	{r4, pc}
 80a28f4:	080a38fc 	.word	0x080a38fc

080a28f8 <_Z22__fetch_global_Serial1v>:
{
 80a28f8:	b538      	push	{r3, r4, r5, lr}
	static USARTSerial serial1(HAL_USART_SERIAL1, &serial1_rx_buffer, &serial1_tx_buffer);
 80a28fa:	4d0c      	ldr	r5, [pc, #48]	; (80a292c <_Z22__fetch_global_Serial1v+0x34>)
 80a28fc:	7829      	ldrb	r1, [r5, #0]
 80a28fe:	f3bf 8f5b 	dmb	ish
 80a2902:	f011 0401 	ands.w	r4, r1, #1
 80a2906:	d10f      	bne.n	80a2928 <_Z22__fetch_global_Serial1v+0x30>
 80a2908:	4628      	mov	r0, r5
 80a290a:	f7fd fbcc 	bl	80a00a6 <__cxa_guard_acquire>
 80a290e:	b158      	cbz	r0, 80a2928 <_Z22__fetch_global_Serial1v+0x30>
 80a2910:	4621      	mov	r1, r4
 80a2912:	4b07      	ldr	r3, [pc, #28]	; (80a2930 <_Z22__fetch_global_Serial1v+0x38>)
 80a2914:	4a07      	ldr	r2, [pc, #28]	; (80a2934 <_Z22__fetch_global_Serial1v+0x3c>)
 80a2916:	4808      	ldr	r0, [pc, #32]	; (80a2938 <_Z22__fetch_global_Serial1v+0x40>)
 80a2918:	f7ff ffd8 	bl	80a28cc <_ZN11USARTSerialC1E21hal_usart_interface_tP23hal_usart_ring_buffer_tS2_>
 80a291c:	4628      	mov	r0, r5
 80a291e:	f7fd fbc7 	bl	80a00b0 <__cxa_guard_release>
 80a2922:	4806      	ldr	r0, [pc, #24]	; (80a293c <_Z22__fetch_global_Serial1v+0x44>)
 80a2924:	f000 fdfc 	bl	80a3520 <atexit>
    serial1_tx_buffer = new hal_usart_ring_buffer_t();
  }
  static USARTSerial serial1(HAL_USART_SERIAL1, serial1_rx_buffer, serial1_tx_buffer);
#endif
	return serial1;
}
 80a2928:	4803      	ldr	r0, [pc, #12]	; (80a2938 <_Z22__fetch_global_Serial1v+0x40>)
 80a292a:	bd38      	pop	{r3, r4, r5, pc}
 80a292c:	2000041c 	.word	0x2000041c
 80a2930:	200004a4 	.word	0x200004a4
 80a2934:	20000420 	.word	0x20000420
 80a2938:	20000528 	.word	0x20000528
 80a293c:	080a285b 	.word	0x080a285b

080a2940 <_ZN8particle6detail21futureCallbackWrapperEPv>:
 * License along with this library; if not, see <http://www.gnu.org/licenses/>.
 */

#include "spark_wiring_async.h"

void particle::detail::futureCallbackWrapper(void* data) {
 80a2940:	b510      	push	{r4, lr}
      if (_M_empty())
 80a2942:	6883      	ldr	r3, [r0, #8]
 80a2944:	4604      	mov	r4, r0
 80a2946:	b90b      	cbnz	r3, 80a294c <_ZN8particle6detail21futureCallbackWrapperEPv+0xc>
	__throw_bad_function_call();
 80a2948:	f000 f9f0 	bl	80a2d2c <_ZSt25__throw_bad_function_callv>
      return _M_invoker(_M_functor, std::forward<_ArgTypes>(__args)...);
 80a294c:	68c3      	ldr	r3, [r0, #12]
 80a294e:	4798      	blx	r3
      if (_M_manager)
 80a2950:	68a3      	ldr	r3, [r4, #8]
 80a2952:	b11b      	cbz	r3, 80a295c <_ZN8particle6detail21futureCallbackWrapperEPv+0x1c>
	_M_manager(_M_functor, _M_functor, __destroy_functor);
 80a2954:	2203      	movs	r2, #3
 80a2956:	4621      	mov	r1, r4
 80a2958:	4620      	mov	r0, r4
 80a295a:	4798      	blx	r3
    auto callbackPtr = static_cast<const std::function<void()>*>(data);
    (*callbackPtr)();
    delete callbackPtr;
 80a295c:	4620      	mov	r0, r4
}
 80a295e:	e8bd 4010 	ldmia.w	sp!, {r4, lr}
    delete callbackPtr;
 80a2962:	2110      	movs	r1, #16
 80a2964:	f000 b9de 	b.w	80a2d24 <_ZdlPvj>

080a2968 <_ZN7TwoWireD1Ev>:
private:
  hal_i2c_interface_t _i2c;

public:
  TwoWire(hal_i2c_interface_t i2c, const hal_i2c_config_t& config);
  virtual ~TwoWire() {};
 80a2968:	4770      	bx	lr

080a296a <_ZN7TwoWire5writeEPKhj>:

// must be called in:
// slave tx event callback
// or after beginTransmission(address)
size_t TwoWire::write(const uint8_t *data, size_t quantity)
{
 80a296a:	b5f8      	push	{r3, r4, r5, r6, r7, lr}
 80a296c:	4606      	mov	r6, r0
 80a296e:	4615      	mov	r5, r2
 80a2970:	460c      	mov	r4, r1
 80a2972:	188f      	adds	r7, r1, r2
  // in master/slave transmitter mode
  for(size_t i = 0; i < quantity; ++i)
 80a2974:	42bc      	cmp	r4, r7
 80a2976:	d006      	beq.n	80a2986 <_ZN7TwoWire5writeEPKhj+0x1c>
  {
    write(data[i]);
 80a2978:	6833      	ldr	r3, [r6, #0]
 80a297a:	4630      	mov	r0, r6
 80a297c:	689b      	ldr	r3, [r3, #8]
 80a297e:	f814 1b01 	ldrb.w	r1, [r4], #1
 80a2982:	4798      	blx	r3
  for(size_t i = 0; i < quantity; ++i)
 80a2984:	e7f6      	b.n	80a2974 <_ZN7TwoWire5writeEPKhj+0xa>
  }

  return quantity;
}
 80a2986:	4628      	mov	r0, r5
 80a2988:	bdf8      	pop	{r3, r4, r5, r6, r7, pc}

080a298a <_ZN7TwoWire5writeEh>:
  return hal_i2c_write(_i2c, data, NULL);
 80a298a:	2200      	movs	r2, #0
 80a298c:	7c00      	ldrb	r0, [r0, #16]
 80a298e:	f7fe bf5d 	b.w	80a184c <hal_i2c_write>

080a2992 <_ZN7TwoWire9availableEv>:
// must be called in:
// slave rx event callback
// or after requestFrom(address, numBytes)
int TwoWire::available(void)
{
  return hal_i2c_available(_i2c, NULL);
 80a2992:	2100      	movs	r1, #0
 80a2994:	7c00      	ldrb	r0, [r0, #16]
 80a2996:	f7fe bf61 	b.w	80a185c <hal_i2c_available>

080a299a <_ZN7TwoWire4readEv>:
// must be called in:
// slave rx event callback
// or after requestFrom(address, numBytes)
int TwoWire::read(void)
{
  return hal_i2c_read(_i2c, NULL);
 80a299a:	2100      	movs	r1, #0
 80a299c:	7c00      	ldrb	r0, [r0, #16]
 80a299e:	f7fe bf65 	b.w	80a186c <hal_i2c_read>

080a29a2 <_ZN7TwoWire4peekEv>:
// must be called in:
// slave rx event callback
// or after requestFrom(address, numBytes)
int TwoWire::peek(void)
{
  return hal_i2c_peek(_i2c, NULL);
 80a29a2:	2100      	movs	r1, #0
 80a29a4:	7c00      	ldrb	r0, [r0, #16]
 80a29a6:	f7fe bf69 	b.w	80a187c <hal_i2c_peek>

080a29aa <_ZN7TwoWire5flushEv>:
}

void TwoWire::flush(void)
{
  hal_i2c_flush(_i2c, NULL);
 80a29aa:	2100      	movs	r1, #0
 80a29ac:	7c00      	ldrb	r0, [r0, #16]
 80a29ae:	f7fe bf6d 	b.w	80a188c <hal_i2c_flush>

080a29b2 <_ZN7TwoWireD0Ev>:
 80a29b2:	b510      	push	{r4, lr}
 80a29b4:	4604      	mov	r4, r0
 80a29b6:	2114      	movs	r1, #20
 80a29b8:	f000 f9b4 	bl	80a2d24 <_ZdlPvj>
 80a29bc:	4620      	mov	r0, r4
 80a29be:	bd10      	pop	{r4, pc}

080a29c0 <_ZN7TwoWireC1E19hal_i2c_interface_tRK16hal_i2c_config_t>:
TwoWire::TwoWire(hal_i2c_interface_t i2c, const hal_i2c_config_t& conf)
 80a29c0:	b510      	push	{r4, lr}
 80a29c2:	f44f 737a 	mov.w	r3, #1000	; 0x3e8
 80a29c6:	4604      	mov	r4, r0
 80a29c8:	4608      	mov	r0, r1
 80a29ca:	2100      	movs	r1, #0
 80a29cc:	e9c4 1301 	strd	r1, r3, [r4, #4]
 80a29d0:	4b03      	ldr	r3, [pc, #12]	; (80a29e0 <_ZN7TwoWireC1E19hal_i2c_interface_tRK16hal_i2c_config_t+0x20>)
  hal_i2c_init(_i2c, &conf);
 80a29d2:	4611      	mov	r1, r2
TwoWire::TwoWire(hal_i2c_interface_t i2c, const hal_i2c_config_t& conf)
 80a29d4:	6023      	str	r3, [r4, #0]
  _i2c = i2c;
 80a29d6:	7420      	strb	r0, [r4, #16]
  hal_i2c_init(_i2c, &conf);
 80a29d8:	f7fe ff68 	bl	80a18ac <hal_i2c_init>
}
 80a29dc:	4620      	mov	r0, r4
 80a29de:	bd10      	pop	{r4, pc}
 80a29e0:	080a392c 	.word	0x080a392c

080a29e4 <_ZN5spark9WiFiClass5readyEv>:
        return network_ready(*this, 0, NULL);
 80a29e4:	2200      	movs	r2, #0
 80a29e6:	6840      	ldr	r0, [r0, #4]
 80a29e8:	4611      	mov	r1, r2
 80a29ea:	f7ff b805 	b.w	80a19f8 <network_ready>

080a29ee <_ZN5spark9WiFiClass7resolveEPKc>:
    WLanSelectAntenna_TypeDef getAntenna() {
        return wlan_get_antenna(nullptr);
    }

#if !HAL_USE_INET_HAL_POSIX
    IPAddress resolve(const char* name)
 80a29ee:	b5f0      	push	{r4, r5, r6, r7, lr}
 80a29f0:	4615      	mov	r5, r2
 80a29f2:	b089      	sub	sp, #36	; 0x24
    {
        HAL_IPAddress ip = {};
 80a29f4:	2211      	movs	r2, #17
    IPAddress resolve(const char* name)
 80a29f6:	460e      	mov	r6, r1
 80a29f8:	4604      	mov	r4, r0
        HAL_IPAddress ip = {};
 80a29fa:	2100      	movs	r1, #0
 80a29fc:	a803      	add	r0, sp, #12
 80a29fe:	f000 fda7 	bl	80a3550 <memset>
        return (inet_gethostbyname(name, strlen(name), &ip, *this, NULL) != 0) ?
 80a2a02:	4628      	mov	r0, r5
 80a2a04:	f000 fdfd 	bl	80a3602 <strlen>
 80a2a08:	2700      	movs	r7, #0
 80a2a0a:	b281      	uxth	r1, r0
 80a2a0c:	6873      	ldr	r3, [r6, #4]
 80a2a0e:	4628      	mov	r0, r5
 80a2a10:	9700      	str	r7, [sp, #0]
 80a2a12:	aa03      	add	r2, sp, #12
 80a2a14:	f7fe ff9c 	bl	80a1950 <inet_gethostbyname>
                IPAddress(uint32_t(0)) : IPAddress(ip);
 80a2a18:	b130      	cbz	r0, 80a2a28 <_ZN5spark9WiFiClass7resolveEPKc+0x3a>
 80a2a1a:	4639      	mov	r1, r7
 80a2a1c:	4620      	mov	r0, r4
 80a2a1e:	f7ff fe2d 	bl	80a267c <_ZN9IPAddressC1Em>
    }
 80a2a22:	4620      	mov	r0, r4
 80a2a24:	b009      	add	sp, #36	; 0x24
 80a2a26:	bdf0      	pop	{r4, r5, r6, r7, pc}
                IPAddress(uint32_t(0)) : IPAddress(ip);
 80a2a28:	4620      	mov	r0, r4
 80a2a2a:	a903      	add	r1, sp, #12
 80a2a2c:	f7ff fe14 	bl	80a2658 <_ZN9IPAddressC1ERK16_HAL_IPAddress_t>
 80a2a30:	e7f7      	b.n	80a2a22 <_ZN5spark9WiFiClass7resolveEPKc+0x34>

080a2a32 <_ZN5spark9WiFiClass9listeningEv>:
        return network_listening(*this, 0, NULL);
 80a2a32:	2200      	movs	r2, #0
 80a2a34:	6840      	ldr	r0, [r0, #4]
 80a2a36:	4611      	mov	r1, r2
 80a2a38:	f7fe bffe 	b.w	80a1a38 <network_listening>

080a2a3c <_ZN5spark9WiFiClass16getListenTimeoutEv>:
        return network_get_listen_timeout(*this, 0, NULL);
 80a2a3c:	2200      	movs	r2, #0
 80a2a3e:	6840      	ldr	r0, [r0, #4]
 80a2a40:	4611      	mov	r1, r2
 80a2a42:	f7ff b809 	b.w	80a1a58 <network_get_listen_timeout>

080a2a46 <_ZN5spark9WiFiClass16setListenTimeoutEt>:
        network_set_listen_timeout(*this, timeout, NULL);
 80a2a46:	2200      	movs	r2, #0
 80a2a48:	6840      	ldr	r0, [r0, #4]
 80a2a4a:	f7fe bffd 	b.w	80a1a48 <network_set_listen_timeout>

080a2a4e <_ZN5spark9WiFiClass6listenEb>:
        network_listen(*this, begin ? 0 : 1, NULL);
 80a2a4e:	2200      	movs	r2, #0
 80a2a50:	6840      	ldr	r0, [r0, #4]
 80a2a52:	f081 0101 	eor.w	r1, r1, #1
 80a2a56:	f7fe bfe7 	b.w	80a1a28 <network_listen>

080a2a5a <_ZN5spark9WiFiClass3offEv>:
        network_off(*this, 0, 0, NULL);
 80a2a5a:	2300      	movs	r3, #0
 80a2a5c:	6840      	ldr	r0, [r0, #4]
 80a2a5e:	461a      	mov	r2, r3
 80a2a60:	4619      	mov	r1, r3
 80a2a62:	f7fe bfd9 	b.w	80a1a18 <network_off>

080a2a66 <_ZN5spark9WiFiClass10connectingEv>:
        return network_connecting(*this, 0, NULL);
 80a2a66:	2200      	movs	r2, #0
 80a2a68:	6840      	ldr	r0, [r0, #4]
 80a2a6a:	4611      	mov	r1, r2
 80a2a6c:	f7fe bfb4 	b.w	80a19d8 <network_connecting>

080a2a70 <_ZN5spark9WiFiClass10disconnectEv>:
        network_disconnect(*this, NETWORK_DISCONNECT_REASON_USER, NULL);
 80a2a70:	2200      	movs	r2, #0
 80a2a72:	2102      	movs	r1, #2
 80a2a74:	6840      	ldr	r0, [r0, #4]
 80a2a76:	f7fe bfb7 	b.w	80a19e8 <network_disconnect>

080a2a7a <_ZN5spark9WiFiClass7connectEj>:
        network_connect(*this, flags, 0, NULL);
 80a2a7a:	2300      	movs	r3, #0
 80a2a7c:	6840      	ldr	r0, [r0, #4]
 80a2a7e:	461a      	mov	r2, r3
 80a2a80:	f7fe bfa2 	b.w	80a19c8 <network_connect>

080a2a84 <_GLOBAL__sub_I__ZN10WiFiSignalC2ERK21wlan_connected_info_t>:
    static NetworkClass& from(network_interface_t nif);

    virtual IPAddress resolve(const char* name);

    explicit NetworkClass(network_interface_t iface)
            : iface_(iface) {
 80a2a84:	2204      	movs	r2, #4
 80a2a86:	4b02      	ldr	r3, [pc, #8]	; (80a2a90 <_GLOBAL__sub_I__ZN10WiFiSignalC2ERK21wlan_connected_info_t+0xc>)
 80a2a88:	605a      	str	r2, [r3, #4]
            NetworkClass(NETWORK_INTERFACE_WIFI_STA) {
 80a2a8a:	4a02      	ldr	r2, [pc, #8]	; (80a2a94 <_GLOBAL__sub_I__ZN10WiFiSignalC2ERK21wlan_connected_info_t+0x10>)
 80a2a8c:	601a      	str	r2, [r3, #0]
the same way.
*****************************************************************************/

    WiFiClass WiFi;
    // NetworkClass& Network = WiFi;
}
 80a2a8e:	4770      	bx	lr
 80a2a90:	2000053c 	.word	0x2000053c
 80a2a94:	080a3954 	.word	0x080a3954

080a2a98 <_ZN5spark12NetworkClass7connectEj>:
        return Network;
    }
}

void NetworkClass::connect(unsigned flags) {
    network_connect(*this, flags, 0, nullptr);
 80a2a98:	2300      	movs	r3, #0
 80a2a9a:	6840      	ldr	r0, [r0, #4]
 80a2a9c:	461a      	mov	r2, r3
 80a2a9e:	f7fe bf93 	b.w	80a19c8 <network_connect>

080a2aa2 <_ZN5spark12NetworkClass10disconnectEv>:
}

void NetworkClass::disconnect() {
    network_disconnect(*this, NETWORK_DISCONNECT_REASON_USER, nullptr);
 80a2aa2:	2200      	movs	r2, #0
 80a2aa4:	2102      	movs	r1, #2
 80a2aa6:	6840      	ldr	r0, [r0, #4]
 80a2aa8:	f7fe bf9e 	b.w	80a19e8 <network_disconnect>

080a2aac <_ZN5spark12NetworkClass10connectingEv>:
}

bool NetworkClass::connecting() {
    return network_connecting(*this, 0, nullptr);
 80a2aac:	2200      	movs	r2, #0
 80a2aae:	6840      	ldr	r0, [r0, #4]
 80a2ab0:	4611      	mov	r1, r2
 80a2ab2:	f7fe bf91 	b.w	80a19d8 <network_connecting>

080a2ab6 <_ZN5spark12NetworkClass5readyEv>:
}

bool NetworkClass::ready() {
    return network_ready(*this, 0, nullptr);
 80a2ab6:	2200      	movs	r2, #0
 80a2ab8:	6840      	ldr	r0, [r0, #4]
 80a2aba:	4611      	mov	r1, r2
 80a2abc:	f7fe bf9c 	b.w	80a19f8 <network_ready>

080a2ac0 <_ZN5spark12NetworkClass2onEv>:
}

void NetworkClass::on() {
    network_on(*this, 0, 0, nullptr);
 80a2ac0:	2300      	movs	r3, #0
 80a2ac2:	6840      	ldr	r0, [r0, #4]
 80a2ac4:	461a      	mov	r2, r3
 80a2ac6:	4619      	mov	r1, r3
 80a2ac8:	f7fe bf9e 	b.w	80a1a08 <network_on>

080a2acc <_ZN5spark12NetworkClass3offEv>:
}

void NetworkClass::off() {
    network_off(*this, 0, 0, nullptr);
 80a2acc:	2300      	movs	r3, #0
 80a2ace:	6840      	ldr	r0, [r0, #4]
 80a2ad0:	461a      	mov	r2, r3
 80a2ad2:	4619      	mov	r1, r3
 80a2ad4:	f7fe bfa0 	b.w	80a1a18 <network_off>

080a2ad8 <_ZN5spark12NetworkClass4isOnEv>:
}

bool NetworkClass::isOn() {
    return network_is_on(*this, nullptr);
 80a2ad8:	2100      	movs	r1, #0
 80a2ada:	6840      	ldr	r0, [r0, #4]
 80a2adc:	f7fe bfc4 	b.w	80a1a68 <network_is_on>

080a2ae0 <_ZN5spark12NetworkClass5isOffEv>:
}

bool NetworkClass::isOff() {
    return network_is_off(*this, nullptr);
 80a2ae0:	2100      	movs	r1, #0
 80a2ae2:	6840      	ldr	r0, [r0, #4]
 80a2ae4:	f7fe bfc8 	b.w	80a1a78 <network_is_off>

080a2ae8 <_ZN5spark12NetworkClass6listenEb>:
}

void NetworkClass::listen(bool begin) {
    network_listen(*this, begin ? 0 : 1, nullptr);
 80a2ae8:	2200      	movs	r2, #0
 80a2aea:	6840      	ldr	r0, [r0, #4]
 80a2aec:	f081 0101 	eor.w	r1, r1, #1
 80a2af0:	f7fe bf9a 	b.w	80a1a28 <network_listen>

080a2af4 <_ZN5spark12NetworkClass16setListenTimeoutEt>:
}

void NetworkClass::setListenTimeout(uint16_t timeout) {
    network_set_listen_timeout(*this, timeout, nullptr);
 80a2af4:	2200      	movs	r2, #0
 80a2af6:	6840      	ldr	r0, [r0, #4]
 80a2af8:	f7fe bfa6 	b.w	80a1a48 <network_set_listen_timeout>

080a2afc <_ZN5spark12NetworkClass16getListenTimeoutEv>:
}

uint16_t NetworkClass::getListenTimeout() {
    return network_get_listen_timeout(*this, 0, nullptr);
 80a2afc:	2200      	movs	r2, #0
 80a2afe:	6840      	ldr	r0, [r0, #4]
 80a2b00:	4611      	mov	r1, r2
 80a2b02:	f7fe bfa9 	b.w	80a1a58 <network_get_listen_timeout>

080a2b06 <_ZN5spark12NetworkClass9listeningEv>:
}

bool NetworkClass::listening() {
    return network_listening(*this, 0, nullptr);
 80a2b06:	2200      	movs	r2, #0
 80a2b08:	6840      	ldr	r0, [r0, #4]
 80a2b0a:	4611      	mov	r1, r2
 80a2b0c:	f7fe bf94 	b.w	80a1a38 <network_listening>

080a2b10 <_ZN5spark12NetworkClass7resolveEPKc>:
}

IPAddress NetworkClass::resolve(const char* name) {
 80a2b10:	b570      	push	{r4, r5, r6, lr}
 80a2b12:	4615      	mov	r5, r2
 80a2b14:	b08e      	sub	sp, #56	; 0x38
 80a2b16:	4604      	mov	r4, r0
    IPAddress addr;
 80a2b18:	a808      	add	r0, sp, #32
 80a2b1a:	f7ff fd8f 	bl	80a263c <_ZN9IPAddressC1Ev>
        HAL_IPAddress ip = {};
 80a2b1e:	2211      	movs	r2, #17
 80a2b20:	2100      	movs	r1, #0
 80a2b22:	a803      	add	r0, sp, #12
 80a2b24:	f000 fd14 	bl	80a3550 <memset>
        return (inet_gethostbyname(name, strlen(name), &ip, *this, NULL) != 0) ?
 80a2b28:	2600      	movs	r6, #0
 80a2b2a:	4628      	mov	r0, r5
 80a2b2c:	f000 fd69 	bl	80a3602 <strlen>
 80a2b30:	4b0a      	ldr	r3, [pc, #40]	; (80a2b5c <_ZN5spark12NetworkClass7resolveEPKc+0x4c>)
 80a2b32:	9600      	str	r6, [sp, #0]
 80a2b34:	b281      	uxth	r1, r0
 80a2b36:	685b      	ldr	r3, [r3, #4]
 80a2b38:	4628      	mov	r0, r5
 80a2b3a:	aa03      	add	r2, sp, #12
 80a2b3c:	f7fe ff08 	bl	80a1950 <inet_gethostbyname>
                IPAddress(uint32_t(0)) : IPAddress(ip);
 80a2b40:	b130      	cbz	r0, 80a2b50 <_ZN5spark12NetworkClass7resolveEPKc+0x40>
 80a2b42:	4631      	mov	r1, r6
 80a2b44:	4620      	mov	r0, r4
 80a2b46:	f7ff fd99 	bl	80a267c <_ZN9IPAddressC1Em>
    return Cellular.resolve(name);
#endif // Wiring_Cellular

#endif // HAL_USE_INET_HAL_POSIX
    return addr;
}
 80a2b4a:	4620      	mov	r0, r4
 80a2b4c:	b00e      	add	sp, #56	; 0x38
 80a2b4e:	bd70      	pop	{r4, r5, r6, pc}
 80a2b50:	4620      	mov	r0, r4
 80a2b52:	a903      	add	r1, sp, #12
 80a2b54:	f7ff fd80 	bl	80a2658 <_ZN9IPAddressC1ERK16_HAL_IPAddress_t>
    virtual ~IPAddress() {}
 80a2b58:	e7f7      	b.n	80a2b4a <_ZN5spark12NetworkClass7resolveEPKc+0x3a>
 80a2b5a:	bf00      	nop
 80a2b5c:	2000053c 	.word	0x2000053c

080a2b60 <_GLOBAL__sub_I__ZN5spark7NetworkE>:
 80a2b60:	4b02      	ldr	r3, [pc, #8]	; (80a2b6c <_GLOBAL__sub_I__ZN5spark7NetworkE+0xc>)
 80a2b62:	4a03      	ldr	r2, [pc, #12]	; (80a2b70 <_GLOBAL__sub_I__ZN5spark7NetworkE+0x10>)
 80a2b64:	601a      	str	r2, [r3, #0]
 80a2b66:	2200      	movs	r2, #0
 80a2b68:	605a      	str	r2, [r3, #4]

} // spark
 80a2b6a:	4770      	bx	lr
 80a2b6c:	20000544 	.word	0x20000544
 80a2b70:	080a3990 	.word	0x080a3990

080a2b74 <__tcf_0>:
        dispose();
    }

    void dispose()
    {
        if (handle_) {
 80a2b74:	4b02      	ldr	r3, [pc, #8]	; (80a2b80 <__tcf_0+0xc>)
 80a2b76:	6898      	ldr	r0, [r3, #8]
 80a2b78:	b108      	cbz	r0, 80a2b7e <__tcf_0+0xa>
            os_mutex_recursive_destroy(handle_);
 80a2b7a:	f7fe be1f 	b.w	80a17bc <os_mutex_recursive_destroy>

template <hal_spi_interface_t Interface>
class SpiProxy {
public:
    static SPIClass& instance() {
        static SPIClass instance(Interface);
 80a2b7e:	4770      	bx	lr
 80a2b80:	20000550 	.word	0x20000550

080a2b84 <pinAvailable>:
/*
 * @brief Perform safety check on desired pin to see if it's already
 * being used.  Return 0 if used, otherwise return 1 if available.
 */
bool pinAvailable(uint16_t pin) {
  if (pin >= TOTAL_PINS) {
 80a2b84:	2817      	cmp	r0, #23
bool pinAvailable(uint16_t pin) {
 80a2b86:	b570      	push	{r4, r5, r6, lr}
 80a2b88:	4604      	mov	r4, r0
  if (pin >= TOTAL_PINS) {
 80a2b8a:	d901      	bls.n	80a2b90 <pinAvailable+0xc>
    return false;
 80a2b8c:	2000      	movs	r0, #0
    return false; // 'pin' is used
  }
#endif

  return true; // 'pin' is available
}
 80a2b8e:	bd70      	pop	{r4, r5, r6, pc}
  if((pin == SCK || pin == MOSI || pin == MISO) && hal_spi_is_enabled(SPI.interface()) == true)
 80a2b90:	f1a0 030d 	sub.w	r3, r0, #13
 80a2b94:	2b02      	cmp	r3, #2
 80a2b96:	d90b      	bls.n	80a2bb0 <pinAvailable+0x2c>
  if((pin == SCL || pin == SDA) && hal_i2c_is_enabled(Wire.interface(), nullptr) == true)
 80a2b98:	2801      	cmp	r0, #1
 80a2b9a:	d824      	bhi.n	80a2be6 <pinAvailable+0x62>
 80a2b9c:	f000 f89e 	bl	80a2cdc <_Z19__fetch_global_Wirev>
 80a2ba0:	2100      	movs	r1, #0
 80a2ba2:	7c00      	ldrb	r0, [r0, #16]
 80a2ba4:	f7fe fe7a 	bl	80a189c <hal_i2c_is_enabled>
  if((pin == RX || pin == TX) && hal_usart_is_enabled(Serial1.interface()) == true)
 80a2ba8:	f080 0001 	eor.w	r0, r0, #1
 80a2bac:	b2c0      	uxtb	r0, r0
 80a2bae:	e7ee      	b.n	80a2b8e <pinAvailable+0xa>
 80a2bb0:	4e12      	ldr	r6, [pc, #72]	; (80a2bfc <pinAvailable+0x78>)
 80a2bb2:	7831      	ldrb	r1, [r6, #0]
 80a2bb4:	f3bf 8f5b 	dmb	ish
 80a2bb8:	f011 0501 	ands.w	r5, r1, #1
 80a2bbc:	d10d      	bne.n	80a2bda <pinAvailable+0x56>
 80a2bbe:	4630      	mov	r0, r6
 80a2bc0:	f7fd fa71 	bl	80a00a6 <__cxa_guard_acquire>
 80a2bc4:	b148      	cbz	r0, 80a2bda <pinAvailable+0x56>
 80a2bc6:	4629      	mov	r1, r5
 80a2bc8:	480d      	ldr	r0, [pc, #52]	; (80a2c00 <pinAvailable+0x7c>)
 80a2bca:	f7fe ffb5 	bl	80a1b38 <_ZN8SPIClassC1E19hal_spi_interface_t>
 80a2bce:	4630      	mov	r0, r6
 80a2bd0:	f7fd fa6e 	bl	80a00b0 <__cxa_guard_release>
 80a2bd4:	480b      	ldr	r0, [pc, #44]	; (80a2c04 <pinAvailable+0x80>)
 80a2bd6:	f000 fca3 	bl	80a3520 <atexit>
  if((pin == SCK || pin == MOSI || pin == MISO) && hal_spi_is_enabled(SPI.interface()) == true)
 80a2bda:	4b09      	ldr	r3, [pc, #36]	; (80a2c00 <pinAvailable+0x7c>)
 80a2bdc:	7818      	ldrb	r0, [r3, #0]
 80a2bde:	f7fe fe77 	bl	80a18d0 <hal_spi_is_enabled>
 80a2be2:	2800      	cmp	r0, #0
 80a2be4:	d1d2      	bne.n	80a2b8c <pinAvailable+0x8>
  if((pin == RX || pin == TX) && hal_usart_is_enabled(Serial1.interface()) == true)
 80a2be6:	3c12      	subs	r4, #18
 80a2be8:	2c01      	cmp	r4, #1
 80a2bea:	d805      	bhi.n	80a2bf8 <pinAvailable+0x74>
 80a2bec:	f7ff fe84 	bl	80a28f8 <_Z22__fetch_global_Serial1v>
 80a2bf0:	7c00      	ldrb	r0, [r0, #16]
 80a2bf2:	f7fe fe1b 	bl	80a182c <hal_usart_is_enabled>
 80a2bf6:	e7d7      	b.n	80a2ba8 <pinAvailable+0x24>
  return true; // 'pin' is available
 80a2bf8:	2001      	movs	r0, #1
 80a2bfa:	e7c8      	b.n	80a2b8e <pinAvailable+0xa>
 80a2bfc:	2000054c 	.word	0x2000054c
 80a2c00:	20000550 	.word	0x20000550
 80a2c04:	080a2b75 	.word	0x080a2b75

080a2c08 <pinMode>:
  if(pin >= TOTAL_PINS || setMode == PIN_MODE_NONE )
 80a2c08:	2817      	cmp	r0, #23
{
 80a2c0a:	b538      	push	{r3, r4, r5, lr}
 80a2c0c:	4604      	mov	r4, r0
 80a2c0e:	460d      	mov	r5, r1
  if(pin >= TOTAL_PINS || setMode == PIN_MODE_NONE )
 80a2c10:	d80a      	bhi.n	80a2c28 <pinMode+0x20>
 80a2c12:	29ff      	cmp	r1, #255	; 0xff
 80a2c14:	d008      	beq.n	80a2c28 <pinMode+0x20>
  if( !pinAvailable(pin) ) {
 80a2c16:	f7ff ffb5 	bl	80a2b84 <pinAvailable>
 80a2c1a:	b128      	cbz	r0, 80a2c28 <pinMode+0x20>
  HAL_Pin_Mode(pin, setMode);
 80a2c1c:	4629      	mov	r1, r5
 80a2c1e:	4620      	mov	r0, r4
}
 80a2c20:	e8bd 4038 	ldmia.w	sp!, {r3, r4, r5, lr}
  HAL_Pin_Mode(pin, setMode);
 80a2c24:	f7fe bd8a 	b.w	80a173c <HAL_Pin_Mode>
}
 80a2c28:	bd38      	pop	{r3, r4, r5, pc}

080a2c2a <digitalWrite>:

/*
 * @brief Sets a GPIO pin to HIGH or LOW.
 */
void digitalWrite(pin_t pin, uint8_t value)
{
 80a2c2a:	b538      	push	{r3, r4, r5, lr}
 80a2c2c:	4604      	mov	r4, r0
 80a2c2e:	460d      	mov	r5, r1
    PinMode mode = HAL_Get_Pin_Mode(pin);
 80a2c30:	f7fe fd8c 	bl	80a174c <HAL_Get_Pin_Mode>
    if (mode==PIN_MODE_NONE || is_input_mode(mode))
 80a2c34:	28ff      	cmp	r0, #255	; 0xff
 80a2c36:	d010      	beq.n	80a2c5a <digitalWrite+0x30>
            mode == INPUT_PULLDOWN ||
 80a2c38:	2806      	cmp	r0, #6
 80a2c3a:	d804      	bhi.n	80a2c46 <digitalWrite+0x1c>
 80a2c3c:	234d      	movs	r3, #77	; 0x4d
 80a2c3e:	fa23 f000 	lsr.w	r0, r3, r0
 80a2c42:	07c3      	lsls	r3, r0, #31
 80a2c44:	d409      	bmi.n	80a2c5a <digitalWrite+0x30>
        return;
  // Safety check
  if( !pinAvailable(pin) ) {
 80a2c46:	4620      	mov	r0, r4
 80a2c48:	f7ff ff9c 	bl	80a2b84 <pinAvailable>
 80a2c4c:	b128      	cbz	r0, 80a2c5a <digitalWrite+0x30>
    return;
  }

  HAL_GPIO_Write(pin, value);
 80a2c4e:	4629      	mov	r1, r5
 80a2c50:	4620      	mov	r0, r4
}
 80a2c52:	e8bd 4038 	ldmia.w	sp!, {r3, r4, r5, lr}
  HAL_GPIO_Write(pin, value);
 80a2c56:	f7fe bd81 	b.w	80a175c <HAL_GPIO_Write>
}
 80a2c5a:	bd38      	pop	{r3, r4, r5, pc}

080a2c5c <analogRead>:
 * @brief Read the analog value of a pin.
 * Should return a 16-bit value, 0-65536 (0 = LOW, 65536 = HIGH)
 * Note: ADC is 12-bit. Currently it returns 0-4095
 */
int32_t analogRead(pin_t pin)
{
 80a2c5c:	b510      	push	{r4, lr}
 80a2c5e:	4604      	mov	r4, r0
  // Allow people to use 0-7 to define analog pins by checking to see if the values are too low.
  if(pin < FIRST_ANALOG_PIN)
 80a2c60:	2809      	cmp	r0, #9
  {
    pin = pin + FIRST_ANALOG_PIN;
 80a2c62:	bf9c      	itt	ls
 80a2c64:	340a      	addls	r4, #10
 80a2c66:	b2a4      	uxthls	r4, r4
  }

  // Safety check
  if( !pinAvailable(pin) ) {
 80a2c68:	4620      	mov	r0, r4
 80a2c6a:	f7ff ff8b 	bl	80a2b84 <pinAvailable>
 80a2c6e:	b150      	cbz	r0, 80a2c86 <analogRead+0x2a>
    return LOW;
  }

  if(HAL_Validate_Pin_Function(pin, PF_ADC)!=PF_ADC)
 80a2c70:	2103      	movs	r1, #3
 80a2c72:	4620      	mov	r0, r4
 80a2c74:	f7fe fd5a 	bl	80a172c <HAL_Validate_Pin_Function>
 80a2c78:	2803      	cmp	r0, #3
 80a2c7a:	d104      	bne.n	80a2c86 <analogRead+0x2a>
  {
    return LOW;
  }

  return hal_adc_read(pin);
 80a2c7c:	4620      	mov	r0, r4
}
 80a2c7e:	e8bd 4010 	ldmia.w	sp!, {r4, lr}
  return hal_adc_read(pin);
 80a2c82:	f7fe bd73 	b.w	80a176c <hal_adc_read>
}
 80a2c86:	2000      	movs	r0, #0
 80a2c88:	bd10      	pop	{r4, pc}
	...

080a2c8c <_GLOBAL__sub_I_INADDR_NONE>:
#include "spark_wiring_ipaddress.h"

#if !HAL_USE_SOCKET_HAL_POSIX
const IPAddress INADDR_NONE(0, 0, 0, 0);
 80a2c8c:	2300      	movs	r3, #0
 80a2c8e:	b507      	push	{r0, r1, r2, lr}
 80a2c90:	461a      	mov	r2, r3
 80a2c92:	4619      	mov	r1, r3
 80a2c94:	9300      	str	r3, [sp, #0]
 80a2c96:	4803      	ldr	r0, [pc, #12]	; (80a2ca4 <_GLOBAL__sub_I_INADDR_NONE+0x18>)
 80a2c98:	f7ff fd06 	bl	80a26a8 <_ZN9IPAddressC1Ehhhh>
 80a2c9c:	b003      	add	sp, #12
 80a2c9e:	f85d fb04 	ldr.w	pc, [sp], #4
 80a2ca2:	bf00      	nop
 80a2ca4:	20000560 	.word	0x20000560

080a2ca8 <__tcf_0>:
}
#endif

TwoWire& __fetch_global_Wire()
{
	static TwoWire wire(HAL_I2C_INTERFACE1, acquireWireBuffer());
 80a2ca8:	4770      	bx	lr
	...

080a2cac <_Z17acquireWireBufferv>:
	hal_i2c_config_t config = {
 80a2cac:	2300      	movs	r3, #0
{
 80a2cae:	b570      	push	{r4, r5, r6, lr}
	hal_i2c_config_t config = {
 80a2cb0:	2520      	movs	r5, #32
 80a2cb2:	8043      	strh	r3, [r0, #2]
 80a2cb4:	2314      	movs	r3, #20
		.rx_buffer = new (std::nothrow) uint8_t[I2C_BUFFER_LENGTH],
 80a2cb6:	4e08      	ldr	r6, [pc, #32]	; (80a2cd8 <_Z17acquireWireBufferv+0x2c>)
{
 80a2cb8:	4604      	mov	r4, r0
	hal_i2c_config_t config = {
 80a2cba:	8003      	strh	r3, [r0, #0]
		.rx_buffer = new (std::nothrow) uint8_t[I2C_BUFFER_LENGTH],
 80a2cbc:	4631      	mov	r1, r6
	hal_i2c_config_t config = {
 80a2cbe:	6085      	str	r5, [r0, #8]
 80a2cc0:	6105      	str	r5, [r0, #16]
		.rx_buffer = new (std::nothrow) uint8_t[I2C_BUFFER_LENGTH],
 80a2cc2:	4628      	mov	r0, r5
 80a2cc4:	f000 f830 	bl	80a2d28 <_ZnajRKSt9nothrow_t>
		.tx_buffer = new (std::nothrow) uint8_t[I2C_BUFFER_LENGTH],
 80a2cc8:	4631      	mov	r1, r6
	};
 80a2cca:	6060      	str	r0, [r4, #4]
		.tx_buffer = new (std::nothrow) uint8_t[I2C_BUFFER_LENGTH],
 80a2ccc:	4628      	mov	r0, r5
 80a2cce:	f000 f82b 	bl	80a2d28 <_ZnajRKSt9nothrow_t>
	};
 80a2cd2:	60e0      	str	r0, [r4, #12]
}
 80a2cd4:	4620      	mov	r0, r4
 80a2cd6:	bd70      	pop	{r4, r5, r6, pc}
 80a2cd8:	080a39c4 	.word	0x080a39c4

080a2cdc <_Z19__fetch_global_Wirev>:
{
 80a2cdc:	b530      	push	{r4, r5, lr}
	static TwoWire wire(HAL_I2C_INTERFACE1, acquireWireBuffer());
 80a2cde:	4d0e      	ldr	r5, [pc, #56]	; (80a2d18 <_Z19__fetch_global_Wirev+0x3c>)
{
 80a2ce0:	b087      	sub	sp, #28
	static TwoWire wire(HAL_I2C_INTERFACE1, acquireWireBuffer());
 80a2ce2:	7829      	ldrb	r1, [r5, #0]
 80a2ce4:	f3bf 8f5b 	dmb	ish
 80a2ce8:	f011 0401 	ands.w	r4, r1, #1
 80a2cec:	d111      	bne.n	80a2d12 <_Z19__fetch_global_Wirev+0x36>
 80a2cee:	4628      	mov	r0, r5
 80a2cf0:	f7fd f9d9 	bl	80a00a6 <__cxa_guard_acquire>
 80a2cf4:	b168      	cbz	r0, 80a2d12 <_Z19__fetch_global_Wirev+0x36>
 80a2cf6:	a801      	add	r0, sp, #4
 80a2cf8:	f7ff ffd8 	bl	80a2cac <_Z17acquireWireBufferv>
 80a2cfc:	4621      	mov	r1, r4
 80a2cfe:	aa01      	add	r2, sp, #4
 80a2d00:	4806      	ldr	r0, [pc, #24]	; (80a2d1c <_Z19__fetch_global_Wirev+0x40>)
 80a2d02:	f7ff fe5d 	bl	80a29c0 <_ZN7TwoWireC1E19hal_i2c_interface_tRK16hal_i2c_config_t>
 80a2d06:	4628      	mov	r0, r5
 80a2d08:	f7fd f9d2 	bl	80a00b0 <__cxa_guard_release>
 80a2d0c:	4804      	ldr	r0, [pc, #16]	; (80a2d20 <_Z19__fetch_global_Wirev+0x44>)
 80a2d0e:	f000 fc07 	bl	80a3520 <atexit>
	return wire;
}
 80a2d12:	4802      	ldr	r0, [pc, #8]	; (80a2d1c <_Z19__fetch_global_Wirev+0x40>)
 80a2d14:	b007      	add	sp, #28
 80a2d16:	bd30      	pop	{r4, r5, pc}
 80a2d18:	20000578 	.word	0x20000578
 80a2d1c:	2000057c 	.word	0x2000057c
 80a2d20:	080a2ca9 	.word	0x080a2ca9

080a2d24 <_ZdlPvj>:
 80a2d24:	f7fd b9bd 	b.w	80a00a2 <_ZdlPv>

080a2d28 <_ZnajRKSt9nothrow_t>:
 80a2d28:	f7fd b9b9 	b.w	80a009e <_Znaj>

080a2d2c <_ZSt25__throw_bad_function_callv>:
 80a2d2c:	b508      	push	{r3, lr}
 80a2d2e:	f7fe feeb 	bl	80a1b08 <abort>
	...

080a2d34 <__aeabi_drsub>:
 80a2d34:	f081 4100 	eor.w	r1, r1, #2147483648	; 0x80000000
 80a2d38:	e002      	b.n	80a2d40 <__adddf3>
 80a2d3a:	bf00      	nop

080a2d3c <__aeabi_dsub>:
 80a2d3c:	f083 4300 	eor.w	r3, r3, #2147483648	; 0x80000000

080a2d40 <__adddf3>:
 80a2d40:	b530      	push	{r4, r5, lr}
 80a2d42:	ea4f 0441 	mov.w	r4, r1, lsl #1
 80a2d46:	ea4f 0543 	mov.w	r5, r3, lsl #1
 80a2d4a:	ea94 0f05 	teq	r4, r5
 80a2d4e:	bf08      	it	eq
 80a2d50:	ea90 0f02 	teqeq	r0, r2
 80a2d54:	bf1f      	itttt	ne
 80a2d56:	ea54 0c00 	orrsne.w	ip, r4, r0
 80a2d5a:	ea55 0c02 	orrsne.w	ip, r5, r2
 80a2d5e:	ea7f 5c64 	mvnsne.w	ip, r4, asr #21
 80a2d62:	ea7f 5c65 	mvnsne.w	ip, r5, asr #21
 80a2d66:	f000 80e2 	beq.w	80a2f2e <__adddf3+0x1ee>
 80a2d6a:	ea4f 5454 	mov.w	r4, r4, lsr #21
 80a2d6e:	ebd4 5555 	rsbs	r5, r4, r5, lsr #21
 80a2d72:	bfb8      	it	lt
 80a2d74:	426d      	neglt	r5, r5
 80a2d76:	dd0c      	ble.n	80a2d92 <__adddf3+0x52>
 80a2d78:	442c      	add	r4, r5
 80a2d7a:	ea80 0202 	eor.w	r2, r0, r2
 80a2d7e:	ea81 0303 	eor.w	r3, r1, r3
 80a2d82:	ea82 0000 	eor.w	r0, r2, r0
 80a2d86:	ea83 0101 	eor.w	r1, r3, r1
 80a2d8a:	ea80 0202 	eor.w	r2, r0, r2
 80a2d8e:	ea81 0303 	eor.w	r3, r1, r3
 80a2d92:	2d36      	cmp	r5, #54	; 0x36
 80a2d94:	bf88      	it	hi
 80a2d96:	bd30      	pophi	{r4, r5, pc}
 80a2d98:	f011 4f00 	tst.w	r1, #2147483648	; 0x80000000
 80a2d9c:	ea4f 3101 	mov.w	r1, r1, lsl #12
 80a2da0:	f44f 1c80 	mov.w	ip, #1048576	; 0x100000
 80a2da4:	ea4c 3111 	orr.w	r1, ip, r1, lsr #12
 80a2da8:	d002      	beq.n	80a2db0 <__adddf3+0x70>
 80a2daa:	4240      	negs	r0, r0
 80a2dac:	eb61 0141 	sbc.w	r1, r1, r1, lsl #1
 80a2db0:	f013 4f00 	tst.w	r3, #2147483648	; 0x80000000
 80a2db4:	ea4f 3303 	mov.w	r3, r3, lsl #12
 80a2db8:	ea4c 3313 	orr.w	r3, ip, r3, lsr #12
 80a2dbc:	d002      	beq.n	80a2dc4 <__adddf3+0x84>
 80a2dbe:	4252      	negs	r2, r2
 80a2dc0:	eb63 0343 	sbc.w	r3, r3, r3, lsl #1
 80a2dc4:	ea94 0f05 	teq	r4, r5
 80a2dc8:	f000 80a7 	beq.w	80a2f1a <__adddf3+0x1da>
 80a2dcc:	f1a4 0401 	sub.w	r4, r4, #1
 80a2dd0:	f1d5 0e20 	rsbs	lr, r5, #32
 80a2dd4:	db0d      	blt.n	80a2df2 <__adddf3+0xb2>
 80a2dd6:	fa02 fc0e 	lsl.w	ip, r2, lr
 80a2dda:	fa22 f205 	lsr.w	r2, r2, r5
 80a2dde:	1880      	adds	r0, r0, r2
 80a2de0:	f141 0100 	adc.w	r1, r1, #0
 80a2de4:	fa03 f20e 	lsl.w	r2, r3, lr
 80a2de8:	1880      	adds	r0, r0, r2
 80a2dea:	fa43 f305 	asr.w	r3, r3, r5
 80a2dee:	4159      	adcs	r1, r3
 80a2df0:	e00e      	b.n	80a2e10 <__adddf3+0xd0>
 80a2df2:	f1a5 0520 	sub.w	r5, r5, #32
 80a2df6:	f10e 0e20 	add.w	lr, lr, #32
 80a2dfa:	2a01      	cmp	r2, #1
 80a2dfc:	fa03 fc0e 	lsl.w	ip, r3, lr
 80a2e00:	bf28      	it	cs
 80a2e02:	f04c 0c02 	orrcs.w	ip, ip, #2
 80a2e06:	fa43 f305 	asr.w	r3, r3, r5
 80a2e0a:	18c0      	adds	r0, r0, r3
 80a2e0c:	eb51 71e3 	adcs.w	r1, r1, r3, asr #31
 80a2e10:	f001 4500 	and.w	r5, r1, #2147483648	; 0x80000000
 80a2e14:	d507      	bpl.n	80a2e26 <__adddf3+0xe6>
 80a2e16:	f04f 0e00 	mov.w	lr, #0
 80a2e1a:	f1dc 0c00 	rsbs	ip, ip, #0
 80a2e1e:	eb7e 0000 	sbcs.w	r0, lr, r0
 80a2e22:	eb6e 0101 	sbc.w	r1, lr, r1
 80a2e26:	f5b1 1f80 	cmp.w	r1, #1048576	; 0x100000
 80a2e2a:	d31b      	bcc.n	80a2e64 <__adddf3+0x124>
 80a2e2c:	f5b1 1f00 	cmp.w	r1, #2097152	; 0x200000
 80a2e30:	d30c      	bcc.n	80a2e4c <__adddf3+0x10c>
 80a2e32:	0849      	lsrs	r1, r1, #1
 80a2e34:	ea5f 0030 	movs.w	r0, r0, rrx
 80a2e38:	ea4f 0c3c 	mov.w	ip, ip, rrx
 80a2e3c:	f104 0401 	add.w	r4, r4, #1
 80a2e40:	ea4f 5244 	mov.w	r2, r4, lsl #21
 80a2e44:	f512 0f80 	cmn.w	r2, #4194304	; 0x400000
 80a2e48:	f080 809a 	bcs.w	80a2f80 <__adddf3+0x240>
 80a2e4c:	f1bc 4f00 	cmp.w	ip, #2147483648	; 0x80000000
 80a2e50:	bf08      	it	eq
 80a2e52:	ea5f 0c50 	movseq.w	ip, r0, lsr #1
 80a2e56:	f150 0000 	adcs.w	r0, r0, #0
 80a2e5a:	eb41 5104 	adc.w	r1, r1, r4, lsl #20
 80a2e5e:	ea41 0105 	orr.w	r1, r1, r5
 80a2e62:	bd30      	pop	{r4, r5, pc}
 80a2e64:	ea5f 0c4c 	movs.w	ip, ip, lsl #1
 80a2e68:	4140      	adcs	r0, r0
 80a2e6a:	eb41 0101 	adc.w	r1, r1, r1
 80a2e6e:	3c01      	subs	r4, #1
 80a2e70:	bf28      	it	cs
 80a2e72:	f5b1 1f80 	cmpcs.w	r1, #1048576	; 0x100000
 80a2e76:	d2e9      	bcs.n	80a2e4c <__adddf3+0x10c>
 80a2e78:	f091 0f00 	teq	r1, #0
 80a2e7c:	bf04      	itt	eq
 80a2e7e:	4601      	moveq	r1, r0
 80a2e80:	2000      	moveq	r0, #0
 80a2e82:	fab1 f381 	clz	r3, r1
 80a2e86:	bf08      	it	eq
 80a2e88:	3320      	addeq	r3, #32
 80a2e8a:	f1a3 030b 	sub.w	r3, r3, #11
 80a2e8e:	f1b3 0220 	subs.w	r2, r3, #32
 80a2e92:	da0c      	bge.n	80a2eae <__adddf3+0x16e>
 80a2e94:	320c      	adds	r2, #12
 80a2e96:	dd08      	ble.n	80a2eaa <__adddf3+0x16a>
 80a2e98:	f102 0c14 	add.w	ip, r2, #20
 80a2e9c:	f1c2 020c 	rsb	r2, r2, #12
 80a2ea0:	fa01 f00c 	lsl.w	r0, r1, ip
 80a2ea4:	fa21 f102 	lsr.w	r1, r1, r2
 80a2ea8:	e00c      	b.n	80a2ec4 <__adddf3+0x184>
 80a2eaa:	f102 0214 	add.w	r2, r2, #20
 80a2eae:	bfd8      	it	le
 80a2eb0:	f1c2 0c20 	rsble	ip, r2, #32
 80a2eb4:	fa01 f102 	lsl.w	r1, r1, r2
 80a2eb8:	fa20 fc0c 	lsr.w	ip, r0, ip
 80a2ebc:	bfdc      	itt	le
 80a2ebe:	ea41 010c 	orrle.w	r1, r1, ip
 80a2ec2:	4090      	lslle	r0, r2
 80a2ec4:	1ae4      	subs	r4, r4, r3
 80a2ec6:	bfa2      	ittt	ge
 80a2ec8:	eb01 5104 	addge.w	r1, r1, r4, lsl #20
 80a2ecc:	4329      	orrge	r1, r5
 80a2ece:	bd30      	popge	{r4, r5, pc}
 80a2ed0:	ea6f 0404 	mvn.w	r4, r4
 80a2ed4:	3c1f      	subs	r4, #31
 80a2ed6:	da1c      	bge.n	80a2f12 <__adddf3+0x1d2>
 80a2ed8:	340c      	adds	r4, #12
 80a2eda:	dc0e      	bgt.n	80a2efa <__adddf3+0x1ba>
 80a2edc:	f104 0414 	add.w	r4, r4, #20
 80a2ee0:	f1c4 0220 	rsb	r2, r4, #32
 80a2ee4:	fa20 f004 	lsr.w	r0, r0, r4
 80a2ee8:	fa01 f302 	lsl.w	r3, r1, r2
 80a2eec:	ea40 0003 	orr.w	r0, r0, r3
 80a2ef0:	fa21 f304 	lsr.w	r3, r1, r4
 80a2ef4:	ea45 0103 	orr.w	r1, r5, r3
 80a2ef8:	bd30      	pop	{r4, r5, pc}
 80a2efa:	f1c4 040c 	rsb	r4, r4, #12
 80a2efe:	f1c4 0220 	rsb	r2, r4, #32
 80a2f02:	fa20 f002 	lsr.w	r0, r0, r2
 80a2f06:	fa01 f304 	lsl.w	r3, r1, r4
 80a2f0a:	ea40 0003 	orr.w	r0, r0, r3
 80a2f0e:	4629      	mov	r1, r5
 80a2f10:	bd30      	pop	{r4, r5, pc}
 80a2f12:	fa21 f004 	lsr.w	r0, r1, r4
 80a2f16:	4629      	mov	r1, r5
 80a2f18:	bd30      	pop	{r4, r5, pc}
 80a2f1a:	f094 0f00 	teq	r4, #0
 80a2f1e:	f483 1380 	eor.w	r3, r3, #1048576	; 0x100000
 80a2f22:	bf06      	itte	eq
 80a2f24:	f481 1180 	eoreq.w	r1, r1, #1048576	; 0x100000
 80a2f28:	3401      	addeq	r4, #1
 80a2f2a:	3d01      	subne	r5, #1
 80a2f2c:	e74e      	b.n	80a2dcc <__adddf3+0x8c>
 80a2f2e:	ea7f 5c64 	mvns.w	ip, r4, asr #21
 80a2f32:	bf18      	it	ne
 80a2f34:	ea7f 5c65 	mvnsne.w	ip, r5, asr #21
 80a2f38:	d029      	beq.n	80a2f8e <__adddf3+0x24e>
 80a2f3a:	ea94 0f05 	teq	r4, r5
 80a2f3e:	bf08      	it	eq
 80a2f40:	ea90 0f02 	teqeq	r0, r2
 80a2f44:	d005      	beq.n	80a2f52 <__adddf3+0x212>
 80a2f46:	ea54 0c00 	orrs.w	ip, r4, r0
 80a2f4a:	bf04      	itt	eq
 80a2f4c:	4619      	moveq	r1, r3
 80a2f4e:	4610      	moveq	r0, r2
 80a2f50:	bd30      	pop	{r4, r5, pc}
 80a2f52:	ea91 0f03 	teq	r1, r3
 80a2f56:	bf1e      	ittt	ne
 80a2f58:	2100      	movne	r1, #0
 80a2f5a:	2000      	movne	r0, #0
 80a2f5c:	bd30      	popne	{r4, r5, pc}
 80a2f5e:	ea5f 5c54 	movs.w	ip, r4, lsr #21
 80a2f62:	d105      	bne.n	80a2f70 <__adddf3+0x230>
 80a2f64:	0040      	lsls	r0, r0, #1
 80a2f66:	4149      	adcs	r1, r1
 80a2f68:	bf28      	it	cs
 80a2f6a:	f041 4100 	orrcs.w	r1, r1, #2147483648	; 0x80000000
 80a2f6e:	bd30      	pop	{r4, r5, pc}
 80a2f70:	f514 0480 	adds.w	r4, r4, #4194304	; 0x400000
 80a2f74:	bf3c      	itt	cc
 80a2f76:	f501 1180 	addcc.w	r1, r1, #1048576	; 0x100000
 80a2f7a:	bd30      	popcc	{r4, r5, pc}
 80a2f7c:	f001 4500 	and.w	r5, r1, #2147483648	; 0x80000000
 80a2f80:	f045 41fe 	orr.w	r1, r5, #2130706432	; 0x7f000000
 80a2f84:	f441 0170 	orr.w	r1, r1, #15728640	; 0xf00000
 80a2f88:	f04f 0000 	mov.w	r0, #0
 80a2f8c:	bd30      	pop	{r4, r5, pc}
 80a2f8e:	ea7f 5c64 	mvns.w	ip, r4, asr #21
 80a2f92:	bf1a      	itte	ne
 80a2f94:	4619      	movne	r1, r3
 80a2f96:	4610      	movne	r0, r2
 80a2f98:	ea7f 5c65 	mvnseq.w	ip, r5, asr #21
 80a2f9c:	bf1c      	itt	ne
 80a2f9e:	460b      	movne	r3, r1
 80a2fa0:	4602      	movne	r2, r0
 80a2fa2:	ea50 3401 	orrs.w	r4, r0, r1, lsl #12
 80a2fa6:	bf06      	itte	eq
 80a2fa8:	ea52 3503 	orrseq.w	r5, r2, r3, lsl #12
 80a2fac:	ea91 0f03 	teqeq	r1, r3
 80a2fb0:	f441 2100 	orrne.w	r1, r1, #524288	; 0x80000
 80a2fb4:	bd30      	pop	{r4, r5, pc}
 80a2fb6:	bf00      	nop

080a2fb8 <__aeabi_ui2d>:
 80a2fb8:	f090 0f00 	teq	r0, #0
 80a2fbc:	bf04      	itt	eq
 80a2fbe:	2100      	moveq	r1, #0
 80a2fc0:	4770      	bxeq	lr
 80a2fc2:	b530      	push	{r4, r5, lr}
 80a2fc4:	f44f 6480 	mov.w	r4, #1024	; 0x400
 80a2fc8:	f104 0432 	add.w	r4, r4, #50	; 0x32
 80a2fcc:	f04f 0500 	mov.w	r5, #0
 80a2fd0:	f04f 0100 	mov.w	r1, #0
 80a2fd4:	e750      	b.n	80a2e78 <__adddf3+0x138>
 80a2fd6:	bf00      	nop

080a2fd8 <__aeabi_i2d>:
 80a2fd8:	f090 0f00 	teq	r0, #0
 80a2fdc:	bf04      	itt	eq
 80a2fde:	2100      	moveq	r1, #0
 80a2fe0:	4770      	bxeq	lr
 80a2fe2:	b530      	push	{r4, r5, lr}
 80a2fe4:	f44f 6480 	mov.w	r4, #1024	; 0x400
 80a2fe8:	f104 0432 	add.w	r4, r4, #50	; 0x32
 80a2fec:	f010 4500 	ands.w	r5, r0, #2147483648	; 0x80000000
 80a2ff0:	bf48      	it	mi
 80a2ff2:	4240      	negmi	r0, r0
 80a2ff4:	f04f 0100 	mov.w	r1, #0
 80a2ff8:	e73e      	b.n	80a2e78 <__adddf3+0x138>
 80a2ffa:	bf00      	nop

080a2ffc <__aeabi_f2d>:
 80a2ffc:	0042      	lsls	r2, r0, #1
 80a2ffe:	ea4f 01e2 	mov.w	r1, r2, asr #3
 80a3002:	ea4f 0131 	mov.w	r1, r1, rrx
 80a3006:	ea4f 7002 	mov.w	r0, r2, lsl #28
 80a300a:	bf1f      	itttt	ne
 80a300c:	f012 437f 	andsne.w	r3, r2, #4278190080	; 0xff000000
 80a3010:	f093 4f7f 	teqne	r3, #4278190080	; 0xff000000
 80a3014:	f081 5160 	eorne.w	r1, r1, #939524096	; 0x38000000
 80a3018:	4770      	bxne	lr
 80a301a:	f032 427f 	bics.w	r2, r2, #4278190080	; 0xff000000
 80a301e:	bf08      	it	eq
 80a3020:	4770      	bxeq	lr
 80a3022:	f093 4f7f 	teq	r3, #4278190080	; 0xff000000
 80a3026:	bf04      	itt	eq
 80a3028:	f441 2100 	orreq.w	r1, r1, #524288	; 0x80000
 80a302c:	4770      	bxeq	lr
 80a302e:	b530      	push	{r4, r5, lr}
 80a3030:	f44f 7460 	mov.w	r4, #896	; 0x380
 80a3034:	f001 4500 	and.w	r5, r1, #2147483648	; 0x80000000
 80a3038:	f021 4100 	bic.w	r1, r1, #2147483648	; 0x80000000
 80a303c:	e71c      	b.n	80a2e78 <__adddf3+0x138>
 80a303e:	bf00      	nop

080a3040 <__aeabi_ul2d>:
 80a3040:	ea50 0201 	orrs.w	r2, r0, r1
 80a3044:	bf08      	it	eq
 80a3046:	4770      	bxeq	lr
 80a3048:	b530      	push	{r4, r5, lr}
 80a304a:	f04f 0500 	mov.w	r5, #0
 80a304e:	e00a      	b.n	80a3066 <__aeabi_l2d+0x16>

080a3050 <__aeabi_l2d>:
 80a3050:	ea50 0201 	orrs.w	r2, r0, r1
 80a3054:	bf08      	it	eq
 80a3056:	4770      	bxeq	lr
 80a3058:	b530      	push	{r4, r5, lr}
 80a305a:	f011 4500 	ands.w	r5, r1, #2147483648	; 0x80000000
 80a305e:	d502      	bpl.n	80a3066 <__aeabi_l2d+0x16>
 80a3060:	4240      	negs	r0, r0
 80a3062:	eb61 0141 	sbc.w	r1, r1, r1, lsl #1
 80a3066:	f44f 6480 	mov.w	r4, #1024	; 0x400
 80a306a:	f104 0432 	add.w	r4, r4, #50	; 0x32
 80a306e:	ea5f 5c91 	movs.w	ip, r1, lsr #22
 80a3072:	f43f aed8 	beq.w	80a2e26 <__adddf3+0xe6>
 80a3076:	f04f 0203 	mov.w	r2, #3
 80a307a:	ea5f 0cdc 	movs.w	ip, ip, lsr #3
 80a307e:	bf18      	it	ne
 80a3080:	3203      	addne	r2, #3
 80a3082:	ea5f 0cdc 	movs.w	ip, ip, lsr #3
 80a3086:	bf18      	it	ne
 80a3088:	3203      	addne	r2, #3
 80a308a:	eb02 02dc 	add.w	r2, r2, ip, lsr #3
 80a308e:	f1c2 0320 	rsb	r3, r2, #32
 80a3092:	fa00 fc03 	lsl.w	ip, r0, r3
 80a3096:	fa20 f002 	lsr.w	r0, r0, r2
 80a309a:	fa01 fe03 	lsl.w	lr, r1, r3
 80a309e:	ea40 000e 	orr.w	r0, r0, lr
 80a30a2:	fa21 f102 	lsr.w	r1, r1, r2
 80a30a6:	4414      	add	r4, r2
 80a30a8:	e6bd      	b.n	80a2e26 <__adddf3+0xe6>
 80a30aa:	bf00      	nop

080a30ac <__aeabi_dmul>:
 80a30ac:	b570      	push	{r4, r5, r6, lr}
 80a30ae:	f04f 0cff 	mov.w	ip, #255	; 0xff
 80a30b2:	f44c 6ce0 	orr.w	ip, ip, #1792	; 0x700
 80a30b6:	ea1c 5411 	ands.w	r4, ip, r1, lsr #20
 80a30ba:	bf1d      	ittte	ne
 80a30bc:	ea1c 5513 	andsne.w	r5, ip, r3, lsr #20
 80a30c0:	ea94 0f0c 	teqne	r4, ip
 80a30c4:	ea95 0f0c 	teqne	r5, ip
 80a30c8:	f000 f8de 	bleq	80a3288 <__aeabi_dmul+0x1dc>
 80a30cc:	442c      	add	r4, r5
 80a30ce:	ea81 0603 	eor.w	r6, r1, r3
 80a30d2:	ea21 514c 	bic.w	r1, r1, ip, lsl #21
 80a30d6:	ea23 534c 	bic.w	r3, r3, ip, lsl #21
 80a30da:	ea50 3501 	orrs.w	r5, r0, r1, lsl #12
 80a30de:	bf18      	it	ne
 80a30e0:	ea52 3503 	orrsne.w	r5, r2, r3, lsl #12
 80a30e4:	f441 1180 	orr.w	r1, r1, #1048576	; 0x100000
 80a30e8:	f443 1380 	orr.w	r3, r3, #1048576	; 0x100000
 80a30ec:	d038      	beq.n	80a3160 <__aeabi_dmul+0xb4>
 80a30ee:	fba0 ce02 	umull	ip, lr, r0, r2
 80a30f2:	f04f 0500 	mov.w	r5, #0
 80a30f6:	fbe1 e502 	umlal	lr, r5, r1, r2
 80a30fa:	f006 4200 	and.w	r2, r6, #2147483648	; 0x80000000
 80a30fe:	fbe0 e503 	umlal	lr, r5, r0, r3
 80a3102:	f04f 0600 	mov.w	r6, #0
 80a3106:	fbe1 5603 	umlal	r5, r6, r1, r3
 80a310a:	f09c 0f00 	teq	ip, #0
 80a310e:	bf18      	it	ne
 80a3110:	f04e 0e01 	orrne.w	lr, lr, #1
 80a3114:	f1a4 04ff 	sub.w	r4, r4, #255	; 0xff
 80a3118:	f5b6 7f00 	cmp.w	r6, #512	; 0x200
 80a311c:	f564 7440 	sbc.w	r4, r4, #768	; 0x300
 80a3120:	d204      	bcs.n	80a312c <__aeabi_dmul+0x80>
 80a3122:	ea5f 0e4e 	movs.w	lr, lr, lsl #1
 80a3126:	416d      	adcs	r5, r5
 80a3128:	eb46 0606 	adc.w	r6, r6, r6
 80a312c:	ea42 21c6 	orr.w	r1, r2, r6, lsl #11
 80a3130:	ea41 5155 	orr.w	r1, r1, r5, lsr #21
 80a3134:	ea4f 20c5 	mov.w	r0, r5, lsl #11
 80a3138:	ea40 505e 	orr.w	r0, r0, lr, lsr #21
 80a313c:	ea4f 2ece 	mov.w	lr, lr, lsl #11
 80a3140:	f1b4 0cfd 	subs.w	ip, r4, #253	; 0xfd
 80a3144:	bf88      	it	hi
 80a3146:	f5bc 6fe0 	cmphi.w	ip, #1792	; 0x700
 80a314a:	d81e      	bhi.n	80a318a <__aeabi_dmul+0xde>
 80a314c:	f1be 4f00 	cmp.w	lr, #2147483648	; 0x80000000
 80a3150:	bf08      	it	eq
 80a3152:	ea5f 0e50 	movseq.w	lr, r0, lsr #1
 80a3156:	f150 0000 	adcs.w	r0, r0, #0
 80a315a:	eb41 5104 	adc.w	r1, r1, r4, lsl #20
 80a315e:	bd70      	pop	{r4, r5, r6, pc}
 80a3160:	f006 4600 	and.w	r6, r6, #2147483648	; 0x80000000
 80a3164:	ea46 0101 	orr.w	r1, r6, r1
 80a3168:	ea40 0002 	orr.w	r0, r0, r2
 80a316c:	ea81 0103 	eor.w	r1, r1, r3
 80a3170:	ebb4 045c 	subs.w	r4, r4, ip, lsr #1
 80a3174:	bfc2      	ittt	gt
 80a3176:	ebd4 050c 	rsbsgt	r5, r4, ip
 80a317a:	ea41 5104 	orrgt.w	r1, r1, r4, lsl #20
 80a317e:	bd70      	popgt	{r4, r5, r6, pc}
 80a3180:	f441 1180 	orr.w	r1, r1, #1048576	; 0x100000
 80a3184:	f04f 0e00 	mov.w	lr, #0
 80a3188:	3c01      	subs	r4, #1
 80a318a:	f300 80ab 	bgt.w	80a32e4 <__aeabi_dmul+0x238>
 80a318e:	f114 0f36 	cmn.w	r4, #54	; 0x36
 80a3192:	bfde      	ittt	le
 80a3194:	2000      	movle	r0, #0
 80a3196:	f001 4100 	andle.w	r1, r1, #2147483648	; 0x80000000
 80a319a:	bd70      	pople	{r4, r5, r6, pc}
 80a319c:	f1c4 0400 	rsb	r4, r4, #0
 80a31a0:	3c20      	subs	r4, #32
 80a31a2:	da35      	bge.n	80a3210 <__aeabi_dmul+0x164>
 80a31a4:	340c      	adds	r4, #12
 80a31a6:	dc1b      	bgt.n	80a31e0 <__aeabi_dmul+0x134>
 80a31a8:	f104 0414 	add.w	r4, r4, #20
 80a31ac:	f1c4 0520 	rsb	r5, r4, #32
 80a31b0:	fa00 f305 	lsl.w	r3, r0, r5
 80a31b4:	fa20 f004 	lsr.w	r0, r0, r4
 80a31b8:	fa01 f205 	lsl.w	r2, r1, r5
 80a31bc:	ea40 0002 	orr.w	r0, r0, r2
 80a31c0:	f001 4200 	and.w	r2, r1, #2147483648	; 0x80000000
 80a31c4:	f021 4100 	bic.w	r1, r1, #2147483648	; 0x80000000
 80a31c8:	eb10 70d3 	adds.w	r0, r0, r3, lsr #31
 80a31cc:	fa21 f604 	lsr.w	r6, r1, r4
 80a31d0:	eb42 0106 	adc.w	r1, r2, r6
 80a31d4:	ea5e 0e43 	orrs.w	lr, lr, r3, lsl #1
 80a31d8:	bf08      	it	eq
 80a31da:	ea20 70d3 	biceq.w	r0, r0, r3, lsr #31
 80a31de:	bd70      	pop	{r4, r5, r6, pc}
 80a31e0:	f1c4 040c 	rsb	r4, r4, #12
 80a31e4:	f1c4 0520 	rsb	r5, r4, #32
 80a31e8:	fa00 f304 	lsl.w	r3, r0, r4
 80a31ec:	fa20 f005 	lsr.w	r0, r0, r5
 80a31f0:	fa01 f204 	lsl.w	r2, r1, r4
 80a31f4:	ea40 0002 	orr.w	r0, r0, r2
 80a31f8:	f001 4100 	and.w	r1, r1, #2147483648	; 0x80000000
 80a31fc:	eb10 70d3 	adds.w	r0, r0, r3, lsr #31
 80a3200:	f141 0100 	adc.w	r1, r1, #0
 80a3204:	ea5e 0e43 	orrs.w	lr, lr, r3, lsl #1
 80a3208:	bf08      	it	eq
 80a320a:	ea20 70d3 	biceq.w	r0, r0, r3, lsr #31
 80a320e:	bd70      	pop	{r4, r5, r6, pc}
 80a3210:	f1c4 0520 	rsb	r5, r4, #32
 80a3214:	fa00 f205 	lsl.w	r2, r0, r5
 80a3218:	ea4e 0e02 	orr.w	lr, lr, r2
 80a321c:	fa20 f304 	lsr.w	r3, r0, r4
 80a3220:	fa01 f205 	lsl.w	r2, r1, r5
 80a3224:	ea43 0302 	orr.w	r3, r3, r2
 80a3228:	fa21 f004 	lsr.w	r0, r1, r4
 80a322c:	f001 4100 	and.w	r1, r1, #2147483648	; 0x80000000
 80a3230:	fa21 f204 	lsr.w	r2, r1, r4
 80a3234:	ea20 0002 	bic.w	r0, r0, r2
 80a3238:	eb00 70d3 	add.w	r0, r0, r3, lsr #31
 80a323c:	ea5e 0e43 	orrs.w	lr, lr, r3, lsl #1
 80a3240:	bf08      	it	eq
 80a3242:	ea20 70d3 	biceq.w	r0, r0, r3, lsr #31
 80a3246:	bd70      	pop	{r4, r5, r6, pc}
 80a3248:	f094 0f00 	teq	r4, #0
 80a324c:	d10f      	bne.n	80a326e <__aeabi_dmul+0x1c2>
 80a324e:	f001 4600 	and.w	r6, r1, #2147483648	; 0x80000000
 80a3252:	0040      	lsls	r0, r0, #1
 80a3254:	eb41 0101 	adc.w	r1, r1, r1
 80a3258:	f411 1f80 	tst.w	r1, #1048576	; 0x100000
 80a325c:	bf08      	it	eq
 80a325e:	3c01      	subeq	r4, #1
 80a3260:	d0f7      	beq.n	80a3252 <__aeabi_dmul+0x1a6>
 80a3262:	ea41 0106 	orr.w	r1, r1, r6
 80a3266:	f095 0f00 	teq	r5, #0
 80a326a:	bf18      	it	ne
 80a326c:	4770      	bxne	lr
 80a326e:	f003 4600 	and.w	r6, r3, #2147483648	; 0x80000000
 80a3272:	0052      	lsls	r2, r2, #1
 80a3274:	eb43 0303 	adc.w	r3, r3, r3
 80a3278:	f413 1f80 	tst.w	r3, #1048576	; 0x100000
 80a327c:	bf08      	it	eq
 80a327e:	3d01      	subeq	r5, #1
 80a3280:	d0f7      	beq.n	80a3272 <__aeabi_dmul+0x1c6>
 80a3282:	ea43 0306 	orr.w	r3, r3, r6
 80a3286:	4770      	bx	lr
 80a3288:	ea94 0f0c 	teq	r4, ip
 80a328c:	ea0c 5513 	and.w	r5, ip, r3, lsr #20
 80a3290:	bf18      	it	ne
 80a3292:	ea95 0f0c 	teqne	r5, ip
 80a3296:	d00c      	beq.n	80a32b2 <__aeabi_dmul+0x206>
 80a3298:	ea50 0641 	orrs.w	r6, r0, r1, lsl #1
 80a329c:	bf18      	it	ne
 80a329e:	ea52 0643 	orrsne.w	r6, r2, r3, lsl #1
 80a32a2:	d1d1      	bne.n	80a3248 <__aeabi_dmul+0x19c>
 80a32a4:	ea81 0103 	eor.w	r1, r1, r3
 80a32a8:	f001 4100 	and.w	r1, r1, #2147483648	; 0x80000000
 80a32ac:	f04f 0000 	mov.w	r0, #0
 80a32b0:	bd70      	pop	{r4, r5, r6, pc}
 80a32b2:	ea50 0641 	orrs.w	r6, r0, r1, lsl #1
 80a32b6:	bf06      	itte	eq
 80a32b8:	4610      	moveq	r0, r2
 80a32ba:	4619      	moveq	r1, r3
 80a32bc:	ea52 0643 	orrsne.w	r6, r2, r3, lsl #1
 80a32c0:	d019      	beq.n	80a32f6 <__aeabi_dmul+0x24a>
 80a32c2:	ea94 0f0c 	teq	r4, ip
 80a32c6:	d102      	bne.n	80a32ce <__aeabi_dmul+0x222>
 80a32c8:	ea50 3601 	orrs.w	r6, r0, r1, lsl #12
 80a32cc:	d113      	bne.n	80a32f6 <__aeabi_dmul+0x24a>
 80a32ce:	ea95 0f0c 	teq	r5, ip
 80a32d2:	d105      	bne.n	80a32e0 <__aeabi_dmul+0x234>
 80a32d4:	ea52 3603 	orrs.w	r6, r2, r3, lsl #12
 80a32d8:	bf1c      	itt	ne
 80a32da:	4610      	movne	r0, r2
 80a32dc:	4619      	movne	r1, r3
 80a32de:	d10a      	bne.n	80a32f6 <__aeabi_dmul+0x24a>
 80a32e0:	ea81 0103 	eor.w	r1, r1, r3
 80a32e4:	f001 4100 	and.w	r1, r1, #2147483648	; 0x80000000
 80a32e8:	f041 41fe 	orr.w	r1, r1, #2130706432	; 0x7f000000
 80a32ec:	f441 0170 	orr.w	r1, r1, #15728640	; 0xf00000
 80a32f0:	f04f 0000 	mov.w	r0, #0
 80a32f4:	bd70      	pop	{r4, r5, r6, pc}
 80a32f6:	f041 41fe 	orr.w	r1, r1, #2130706432	; 0x7f000000
 80a32fa:	f441 0178 	orr.w	r1, r1, #16252928	; 0xf80000
 80a32fe:	bd70      	pop	{r4, r5, r6, pc}

080a3300 <__aeabi_ddiv>:
 80a3300:	b570      	push	{r4, r5, r6, lr}
 80a3302:	f04f 0cff 	mov.w	ip, #255	; 0xff
 80a3306:	f44c 6ce0 	orr.w	ip, ip, #1792	; 0x700
 80a330a:	ea1c 5411 	ands.w	r4, ip, r1, lsr #20
 80a330e:	bf1d      	ittte	ne
 80a3310:	ea1c 5513 	andsne.w	r5, ip, r3, lsr #20
 80a3314:	ea94 0f0c 	teqne	r4, ip
 80a3318:	ea95 0f0c 	teqne	r5, ip
 80a331c:	f000 f8a7 	bleq	80a346e <__aeabi_ddiv+0x16e>
 80a3320:	eba4 0405 	sub.w	r4, r4, r5
 80a3324:	ea81 0e03 	eor.w	lr, r1, r3
 80a3328:	ea52 3503 	orrs.w	r5, r2, r3, lsl #12
 80a332c:	ea4f 3101 	mov.w	r1, r1, lsl #12
 80a3330:	f000 8088 	beq.w	80a3444 <__aeabi_ddiv+0x144>
 80a3334:	ea4f 3303 	mov.w	r3, r3, lsl #12
 80a3338:	f04f 5580 	mov.w	r5, #268435456	; 0x10000000
 80a333c:	ea45 1313 	orr.w	r3, r5, r3, lsr #4
 80a3340:	ea43 6312 	orr.w	r3, r3, r2, lsr #24
 80a3344:	ea4f 2202 	mov.w	r2, r2, lsl #8
 80a3348:	ea45 1511 	orr.w	r5, r5, r1, lsr #4
 80a334c:	ea45 6510 	orr.w	r5, r5, r0, lsr #24
 80a3350:	ea4f 2600 	mov.w	r6, r0, lsl #8
 80a3354:	f00e 4100 	and.w	r1, lr, #2147483648	; 0x80000000
 80a3358:	429d      	cmp	r5, r3
 80a335a:	bf08      	it	eq
 80a335c:	4296      	cmpeq	r6, r2
 80a335e:	f144 04fd 	adc.w	r4, r4, #253	; 0xfd
 80a3362:	f504 7440 	add.w	r4, r4, #768	; 0x300
 80a3366:	d202      	bcs.n	80a336e <__aeabi_ddiv+0x6e>
 80a3368:	085b      	lsrs	r3, r3, #1
 80a336a:	ea4f 0232 	mov.w	r2, r2, rrx
 80a336e:	1ab6      	subs	r6, r6, r2
 80a3370:	eb65 0503 	sbc.w	r5, r5, r3
 80a3374:	085b      	lsrs	r3, r3, #1
 80a3376:	ea4f 0232 	mov.w	r2, r2, rrx
 80a337a:	f44f 1080 	mov.w	r0, #1048576	; 0x100000
 80a337e:	f44f 2c00 	mov.w	ip, #524288	; 0x80000
 80a3382:	ebb6 0e02 	subs.w	lr, r6, r2
 80a3386:	eb75 0e03 	sbcs.w	lr, r5, r3
 80a338a:	bf22      	ittt	cs
 80a338c:	1ab6      	subcs	r6, r6, r2
 80a338e:	4675      	movcs	r5, lr
 80a3390:	ea40 000c 	orrcs.w	r0, r0, ip
 80a3394:	085b      	lsrs	r3, r3, #1
 80a3396:	ea4f 0232 	mov.w	r2, r2, rrx
 80a339a:	ebb6 0e02 	subs.w	lr, r6, r2
 80a339e:	eb75 0e03 	sbcs.w	lr, r5, r3
 80a33a2:	bf22      	ittt	cs
 80a33a4:	1ab6      	subcs	r6, r6, r2
 80a33a6:	4675      	movcs	r5, lr
 80a33a8:	ea40 005c 	orrcs.w	r0, r0, ip, lsr #1
 80a33ac:	085b      	lsrs	r3, r3, #1
 80a33ae:	ea4f 0232 	mov.w	r2, r2, rrx
 80a33b2:	ebb6 0e02 	subs.w	lr, r6, r2
 80a33b6:	eb75 0e03 	sbcs.w	lr, r5, r3
 80a33ba:	bf22      	ittt	cs
 80a33bc:	1ab6      	subcs	r6, r6, r2
 80a33be:	4675      	movcs	r5, lr
 80a33c0:	ea40 009c 	orrcs.w	r0, r0, ip, lsr #2
 80a33c4:	085b      	lsrs	r3, r3, #1
 80a33c6:	ea4f 0232 	mov.w	r2, r2, rrx
 80a33ca:	ebb6 0e02 	subs.w	lr, r6, r2
 80a33ce:	eb75 0e03 	sbcs.w	lr, r5, r3
 80a33d2:	bf22      	ittt	cs
 80a33d4:	1ab6      	subcs	r6, r6, r2
 80a33d6:	4675      	movcs	r5, lr
 80a33d8:	ea40 00dc 	orrcs.w	r0, r0, ip, lsr #3
 80a33dc:	ea55 0e06 	orrs.w	lr, r5, r6
 80a33e0:	d018      	beq.n	80a3414 <__aeabi_ddiv+0x114>
 80a33e2:	ea4f 1505 	mov.w	r5, r5, lsl #4
 80a33e6:	ea45 7516 	orr.w	r5, r5, r6, lsr #28
 80a33ea:	ea4f 1606 	mov.w	r6, r6, lsl #4
 80a33ee:	ea4f 03c3 	mov.w	r3, r3, lsl #3
 80a33f2:	ea43 7352 	orr.w	r3, r3, r2, lsr #29
 80a33f6:	ea4f 02c2 	mov.w	r2, r2, lsl #3
 80a33fa:	ea5f 1c1c 	movs.w	ip, ip, lsr #4
 80a33fe:	d1c0      	bne.n	80a3382 <__aeabi_ddiv+0x82>
 80a3400:	f411 1f80 	tst.w	r1, #1048576	; 0x100000
 80a3404:	d10b      	bne.n	80a341e <__aeabi_ddiv+0x11e>
 80a3406:	ea41 0100 	orr.w	r1, r1, r0
 80a340a:	f04f 0000 	mov.w	r0, #0
 80a340e:	f04f 4c00 	mov.w	ip, #2147483648	; 0x80000000
 80a3412:	e7b6      	b.n	80a3382 <__aeabi_ddiv+0x82>
 80a3414:	f411 1f80 	tst.w	r1, #1048576	; 0x100000
 80a3418:	bf04      	itt	eq
 80a341a:	4301      	orreq	r1, r0
 80a341c:	2000      	moveq	r0, #0
 80a341e:	f1b4 0cfd 	subs.w	ip, r4, #253	; 0xfd
 80a3422:	bf88      	it	hi
 80a3424:	f5bc 6fe0 	cmphi.w	ip, #1792	; 0x700
 80a3428:	f63f aeaf 	bhi.w	80a318a <__aeabi_dmul+0xde>
 80a342c:	ebb5 0c03 	subs.w	ip, r5, r3
 80a3430:	bf04      	itt	eq
 80a3432:	ebb6 0c02 	subseq.w	ip, r6, r2
 80a3436:	ea5f 0c50 	movseq.w	ip, r0, lsr #1
 80a343a:	f150 0000 	adcs.w	r0, r0, #0
 80a343e:	eb41 5104 	adc.w	r1, r1, r4, lsl #20
 80a3442:	bd70      	pop	{r4, r5, r6, pc}
 80a3444:	f00e 4e00 	and.w	lr, lr, #2147483648	; 0x80000000
 80a3448:	ea4e 3111 	orr.w	r1, lr, r1, lsr #12
 80a344c:	eb14 045c 	adds.w	r4, r4, ip, lsr #1
 80a3450:	bfc2      	ittt	gt
 80a3452:	ebd4 050c 	rsbsgt	r5, r4, ip
 80a3456:	ea41 5104 	orrgt.w	r1, r1, r4, lsl #20
 80a345a:	bd70      	popgt	{r4, r5, r6, pc}
 80a345c:	f441 1180 	orr.w	r1, r1, #1048576	; 0x100000
 80a3460:	f04f 0e00 	mov.w	lr, #0
 80a3464:	3c01      	subs	r4, #1
 80a3466:	e690      	b.n	80a318a <__aeabi_dmul+0xde>
 80a3468:	ea45 0e06 	orr.w	lr, r5, r6
 80a346c:	e68d      	b.n	80a318a <__aeabi_dmul+0xde>
 80a346e:	ea0c 5513 	and.w	r5, ip, r3, lsr #20
 80a3472:	ea94 0f0c 	teq	r4, ip
 80a3476:	bf08      	it	eq
 80a3478:	ea95 0f0c 	teqeq	r5, ip
 80a347c:	f43f af3b 	beq.w	80a32f6 <__aeabi_dmul+0x24a>
 80a3480:	ea94 0f0c 	teq	r4, ip
 80a3484:	d10a      	bne.n	80a349c <__aeabi_ddiv+0x19c>
 80a3486:	ea50 3401 	orrs.w	r4, r0, r1, lsl #12
 80a348a:	f47f af34 	bne.w	80a32f6 <__aeabi_dmul+0x24a>
 80a348e:	ea95 0f0c 	teq	r5, ip
 80a3492:	f47f af25 	bne.w	80a32e0 <__aeabi_dmul+0x234>
 80a3496:	4610      	mov	r0, r2
 80a3498:	4619      	mov	r1, r3
 80a349a:	e72c      	b.n	80a32f6 <__aeabi_dmul+0x24a>
 80a349c:	ea95 0f0c 	teq	r5, ip
 80a34a0:	d106      	bne.n	80a34b0 <__aeabi_ddiv+0x1b0>
 80a34a2:	ea52 3503 	orrs.w	r5, r2, r3, lsl #12
 80a34a6:	f43f aefd 	beq.w	80a32a4 <__aeabi_dmul+0x1f8>
 80a34aa:	4610      	mov	r0, r2
 80a34ac:	4619      	mov	r1, r3
 80a34ae:	e722      	b.n	80a32f6 <__aeabi_dmul+0x24a>
 80a34b0:	ea50 0641 	orrs.w	r6, r0, r1, lsl #1
 80a34b4:	bf18      	it	ne
 80a34b6:	ea52 0643 	orrsne.w	r6, r2, r3, lsl #1
 80a34ba:	f47f aec5 	bne.w	80a3248 <__aeabi_dmul+0x19c>
 80a34be:	ea50 0441 	orrs.w	r4, r0, r1, lsl #1
 80a34c2:	f47f af0d 	bne.w	80a32e0 <__aeabi_dmul+0x234>
 80a34c6:	ea52 0543 	orrs.w	r5, r2, r3, lsl #1
 80a34ca:	f47f aeeb 	bne.w	80a32a4 <__aeabi_dmul+0x1f8>
 80a34ce:	e712      	b.n	80a32f6 <__aeabi_dmul+0x24a>

080a34d0 <__aeabi_d2iz>:
 80a34d0:	ea4f 0241 	mov.w	r2, r1, lsl #1
 80a34d4:	f512 1200 	adds.w	r2, r2, #2097152	; 0x200000
 80a34d8:	d215      	bcs.n	80a3506 <__aeabi_d2iz+0x36>
 80a34da:	d511      	bpl.n	80a3500 <__aeabi_d2iz+0x30>
 80a34dc:	f46f 7378 	mvn.w	r3, #992	; 0x3e0
 80a34e0:	ebb3 5262 	subs.w	r2, r3, r2, asr #21
 80a34e4:	d912      	bls.n	80a350c <__aeabi_d2iz+0x3c>
 80a34e6:	ea4f 23c1 	mov.w	r3, r1, lsl #11
 80a34ea:	f043 4300 	orr.w	r3, r3, #2147483648	; 0x80000000
 80a34ee:	ea43 5350 	orr.w	r3, r3, r0, lsr #21
 80a34f2:	f011 4f00 	tst.w	r1, #2147483648	; 0x80000000
 80a34f6:	fa23 f002 	lsr.w	r0, r3, r2
 80a34fa:	bf18      	it	ne
 80a34fc:	4240      	negne	r0, r0
 80a34fe:	4770      	bx	lr
 80a3500:	f04f 0000 	mov.w	r0, #0
 80a3504:	4770      	bx	lr
 80a3506:	ea50 3001 	orrs.w	r0, r0, r1, lsl #12
 80a350a:	d105      	bne.n	80a3518 <__aeabi_d2iz+0x48>
 80a350c:	f011 4000 	ands.w	r0, r1, #2147483648	; 0x80000000
 80a3510:	bf08      	it	eq
 80a3512:	f06f 4000 	mvneq.w	r0, #2147483648	; 0x80000000
 80a3516:	4770      	bx	lr
 80a3518:	f04f 0000 	mov.w	r0, #0
 80a351c:	4770      	bx	lr
 80a351e:	bf00      	nop

080a3520 <atexit>:
 80a3520:	2300      	movs	r3, #0
 80a3522:	4601      	mov	r1, r0
 80a3524:	461a      	mov	r2, r3
 80a3526:	4618      	mov	r0, r3
 80a3528:	f000 b8f8 	b.w	80a371c <__register_exitproc>

080a352c <atol>:
 80a352c:	220a      	movs	r2, #10
 80a352e:	2100      	movs	r1, #0
 80a3530:	f000 b8ea 	b.w	80a3708 <strtol>

080a3534 <memcpy>:
 80a3534:	440a      	add	r2, r1
 80a3536:	4291      	cmp	r1, r2
 80a3538:	f100 33ff 	add.w	r3, r0, #4294967295
 80a353c:	d100      	bne.n	80a3540 <memcpy+0xc>
 80a353e:	4770      	bx	lr
 80a3540:	b510      	push	{r4, lr}
 80a3542:	f811 4b01 	ldrb.w	r4, [r1], #1
 80a3546:	4291      	cmp	r1, r2
 80a3548:	f803 4f01 	strb.w	r4, [r3, #1]!
 80a354c:	d1f9      	bne.n	80a3542 <memcpy+0xe>
 80a354e:	bd10      	pop	{r4, pc}

080a3550 <memset>:
 80a3550:	4603      	mov	r3, r0
 80a3552:	4402      	add	r2, r0
 80a3554:	4293      	cmp	r3, r2
 80a3556:	d100      	bne.n	80a355a <memset+0xa>
 80a3558:	4770      	bx	lr
 80a355a:	f803 1b01 	strb.w	r1, [r3], #1
 80a355e:	e7f9      	b.n	80a3554 <memset+0x4>

080a3560 <srand>:
 80a3560:	b538      	push	{r3, r4, r5, lr}
 80a3562:	4b0d      	ldr	r3, [pc, #52]	; (80a3598 <srand+0x38>)
 80a3564:	4604      	mov	r4, r0
 80a3566:	681d      	ldr	r5, [r3, #0]
 80a3568:	6bab      	ldr	r3, [r5, #56]	; 0x38
 80a356a:	b97b      	cbnz	r3, 80a358c <srand+0x2c>
 80a356c:	2018      	movs	r0, #24
 80a356e:	f7fe fab3 	bl	80a1ad8 <malloc>
 80a3572:	4a0a      	ldr	r2, [pc, #40]	; (80a359c <srand+0x3c>)
 80a3574:	4b0a      	ldr	r3, [pc, #40]	; (80a35a0 <srand+0x40>)
 80a3576:	63a8      	str	r0, [r5, #56]	; 0x38
 80a3578:	e9c0 2300 	strd	r2, r3, [r0]
 80a357c:	4b09      	ldr	r3, [pc, #36]	; (80a35a4 <srand+0x44>)
 80a357e:	2201      	movs	r2, #1
 80a3580:	6083      	str	r3, [r0, #8]
 80a3582:	230b      	movs	r3, #11
 80a3584:	8183      	strh	r3, [r0, #12]
 80a3586:	2300      	movs	r3, #0
 80a3588:	e9c0 2304 	strd	r2, r3, [r0, #16]
 80a358c:	2200      	movs	r2, #0
 80a358e:	6bab      	ldr	r3, [r5, #56]	; 0x38
 80a3590:	611c      	str	r4, [r3, #16]
 80a3592:	615a      	str	r2, [r3, #20]
 80a3594:	bd38      	pop	{r3, r4, r5, pc}
 80a3596:	bf00      	nop
 80a3598:	20000010 	.word	0x20000010
 80a359c:	abcd330e 	.word	0xabcd330e
 80a35a0:	e66d1234 	.word	0xe66d1234
 80a35a4:	0005deec 	.word	0x0005deec

080a35a8 <strcmp>:
 80a35a8:	f810 2b01 	ldrb.w	r2, [r0], #1
 80a35ac:	f811 3b01 	ldrb.w	r3, [r1], #1
 80a35b0:	2a01      	cmp	r2, #1
 80a35b2:	bf28      	it	cs
 80a35b4:	429a      	cmpcs	r2, r3
 80a35b6:	d0f7      	beq.n	80a35a8 <strcmp>
 80a35b8:	1ad0      	subs	r0, r2, r3
 80a35ba:	4770      	bx	lr

080a35bc <strcpy>:
 80a35bc:	4603      	mov	r3, r0
 80a35be:	f811 2b01 	ldrb.w	r2, [r1], #1
 80a35c2:	f803 2b01 	strb.w	r2, [r3], #1
 80a35c6:	2a00      	cmp	r2, #0
 80a35c8:	d1f9      	bne.n	80a35be <strcpy+0x2>
 80a35ca:	4770      	bx	lr

080a35cc <strdup>:
 80a35cc:	4b02      	ldr	r3, [pc, #8]	; (80a35d8 <strdup+0xc>)
 80a35ce:	4601      	mov	r1, r0
 80a35d0:	6818      	ldr	r0, [r3, #0]
 80a35d2:	f000 b803 	b.w	80a35dc <_strdup_r>
 80a35d6:	bf00      	nop
 80a35d8:	20000010 	.word	0x20000010

080a35dc <_strdup_r>:
 80a35dc:	b570      	push	{r4, r5, r6, lr}
 80a35de:	4604      	mov	r4, r0
 80a35e0:	4608      	mov	r0, r1
 80a35e2:	460d      	mov	r5, r1
 80a35e4:	f000 f80d 	bl	80a3602 <strlen>
 80a35e8:	1c46      	adds	r6, r0, #1
 80a35ea:	4631      	mov	r1, r6
 80a35ec:	4620      	mov	r0, r4
 80a35ee:	f7fe fa93 	bl	80a1b18 <_malloc_r>
 80a35f2:	4604      	mov	r4, r0
 80a35f4:	b118      	cbz	r0, 80a35fe <_strdup_r+0x22>
 80a35f6:	4632      	mov	r2, r6
 80a35f8:	4629      	mov	r1, r5
 80a35fa:	f7ff ff9b 	bl	80a3534 <memcpy>
 80a35fe:	4620      	mov	r0, r4
 80a3600:	bd70      	pop	{r4, r5, r6, pc}

080a3602 <strlen>:
 80a3602:	4603      	mov	r3, r0
 80a3604:	f813 2b01 	ldrb.w	r2, [r3], #1
 80a3608:	2a00      	cmp	r2, #0
 80a360a:	d1fb      	bne.n	80a3604 <strlen+0x2>
 80a360c:	1a18      	subs	r0, r3, r0
 80a360e:	3801      	subs	r0, #1
 80a3610:	4770      	bx	lr
	...

080a3614 <_strtol_l.isra.0>:
 80a3614:	e92d 47f0 	stmdb	sp!, {r4, r5, r6, r7, r8, r9, sl, lr}
 80a3618:	468c      	mov	ip, r1
 80a361a:	4686      	mov	lr, r0
 80a361c:	4e39      	ldr	r6, [pc, #228]	; (80a3704 <_strtol_l.isra.0+0xf0>)
 80a361e:	4660      	mov	r0, ip
 80a3620:	f81c 4b01 	ldrb.w	r4, [ip], #1
 80a3624:	5da5      	ldrb	r5, [r4, r6]
 80a3626:	f015 0508 	ands.w	r5, r5, #8
 80a362a:	d1f8      	bne.n	80a361e <_strtol_l.isra.0+0xa>
 80a362c:	2c2d      	cmp	r4, #45	; 0x2d
 80a362e:	d133      	bne.n	80a3698 <_strtol_l.isra.0+0x84>
 80a3630:	f04f 0801 	mov.w	r8, #1
 80a3634:	f89c 4000 	ldrb.w	r4, [ip]
 80a3638:	f100 0c02 	add.w	ip, r0, #2
 80a363c:	2b00      	cmp	r3, #0
 80a363e:	d05c      	beq.n	80a36fa <_strtol_l.isra.0+0xe6>
 80a3640:	2b10      	cmp	r3, #16
 80a3642:	d10c      	bne.n	80a365e <_strtol_l.isra.0+0x4a>
 80a3644:	2c30      	cmp	r4, #48	; 0x30
 80a3646:	d10a      	bne.n	80a365e <_strtol_l.isra.0+0x4a>
 80a3648:	f89c 0000 	ldrb.w	r0, [ip]
 80a364c:	f000 00df 	and.w	r0, r0, #223	; 0xdf
 80a3650:	2858      	cmp	r0, #88	; 0x58
 80a3652:	d14d      	bne.n	80a36f0 <_strtol_l.isra.0+0xdc>
 80a3654:	2310      	movs	r3, #16
 80a3656:	f89c 4001 	ldrb.w	r4, [ip, #1]
 80a365a:	f10c 0c02 	add.w	ip, ip, #2
 80a365e:	2600      	movs	r6, #0
 80a3660:	f108 4700 	add.w	r7, r8, #2147483648	; 0x80000000
 80a3664:	3f01      	subs	r7, #1
 80a3666:	fbb7 f9f3 	udiv	r9, r7, r3
 80a366a:	4630      	mov	r0, r6
 80a366c:	fb03 7a19 	mls	sl, r3, r9, r7
 80a3670:	f1a4 0530 	sub.w	r5, r4, #48	; 0x30
 80a3674:	2d09      	cmp	r5, #9
 80a3676:	d818      	bhi.n	80a36aa <_strtol_l.isra.0+0x96>
 80a3678:	462c      	mov	r4, r5
 80a367a:	42a3      	cmp	r3, r4
 80a367c:	dd24      	ble.n	80a36c8 <_strtol_l.isra.0+0xb4>
 80a367e:	1c75      	adds	r5, r6, #1
 80a3680:	d007      	beq.n	80a3692 <_strtol_l.isra.0+0x7e>
 80a3682:	4581      	cmp	r9, r0
 80a3684:	d31d      	bcc.n	80a36c2 <_strtol_l.isra.0+0xae>
 80a3686:	d101      	bne.n	80a368c <_strtol_l.isra.0+0x78>
 80a3688:	45a2      	cmp	sl, r4
 80a368a:	db1a      	blt.n	80a36c2 <_strtol_l.isra.0+0xae>
 80a368c:	2601      	movs	r6, #1
 80a368e:	fb00 4003 	mla	r0, r0, r3, r4
 80a3692:	f81c 4b01 	ldrb.w	r4, [ip], #1
 80a3696:	e7eb      	b.n	80a3670 <_strtol_l.isra.0+0x5c>
 80a3698:	2c2b      	cmp	r4, #43	; 0x2b
 80a369a:	bf08      	it	eq
 80a369c:	f89c 4000 	ldrbeq.w	r4, [ip]
 80a36a0:	46a8      	mov	r8, r5
 80a36a2:	bf08      	it	eq
 80a36a4:	f100 0c02 	addeq.w	ip, r0, #2
 80a36a8:	e7c8      	b.n	80a363c <_strtol_l.isra.0+0x28>
 80a36aa:	f1a4 0541 	sub.w	r5, r4, #65	; 0x41
 80a36ae:	2d19      	cmp	r5, #25
 80a36b0:	d801      	bhi.n	80a36b6 <_strtol_l.isra.0+0xa2>
 80a36b2:	3c37      	subs	r4, #55	; 0x37
 80a36b4:	e7e1      	b.n	80a367a <_strtol_l.isra.0+0x66>
 80a36b6:	f1a4 0561 	sub.w	r5, r4, #97	; 0x61
 80a36ba:	2d19      	cmp	r5, #25
 80a36bc:	d804      	bhi.n	80a36c8 <_strtol_l.isra.0+0xb4>
 80a36be:	3c57      	subs	r4, #87	; 0x57
 80a36c0:	e7db      	b.n	80a367a <_strtol_l.isra.0+0x66>
 80a36c2:	f04f 36ff 	mov.w	r6, #4294967295
 80a36c6:	e7e4      	b.n	80a3692 <_strtol_l.isra.0+0x7e>
 80a36c8:	1c73      	adds	r3, r6, #1
 80a36ca:	d106      	bne.n	80a36da <_strtol_l.isra.0+0xc6>
 80a36cc:	2322      	movs	r3, #34	; 0x22
 80a36ce:	4638      	mov	r0, r7
 80a36d0:	f8ce 3000 	str.w	r3, [lr]
 80a36d4:	b942      	cbnz	r2, 80a36e8 <_strtol_l.isra.0+0xd4>
 80a36d6:	e8bd 87f0 	ldmia.w	sp!, {r4, r5, r6, r7, r8, r9, sl, pc}
 80a36da:	f1b8 0f00 	cmp.w	r8, #0
 80a36de:	d000      	beq.n	80a36e2 <_strtol_l.isra.0+0xce>
 80a36e0:	4240      	negs	r0, r0
 80a36e2:	2a00      	cmp	r2, #0
 80a36e4:	d0f7      	beq.n	80a36d6 <_strtol_l.isra.0+0xc2>
 80a36e6:	b10e      	cbz	r6, 80a36ec <_strtol_l.isra.0+0xd8>
 80a36e8:	f10c 31ff 	add.w	r1, ip, #4294967295
 80a36ec:	6011      	str	r1, [r2, #0]
 80a36ee:	e7f2      	b.n	80a36d6 <_strtol_l.isra.0+0xc2>
 80a36f0:	2430      	movs	r4, #48	; 0x30
 80a36f2:	2b00      	cmp	r3, #0
 80a36f4:	d1b3      	bne.n	80a365e <_strtol_l.isra.0+0x4a>
 80a36f6:	2308      	movs	r3, #8
 80a36f8:	e7b1      	b.n	80a365e <_strtol_l.isra.0+0x4a>
 80a36fa:	2c30      	cmp	r4, #48	; 0x30
 80a36fc:	d0a4      	beq.n	80a3648 <_strtol_l.isra.0+0x34>
 80a36fe:	230a      	movs	r3, #10
 80a3700:	e7ad      	b.n	80a365e <_strtol_l.isra.0+0x4a>
 80a3702:	bf00      	nop
 80a3704:	080a39c6 	.word	0x080a39c6

080a3708 <strtol>:
 80a3708:	4613      	mov	r3, r2
 80a370a:	460a      	mov	r2, r1
 80a370c:	4601      	mov	r1, r0
 80a370e:	4802      	ldr	r0, [pc, #8]	; (80a3718 <strtol+0x10>)
 80a3710:	6800      	ldr	r0, [r0, #0]
 80a3712:	f7ff bf7f 	b.w	80a3614 <_strtol_l.isra.0>
 80a3716:	bf00      	nop
 80a3718:	20000010 	.word	0x20000010

080a371c <__register_exitproc>:
 80a371c:	e92d 43f8 	stmdb	sp!, {r3, r4, r5, r6, r7, r8, r9, lr}
 80a3720:	f8df 80bc 	ldr.w	r8, [pc, #188]	; 80a37e0 <__register_exitproc+0xc4>
 80a3724:	4606      	mov	r6, r0
 80a3726:	f8d8 0000 	ldr.w	r0, [r8]
 80a372a:	461f      	mov	r7, r3
 80a372c:	460d      	mov	r5, r1
 80a372e:	4691      	mov	r9, r2
 80a3730:	f000 f858 	bl	80a37e4 <__retarget_lock_acquire_recursive>
 80a3734:	4b26      	ldr	r3, [pc, #152]	; (80a37d0 <__register_exitproc+0xb4>)
 80a3736:	681c      	ldr	r4, [r3, #0]
 80a3738:	b934      	cbnz	r4, 80a3748 <__register_exitproc+0x2c>
 80a373a:	4c26      	ldr	r4, [pc, #152]	; (80a37d4 <__register_exitproc+0xb8>)
 80a373c:	601c      	str	r4, [r3, #0]
 80a373e:	4b26      	ldr	r3, [pc, #152]	; (80a37d8 <__register_exitproc+0xbc>)
 80a3740:	b113      	cbz	r3, 80a3748 <__register_exitproc+0x2c>
 80a3742:	681b      	ldr	r3, [r3, #0]
 80a3744:	f8c4 3088 	str.w	r3, [r4, #136]	; 0x88
 80a3748:	6863      	ldr	r3, [r4, #4]
 80a374a:	2b1f      	cmp	r3, #31
 80a374c:	dd07      	ble.n	80a375e <__register_exitproc+0x42>
 80a374e:	f8d8 0000 	ldr.w	r0, [r8]
 80a3752:	f000 f849 	bl	80a37e8 <__retarget_lock_release_recursive>
 80a3756:	f04f 30ff 	mov.w	r0, #4294967295
 80a375a:	e8bd 83f8 	ldmia.w	sp!, {r3, r4, r5, r6, r7, r8, r9, pc}
 80a375e:	b35e      	cbz	r6, 80a37b8 <__register_exitproc+0x9c>
 80a3760:	f8d4 0088 	ldr.w	r0, [r4, #136]	; 0x88
 80a3764:	b988      	cbnz	r0, 80a378a <__register_exitproc+0x6e>
 80a3766:	4b1d      	ldr	r3, [pc, #116]	; (80a37dc <__register_exitproc+0xc0>)
 80a3768:	b923      	cbnz	r3, 80a3774 <__register_exitproc+0x58>
 80a376a:	f8d8 0000 	ldr.w	r0, [r8]
 80a376e:	f000 f83a 	bl	80a37e6 <__retarget_lock_release>
 80a3772:	e7f0      	b.n	80a3756 <__register_exitproc+0x3a>
 80a3774:	f44f 7084 	mov.w	r0, #264	; 0x108
 80a3778:	f7fe f9ae 	bl	80a1ad8 <malloc>
 80a377c:	2800      	cmp	r0, #0
 80a377e:	d0f4      	beq.n	80a376a <__register_exitproc+0x4e>
 80a3780:	2300      	movs	r3, #0
 80a3782:	e9c0 3340 	strd	r3, r3, [r0, #256]	; 0x100
 80a3786:	f8c4 0088 	str.w	r0, [r4, #136]	; 0x88
 80a378a:	2201      	movs	r2, #1
 80a378c:	6863      	ldr	r3, [r4, #4]
 80a378e:	2e02      	cmp	r6, #2
 80a3790:	f840 9023 	str.w	r9, [r0, r3, lsl #2]
 80a3794:	fa02 f203 	lsl.w	r2, r2, r3
 80a3798:	eb00 0183 	add.w	r1, r0, r3, lsl #2
 80a379c:	f8d0 3100 	ldr.w	r3, [r0, #256]	; 0x100
 80a37a0:	ea43 0302 	orr.w	r3, r3, r2
 80a37a4:	f8c0 3100 	str.w	r3, [r0, #256]	; 0x100
 80a37a8:	f8c1 7080 	str.w	r7, [r1, #128]	; 0x80
 80a37ac:	bf02      	ittt	eq
 80a37ae:	f8d0 3104 	ldreq.w	r3, [r0, #260]	; 0x104
 80a37b2:	431a      	orreq	r2, r3
 80a37b4:	f8c0 2104 	streq.w	r2, [r0, #260]	; 0x104
 80a37b8:	6863      	ldr	r3, [r4, #4]
 80a37ba:	f8d8 0000 	ldr.w	r0, [r8]
 80a37be:	1c5a      	adds	r2, r3, #1
 80a37c0:	3302      	adds	r3, #2
 80a37c2:	6062      	str	r2, [r4, #4]
 80a37c4:	f844 5023 	str.w	r5, [r4, r3, lsl #2]
 80a37c8:	f000 f80e 	bl	80a37e8 <__retarget_lock_release_recursive>
 80a37cc:	2000      	movs	r0, #0
 80a37ce:	e7c4      	b.n	80a375a <__register_exitproc+0x3e>
 80a37d0:	2000061c 	.word	0x2000061c
 80a37d4:	20000590 	.word	0x20000590
 80a37d8:	00000000 	.word	0x00000000
 80a37dc:	080a1ad9 	.word	0x080a1ad9
 80a37e0:	20000074 	.word	0x20000074

080a37e4 <__retarget_lock_acquire_recursive>:
 80a37e4:	4770      	bx	lr

080a37e6 <__retarget_lock_release>:
 80a37e6:	4770      	bx	lr

080a37e8 <__retarget_lock_release_recursive>:
 80a37e8:	4770      	bx	lr

080a37ea <link_code_end>:
	...

080a37ec <dynalib_user>:
 80a37ec:	0021 080a 0061 080a 0089 080a 008d 080a     !...a...........
 80a37fc:	0000 0000 6f43 6c6f 4f00 6666 4800 6165     ....Cool.Off.Hea
 80a380c:	0074 6552 4164 656c 7472 4900 766e 6c61     t.RedAlert.Inval
 80a381c:	6469 4d20 646f 3a65 0020 7563 7272 6e65     id Mode: .curren
 80a382c:	5f74 6574 706d 6400 7365 7269 6465 745f     t_temp.desired_t
 80a383c:	6d65 0070 6573 4d74 646f 0065 6573 5f74     emp.setMode.set_
 80a384c:	6574 706d 2c00 3b00 4700 6172 746e 6554     temp.,.;.GrantTe
 80a385c:	706d 0000                                   mp..

080a3860 <CSWTCH.189>:
 80a3860:	012c 0000 0018 0000 01f4 0000 012c 0000     ,...........,...
 80a3870:	0050 0000 7061 0070 5925 252d 2d6d 6425     P...app.%Y-%m-%d
 80a3880:	2554 3a48 4d25 253a 2553 007a 7361 7463     T%H:%M:%S%z.asct
 80a3890:	6d69 0065                                   ime.

080a3894 <_ZTVSt15_Sp_counted_ptrIPN8particle6detail10FutureImplIbNS1_13FutureContextEEELN9__gnu_cxx12_Lock_policyE0EE>:
	...
 80a389c:	2071 080a 2077 080a 20b5 080a 2085 080a     q ..w ... ... ..
 80a38ac:	2073 080a                                   s ..

080a38b0 <_ZTV9IPAddress>:
	...
 80a38b8:	2609 080a 25f9 080a 25fb 080a               .&...%...%..

080a38c4 <_ZTV9USBSerial>:
	...
 80a38cc:	26c7 080a 272d 080a 2705 080a 1dcb 080a     .&..-'...'......
 80a38dc:	26f7 080a 26c9 080a 26d9 080a 2727 080a     .&...&...&..''..
 80a38ec:	26e9 080a 26c1 080a                         .&...&..

080a38f4 <_ZTV11USARTSerial>:
	...
 80a38fc:	2855 080a 28bf 080a 289b 080a 1dcb 080a     U(...(...(......
 80a390c:	286b 080a 2887 080a 2879 080a 2895 080a     k(...(..y(...(..
 80a391c:	2857 080a 285d 080a                         W(..](..

080a3924 <_ZTV7TwoWire>:
	...
 80a392c:	2969 080a 29b3 080a 298b 080a 296b 080a     i)...)...)..k)..
 80a393c:	2993 080a 299b 080a 29a3 080a 29ab 080a     .)...)...)...)..

080a394c <_ZTVN5spark9WiFiClassE>:
	...
 80a3954:	2a7b 080a 2a71 080a 2a67 080a 29e5 080a     {*..q*..g*...)..
 80a3964:	1e8b 080a 2a5b 080a 2ad9 080a 2ae1 080a     ....[*...*...*..
 80a3974:	2a4f 080a 2a47 080a 2a3d 080a 2a33 080a     O*..G*..=*..3*..
 80a3984:	29ef 080a                                   .)..

080a3988 <_ZTVN5spark12NetworkClassE>:
	...
 80a3990:	2a99 080a 2aa3 080a 2aad 080a 2ab7 080a     .*...*...*...*..
 80a39a0:	2ac1 080a 2acd 080a 2ad9 080a 2ae1 080a     .*...*...*...*..
 80a39b0:	2ae9 080a 2af5 080a 2afd 080a 2b07 080a     .*...*...*...+..
 80a39c0:	2b11 080a                                   .+..

080a39c4 <_ZSt7nothrow>:
	...

080a39c5 <_ctype_>:
 80a39c5:	2000 2020 2020 2020 2020 2828 2828 2028     .         ((((( 
 80a39d5:	2020 2020 2020 2020 2020 2020 2020 2020                     
 80a39e5:	8820 1010 1010 1010 1010 1010 1010 1010      ...............
 80a39f5:	0410 0404 0404 0404 0404 1004 1010 1010     ................
 80a3a05:	1010 4141 4141 4141 0101 0101 0101 0101     ..AAAAAA........
 80a3a15:	0101 0101 0101 0101 0101 0101 1010 1010     ................
 80a3a25:	1010 4242 4242 4242 0202 0202 0202 0202     ..BBBBBB........
 80a3a35:	0202 0202 0202 0202 0202 0202 1010 1010     ................
 80a3a45:	0020 0000 0000 0000 0000 0000 0000 0000      ...............
	...

080a3ac6 <link_const_variable_data_end>:
	...

080a3ac8 <link_constructors_location>:
 80a3ac8:	080a0431 	.word	0x080a0431
 80a3acc:	080a170d 	.word	0x080a170d
 80a3ad0:	080a1b59 	.word	0x080a1b59
 80a3ad4:	080a1ea5 	.word	0x080a1ea5
 80a3ad8:	080a1eb5 	.word	0x080a1eb5
 80a3adc:	080a1f05 	.word	0x080a1f05
 80a3ae0:	080a2a85 	.word	0x080a2a85
 80a3ae4:	080a2b61 	.word	0x080a2b61
 80a3ae8:	080a2c8d 	.word	0x080a2c8d

080a3aec <link_constructors_end>:
 80a3aec:	00000000 	.word	0x00000000
